100000
10491
10720
12201
14308
23007
38793
55082
60672
78474
82475
85446
85611
97523
100782
108417
109873
119439
130294
149486
151602
152595
153586
157963
158403
173540
174304
182577
191750
193667
193695
202361
202940
208350
210261
212415
230082
232709
233193
246725
249189
249706
250649
255535
260011
264060
282153
286870
288283
301349
313551
315131
319975
323493
327860
331251
350606
351642
359344
374193
379807
394267
399773
402411
409860
415016
419482
425897
432416
432450
432598
448411
448866
454652
458845
471045
475428
482489
485631
488052
503162
503541
503793
505331
515808
520311
525177
527500
532478
534100
535085
536200
545376
568845
571505
584650
587788
589051
597358
604527
604631
619549
621229
627968
628904
636414
640560
663186
665041
666356
666616
677394
677488
687321
702260
707265
708154
714756
716497
728422
729874
734161
746311
764803
780151
782165
785710
795010
799956
800713
802396
827044
827656
832186
840877
853098
859015
863755
869816
874150
876336
882239
886396
902429
911878
923099
940519
942362
947240
948864
949531
952625
1005313
1011425
1028719
1035321
1035415
1052399
1071470
1077796
1083197
1084297
1091929
1095743
1109918
1110701
1137482
1138560
1144443
1165024
1175100
1180431
1184893
1190344
1201115
1215210
1223858
1229424
1230972
1242390
1259825
1283813
1286130
1290855
1293968
1295947
1299846
1300999
1306142
1308964
1310243
1320032
1321100
1324421
1328557
1340950
1348577
1348577
1361647
1364556
1382861
1408882
1420437
1441889
1451591
1455299
1463715
1475433
1489607
1495079
1500874
1509711
1528700
1534726
1547344
1551588
1573424
1583544
1612376
1615878
1620206
1623603
1626239
1626910
1645154
1648302
1655232
1674502
1678868
1684245
1690584
1691055
1695643
1701199
1710124
1710799
1712772
1715985
1717165
1728702
1747821
1762691
1767350
1770486
1775095
1775208
1776438
1776597
1794331
1796507
1798337
1807222
1810419
1810589
1828409
1829462
1833899
1838889
1894009
1909391
1912200
1921099
1927541
1944895
1948462
1951301
1954492
1961590
1962421
1982559
1986633
1987521
1993385
1998444
2000047
2004606
2005120
2005759
2007798
2015834
2032288
2042917
2060842
2062652
2073854
2098397
2117611
2118975
2119751
2124408
2125614
2132211
2133610
2137722
2163526
2165334
2180684
2181615
2188474
2218261
2227570
2238592
2238947
2245397
2245469
2248331
2251936
2253481
2260279
2277522
2280377
2283824
2284982
2299117
2302020
2306568
2314074
2315375
2322179
2326003
2338262
2346299
2353712
2364314
2368538
2368654
2368688
2380774
2393336
2402245
2405077
2412215
2427755
2429135
2437948
2439009
2450726
2451001
2460540
2468169
2476831
2498808
2505378
2506245
2526687
2536017
2537457
2544641
2545902
2559954
2560037
2575691
2576886
2578105
2579744
2581157
2612844
2618633
2621107
2625562
2638309
2641394
2642080
2643790
2643949
2648619
2651820
2658158
2670178
2677918
2682684
2692184
2697544
2701279
2705382
2707340
2715387
2722306
2724941
2727701
2734226
2737398
2740240
2754458
2759153
2763100
2765690
2766846
2767442
2769945
2773377
2780160
2802517
2827714
2830261
2834870
2847441
2850288
2858832
2858943
2872343
2876961
2883239
2883546
2894014
2899619
2901290
2903571
2903600
2918169
2963949
2976740
2978845
2980482
2982352
2983251
2985455
2989367
2993434
2996409
2997517
2997772
3018631
3019966
3019995
3039113
3046062
3059173
3059914
3061494
3084184
3099777
3106339
3148179
3156154
3162517
3163782
3169448
3180320
3192595
3201850
3206324
3223762
3225199
3226985
3233242
3242327
3268743
3275760
3290346
3291777
3300491
3316483
3319674
3323431
3324426
3337084
3349930
3352011
3372666
3375757
3382469
3389911
3402747
3405409
3406262
3409560
3432218
3463173
3465529
3470684
3479503
3505204
3505737
3529795
3542128
3542737
3571617
3582764
3591151
3592535
3594375
3595988
3598448
3604127
3608436
3615612
3623624
3624412
3637432
3643735
3644238
3646719
3648146
3650836
3653205
3658422
3662637
3666857
3669361
3675076
3679148
3682558
3683864
3685298
3692310
3695172
3695924
3699893
3701798
3709895
3712135
3724520
3728015
3734925
3738103
3739480
3747052
3752691
3770994
3773806
3776666
3788513
3790669
3791369
3803523
3810058
3817116
3821099
3825012
3831765
3835970
3840771
3843212
3845033
3849390
3857612
3900117
3913417
3915097
3916100
3918892
3918897
3921746
3927051
3931592
3934430
3937314
3938871
3955454
3955650
3957782
3963101
3965083
3967976
3972190
3974523
3975693
3980908
3981990
3983209
3985215
3995626
3996810
4009100
4023696
4024636
4029958
4035529
4039944
4049592
4053114
4057140
4058216
4065629
4072564
4080848
4096087
4098402
4110865
4117955
4120454
4123142
4141792
4145148
4156811
4159600
4166457
4169583
4173581
4180617
4182353
4189184
4189973
4195947
4197524
4201403
4232834
4233426
4234246
4235934
4236695
4240000
4242713
4249529
4254713
4254839
4266816
4269808
4284791
4301003
4302414
4305919
4317936
4320066
4326414
4337623
4352470
4376461
4378423
4390066
4399205
4408087
4410410
4417598
4441172
4441626
4450607
4457957
4471182
4471775
4484131
4489253
4505927
4513191
4527288
4534244
4538165
4543116
4556271
4556612
4559492
4569168
4569668
4591970
4597545
4604463
4608078
4608291
4625740
4644415
4651916
4653907
4657882
4673708
4676570
4702062
4709772
4715679
4726356
4729431
4731114
4739509
4754724
4782392
4788619
4797559
4808526
4816295
4819794
4820295
4826182
4830607
4836180
4839370
4845609
4857073
4860052
4860213
4862260
4870670
4880216
4880340
4881052
4902438
4903227
4917246
4917956
4918761
4922720
4923489
4924678
4926183
4932345
4951147
4952702
4953169
4959511
4962731
4963575
4965345
4972372
4973835
4974841
4979165
4985908
4990134
4994091
5033418
5048819
5049885
5079408
5085218
5090093
5090420
5101215
5118933
5122002
5123962
5123969
5136495
5137098
5148278
5157396
5161991
5166579
5169021
5171879
5175459
5179540
5183472
5190038
5191852
5223830
5225942
5236807
5244125
5245137
5250515
5251230
5264102
5265105
5266468
5275487
5288934
5290751
5295401
5300703
5303343
5310815
5316511
5318579
5325036
5340429
5340845
5348869
5349585
5357280
5363623
5367613
5377356
5385690
5406177
5444228
5445696
5446828
5459630
5464887
5468645
5469126
5469392
5473612
5504388
5508265
5528273
5539560
5542775
5572705
5573103
5588416
5601660
5604242
5604309
5611998
5614726
5619600
5619632
5622810
5627950
5630304
5637425
5658596
5663012
5665810
5669318
5671137
5695644
5715621
5719906
5722488
5723815
5724729
5735618
5742877
5763499
5766339
5782672
5789161
5792546
5795071
5796315
5800195
5800815
5819589
5833827
5839841
5844720
5854181
5869833
5884397
5894473
5897317
5901455
5905155
5914214
5921248
5934016
5938009
5943718
5944953
5945114
5955646
5957440
5986682
5987414
6002389
6003791
6006791
6025056
6029279
6035401
6055472
6055684
6065844
6078456
6088920
6093257
6103162
6123586
6129880
6142702
6144434
6153184
6166745
6173617
6176520
6189376
6193099
6193112
6198808
6216752
6218408
6235295
6236459
6242120
6243117
6245262
6249400
6252898
6254534
6266021
6267274
6269718
6274585
6333669
6340558
6346347
6349896
6350398
6388337
6388385
6389672
6393244
6394313
6406716
6407851
6425203
6425301
6429486
6444087
6448879
6452321
6465602
6476197
6476264
6476264
6498678
6505045
6512889
6524228
6524687
6528815
6534327
6536258
6547594
6564342
6572863
6582443
6597515
6626096
6654078
6676056
6676239
6695157
6696451
6699907
6703170
6710309
6721004
6724957
6740625
6741837
6752324
6771525
6776803
6781787
6789665
6796544
6813053
6818982
6824574
6834959
6836818
6853353
6854818
6862104
6868691
6881881
6883318
6902336
6903393
6907724
6910091
6912228
6916160
6925394
6933832
6938114
6945046
6945298
6946292
6955096
6957794
6961634
6976708
6981780
6983095
6988305
6996086
6997243
7000348
7010816
7030263
7035247
7036587
7059944
7080006
7081745
7085628
7086802
7119288
7133536
7152893
7155146
7156837
7160106
7171727
7184053
7212732
7213249
7224432
7224501
7231217
7232799
7238132
7239362
7246536
7247353
7248692
7267310
7271231
7272670
7297698
7298281
7302752
7318304
7318937
7323659
7335693
7337924
7338528
7348414
7364390
7367214
7375141
7385936
7394362
7403576
7405791
7407180
7415110
7423791
7425935
7433632
7434226
7442891
7447826
7449034
7455739
7463369
7470118
7473281
7475979
7491145
7499023
7499727
7502901
7509687
7515330
7515544
7517379
7532588
7541695
7547570
7549553
7551590
7567323
7571083
7574954
7574985
7575678
7577272
7590571
7612941
7628025
7629476
7631550
7642438
7679905
7685294
7685424
7688251
7707824
7715827
7723753
7739965
7745926
7758148
7761389
7763083
7765244
7768907
7775826
7776896
7791420
7795635
7795778
7802019
7834132
7840945
7863502
7868082
7871351
7876477
7881840
7883704
7900851
7906464
7906915
7908134
7914897
7925972
7929069
7929925
7931833
7956238
7957367
7967567
7984656
7987902
7989086
7992530
8001847
8009031
8015689
8018190
8031899
8034619
8042395
8047721
8056885
8068920
8070841
8079407
8089316
8105468
8108779
8114525
8140376
8140518
8143048
8144695
8150421
8151247
8157564
8165265
8168814
8192140
8193771
8194199
8198199
8200271
8213024
8229110
8229706
8242074
8243578
8245609
8250146
8261050
8264475
8269841
8276276
8281719
8288351
8290364
8292923
8298706
8300065
8305410
8311818
8314564
8328688
8336267
8345418
8360640
8360981
8369303
8377672
8384283
8413659
8431639
8449751
8451464
8455669
8458613
8462922
8470503
8474243
8475414
8489078
8489798
8501606
8505927
8517892
8547844
8571462
8587663
8589797
8612846
8623362
8628136
8636158
8651441
8672305
8679897
8688416
8695072
8703953
8705739
8708950
8710612
8710958
8720440
8722504
8735034
8738718
8739206
8746116
8750360
8759217
8761863
8768616
8769821
8769893
8782368
8783290
8789215
8791230
8793961
8795982
8802730
8804156
8808997
8810995
8816378
8832034
8841416
8845471
8866544
8880557
8881355
8885044
8894834
8904469
8914715
8920449
8922905
8930047
8962701
8965102
8968311
8970117
8975164
8976362
8980890
8981804
8985273
8996323
9016362
9030168
9036509
9065270
9073574
9076572
9081200
9097614
9105469
9112568
9129546
9130501
9131705
9143699
9145270
9154333
9161499
9163292
9173198
9179624
9180222
9185229
9185799
9188113
9213613
9218529
9222660
9230430
9279451
9286494
9294947
9310791
9323877
9331585
9336002
9351487
9358870
9361030
9374744
9379445
9381326
9385032
9387358
9398471
9400192
9409213
9426376
9428652
9441509
9446551
9469027
9484461
9488771
9504553
9516183
9528120
9528351
9532654
9549422
9554463
9566172
9571650
9574915
9579067
9598153
9598426
9607047
9616177
9621815
9622274
9622690
9624939
9629939
9641235
9649908
9652189
9654975
9657647
9661912
9666997
9675694
9677060
9683424
9691322
9693125
9694979
9696378
9699144
9709580
9721484
9723359
9729084
9730641
9730765
9731278
9732449
9736437
9737432
9745329
9750698
9754991
9762322
9771959
9790899
9791496
9796412
9805726
9812063
9813116
9817650
9822613
9834542
9837526
9842315
9845336
9847460
9864610
9872367
9877190
9881574
9883093
9887564
9903444
9907526
9936243
9942582
9943487
9946131
9947102
9993748
10003303
10006330
10010218
10017993
10026368
10028179
10032992
10035613
10043792
10051106
10064043
10073246
10077218
10079980
10081544
10082133
10088173
10094564
10101163
10111400
10121104
10126297
10129066
10132159
10137500
10149964
10155922
10157313
10182725
10187154
10210806
10211385
10214102
10223299
10226443
10233786
10254246
10255430
10256150
10261665
10264495
10276166
10288569
10312328
10312394
10317306
10320417
10332044
10349084
10353882
10357422
10369468
10372273
10378318
10378863
10389855
10392854
10393456
10396673
10403444
10416285
10418328
10425142
10442938
10449340
10458363
10468626
10487018
10487605
10490037
10490331
10507455
10520180
10537184
10548168
10556855
10558222
10569137
10590520
10596612
10601428
10623664
10628362
10629321
10653697
10655741
10669548
10676722
10703533
10708645
10721783
10726192
10730799
10732510
10732920
10749240
10754836
10774514
10776207
10777442
10778425
10785688
10787361
10808082
10827781
10828104
10828217
10829513
10834154
10842147
10843910
10847050
10849118
10857411
10872516
10877540
10878263
10883845
10886731
10896739
10900163
10900880
10901784
10909774
10916982
10945172
10947636
10951457
10951779
10955563
10955842
10957941
10961765
10964078
10964338
10965163
10974625
10976439
10980173
10987319
10990677
10992682
11003411
11009031
11019458
11025451
11027063
11030598
11061282
11062105
11063158
11063666
11064333
11070092
11073158
11103099
11133405
11145818
11146428
11155922
11174354
11185463
11185519
11197105
11201280
11203947
11205432
11205929
11206078
11211460
11219651
11225921
11230165
11239401
11241218
11242837
11270310
11273784
11274168
11276924
11279087
11283567
11287853
11293166
11317607
11323347
11338582
11350569
11354981
11364129
11373621
11378578
11387358
11413074
11416020
11423333
11426350
11426939
11434855
11437999
11439263
11440482
11448936
11454753
11457753
11481471
11488696
11505303
11506570
11516692
11526870
11540789
11546565
11549776
11557855
11559254
11559839
11568443
11574943
11583125
11583191
11585642
11592568
11595114
11597440
11599283
11605695
11610890
11619780
11620427
11638049
11642255
11644383
11645166
11648998
11651935
11661811
11663115
11669189
11669550
11671081
11672235
11690471
11697959
11701955
11715538
11718156
11720626
11736925
11749629
11751726
11754557
11758345
11765183
11775069
11782982
11792654
11798811
11799941
11806173
11816298
11819933
11821055
11838541
11842141
11842741
11843803
11844427
11850054
11861995
11862995
11866450
11880505
11894260
11905622
11916594
11917412
11931352
11941375
11948920
11954932
11958791
11970577
11976530
11976634
11980297
11983072
12000700
12019571
12030659
12031686
12037847
12041887
12054190
12072268
12079158
12093403
12110909
12115428
12126764
12132794
12154879
12155705
12159944
12178250
12181609
12188031
12197301
12199501
12201721
12219926
12228148
12228540
12232168
12232836
12246776
12247544
12256670
12288245
12289011
12290741
12303911
12305973
12313965
12314230
12315813
12322205
12328226
12334171
12336504
12341290
12345261
12351551
12352570
12355154
12356404
12361700
12375259
12381350
12382129
12388886
12389927
12392004
12393089
12403959
12405005
12417233
12423930
12426264
12433120
12434113
12443723
12456802
12460321
12467650
12494400
12508640
12509554
12510956
12511789
12512302
12515029
12524949
12535229
12539134
12542479
12548463
12551221
12563751
12581217
12586517
12598513
12616870
12625087
12626119
12631527
12643684
12643864
12653359
12659575
12678462
12680307
12686653
12692093
12697311
12720887
12722205
12725576
12726896
12735202
12740171
12741140
12748868
12763542
12765049
12770403
12771710
12774120
12779053
12785394
12801149
12802015
12805134
12805905
12808880
12816068
12818403
12821735
12840843
12847544
12863810
12869738
12880162
12880772
12880936
12890097
12890507
12893817
12896563
12898456
12906098
12908052
12910560
12914265
12916626
12918137
12925283
12926128
12930627
12949707
12969807
12972275
12972627
12975421
12977421
12978339
12983264
12987261
12987698
12988578
12989126
12991302
13007224
13008282
13008976
13016542
13017975
13031229
13034608
13035734
13054500
13058198
13067242
13067908
13070046
13077624
13085039
13098996
13100511
13106697
13109772
13117023
13138203
13140851
13151788
13156660
13157235
13170825
13173471
13185340
13188689
13209449
13214453
13229734
13230422
13235825
13238591
13244024
13269895
13280970
13295907
13306784
13311044
13318136
13329490
13330529
13333015
13342427
13354284
13358172
13364265
13373608
13383400
13387121
13392549
13402173
13410154
13414148
13414500
13428236
13440945
13443170
13456439
13456444
13468977
13485725
13488798
13502174
13507254
13530535
13539711
13544647
13552238
13580442
13593345
13604143
13605413
13614411
13617577
13621307
13627788
13629256
13633988
13639385
13645802
13646601
13647507
13649520
13653033
13657974
13665865
13672617
13688655
13692159
13695638
13702808
13721734
13723826
13734879
13744276
13748581
13749781
13759272
13763141
13766392
13777205
13786074
13802535
13806546
13807949
13811779
13818116
13820767
13830466
13832257
13833067
13835048
13856576
13857436
13868998
13879132
13894528
13909015
13911874
13915784
13921996
13922668
13926322
13929112
13930775
13931476
13931888
13935175
13942009
13943764
13951528
13960524
13961028
13978193
13985953
13989747
13993087
14000607
14003480
14029696
14036282
14037930
14039423
14042323
14043128
14045273
14051672
14054139
14057209
14076592
14077378
14081282
14085567
14122184
14122263
14123656
14134183
14142400
14161973
14168401
14185399
14192604
14192616
14194796
14197555
14224810
14226502
14231980
14233031
14240325
14246683
14267951
14273184
14273884
14278077
14279267
14293461
14298447
14320144
14330749
14333060
14336369
14337682
14339235
14341607
14357087
14357295
14367245
14368692
14372357
14374860
14379198
14385908
14387354
14392161
14400354
14415655
14417482
14419650
14420148
14433578
14434964
14438360
14442041
14442760
14453383
14455502
14467794
14469673
14476580
14484089
14489922
14495438
14514413
14525736
14528339
14535848
14535999
14538489
14547291
14555914
14559165
14563485
14580838
14584496
14584893
14584923
14596897
14597246
14605282
14611533
14641449
14643421
14644825
14648600
14650720
14655197
14657499
14660169
14666673
14675757
14678530
14689202
14692371
14702240
14720363
14724189
14725214
14729852
14732288
14732677
14742517
14766365
14788207
14794064
14802195
14804632
14817429
14822189
14870306
14875506
14886379
14897240
14898498
14910360
14916198
14921110
14921503
14923512
14925705
14935904
14945604
14952732
14966770
14969117
14969195
14976018
14976969
14978228
14978554
14982492
14983024
14985739
14990707
14991796
15025884
15027122
15034746
15037483
15052754
15058925
15067661
15069975
15077981
15086854
15090040
15091643
15100770
15104482
15106940
15107279
15109917
15113751
15119843
15128377
15131173
15133533
15133824
15134384
15138775
15146938
15147539
15151225
15155394
15162587
15162703
15188183
15193255
15212518
15213768
15215037
15249894
15252546
15270672
15271028
15281660
15286246
15289815
15306672
15307513
15310301
15319221
15326658
15329677
15337000
15337067
15345972
15355417
15367296
15376533
15381145
15386017
15394956
15396349
15399513
15403969
15404201
15406597
15418499
15421407
15441934
15446838
15456572
15461422
15477872
15487569
15491843
15514479
15515377
15520266
15527139
15534195
15539791
15546221
15551524
15554823
15557742
15565094
15565173
15583989
15584403
15585702
15586910
15590125
15596073
15610052
15617658
15645739
15647145
15649181
15661304
15668538
15677352
15688810
15690210
15703531
15708880
15714081
15715670
15721993
15729639
15741153
15743562
15745405
15752761
15754093
15761188
15761484
15774883
15777808
15791526
15792813
15807488
15807556
15823332
15830976
15837768
15841010
15844459
15845150
15862876
15863788
15869998
15883862
15892177
15892780
15897056
15900631
15902686
15910285
15914476
15928514
15945604
15947640
15953022
15976935
15986975
15992160
16007025
16008795
16019360
16030398
16055154
16058603
16089003
16090737
16095731
16102557
16114811
16116641
16121785
16125207
16148601
16154549
16161013
16168385
16176096
16177064
16187141
16188692
16189036
16221782
16227648
16244184
16245996
16252009
16254195
16259668
16265920
16265971
16274732
16275061
16278649
16288938
16310844
16318591
16323403
16325668
16328570
16353149
16358012
16370814
16372780
16377453
16378654
16389102
16392541
16395161
16398582
16433461
16435351
16442653
16444264
16447912
16469799
16472293
16474980
16494042
16500184
16509559
16514606
16516073
16519420
16525069
16536256
16541132
16563826
16568981
16573689
16586515
16588877
16622690
16627239
16629823
16648172
16650360
16656227
16665617
16671640
16683706
16690542
16695674
16703963
16729473
16731318
16734048
16734232
16737695
16758147
16758969
16759812
16761336
16762022
16777405
16779044
16806584
16811322
16812225
16812455
16817689
16836263
16839080
16840757
16841592
16854350
16854685
16859308
16860850
16871071
16877553
16878014
16878401
16887156
16888526
16890615
16902987
16921141
16922310
16929444
16929638
16931676
16931867
16935843
16967565
16982252
16982604
16989905
16991120
16992493
16993289
16994132
17012228
17035113
17038724
17056035
17056593
17057674
17070513
17072148
17081350
17081507
17084013
17087437
17099393
17100776
17107180
17107665
17123697
17136552
17141254
17143728
17145754
17147313
17155372
17167299
17169846
17172340
17177012
17186768
17189726
17194697
17208324
17208399
17215292
17219937
17229659
17234360
17241010
17245559
17248528
17252093
17256406
17277805
17287762
17301581
17312316
17313932
17315122
17320910
17331808
17347903
17357471
17367772
17379812
17392427
17394893
17412457
17415798
17418062
17419196
17422724
17431616
17436981
17442300
17443164
17448757
17452524
17456174
17473378
17474309
17480580
17489673
17497350
17506221
17509137
17513867
17532373
17537866
17559063
17579767
17590966
17592349
17612854
17622530
17636140
17640170
17656756
17656785
17667043
17669674
17673466
17698659
17707700
17710886
17713554
17724667
17727218
17740648
17743764
17746377
17751604
17752278
17762904
17767326
17770221
17773277
17773411
17779724
17804618
17812533
17825026
17833186
17837925
17847398
17860451
17866847
17886748
17891297
17900498
17921564
17927643
17928442
17935052
17944156
17945680
17961180
17964113
17968719
17978263
17990609
17990834
17992544
18002608
18005281
18028046
18035082
18035471
18040987
18050774
18055935
18058451
18062565
18065063
18067343
18067846
18072082
18073099
18079417
18081915
18082329
18085412
18088036
18113409
18133754
18142632
18148236
18178653
18179549
18181405
18186123
18208431
18211288
18220569
18233151
18237460
18243942
18244354
18250273
18253136
18267158
18274912
18281114
18289028
18292424
18300556
18303939
18315474
18324699
18334394
18350592
18353159
18355548
18362351
18387050
18390184
18401243
18403157
18406247
18413883
18427238
18438510
18438933
18459933
18460065
18478688
18480744
18489865
18493295
18506284
18513896
18543689
18546158
18550151
18554499
18557060
18557243
18560949
18561382
18563586
18567104
18572957
18585251
18607372
18608541
18626842
18629529
18631295
18638780
18639920
18652706
18660630
18669654
18670555
18675849
18680824
18694183
18695983
18698183
18700863
18702262
18705732
18713455
18715127
18735476
18741839
18744600
18750502
18765725
18771117
18782847
18802951
18816869
18820705
18822864
18825998
18828643
18831760
18842857
18856928
18859135
18860388
18870266
18886069
18887074
18908091
18911233
18941355
18946128
18952039
18955057
18957227
18960185
18973810
18976240
18985035
19005679
19009532
19020615
19020735
19046635
19058400
19058749
19068569
19070232
19073773
19083714
19087459
19113902
19121324
19146400
19151074
19153279
19169681
19171668
19179141
19200640
19215129
19233587
19240955
19242271
19243867
19246823
19251738
19259095
19262907
19265275
19266419
19289851
19301805
19309051
19314512
19322174
19336613
19347788
19353268
19354711
19359705
19366893
19367045
19367798
19372030
19382558
19391288
19397946
19412216
19418447
19420164
19423510
19430917
19433398
19434456
19441431
19474565
19481936
19495544
19516488
19516712
19538340
19549489
19559313
19567846
19578859
19586430
19593182
19594916
19632299
19637808
19638691
19640398
19651843
19667591
19675416
19683675
19686802
19694940
19710771
19716915
19717819
19718759
19725161
19728462
19750369
19756158
19757000
19771704
19775056
19780107
19780475
19787013
19829766
19834552
19841975
19847476
19861732
19863260
19864576
19873963
19876697
19880250
19896294
19906629
19909693
19910649
19911707
19920575
19921388
19925584
19928720
19936481
19945723
19947868
19959635
19969035
19969732
19972962
19977123
19986011
19993066
20003663
20024971
20028063
20045430
20046207
20052543
20052866
20055537
20059538
20068228
20074654
20077725
20080111
20086899
20089272
20103586
20108991
20110002
20110738
20112064
20114837
20121506
20130644
20141242
20143729
20145797
20155671
20167852
20184122
20198991
20206099
20210411
20227779
20240145
20243564
20245929
20247394
20254443
20262771
20264779
20275104
20277875
20286570
20290689
20294157
20309573
20314226
20344437
20348362
20352034
20359323
20371539
20373396
20375215
20383714
20387656
20402451
20406931
20410028
20410591
20451371
20462830
20490185
20492396
20492777
20502590
20503348
20506183
20508213
20512471
20514460
20518603
20519872
20532717
20554781
20567265
20576157
20585150
20590748
20607906
20619216
20619235
20627310
20629101
20634052
20648587
20653128
20655873
20665378
20686319
20708927
20709300
20754707
20755483
20760648
20770224
20782363
20783141
20789802
20790613
20793801
20800888
20803584
20810007
20810720
20811158
20812191
20817760
20825546
20828410
20838529
20844120
20854370
20858023
20860993
20869923
20888667
20893525
20900855
20903755
20905464
20907120
20938440
20941698
20945681
20947548
20960946
20962539
20967569
20967610
20970040
20970610
20975403
20986948
20990021
20995969
20997479
21030776
21038048
21044422
21045339
21051684
21062279
21066582
21083008
21104442
21106607
21116307
21116513
21143303
21153728
21157343
21162405
21165852
21169411
21178327
21187509
21188848
21195409
21200001
21208578
21214813
21217515
21221573
21226640
21231155
21233630
21234131
21241937
21242429
21244368
21246872
21264500
21267541
21276387
21285893
21295969
21323011
21331815
21334039
21338963
21340940
21342878
21345846
21353184
21368241
21371845
21375201
21387365
21388274
21390122
21403448
21415675
21416228
21416245
21419013
21421583
21433777
21446875
21447158
21447203
21447351
21455033
21456327
21461424
21468188
21476879
21493183
21495366
21503380
21505866
21507994
21508970
21514079
21525565
21526649
21532697
21544138
21554152
21559186
21565645
21574146
21580610
21590065
21599254
21601524
21609259
21635251
21661788
21662512
21663183
21686767
21688460
21694691
21700740
21704154
21711353
21715240
21721650
21727381
21736125
21738961
21748841
21749524
21768754
21775884
21777121
21780690
21783911
21797781
21797783
21799437
21800903
21801924
21813899
21815332
21823943
21824677
21852502
21868424
21869408
21889146
21892866
21894212
21909729
21910712
21938628
21940365
21941175
21942063
21947897
21950619
21962481
21975597
21978357
21993686
21997715
22003953
22006958
22010841
22015329
22029558
22043110
22048686
22063490
22081326
22085375
22096538
22097195
22099723
22108219
22115135
22125048
22128301
22129855
22131276
22133822
22135703
22143173
22149765
22151703
22154166
22156100
22161767
22169652
22169953
22177921
22177941
22185383
22203788
22237290
22238858
22246534
22246959
22253603
22254542
22263004
22267844
22279590
22281376
22292904
22303590
22308591
22315096
22323410
22325087
22338053
22344271
22349410
22358391
22364583
22365650
22379009
22383280
22390204
22400855
22428345
22443096
22444312
22469849
22472034
22475394
22481312
22481399
22481723
22490952
22501250
22501613
22521726
22522288
22540535
22547166
22571082
22579181
22595985
22604908
22605380
22614856
22615074
22616566
22622343
22633102
22636307
22638698
22653308
22654338
22665020
22671659
22680201
22689781
22708089
22713164
22730879
22734007
22745152
22752923
22758325
22759616
22769830
22769854
22771643
22773044
22775996
22781556
22781600
22782043
22796249
22806256
22812942
22814024
22814483
22815171
22827067
22829187
22832926
22839082
22840095
22841451
22842320
22848347
22863710
22864953
22868410
22872441
22882373
22887979
22897088
22899404
22902508
22905623
22910738
22916124
22923520
22925308
22927237
22939600
22941985
22943198
22953999
22955797
22975249
22978987
22983413
22989932
22996870
23021462
23023611
23036221
23042795
23063315
23065972
23067084
23073499
23080919
23093783
23120144
23129158
23129205
23138410
23146601
23151036
23163664
23165196
23172152
23180866
23197013
23207114
23231666
23236907
23237428
23237935
23242072
23246467
23271617
23278627
23283900
23284832
23289412
23310547
23321142
23325872
23336260
23339596
23343734
23348240
23356765
23363600
23364520
23373645
23376758
23381334
23384774
23385520
23386566
23396460
23403652
23410920
23413726
23415495
23420076
23421053
23427911
23429317
23440230
23443511
23445816
23458156
23458692
23458801
23458969
23461408
23464770
23489034
23493565
23493962
23503586
23507167
23508510
23516792
23520766
23522323
23525856
23534798
23548101
23558157
23559661
23560977
23566726
23608694
23612346
23618923
23623691
23626630
23646441
23648634
23665538
23668113
23669953
23689191
23690521
23693768
23698814
23706106
23707325
23708086
23721939
23722097
23734534
23739075
23746507
23747749
23766390
23773449
23780066
23782702
23786699
23791358
23794416
23794842
23797455
23802678
23806970
23810193
23812899
23829159
23832297
23835500
23838974
23839798
23844305
23845370
23850003
23852851
23857364
23864438
23872376
23876078
23880798
23881006
23908305
23909281
23910924
23923167
23928712
23931785
23940564
23941190
23951908
23952465
23952809
23953967
23968119
23969654
23987178
24012278
24019667
24019756
24036375
24046729
24066083
24081761
24097236
24101938
24106896
24107903
24119959
24121948
24123003
24123765
24127010
24129691
24129941
24151698
24156543
24168553
24171122
24180554
24185782
24201638
24202633
24207797
24220126
24225070
24231798
24235276
24241353
24243399
24243831
24263178
24264063
24267081
24276401
24278087
24285509
24295317
24295659
24300540
24313103
24316303
24317683
24321921
24323583
24328293
24334796
24339040
24340203
24344003
24346239
24356147
24356678
24360246
24361014
24367977
24376012
24376036
24383205
24387142
24391018
24400996
24402811
24412430
24416907
24421422
24421883
24423147
24435068
24437457
24443064
24448565
24458741
24459837
24464337
24465686
24471537
24476799
24481076
24507268
24510372
24518432
24526642
24528937
24536926
24542032
24542705
24543489
24551484
24566421
24567441
24567672
24571122
24580224
24587986
24594311
24599812
24599858
24604201
24606005
24610278
24615483
24616028
24617741
24633126
24645266
24649170
24663145
24667978
24670803
24682037
24690175
24693775
24720316
24726608
24735479
24739815
24740668
24743416
24752782
24758722
24762334
24769511
24774587
24779599
24796831
24797273
24812734
24812962
24814719
24828477
24829421
24831000
24836266
24836638
24846139
24847464
24874856
24879227
24879326
24882149
24893920
24897363
24904183
24906388
24916371
24927640
24941319
24942649
24947321
24986495
24992735
24995925
25005650
25016145
25017835
25018676
25023548
25045597
25048971
25051072
25072123
25073546
25081595
25089762
25092710
25093362
25094757
25099201
25110948
25115130
25118888
25122716
25138029
25138394
25143074
25146899
25148361
25149968
25151569
25154354
25164573
25165255
25165819
25167434
25168163
25170470
25175523
25177701
25188341
25195454
25198183
25202867
25203741
25213642
25218832
25240159
25257264
25257286
25263413
25266756
25280938
25282072
25283176
25288968
25292506
25292671
25302238
25312183
25328010
25359258
25370805
25387994
25392721
25414768
25417823
25424663
25429308
25433418
25439463
25441625
25442502
25444762
25447750
25456328
25458016
25474562
25476165
25477421
25491714
25521990
25529043
25562958
25565322
25568663
25580550
25588632
25594134
25608644
25625659
25636914
25640203
25649731
25651090
25668728
25669120
25674229
25675731
25676259
25678428
25689069
25696438
25701413
25707139
25710511
25720204
25733300
25737458
25742927
25753834
25755476
25760130
25768766
25793070
25797317
25797902
25807355
25828436
25841592
25855145
25856270
25867006
25870543
25880065
25888296
25899241
25903980
25910351
25919344
25932904
25933837
25960458
25960870
25964724
25969122
25979442
25981764
25983917
25991063
25994491
25996359
26004183
26004342
26005412
26016219
26019351
26026284
26027627
26028031
26030739
26031364
26044844
26049981
26055411
26062639
26068087
26081016
26081037
26082266
26103115
26110129
26122455
26124755
26132778
26138252
26139826
26141983
26163626
26170253
26172636
26178855
26181225
26183128
26184617
26201058
26212406
26214616
26217875
26223100
26239773
26244307
26251252
26262404
26263013
26266492
26283575
26285737
26290367
26305629
26322487
26323954
26326197
26327355
26334867
26349588
26356797
26359836
26370085
26372067
26392174
26402771
26408019
26414954
26444982
26457257
26464742
26478016
26489574
26494969
26532165
26533692
26552348
26575520
26575538
26580739
26582970
26586189
26590709
26594680
26595222
26602522
26617147
26659690
26664590
26667253
26674122
26674232
26680951
26687882
26696793
26697069
26702369
26717457
26730469
26730873
26748985
26749200
26758717
26758894
26767082
26785712
26788472
26789404
26792019
26797082
26807934
26810846
26813570
26815809
26824208
26834203
26834796
26868219
26875290
26876674
26884318
26902416
26911668
26916077
26916975
26927397
26931440
26939943
26944923
26944929
26945722
26953453
26970608
26971004
26976999
26981202
26985329
26990650
27015932
27021220
27021779
27039841
27046675
27049500
27051455
27060038
27073234
27083091
27084194
27085636
27088420
27098911
27118310
27143059
27146033
27151145
27152427
27152619
27153185
27154997
27155797
27158628
27159388
27163679
27167461
27173714
27174332
27175929
27185422
27186421
27194914
27196083
27203952
27211396
27215565
27216581
27231739
27234656
27257046
27260144
27272167
27278647
27282482
27286480
27296334
27301628
27333933
27353817
27354028
27354466
27354671
27355883
27357568
27372861
27382126
27394897
27409806
27413559
27414507
27415838
27423243
27433158
27440807
27444124
27451461
27462502
27485024
27485613
27514288
27516087
27516237
27518037
27521801
27524935
27535440
27555305
27560367
27565492
27568498
27587690
27597396
27597781
27599788
27610871
27631360
27636701
27637235
27637662
27663959
27669174
27669646
27673910
27685622
27706567
27716117
27717338
27724766
27733389
27739545
27746453
27747689
27774795
27777403
27786638
27812914
27818982
27824246
27826030
27829781
27845818
27855920
27866148
27870532
27882806
27883749
27884913
27905080
27914786
27921126
27924380
27930568
27931089
27939697
27941089
27943005
27950203
27954248
27954897
27971718
27972635
27974755
27975775
27978383
27989510
27992659
27999538
28006189
28006797
28007118
28007642
28015998
28025184
28026291
28029264
28041907
28055704
28057432
28063331
28063908
28064410
28066323
28068873
28069606
28075173
28076517
28090124
28098829
28108640
28112361
28120870
28126550
28127474
28153420
28159204
28172897
28173505
28193344
28194273
28201925
28203705
28212061
28212846
28221342
28221599
28223655
28224832
28233113
28233759
28244876
28246068
28257994
28259645
28266714
28278429
28280712
28293211
28297682
28315255
28317891
28324007
28327297
28327348
28329479
28331577
28336748
28337399
28347744
28357027
28361110
28363344
28383043
28383811
28386406
28394968
28405927
28410756
28415886
28416730
28425660
28440755
28446144
28454102
28473334
28485111
28488690
28494952
28496082
28502024
28502371
28504843
28511035
28522173
28525699
28530512
28544921
28548998
28553673
28554333
28556323
28557629
28562102
28564772
28591118
28597573
28610725
28617929
28618854
28621956
28624172
28628513
28644954
28652545
28653244
28661768
28665779
28678774
28682507
28694124
28700158
28704198
28706762
28707467
28709667
28717781
28723167
28727142
28731105
28742073
28762187
28765621
28779747
28791380
28796734
28799853
28803525
28805922
28808406
28816121
28825649
28828699
28847053
28849125
28852808
28854237
28860712
28860838
28862393
28866002
28883356
28899860
28910280
28915136
28919535
28923998
28925507
28927671
28935885
28942677
28946163
28954272
28957833
28962846
28995830
29005148
29007036
29020805
29027758
29032798
29033307
29068005
29068114
29068242
29079802
29080882
29082311
29082399
29084006
29092205
29099369
29102058
29113910
29114058
29117348
29120193
29129964
29134731
29134911
29145277
29147795
29158852
29159614
29167420
29170374
29174571
29177527
29179765
29187180
29189656
29191300
29192469
29194742
29196596
29196961
29199465
29219111
29219793
29222735
29231346
29232644
29233758
29247436
29253524
29254802
29255181
29255753
29261092
29282608
29293310
29297723
29304693
29304764
29313582
29318569
29322615
29342106
29346658
29354669
29357537
29370781
29376719
29379182
29381486
29389480
29393975
29394656
29412228
29436793
29451267
29453649
29458746
29472748
29479188
29482390
29484537
29508837
29518920
29526531
29527865
29544928
29560765
29560846
29577601
29584132
29604195
29606260
29609080
29610187
29614745
29628424
29629816
29678915
29687763
29688527
29699460
29717740
29720103
29740067
29744030
29744367
29744555
29748952
29755692
29764512
29764530
29769734
29782142
29788127
29792966
29806482
29806711
29807215
29807273
29810618
29843207
29844209
29856009
29862124
29867199
29872063
29872980
29873862
29874760
29886439
29887131
29890508
29895045
29909380
29914943
29930418
29931716
29932779
29939135
29953453
29958409
29959149
29960038
29965982
29971968
29973098
30004825
30005627
30016692
30025512
30034956
30036143
30045774
30052097
30068312
30074135
30076788
30077270
30083049
30088848
30091136
30103046
30111849
30112366
30117083
30124410
30141241
30145385
30152211
30158641
30165276
30182578
30188795
30193304
30202825
30204708
30221344
30229193
30230928
30233970
30234417
30235058
30248475
30251180
30260190
30261966
30284882
30290367
30292402
30297483
30307317
30314506
30318004
30318207
30320768
30327964
30332882
30341624
30345150
30352812
30390279
30396444
30406893
30416112
30419881
30461867
30466418
30474793
30478351
30499961
30502665
30505316
30506553
30515673
30520033
30523354
30524787
30553080
30573662
30573975
30592525
30596020
30598617
30600882
30605662
30622386
30635316
30636893
30638299
30643618
30645099
30654046
30668119
30710401
30714850
30725212
30729158
30739318
30766239
30777348
30778640
30782247
30792482
30797704
30804183
30807897
30813113
30818474
30821961
30843632
30846741
30847122
30847236
30852375
30852993
30861822
30873787
30880455
30893563
30897551
30899139
30914512
30927472
30940820
30945679
30951677
30952101
30965306
30969621
30990354
30994342
31040933
31045302
31062358
31069177
31070008
31072138
31073578
31084342
31098047
31100725
31112239
31136991
31147675
31149401
31150676
31154293
31156524
31162604
31183123
31189138
31190228
31197039
31204082
31207990
31212210
31213445
31217030
31223767
31232116
31239091
31239981
31248984
31251903
31253329
31255089
31268501
31269128
31272174
31275080
31288992
31290413
31298395
31302879
31307591
31314382
31324601
31340183
31344550
31345957
31349431
31350585
31356657
31363165
31378017
31389737
31390403
31395230
31397185
31397425
31421151
31432212
31432631
31434481
31442344
31448997
31452381
31452435
31471785
31473982
31477184
31488453
31506980
31511932
31529576
31545713
31553571
31557808
31561775
31573846
31584623
31588116
31589783
31594819
31605498
31611578
31623230
31647292
31653099
31671089
31672324
31673217
31680777
31681779
31693256
31693397
31698541
31705604
31721346
31724899
31727116
31739923
31742973
31749069
31749595
31756049
31759778
31767816
31772300
31782107
31788502
31796187
31810078
31811408
31818445
31829087
31835152
31836224
31849452
31853272
31876590
31878732
31882358
31884621
31901198
31907692
31921006
31925334
31931017
31947061
31947568
31948124
31962037
31992356
32006173
32017562
32021325
32023192
32025306
32039751
32041188
32042829
32063369
32064186
32067566
32069260
32071140
32078974
32105982
32114248
32118870
32162639
32167530
32167852
32176886
32178091
32187776
32187805
32202371
32219707
32242803
32244288
32246296
32252399
32254427
32255739
32257269
32258769
32275658
32278616
32286042
32287120
32289966
32291775
32292728
32292867
32293860
32299801
32307359
32321523
32325021
32329150
32334272
32334300
32336758
32346306
32348338
32352211
32354090
32358978
32368657
32373769
32381126
32387681
32404000
32405880
32416531
32418751
32420843
32424204
32430466
32435328
32438340
32446256
32466353
32468303
32479145
32480894
32487751
32489092
32504175
32512386
32518411
32520646
32544185
32556961
32559998
32575510
32577930
32585815
32594416
32619896
32627811
32630568
32633776
32634837
32640758
32644162
32665508
32666712
32682583
32704134
32706315
32722165
32728019
32741269
32744054
32744253
32747818
32755842
32760507
32764484
32770031
32771514
32774982
32775734
32777550
32779369
32784965
32811851
32819754
32829250
32829661
32856373
32887247
32895379
32898622
32904984
32915357
32918045
32923924
32924840
32930179
32933254
32949368
32968864
32973630
32977391
32983336
32990210
33003872
33008070
33015884
33029763
33032408
33033294
33038792
33040567
33040919
33052605
33075662
33076139
33081805
33087121
33105121
33112523
33126994
33129633
33135288
33136229
33139547
33147810
33151828
33156675
33159222
33170188
33186930
33190405
33212329
33221485
33222173
33228391
33253823
33254257
33265488
33279822
33297635
33299669
33301664
33318026
33322990
33340435
33340820
33351461
33358331
33361538
33391437
33393951
33396747
33399975
33405473
33410376
33416525
33421094
33423608
33425408
33449449
33459281
33460046
33463322
33479170
33481834
33482757
33485480
33490471
33493208
33508372
33512384
33521495
33522375
33523456
33555106
33555309
33559614
33560443
33572732
33581156
33585620
33588786
33593212
33594578
33599624
33606204
33612047
33648158
33662404
33662689
33662850
33662974
33663978
33676401
33689393
33694718
33696775
33703278
33710467
33730373
33737960
33741144
33748472
33752938
33764737
33765039
33789405
33790165
33791960
33797507
33797876
33802662
33804623
33815435
33830878
33845121
33847396
33850216
33871156
33883021
33883248
33888419
33891592
33904983
33925563
33926443
33946063
33952119
33955992
33965708
33969990
33977994
33978252
33981559
33989657
33997453
33999512
34004177
34016867
34022333
34022711
34026808
34033138
34036742
34050264
34062517
34064706
34076904
34079623
34092109
34092565
34092895
34095122
34101255
34109829
34118037
34126653
34127894
34158291
34164451
34178632
34183617
34184728
34186950
34189437
34192792
34213403
34235773
34236020
34244662
34247910
34252375
34253384
34256063
34256463
34262190
34266140
34269798
34270326
34273385
34304376
34306448
34316228
34319863
34332938
34337254
34338910
34342314
34352361
34368878
34375886
34380340
34383004
34395471
34403320
34406064
34416395
34418715
34444649
34449334
34451616
34453240
34455063
34460204
34460857
34467224
34482447
34493708
34507807
34513964
34531332
34533167
34533660
34544543
34553490
34555040
34555163
34558503
34568926
34568939
34575906
34579002
34584099
34589659
34592321
34623066
34624404
34629435
34641942
34658929
34659143
34659573
34663586
34665096
34668256
34670480
34678249
34678270
34679515
34687092
34716881
34722859
34724380
34735247
34741019
34741846
34745100
34758192
34759818
34774977
34775239
34777279
34794944
34808594
34809097
34816486
34822215
34826441
34838131
34847406
34849938
34863617
34866831
34869273
34869526
34880961
34889891
34893172
34910646
34916439
34916762
34920378
34928689
34933079
34941564
34955936
34965940
34979833
34985124
34986902
34992645
35008048
35013325
35014392
35018608
35037155
35041744
35046866
35047318
35054764
35055273
35057689
35068919
35068988
35071245
35075501
35080639
35081533
35082331
35086016
35097053
35098402
35098828
35099767
35101721
35103114
35105134
35116455
35130329
35134021
35140724
35154232
35157447
35189503
35193987
35228947
35231042
35232592
35234074
35263555
35266377
35273533
35283231
35295569
35302300
35306100
35309435
35310918
35316551
35317953
35322720
35323313
35329179
35339720
35342123
35350520
35351440
35352155
35355649
35356289
35359948
35360248
35373141
35375239
35381922
35391871
35398866
35407761
35413888
35418224
35424140
35426138
35432149
35436548
35443707
35444711
35444838
35450579
35464945
35470005
35475303
35491497
35497031
35498985
35503032
35505031
35513714
35516230
35518041
35526372
35530273
35533767
35540235
35541819
35548873
35562853
35566899
35571244
35571925
35582243
35583601
35588405
35593848
35612909
35613524
35618987
35625058
35634131
35634406
35638054
35642107
35661888
35666760
35675084
35681601
35688470
35691822
35694720
35703022
35718100
35718144
35735294
35751977
35752100
35771105
35780528
35789020
35791194
35804982
35806191
35819966
35844636
35848275
35858051
35860743
35865251
35869736
35873435
35875099
35886027
35888243
35890283
35898866
35900230
35921689
35949109
35954225
35959822
35963802
35980043
35985178
35985741
35987240
35988990
35993497
36006199
36006729
36016250
36016558
36029782
36032320
36038439
36052563
36053781
36054699
36059955
36066767
36067390
36069685
36072631
36074371
36082309
36089268
36089622
36095114
36101216
36111489
36125372
36129905
36131854
36143773
36145158
36147114
36155245
36171564
36174953
36185151
36197739
36201793
36203579
36217591
36227130
36235556
36240918
36242083
36243789
36259687
36276924
36281018
36282968
36287652
36310560
36317094
36317313
36327937
36329386
36346571
36362850
36365039
36370203
36383099
36384451
36386718
36387903
36393752
36403770
36414243
36439362
36451132
36452594
36460299
36461090
36469076
36484443
36497175
36528338
36529653
36533637
36534714
36534904
36536032
36537060
36547987
36573044
36610296
36618052
36622411
36629037
36630469
36650833
36652038
36661177
36666349
36666521
36669519
36681005
36684068
36687659
36694542
36702046
36725283
36733491
36736254
36746807
36747344
36751217
36763123
36765129
36774726
36778264
36790847
36791640
36794507
36825708
36827641
36828088
36841497
36843514
36851800
36856646
36865400
36867879
36883159
36889772
36891122
36892463
36893879
36916464
36943229
36943575
36967665
37009036
37010770
37013761
37014463
37016310
37030730
37048245
37059688
37060233
37067936
37069370
37083892
37085477
37085885
37092572
37102349
37105979
37106247
37116696
37124657
37129314
37137510
37138647
37144132
37159364
37161154
37163376
37164052
37167915
37181545
37182871
37184261
37184870
37198587
37215871
37221734
37224973
37258012
37277227
37277846
37295057
37311166
37312890
37352836
37375177
37381620
37383640
37384620
37394796
37396768
37397451
37407590
37426033
37433553
37446382
37472313
37509562
37513259
37539210
37544165
37560244
37581403
37585284
37595927
37607881
37616910
37617606
37628115
37638638
37640041
37649802
37658218
37664844
37681069
37684932
37685303
37686272
37689100
37699534
37726883
37744677
37747590
37763478
37763500
37764989
37790387
37793459
37795818
37798642
37799583
37802281
37806202
37810004
37812022
37815516
37817728
37818408
37837108
37841293
37845994
37856585
37868115
37876136
37885890
37886157
37888350
37891909
37892256
37899679
37904435
37908273
37917110
37918194
37924900
37934205
37936686
37946525
37946572
37959384
37966776
37973863
37978148
37981250
37997611
37998551
37998822
38014199
38036111
38036923
38044752
38047415
38051534
38056472
38058701
38061034
38065887
38069887
38076194
38081718
38091866
38104604
38105526
38107809
38115178
38123415
38128394
38129479
38133966
38145730
38155015
38158828
38165435
38172437
38179634
38187243
38193079
38199274
38203395
38211078
38218379
38232518
38235117
38238855
38243582
38247915
38256101
38265382
38266390
38294900
38301405
38307069
38310378
38337363
38349421
38351684
38352948
38357825
38365872
38368654
38368811
38368813
38369947
38376328
38377120
38386568
38394541
38411607
38417623
38418084
38432326
38435824
38441556
38444553
38454306
38457288
38460892
38473595
38479482
38479563
38482486
38498660
38511568
38517677
38520456
38521671
38522047
38522539
38523068
38533654
38537198
38537955
38540003
38555087
38556150
38561377
38578377
38581364
38583405
38600804
38601393
38601760
38611209
38624658
38625772
38633598
38635266
38655381
38658343
38665809
38670521
38671744
38675470
38681633
38682213
38702617
38703399
38736092
38737757
38755789
38757993
38761743
38779510
38811647
38819637
38823297
38824062
38826999
38833743
38842250
38844471
38846170
38848111
38858059
38860372
38864450
38864834
38869106
38869723
38877332
38878671
38884288
38884865
38892363
38900440
38901673
38903488
38910949
38918368
38921198
38940481
38943321
38963314
38979175
38981892
38989261
39004680
39021425
39028450
39039081
39062571
39086296
39095491
39106501
39128498
39129465
39139487
39140071
39147840
39150310
39166859
39170356
39170416
39177586
39192398
39198783
39211165
39215233
39215370
39248376
39250938
39253496
39261164
39265434
39278769
39301785
39307586
39317378
39324790
39350579
39351649
39351965
39353302
39365967
39380337
39397384
39397444
39404120
39416948
39432171
39436623
39441663
39459144
39461061
39462027
39471054
39473234
39485477
39493546
39494049
39507600
39508361
39510732
39516936
39520052
39551965
39554194
39557327
39567790
39568772
39572316
39582862
39587572
39593089
39599006
39605356
39615003
39634979
39636451
39639771
39644664
39647054
39651021
39656618
39665777
39676982
39678038
39681444
39690126
39699834
39712881
39720173
39728353
39740986
39741087
39743506
39747304
39749832
39754983
39758004
39767322
39783401
39786545
39792863
39795561
39805158
39809404
39812720
39813420
39823053
39823058
39825722
39834015
39839535
39856908
39892288
39895551
39897714
39900476
39903014
39912734
39920576
39937973
39942691
39965384
39967690
39976938
39994128
40010783
40015979
40017888
40018207
40023198
40046367
40054252
40065223
40069234
40077736
40084746
40089455
40095622
40118368
40128418
40139724
40142679
40154673
40157882
40164847
40169609
40175135
40176038
40178528
40182276
40184023
40185516
40189452
40191005
40191984
40203779
40207386
40208911
40212875
40213971
40219709
40220554
40229093
40229222
40233363
40239891
40243292
40256038
40257369
40260809
40261877
40267984
40271335
40274688
40291454
40293789
40301074
40307074
40310357
40326697
40336120
40339340
40344308
40344514
40356393
40359464
40382106
40393863
40434156
40448190
40453957
40457582
40478408
40496406
40500508
40510801
40523013
40528555
40532927
40548547
40549415
40550600
40556309
40557612
40558031
40564194
40578072
40580518
40587460
40589637
40615563
40630797
40638050
40640050
40662815
40663012
40671267
40675469
40677186
40678396
40679833
40680131
40689167
40700249
40707020
40710530
40713152
40716231
40720462
40734594
40741408
40745703
40751482
40752583
40753713
40757633
40791621
40806983
40816891
40816961
40820329
40827797
40833617
40837869
40838201
40839758
40845462
40854275
40854575
40864695
40866560
40882942
40896290
40897099
40908231
40912961
40914958
40916370
40923254
40923952
40934120
40940880
40965066
40965224
40982705
40992671
41036278
41051295
41053060
41054657
41058231
41062191
41062758
41066263
41082700
41089055
41089873
41090920
41102221
41110777
41111643
41122265
41126506
41132661
41134255
41137923
41139833
41145381
41154518
41156872
41165353
41170574
41176850
41184662
41188055
41189337
41198771
41204528
41207250
41218642
41220984
41242779
41242883
41251954
41261080
41280265
41283395
41314146
41316900
41334777
41337155
41343680
41358915
41367208
41382528
41386043
41394712
41412424
41414780
41420176
41424963
41442854
41445733
41450045
41457386
41463690
41464750
41473050
41482298
41482585
41483063
41483340
41484257
41485580
41492347
41495069
41498664
41517672
41521074
41527192
41537511
41549989
41562094
41563550
41578422
41580904
41581736
41585292
41586071
41616454
41628364
41630683
41635084
41659742
41665328
41671001
41671803
41677135
41678757
41681610
41688482
41694089
41704637
41705450
41705776
41711807
41712383
41717204
41720069
41740229
41749286
41750121
41771759
41787111
41788210
41796018
41817846
41819543
41824759
41829316
41833448
41837876
41844415
41846750
41870567
41873498
41895022
41896613
41898684
41902293
41915760
41923857
41926221
41932583
41932891
41947834
41949455
41956364
41956876
41967112
41968345
41969315
41970445
41971290
41980586
41981838
41982069
41982313
41986127
41987825
41988585
41998862
42004208
42006032
42010244
42018658
42026815
42029328
42035302
42037167
42039929
42045893
42051065
42055207
42056878
42077166
42077992
42083343
42084061
42085404
42096768
42099623
42104012
42141027
42150685
42156482
42159083
42164013
42171947
42176689
42195063
42198153
42198612
42206156
42225961
42231258
42245227
42251133
42252651
42253313
42258989
42269501
42275115
42292148
42300976
42302032
42302184
42303708
42311564
42340267
42350824
42362831
42375229
42378243
42384648
42392324
42406632
42407473
42410945
42422931
42422935
42427088
42435986
42453846
42454707
42467705
42497378
42502425
42512960
42524917
42543996
42551456
42552559
42556341
42556480
42558311
42562444
42567275
42567426
42570583
42570842
42573980
42575967
42582260
42587060
42602546
42612230
42621604
42630497
42642434
42642951
42646941
42654225
42655324
42660814
42670753
42672141
42687225
42689400
42693731
42697016
42697460
42698511
42708051
42709823
42717983
42730659
42739326
42747599
42769671
42781932
42816288
42823093
42829942
42832424
42844243
42850231
42855188
42858464
42862150
42865276
42867843
42873977
42874467
42877079
42877835
42887471
42891348
42903880
42909263
42914869
42915547
42922385
42939100
42940070
42943177
42945842
42953696
42973223
42973870
42977326
42984023
42985695
42992117
42992921
43004035
43019065
43038932
43041730
43055356
43081132
43082682
43115861
43122022
43131564
43141633
43147008
43156201
43159852
43166688
43168040
43189367
43200916
43218826
43219259
43227439
43231748
43236035
43243912
43249980
43263906
43264611
43269610
43273538
43290637
43295390
43300598
43302190
43309138
43318978
43324914
43329725
43335684
43344759
43370397
43374088
43381479
43382818
43383422
43392450
43392660
43394636
43407738
43415388
43416832
43424116
43428694
43443424
43449501
43476400
43480342
43483537
43489579
43489713
43507620
43522199
43522856
43524735
43533209
43535775
43545618
43548518
43553131
43557384
43563810
43566966
43568498
43569822
43577754
43602794
43621557
43623448
43627431
43636865
43660302
43660833
43670929
43683607
43684577
43690202
43692971
43696688
43696978
43698409
43699274
43708901
43726802
43733604
43737295
43743062
43765451
43766469
43768886
43771306
43772800
43781763
43788376
43792706
43799086
43810967
43815517
43816759
43820641
43820941
43829529
43831872
43843055
43861361
43865891
43879521
43890598
43902700
43918158
43923973
43928242
43929457
43935072
43943681
43949356
43950820
43959599
43982979
43983091
43984401
43985410
43996059
44018623
44028795
44059872
44060890
44067394
44074737
44088840
44088948
44096037
44096395
44097524
44102280
44108668
44109326
44117132
44134717
44136137
44147306
44156101
44156194
44168122
44185334
44187414
44197278
44205720
44209812
44214287
44224942
44228064
44229613
44229925
44234810
44245815
44249515
44251036
44251161
44258617
44259891
44313862
44315283
44316297
44332763
44347883
44350661
44353144
44353646
44373295
44378711
44379039
44390503
44392450
44392906
44394626
44397699
44401182
44413216
44415752
44419553
44430018
44430957
44435286
44441112
44451175
44454136
44456505
44457360
44460102
44465913
44465953
44468584
44470243
44476655
44496372
44497051
44502990
44540543
44541729
44543968
44544369
44549652
44563319
44566886
44573206
44584046
44588388
44597602
44600384
44600631
44616704
44617161
44620419
44620829
44623036
44623728
44625463
44628799
44629140
44631029
44633849
44635268
44636337
44640924
44647153
44648311
44652238
44653890
44668225
44671289
44675288
44694939
44697309
44698824
44727972
44728893
44732030
44733261
44742471
44745701
44752375
44764405
44768535
44768801
44771077
44793919
44798797
44800116
44804901
44804967
44811174
44823417
44829622
44837668
44853177
44856748
44863271
44865699
44866930
44873581
44876185
44876363
44880186
44894957
44902327
44935222
44948697
44950310
44952398
44957846
44968859
44985653
45006513
45017081
45018549
45020225
45023316
45028848
45031594
45036864
45037568
45039417
45040371
45060158
45063637
45075115
45076027
45093356
45097266
45102639
45102753
45117153
45127766
45132043
45136037
45139704
45142853
45155932
45172351
45177022
45179773
45185205
45186303
45189705
45200017
45201383
45204657
45212348
45216526
45224691
45232990
45238646
45245353
45258517
45262518
45267797
45269662
45279663
45283600
45294299
45298689
45308819
45317326
45321591
45322111
45337856
45339524
45350712
45363391
45383639
45386675
45388720
45390663
45402556
45402991
45411257
45415324
45434996
45441087
45451908
45466910
45470459
45471068
45472245
45478114
45482662
45503976
45508832
45509148
45513159
45538713
45549228
45554361
45570486
45572315
45573421
45594878
45610097
45624555
45625272
45626138
45631303
45632235
45636971
45652547
45670515
45678599
45678898
45680844
45687919
45691889
45699377
45701867
45709311
45720550
45734349
45736795
45744494
45746182
45751946
45760085
45761362
45764216
45769146
45769262
45776224
45777507
45790384
45807271
45822564
45826152
45831907
45846999
45852922
45864305
45877731
45881709
45891244
45907075
45914323
45924880
45929280
45939252
45953810
45963985
45964367
45968436
45972902
45989475
45990577
45997578
46000589
46003012
46012340
46013820
46017624
46022656
46026493
46030774
46047260
46050463
46051629
46055598
46059429
46059872
46072593
46086595
46102017
46118278
46126315
46128357
46141109
46146893
46168988
46177996
46180616
46183308
46187242
46191833
46214224
46238487
46244154
46247257
46261160
46262824
46266152
46269840
46279960
46286999
46294015
46296037
46307058
46307095
46309376
46310985
46312549
46312701
46315407
46320069
46320726
46327188
46329510
46331098
46333554
46341845
46344877
46347041
46348031
46377915
46380877
46381154
46405283
46414095
46415654
46420933
46425324
46432843
46432866
46436008
46443081
46446470
46446937
46449184
46454453
46459302
46477475
46482454
46488152
46496480
46497087
46500184
46514072
46514458
46521661
46522071
46523560
46535601
46538301
46548624
46558467
46561334
46564184
46564566
46581684
46583099
46595520
46600596
46601537
46604368
46612025
46618001
46624282
46640607
46645412
46653904
46657278
46692603
46697731
46700539
46706189
46720270
46725000
46729240
46745358
46787613
46794671
46806350
46822045
46822593
46823003
46823430
46830331
46845970
46847801
46850358
46852737
46862302
46863203
46877913
46880334
46892178
46897120
46906290
46910530
46920616
46923408
46935903
46954444
46961442
46965259
46965359
46990187
46991778
46995195
47001422
47038877
47041606
47057412
47063631
47074445
47078378
47089070
47097533
47102909
47105622
47106196
47114032
47115038
47123055
47132637
47134046
47144166
47147441
47149652
47157618
47162920
47170413
47180805
47183322
47184244
47190302
47202916
47215929
47226375
47226605
47241028
47241923
47245332
47250961
47258834
47285645
47308804
47315202
47318212
47320632
47333726
47334097
47335689
47341035
47344591
47351931
47362485
47371789
47378857
47378926
47380452
47384888
47384940
47396186
47398805
47407150
47439486
47448790
47458967
47466535
47492123
47503105
47513219
47526333
47532435
47539270
47544528
47545616
47550002
47568337
47574057
47577775
47584790
47589619
47591014
47601994
47602513
47603517
47603783
47613938
47614169
47630150
47631546
47639223
47641373
47646762
47664307
47670904
47673442
47675143
47681903
47682761
47685614
47696446
47719602
47730927
47732455
47734119
47742289
47751529
47752154
47765776
47775617
47779122
47786942
47794662
47809364
47814197
47822783
47828178
47841497
47851378
47857996
47868074
47869377
47872105
47872528
47883051
47889336
47891665
47897543
47910147
47938738
47938841
47941964
47954692
47958389
47975785
47980801
47989831
48002339
48007965
48011881
48027070
48027100
48037267
48038412
48038799
48043462
48046585
48059367
48062499
48069562
48070589
48074251
48074274
48074412
48079343
48088090
48088414
48100386
48109556
48112652
48113149
48122147
48133160
48138110
48142242
48145911
48152596
48154460
48159506
48161382
48161455
48187177
48193117
48196811
48199630
48200372
48202601
48204936
48223208
48226127
48250014
48265400
48277946
48286318
48301655
48308151
48308585
48309984
48311522
48313592
48319206
48320209
48323564
48324186
48331034
48334607
48340053
48340195
48346325
48351742
48353812
48366461
48373175
48380353
48381989
48387066
48395849
48398997
48402154
48403754
48413255
48420618
48423991
48429350
48429621
48432704
48449432
48452385
48460523
48468730
48470454
48488738
48492211
48509033
48531820
48535188
48537382
48538119
48542832
48561243
48564638
48569185
48595048
48605186
48626057
48640088
48646493
48650454
48651675
48652661
48657478
48687259
48695268
48695575
48715365
48728007
48730520
48731814
48732243
48754161
48761971
48769667
48769914
48779085
48786495
48801068
48813466
48817160
48820705
48834898
48835184
48848410
48850102
48858582
48864519
48874212
48886218
48889503
48899494
48908029
48913970
48931286
48946319
48951864
48960725
48961380
48961712
48966466
48969189
48973939
48981179
48982569
48982973
48985884
48992064
48999350
49021451
49023469
49025684
49036298
49038236
49040695
49045758
49074618
49082484
49097005
49118838
49123951
49126799
49130391
49140443
49140910
49142583
49156686
49162700
49166356
49178405
49180275
49189848
49194786
49195474
49197786
49211509
49212704
49220939
49232572
49242036
49251432
49258296
49260518
49263345
49263590
49285437
49285693
49311598
49321460
49321820
49338290
49339001
49343248
49344130
49345905
49350482
49356396
49363835
49366027
49370565
49401221
49402583
49406959
49420528
49424968
49447650
49454987
49464960
49466236
49466337
49476889
49484386
49491676
49497966
49511767
49543255
49552486
49557476
49562428
49564473
49568582
49569781
49569792
49584241
49594451
49596536
49603674
49612640
49615513
49616813
49618554
49621298
49624106
49624191
49625117
49625718
49631628
49633938
49642020
49644214
49652041
49653295
49657522
49667544
49676386
49687298
49691528
49698039
49699601
49706048
49707238
49714994
49720681
49725300
49745468
49747588
49749243
49762760
49782322
49785009
49786820
49796306
49796400
49796900
49813868
49815936
49819631
49833865
49840586
49842136
49856332
49859271
49867822
49871551
49880887
49881204
49897220
49907038
49918803
49920378
49946965
49959642
49966027
49966177
49988012
49997485
50004893
50005306
50007459
50016029
50020076
50023580
50025523
50025566
50033432
50035536
50058582
50070284
50079802
50081924
50083513
50087577
50095948
50112621
50114210
50143591
50148545
50152693
50152837
50155874
50174803
50176839
50192586
50203008
50208459
50216999
50218197
50230525
50230841
50235545
50239533
50247291
50248817
50255149
50272783
50274088
50281024
50284942
50287341
50295254
50303218
50305649
50307637
50311280
50311738
50313869
50321443
50336484
50363106
50364437
50379685
50402971
50422696
50442582
50444986
50458464
50463161
50470937
50475230
50487244
50506973
50521426
50523111
50528437
50536703
50542547
50545973
50548508
50552621
50557671
50569626
50595655
50607964
50624632
50629617
50633248
50642963
50644602
50646012
50649383
50662883
50671455
50683492
50697274
50707916
50709676
50727688
50729055
50746197
50748814
50750529
50755592
50790635
50790733
50799464
50802491
50809751
50817586
50823629
50829259
50842498
50854205
50858645
50869767
50874434
50878943
50881808
50898169
50903011
50908518
50908603
50920115
50924640
50927807
50936804
50944819
50948312
50951363
50960150
50965875
50982404
50992046
50993050
50993395
50999416
51000859
51038537
51042291
51051438
51053042
51077592
51078278
51118893
51118996
51128268
51129112
51131527
51132762
51134619
51156620
51163094
51181740
51183027
51188446
51194080
51198138
51198740
51211675
51215366
51216719
51236487
51245897
51251940
51252394
51271359
51289731
51297250
51304737
51305877
51312040
51313994
51314192
51319079
51334078
51335427
51343882
51346006
51353247
51355772
51370268
51375446
51378000
51388827
51391110
51402109
51403172
51405425
51415619
51418041
51421750
51424894
51425665
51430671
51434711
51441501
51453069
51454159
51457453
51495566
51503749
51505771
51507238
51508593
51526519
51532406
51532524
51562696
51576838
51580691
51583353
51595362
51595849
51602902
51609190
51611399
51618778
51620268
51620871
51622649
51625172
51628608
51634570
51636050
51663692
51673585
51678413
51680395
51689236
51690081
51696157
51700972
51712107
51718475
51738892
51744893
51749630
51755960
51761463
51763910
51765885
51770150
51771087
51778393
51778657
51778936
51786462
51799359
51803802
51822471
51825708
51829597
51836726
51856302
51857882
51858148
51860703
51894190
51898412
51900719
51910652
51910964
51918604
51923311
51923685
51927655
51942151
51951246
51955095
51960746
51980807
51981653
51988864
51993646
51998916
52000640
52007710
52009396
52022689
52026923
52028267
52045526
52052442
52058899
52074954
52091816
52093630
52101268
52106141
52106638
52107171
52121412
52126583
52131710
52136325
52140252
52142837
52147776
52148692
52149005
52149965
52154321
52174874
52177211
52187764
52205271
52210450
52217837
52225657
52227485
52228556
52233184
52234999
52235157
52243784
52251128
52253099
52253825
52254298
52257328
52263921
52268563
52268951
52298593
52316817
52331669
52338904
52339187
52341813
52344125
52352063
52357879
52359913
52372533
52378161
52386922
52407352
52407765
52416639
52418921
52423087
52425261
52429764
52440543
52449300
52450537
52459526
52460545
52476422
52477298
52479632
52481122
52481280
52481435
52482688
52493153
52501264
52509643
52512778
52531603
52532392
52536916
52540852
52555317
52555922
52562005
52562754
52567672
52578462
52580315
52588870
52590762
52605800
52622389
52623102
52629451
52638799
52651624
52657770
52677987
52681250
52685223
52686946
52695462
52708573
52740814
52746887
52755737
52762761
52767485
52768568
52779144
52782667
52790987
52845154
52847102
52849027
52860603
52860754
52868670
52874520
52880914
52881099
52906370
52906788
52907167
52909583
52914449
52916550
52920846
52929980
52931165
52935854
52950398
52956541
52970938
52992455
52993070
53000029
53004246
53019490
53030280
53031502
53051514
53057000
53061756
53064971
53078098
53080384
53091553
53092305
53116589
53116762
53118589
53129027
53142567
53158097
53167117
53167874
53174271
53176584
53178836
53189613
53191801
53213833
53215241
53216748
53230770
53242384
53266970
53271757
53277216
53290664
53301945
53314847
53317983
53320901
53324139
53324335
53328576
53329818
53330538
53343710
53346298
53350191
53350661
53353636
53356424
53375437
53380266
53382610
53386016
53397615
53399952
53400386
53408111
53427428
53460067
53460312
53462675
53482914
53494351
53498320
53502592
53511611
53517018
53519219
53525702
53528738
53529363
53538733
53539439
53548758
53564148
53574047
53575714
53576842
53580070
53584593
53585157
53588825
53595689
53596671
53600263
53612488
53617338
53620676
53623508
53626806
53638590
53650218
53652591
53655642
53657066
53663262
53675482
53680697
53680818
53686032
53688397
53689961
53712856
53721355
53725040
53729415
53731195
53738758
53739577
53764347
53776864
53781253
53796653
53801984
53805998
53808566
53810446
53814302
53819516
53822863
53824169
53833090
53833882
53842638
53844717
53845039
53848473
53861288
53862818
53862934
53863883
53875980
53881995
53887857
53892699
53892943
53916790
53917355
53934813
53937832
53946627
53948777
53953315
53955936
53956414
53958584
53960908
53966500
53969211
53973673
53979886
53983595
53989676
53991437
53995968
54005510
54005956
54015913
54017860
54024970
54031402
54033808
54045538
54055020
54088282
54098563
54099725
54101329
54102304
54103628
54141538
54145746
54153083
54159648
54162229
54163947
54170913
54184728
54184791
54187064
54207647
54218778
54226666
54230382
54232584
54238725
54241701
54242974
54246639
54251441
54251753
54256062
54261503
54262123
54266729
54267528
54304873
54323559
54335364
54358572
54360082
54362769
54403797
54411002
54414760
54418173
54423680
54425552
54446527
54450288
54463187
54464011
54471869
54479569
54501124
54511501
54522008
54524296
54530151
54535328
54539262
54540110
54549148
54553118
54571950
54579410
54582754
54583029
54585427
54588112
54590027
54607389
54615743
54636692
54655432
54667238
54668025
54672555
54673600
54676175
54683738
54687144
54692700
54708575
54709847
54721331
54726599
54734367
54735875
54749288
54759182
54767626
54789494
54794378
54803350
54808485
54817011
54821363
54822449
54830243
54831415
54831722
54861969
54875335
54877252
54881882
54887980
54893891
54906882
54920796
54924412
54927606
54934604
54937324
54938133
54945997
54948834
54948855
54960390
54967316
54995854
54998463
55009151
55015281
55022032
55036419
55047184
55052788
55052908
55055161
55056170
55077202
55083497
55087404
55094012
55095116
55097531
55108894
55109759
55116679
55126130
55146406
55149549
55151515
55157086
55163567
55165178
55168335
55178089
55193855
55214474
55215496
55218922
55258137
55258575
55262133
55264665
55283930
55291776
55292152
55293895
55295886
55324259
55327680
55344447
55353928
55378222
55382777
55383122
55389119
55393735
55394994
55402091
55407829
55415840
55430108
55438541
55446407
55447189
55454919
55461575
55461655
55483439
55493080
55509079
55511227
55517646
55521686
55523269
55534918
55554597
55554617
55557182
55567626
55578815
55588313
55595669
55603844
55631029
55631925
55632282
55653447
55658694
55658816
55663105
55667556
55670185
55672880
55685976
55688006
55690349
55703988
55704653
55746742
55750076
55755521
55758635
55761181
55761236
55768659
55769144
55776671
55804386
55808916
55811715
55813286
55822424
55838423
55838617
55844127
55847763
55851154
55853343
55867052
55870287
55883819
55889805
55894823
55895310
55911314
55942428
55946789
55956285
55958685
55962570
55976522
55977777
55982032
55984034
55991895
56001269
56010824
56024254
56029687
56032629
56035951
56046834
56050011
56050563
56051831
56052172
56052703
56053072
56053892
56058332
56060181
56063273
56073594
56074100
56096424
56097655
56103807
56106218
56107096
56118390
56120356
56123701
56132777
56137357
56139101
56153619
56159658
56161700
56165170
56166693
56169119
56180709
56216011
56221673
56230473
56241259
56243445
56250735
56251534
56254944
56266160
56268435
56287492
56320602
56323737
56325868
56346859
56353480
56359442
56373386
56384413
56384829
56386197
56389805
56419520
56427904
56432797
56440665
56441289
56442716
56446589
56448283
56459495
56468005
56470849
56475267
56475441
56476725
56481364
56482930
56487903
56489708
56496367
56506725
56509219
56517533
56525560
56540008
56543321
56549448
56556318
56572998
56578020
56583558
56585939
56599060
56615217
56616244
56634115
56636602
56656034
56683828
56688384
56695756
56696628
56721398
56743896
56750820
56752238
56756199
56768293
56772583
56773919
56792286
56803362
56811809
56821687
56822441
56827956
56836180
56846358
56858156
56861096
56869791
56872683
56876806
56880714
56897454
56901127
56905722
56906210
56913497
56920438
56938880
56940965
56944102
56944724
56981237
56981266
56999866
57002178
57009837
57019221
57019656
57022255
57025536
57028819
57029713
57041969
57043066
57045135
57047452
57050066
57051932
57056031
57056852
57060602
57068463
57092082
57108425
57124548
57136610
57137366
57138048
57140428
57150579
57156726
57158921
57159421
57167828
57173677
57184241
57188045
57193472
57194138
57195093
57202738
57205731
57213873
57218165
57219791
57224773
57230240
57246971
57248667
57252307
57257757
57263662
57274000
57286211
57292514
57301157
57325285
57325713
57327389
57328123
57340822
57366184
57375277
57385129
57385955
57390755
57395272
57401349
57401881
57410544
57413445
57414090
57415169
57433940
57434169
57445700
57461150
57463581
57465221
57475334
57482038
57482618
57518880
57522621
57524350
57532351
57539910
57548189
57552291
57560869
57565553
57575793
57592512
57602207
57609439
57636601
57649032
57652824
57662317
57667839
57672073
57677800
57677815
57684919
57703876
57708324
57718199
57740117
57741842
57748060
57757954
57763114
57771455
57777328
57778102
57793996
57805932
57806074
57820207
57820689
57821489
57829607
57833148
57838752
57844778
57845423
57849193
57859920
57862100
57871840
57875935
57876473
57879191
57895647
57896316
57907403
57911422
57920692
57925118
57933192
57938409
57939102
57947290
57959774
57963185
57989743
58020846
58021153
58027472
58038993
58045104
58045987
58046011
58078477
58079704
58083864
58088465
58094941
58097054
58102544
58107263
58108148
58122370
58131980
58137463
58141169
58146186
58155230
58157926
58159572
58159881
58163030
58181588
58209875
58223977
58224414
58234805
58258026
58262697
58264575
58271547
58281043
58284137
58291518
58291963
58301000
58302378
58305240
58315305
58321378
58322007
58327796
58339402
58341104
58341271
58341862
58342751
58349382
58349753
58357453
58367965
58370006
58371866
58387300
58387447
58389056
58391789
58395366
58399480
58411137
58415435
58434509
58442647
58461071
58481904
58487271
58488473
58492492
58492798
58501831
58513827
58515068
58536772
58556064
58559455
58575237
58575791
58591194
58601983
58607118
58608868
58610368
58613890
58629321
58638255
58639859
58642990
58650930
58657978
58667603
58694346
58695567
58703133
58703600
58717475
58736747
58760979
58762085
58785175
58790205
58791855
58797468
58799455
58801537
58817628
58818108
58822152
58832172
58835138
58835734
58845507
58856687
58863295
58879998
58892703
58893509
58907399
58917513
58918449
58924574
58926527
58957905
58958165
58965256
58968201
58983122
59029598
59032373
59032962
59033530
59035765
59043404
59048117
59051669
59057361
59081859
59084476
59108823
59113914
59116145
59119346
59130946
59134982
59137413
59138085
59147317
59152410
59158914
59159234
59168409
59195647
59205071
59225856
59248951
59257891
59261592
59277555
59277916
59279636
59280795
59289050
59293828
59298066
59298808
59312349
59326439
59334573
59338100
59338139
59348064
59351912
59353221
59370928
59386852
59388324
59412055
59417247
59417453
59424635
59433250
59438539
59442459
59443712
59443742
59449818
59453704
59466026
59467417
59486141
59510687
59516512
59517048
59517578
59517884
59522233
59528710
59531761
59532837
59541837
59544676
59546024
59551746
59591371
59596965
59605686
59613530
59614818
59615074
59617944
59623602
59635515
59647021
59655487
59660671
59675798
59682632
59684357
59692785
59695025
59696833
59699637
59707678
59710770
59727850
59736149
59737752
59741254
59750135
59750449
59751210
59759110
59771310
59771589
59772417
59773120
59775500
59787246
59793946
59812157
59815735
59826920
59835046
59837220
59840728
59845965
59856004
59860262
59876749
59881194
59892297
59893111
59899082
59901859
59906506
59919960
59921934
59922964
59925801
59926260
59942089
59974203
59993131
60005038
60010543
60040301
60047910
60049474
60049704
60052581
60055466
60055763
60060436
60061710
60072387
60091831
60106063
60108892
60112340
60118043
60121015
60134039
60174310
60185924
60199530
60199664
60208133
60210861
60224648
60242086
60246014
60246879
60250247
60254086
60263457
60270714
60282884
60285751
60293348
60306472
60319713
60322098
60332877
60341505
60341751
60348296
60355631
60358827
60362287
60369579
60378944
60381792
60382096
60387464
60391655
60401798
60411188
60413439
60415256
60426889
60426997
60429712
60446639
60456090
60476557
60476673
60484891
60484969
60490568
60493484
60495513
60498792
60501632
60511491
60530810
60532518
60551680
60559657
60561624
60562580
60568631
60594410
60594442
60594939
60599748
60608701
60610399
60633940
60635326
60637460
60639851
60640010
60645834
60649997
60667137
60667333
60672282
60674247
60695319
60711812
60715977
60719824
60731809
60735714
60740437
60746426
60753831
60765134
60769631
60777642
60796983
60798220
60808878
60809405
60823221
60824634
60826964
60831041
60833991
60844710
60887087
60891405
60901161
60901427
60902181
60912087
60912178
60913404
60916835
60917593
60918073
60947175
60947705
60959704
60965880
60967178
60974093
61004646
61005653
61014820
61021936
61025897
61027191
61031456
61031872
61033498
61042377
61048685
61050849
61060427
61079818
61086005
61086021
61090792
61100798
61101817
61112103
61113043
61115766
61122584
61131040
61150611
61159568
61164919
61168646
61170499
61181140
61189349
61189899
61206535
61213276
61229171
61230678
61235969
61276286
61286121
61288796
61289099
61289923
61298175
61309069
61328615
61344774
61352585
61352781
61358747
61372917
61386254
61391237
61391465
61404737
61409216
61425542
61425764
61427409
61429969
61441639
61442482
61454365
61457691
61466431
61466801
61467418
61467784
61477651
61484143
61506272
61514571
61539658
61548920
61554631
61562721
61567509
61578547
61581105
61603830
61609484
61610309
61619200
61629168
61639256
61645393
61661840
61688614
61688631
61690084
61694316
61721175
61753218
61759461
61770191
61778831
61791114
61796910
61799607
61799960
61811414
61823554
61832878
61840396
61842735
61854131
61874305
61886484
61891096
61896843
61898234
61906559
61911499
61916311
61918729
61919354
61926216
61941607
61961267
61969622
61977051
62000081
62005517
62032592
62038863
62052599
62055645
62066534
62074773
62098594
62099600
62101441
62113495
62114958
62116737
62126852
62133992
62160827
62161963
62165939
62183400
62188867
62192926
62198910
62207717
62209424
62229919
62253973
62263341
62264447
62264732
62267660
62273878
62285219
62300566
62301044
62315341
62316871
62326376
62330755
62331456
62331651
62337458
62337721
62347478
62355504
62357016
62370840
62374151
62379001
62386363
62410622
62414906
62415650
62423755
62425356
62425850
62426496
62426708
62430015
62430286
62433452
62450204
62454046
62469683
62477617
62481240
62500172
62512390
62516609
62517772
62520778
62531569
62534645
62540767
62542754
62550888
62577484
62580255
62585657
62596654
62597419
62604471
62617725
62629542
62634073
62635466
62635468
62638282
62641779
62644524
62648496
62649005
62654246
62658664
62674165
62688276
62714971
62725163
62725964
62726252
62729681
62729933
62734482
62747371
62761290
62783813
62811821
62820402
62833689
62834482
62837531
62840378
62843768
62853305
62864062
62867653
62868171
62870401
62872200
62881125
62890774
62893280
62902572
62906355
62925535
62927387
62938670
62943824
62947536
62953120
62960741
62963077
62963903
62969552
62970273
62994154
63015940
63023250
63032131
63054219
63070104
63088104
63088739
63098472
63101683
63110306
63117606
63122161
63124401
63124876
63131714
63140185
63140417
63142769
63142898
63147974
63153509
63163110
63172939
63201724
63201794
63218477
63240307
63248085
63252547
63254981
63257837
63266236
63268544
63275967
63276928
63278217
63281457
63282605
63293817
63296647
63298850
63301260
63313182
63318982
63323671
63335714
63367788
63368864
63377957
63394982
63400200
63404927
63408507
63410563
63420413
63427643
63428440
63432806
63450005
63451579
63457694
63467334
63471422
63474009
63478119
63498987
63502744
63512435
63513777
63518724
63519851
63520942
63532016
63533919
63546887
63547792
63550423
63550857
63552486
63553934
63553974
63571788
63572082
63579151
63584352
63587397
63593219
63608048
63609077
63616946
63621320
63624658
63641222
63642177
63655151
63655947
63689035
63700929
63703220
63711713
63711849
63714835
63721365
63722557
63727324
63727328
63727594
63738087
63742432
63745779
63766937
63768032
63776899
63779797
63782235
63788640
63795675
63814437
63820927
63827192
63830500
63835457
63835919
63835924
63844843
63848593
63854596
63854738
63865557
63881972
63893962
63906854
63920877
63923723
63928889
63943114
63948961
63949584
63960509
63961371
63962207
63962716
63968458
63970739
63972558
63977392
63990049
63994921
64013557
64018357
64028276
64029699
64037120
64042162
64049659
64051433
64052892
64054474
64055155
64061508
64069421
64069793
64073334
64082334
64093714
64095176
64124218
64125110
64142181
64144211
64155707
64172164
64180990
64189895
64196540
64205676
64207608
64220258
64225510
64229531
64233451
64248773
64248961
64260551
64268598
64278614
64280272
64287349
64288065
64307134
64308383
64309364
64316088
64323994
64332072
64346783
64348977
64375986
64386270
64401383
64410604
64417660
64421090
64429836
64432747
64434841
64438542
64439102
64440525
64445158
64447007
64448785
64450309
64455084
64457024
64462861
64463107
64464514
64465152
64471595
64472915
64476270
64477330
64477418
64485102
64508778
64513951
64521950
64527187
64531931
64537512
64541468
64552139
64570614
64576285
64582145
64589793
64621017
64662777
64662918
64671613
64674259
64685393
64687845
64688185
64696983
64705181
64716088
64726200
64736176
64740245
64760645
64765266
64772662
64777651
64779195
64779376
64805831
64807134
64807966
64810306
64814353
64814982
64825156
64829715
64830516
64832433
64843123
64844469
64847640
64849213
64851988
64856215
64860981
64864649
64884572
64886703
64893285
64902653
64904692
64906921
64914886
64925532
64926041
64942854
64949515
64951378
64952630
64954447
64959874
64963147
64968080
64969261
64969363
64973572
64982196
64984151
64992071
64995644
65001615
65002506
65003047
65004425
65006824
65007826
65010704
65016094
65020294
65027767
65029885
65031336
65032874
65033286
65034141
65037379
65040892
65049650
65051989
65072519
65075871
65086018
65092621
65105532
65128849
65139911
65143636
65145215
65154826
65159433
65160455
65161724
65183545
65196340
65203886
65206786
65207643
65208745
65223104
65239550
65239943
65243073
65243845
65246054
65258041
65260209
65262494
65267120
65279914
65286824
65303973
65305175
65325677
65326858
65333635
65340361
65343837
65347790
65354660
65357369
65359316
65363405
65394225
65397415
65402503
65413475
65432204
65437179
65443085
65443944
65470749
65471741
65477621
65480535
65482721
65488060
65508685
65515033
65519170
65520097
65534930
65537380
65538709
65538943
65570575
65579158
65586592
65604403
65615948
65623095
65633778
65644321
65647867
65652897
65654481
65663624
65666631
65671715
65673677
65679090
65714152
65716468
65720362
65730378
65730634
65732609
65733329
65747628
65764011
65764490
65765069
65765206
65765505
65770344
65807029
65810966
65811784
65816730
65818495
65835425
65840019
65845915
65847016
65855985
65867743
65878648
65879324
65880590
65883606
65883784
65884170
65894033
65896995
65923324
65929467
65931397
65937771
65945825
65946028
65951049
65951760
65952201
65967410
65970398
65970883
65974922
65983370
66025127
66042583
66042751
66047909
66056380
66060581
66061927
66077680
66084459
66088647
66102536
66103202
66111946
66118985
66123163
66124082
66134996
66139930
66150117
66157544
66168758
66172227
66184333
66190735
66195872
66206558
66207458
66207839
66219283
66219646
66223497
66235325
66240993
66245518
66245804
66249216
66259173
66262985
66276706
66294221
66300416
66302632
66310388
66310709
66315933
66316784
66340822
66345169
66345342
66360889
66362530
66365994
66368342
66375784
66377520
66396130
66399974
66416142
66446392
66448727
66454547
66467779
66471749
66486058
66497861
66500735
66513590
66522002
66524590
66525281
66526138
66528996
66533684
66539125
66549470
66579396
66583679
66586695
66590115
66591034
66591135
66592272
66597186
66602183
66603110
66612762
66643288
66656517
66673370
66677203
66687067
66693553
66699498
66702293
66704143
66704721
66705628
66712729
66712835
66716003
66722673
66765393
66767349
66791010
66804381
66818978
66821889
66824883
66848140
66849900
66850990
66853709
66857604
66859632
66863378
66864009
66868235
66880913
66880930
66887622
66889646
66896329
66899568
66907954
66921320
66926874
66929079
66935426
66941260
66955073
66961641
66961778
66992552
66993163
67006717
67006734
67010905
67016367
67016756
67021135
67034018
67039408
67051678
67065705
67074705
67077085
67081664
67083920
67099948
67107037
67156956
67164555
67185328
67186722
67193247
67194128
67194513
67194758
67205252
67216290
67225081
67226739
67231731
67243105
67248490
67249730
67256814
67271096
67289392
67292801
67301303
67308284
67308837
67311306
67316595
67321829
67322072
67324515
67329119
67334847
67335157
67360893
67367414
67368901
67371898
67392600
67403155
67411420
67412077
67414942
67416079
67416101
67438837
67442938
67444928
67458512
67464296
67468134
67487118
67488676
67494662
67499708
67500870
67503149
67507014
67507741
67518095
67525431
67529120
67530990
67533827
67544406
67546909
67558256
67561422
67561901
67566982
67567783
67569110
67570418
67579963
67583146
67583897
67593760
67620116
67620981
67630339
67633012
67649198
67656502
67670979
67674118
67679886
67682550
67691212
67696316
67699180
67701674
67707774
67715770
67728515
67729565
67730775
67750531
67750770
67755740
67758830
67767738
67768734
67771688
67771976
67785335
67786879
67790697
67805760
67815553
67819067
67822269
67822611
67831843
67833990
67841002
67844903
67859308
67864761
67880046
67885876
67889094
67890775
67908688
67912604
67918296
67922615
67924343
67930844
67935371
67937873
67957201
67957517
67960876
67964356
67964889
67981780
67985301
67992459
67993717
68008905
68015248
68035687
68043207
68058122
68061733
68080046
68090641
68093723
68096600
68097673
68101813
68108841
68110234
68117370
68119167
68119481
68129800
68137048
68138460
68140534
68146668
68152442
68177123
68185432
68191406
68193222
68212204
68218666
68238767
68245593
68253884
68267835
68293576
68293764
68304288
68305378
68315754
68323166
68338637
68341589
68360775
68362035
68383298
68389069
68395387
68397801
68417462
68419189
68459251
68461692
68461806
68473397
68493980
68502243
68514484
68519645
68529104
68546541
68558281
68560364
68566211
68571799
68573330
68586136
68592483
68593775
68617792
68624866
68638733
68645347
68688093
68700797
68702119
68709329
68710455
68710796
68718997
68726611
68727420
68739372
68746182
68754469
68765454
68771823
68775092
68780098
68788041
68790926
68798929
68831964
68844360
68845253
68851007
68867068
68875431
68890126
68905177
68918388
68933287
68941550
68946745
68950970
68955243
68967271
68986237
68986521
68986879
68987685
69000115
69006889
69021662
69025009
69040925
69048770
69054110
69054951
69066163
69074296
69075247
69078169
69080110
69080130
69088637
69090203
69091670
69106590
69108498
69111316
69115233
69121787
69145754
69147185
69208298
69212866
69215537
69221503
69245099
69262483
69264507
69279523
69282587
69320416
69321236
69324439
69329378
69333744
69338606
69364902
69368716
69372492
69391621
69411641
69418507
69421202
69441163
69442394
69444769
69448120
69463186
69476995
69481672
69486464
69487922
69494458
69494459
69500760
69504512
69512454
69513161
69534271
69543625
69545961
69552264
69556155
69578425
69583558
69584487
69584822
69597161
69606362
69612703
69613645
69614743
69635823
69645073
69646563
69653912
69673744
69674562
69689253
69694015
69694406
69698809
69701083
69705281
69710633
69716191
69726782
69728136
69743027
69748037
69748342
69749096
69749851
69751734
69755044
69762692
69767165
69769611
69770599
69773317
69820996
69830130
69832203
69842346
69846529
69850455
69855423
69857609
69870216
69870816
69889637
69891549
69894532
69899628
69900042
69903795
69904299
69906103
69918518
69927240
69935458
69940122
69942532
69948338
69952835
69954631
69960739
69964333
69975179
69980968
69987313
69989155
69990014
70007878
70013495
70016903
70020250
70031715
70037930
70041653
70057188
70061997
70064073
70066087
70070319
70074956
70075004
70092032
70094784
70116044
70121700
70131233
70150144
70151854
70161126
70167308
70178655
70185164
70186228
70190403
70196583
70197172
70197486
70210415
70224070
70224378
70224426
70229220
70232646
70233578
70240287
70244183
70247788
70249031
70256309
70261864
70262720
70265499
70265956
70266559
70276380
70277435
70277718
70282893
70284608
70292893
70301517
70318839
70326687
70327809
70329475
70350184
70355219
70373671
70376638
70388394
70389444
70403501
70417323
70426251
70426878
70434183
70436406
70437712
70439728
70449081
70451637
70457163
70460514
70460532
70466212
70481482
70488301
70495317
70507428
70517091
70517777
70521430
70522860
70535669
70539172
70539256
70545156
70562027
70564503
70564849
70568310
70568715
70572260
70576581
70576911
70578047
70585989
70598745
70601134
70620586
70621502
70622541
70624255
70625873
70642100
70644832
70656189
70662282
70663946
70667619
70669073
70669417
70671664
70680705
70692173
70700447
70716718
70716943
70759208
70787375
70792507
70795699
70808840
70808905
70816879
70826237
70829048
70830941
70832131
70834361
70834920
70844824
70857818
70861727
70869494
70875450
70879400
70880526
70895651
70897926
70903061
70919794
70926087
70941741
70947665
70956152
70958253
70974113
70976632
70980397
70981521
70985562
70994048
71022457
71042424
71045429
71049478
71058222
71058252
71060522
71060655
71064759
71065220
71068599
71079243
71081749
71083863
71098559
71098628
71111865
71114734
71118102
71126815
71127797
71134026
71135967
71136784
71138044
71139866
71155132
71177165
71177330
71208557
71211330
71217446
71242258
71246383
71257564
71263033
71279757
71281414
71282484
71286447
71291273
71294782
71297943
71309267
71314866
71318294
71320802
71332121
71335790
71336595
71343427
71371240
71375885
71385482
71389647
71390544
71397188
71398043
71398544
71412892
71415351
71419601
71423278
71437925
71441947
71442236
71448798
71449662
71454633
71461133
71462139
71471773
71474025
71475132
71486400
71489577
71494789
71506711
71510576
71512815
71520233
71539828
71542213
71544521
71562095
71564278
71565036
71578915
71578990
71582097
71587168
71591606
71592291
71596725
71598264
71598418
71600426
71606657
71615591
71620530
71620780
71642922
71647562
71655650
71659144
71667243
71679748
71679873
71681207
71682064
71690978
71693183
71702123
71715268
71721631
71736313
71740766
71756901
71762952
71765019
71767011
71768910
71772878
71773137
71775027
71810758
71821078
71822253
71826634
71828058
71832342
71837861
71837924
71843147
71846844
71851907
71861358
71879420
71883664
71887259
71890648
71914643
71920806
71928322
71932566
71953328
71955383
71965387
71969482
71971087
71974072
71981904
71994859
71995791
72001219
72013326
72024961
72029018
72029590
72032511
72037310
72037934
72044640
72052022
72053352
72061883
72069776
72082813
72089851
72111752
72122347
72126023
72134736
72136803
72137344
72144980
72145168
72157787
72158956
72163488
72164315
72166601
72192284
72195763
72201691
72211916
72215207
72229554
72232540
72232599
72234979
72246022
72246292
72253229
72266417
72275366
72276405
72281948
72283567
72284064
72287478
72287944
72294810
72295223
72304832
72307361
72309637
72314996
72346484
72361281
72364595
72365754
72384039
72388516
72393165
72404198
72411406
72416014
72422422
72423542
72431446
72436215
72448609
72448821
72449285
72465882
72480637
72493561
72508960
72510766
72511575
72514639
72516546
72527484
72529857
72533273
72541731
72543829
72550553
72551058
72555819
72562610
72567459
72572878
72573006
72576839
72582418
72597947
72605017
72611695
72613771
72625113
72651519
72661138
72673278
72675034
72681560
72689007
72695273
72706775
72715112
72716842
72725423
72737571
72743456
72746743
72758998
72759598
72764763
72765456
72772353
72779694
72797205
72807091
72811468
72814333
72817397
72817607
72818168
72818561
72822792
72829247
72831013
72845177
72848960
72856072
72868876
72872577
72879953
72880316
72881575
72882113
72886022
72891983
72899046
72903124
72909241
72912280
72913700
72917057
72923539
72928178
72936406
72938747
72940171
72958747
72964567
72966204
72967810
72973387
72977344
72986725
72988071
72990229
73000824
73007150
73014344
73016218
73022807
73030721
73052107
73058542
73063427
73063908
73077685
73087667
73090545
73090656
73101721
73123980
73124924
73136531
73149492
73154195
73158610
73159090
73164832
73166821
73169784
73174338
73174483
73177161
73179742
73194298
73205225
73214129
73225125
73225447
73228484
73230376
73249947
73262574
73286725
73289504
73292441
73298143
73299395
73300509
73327139
73331922
73333686
73336022
73340262
73346732
73351640
73356962
73360595
73363533
73364345
73369311
73381072
73385125
73385250
73390538
73398065
73404626
73409396
73410835
73415039
73424987
73426652
73428310
73431971
73437269
73447185
73447936
73455426
73461727
73478206
73479704
73481101
73486847
73489723
73523394
73532619
73534717
73535719
73544976
73549249
73551082
73560062
73564545
73566588
73576208
73580045
73581161
73597321
73610513
73616853
73621718
73639463
73641304
73642161
73666306
73671239
73688232
73711854
73711921
73712330
73714104
73715481
73717793
73718747
73726135
73727744
73735768
73746330
73752359
73752859
73757529
73762376
73776872
73785562
73795861
73798082
73802505
73807631
73808145
73810055
73810909
73812458
73812667
73813704
73832675
73851443
73857094
73865197
73871928
73880757
73882566
73894379
73894468
73901881
73905342
73906620
73908871
73910824
73912818
73912850
73924182
73930412
73931886
73932539
73936693
73938717
73948661
73953742
73954968
73958994
73976639
73991413
73997846
74008435
74010091
74041206
74042116
74048185
74052921
74056023
74074995
74081883
74084252
74086677
74116187
74118272
74119487
74134570
74135069
74135440
74138928
74141303
74144499
74147283
74156238
74161324
74165356
74168035
74173561
74173818
74178189
74193341
74193473
74199903
74219967
74220316
74245792
74252049
74267215
74271423
74272084
74274176
74288120
74293106
74302888
74306741
74324196
74335482
74338407
74339982
74348237
74354129
74354356
74354636
74372937
74375547
74380595
74388927
74390106
74391579
74395748
74413254
74413982
74425953
74432855
74436143
74445987
74462861
74466496
74467411
74469769
74476172
74477101
74482683
74483935
74487441
74502488
74502783
74519139
74527753
74530495
74536144
74536775
74539582
74546443
74555508
74557776
74563584
74573090
74585613
74592084
74617499
74625701
74648305
74657682
74681858
74687668
74689446
74691997
74694333
74700871
74704450
74711366
74724925
74727225
74732271
74738891
74740783
74756943
74781524
74784515
74790035
74790878
74807606
74821819
74824449
74832417
74839083
74844541
74845552
74847426
74854620
74855818
74870960
74881573
74886543
74895951
74908166
74910182
74912170
74931684
74935204
74943279
74944737
74946328
74949940
74954057
74955436
74992528
75010792
75017544
75039873
75046933
75051401
75059935
75060063
75065368
75072980
75078024
75104085
75116257
75119457
75152073
75152264
75160489
75162317
75174035
75175550
75175576
75175880
75195437
75205350
75207908
75214696
75214759
75217909
75248901
75251998
75252167
75274210
75278707
75282574
75292662
75297372
75302031
75305368
75325893
75330784
75332541
75341786
75358879
75359089
75385040
75386141
75396927
75398411
75402639
75405572
75408257
75413944
75430232
75434207
75436473
75440137
75443157
75449842
75450472
75450965
75460655
75468142
75469943
75473898
75480096
75480829
75486627
75490504
75519811
75526735
75531260
75543295
75580241
75580478
75583453
75583760
75594751
75597408
75598329
75601833
75602148
75611395
75618062
75620442
75621206
75623449
75640300
75643572
75656310
75659429
75667333
75671995
75696322
75703833
75710480
75725385
75729053
75729273
75730996
75733765
75741278
75747284
75759077
75767080
75790113
75795973
75805756
75814671
75826491
75831652
75838453
75840038
75852879
75863184
75865507
75871336
75872444
75875807
75886656
75900528
75901883
75906045
75924051
75926704
75927210
75930324
75934172
75936142
75938622
75942213
75943146
75949084
75962817
75976689
75976812
75983751
76009709
76018548
76024850
76037622
76055870
76056795
76061792
76065592
76067702
76070968
76075379
76078658
76090192
76109848
76110534
76116862
76120388
76127488
76134217
76135374
76137311
76145470
76145923
76209580
76214830
76220318
76232993
76236980
76241753
76260884
76263709
76263744
76272146
76283428
76295190
76328769
76335382
76336324
76337098
76358507
76362108
76365748
76374550
76384370
76396833
76398842
76400925
76413432
76417150
76431748
76433454
76435752
76436475
76448050
76449309
76459356
76486483
76502025
76507006
76536265
76559333
76583112
76588668
76600599
76605929
76607759
76614051
76625699
76633621
76648173
76655662
76664386
76691703
76702375
76708251
76720745
76731104
76735178
76740118
76741167
76748190
76758062
76758296
76772155
76776102
76791607
76795324
76802015
76811507
76819468
76823998
76829947
76849339
76852505
76858449
76867087
76875996
76876972
76877815
76897472
76917686
76934820
76940435
76942248
76949305
76951301
76957436
76959991
76971512
76974574
76974620
76986580
76988812
76989395
76991549
77002212
77009728
77015876
77016119
77022413
77036236
77036418
77037879
77038823
77040875
77042439
77044942
77046062
77053525
77055926
77065857
77074335
77075721
77097295
77111734
77117881
77122383
77143464
77152003
77157912
77165132
77166749
77167027
77175351
77180989
77190614
77192134
77193329
77206628
77208077
77211240
77214687
77215367
77216611
77218618
77218668
77222009
77226103
77226745
77238681
77241127
77242883
77246893
77250482
77259421
77278730
77294826
77296480
77298982
77307000
77307945
77337106
77344380
77348506
77351684
77352896
77361995
77362638
77365111
77391694
77397291
77398279
77415087
77416134
77417658
77431330
77436564
77437357
77437557
77438675
77457706
77462004
77482651
77484308
77485148
77486818
77503509
77505873
77510488
77510984
77515009
77518633
77531470
77536691
77549258
77553602
77556091
77582455
77583726
77585274
77587793
77597083
77598296
77612674
77615315
77616054
77619219
77627938
77632956
77640722
77642797
77655194
77657454
77658078
77661450
77687955
77695002
77705543
77711545
77711719
77721689
77727850
77728878
77730571
77750113
77759520
77767246
77793949
77795762
77798435
77807968
77821285
77833882
77839913
77840248
77844706
77847465
77863612
77869622
77876274
77885577
77891453
77904022
77905910
77914722
77918313
77925048
77932597
77950521
77957488
77965841
77974227
77974953
77979563
77985507
77988537
77989833
77998374
78001629
78010596
78024332
78025959
78027799
78027799
78039528
78040678
78047410
78048163
78052351
78054425
78067966
78072836
78080163
78105352
78107931
78117631
78119391
78121095
78126981
78146990
78150961
78163494
78173881
78189784
78192526
78197475
78203356
78211214
78229757
78254012
78262076
78265776
78269994
78271580
78271871
78272412
78295696
78296424
78298792
78299885
78301686
78302093
78302779
78302898
78303718
78309981
78314507
78315130
78318015
78321251
78330613
78338276
78347034
78348047
78350680
78355002
78379875
78386542
78420379
78432001
78448463
78449835
78462713
78466539
78480193
78482239
78485986
78495055
78498455
78503918
78513924
78525041
78529973
78547845
78548116
78550503
78550878
78553485
78554324
78556745
78576208
78579331
78584901
78599398
78601217
78611397
78617910
78624339
78627324
78666415
78666941
78667950
78670381
78672877
78674950
78682657
78688223
78701448
78704900
78711440
78711488
78719312
78723298
78724217
78726037
78728384
78733032
78738595
78741227
78745056
78749791
78752952
78760470
78760511
78780836
78783136
78790630
78791379
78798134
78799223
78799475
78799718
78800511
78803892
78804215
78829036
78836780
78843334
78865727
78867135
78883933
78888514
78889422
78902292
78906369
78918930
78927717
78935117
78945340
78946085
78954151
78957380
78975433
78983740
78986696
78989429
78990559
78990834
78995372
78995389
78995684
79002542
79010959
79012769
79017021
79022685
79025170
79026070
79047531
79055182
79059851
79067707
79079588
79094126
79098443
79101743
79103341
79109370
79112221
79123883
79124970
79159035
79159532
79161133
79172792
79177410
79186785
79188672
79200821
79200967
79201275
79201337
79206892
79209879
79210433
79216662
79227107
79227466
79246657
79251197
79254787
79257603
79263938
79268939
79272303
79274613
79286701
79300922
79305925
79314607
79316802
79328336
79331355
79334913
79338867
79343544
79347226
79356383
79360375
79361564
79364555
79367809
79368311
79370070
79382936
79384067
79400313
79400433
79407417
79410405
79416932
79418321
79422502
79425433
79425844
79426739
79432716
79435831
79436152
79440924
79445228
79448381
79448924
79451622
79454779
79455113
79457635
79464923
79474826
79481255
79491154
79504703
79511604
79516001
79523344
79525457
79529359
79540168
79544777
79545198
79547359
79548895
79553262
79557187
79561027
79561455
79562990
79568833
79570544
79599680
79599878
79606183
79617417
79623793
79631525
79644516
79653473
79657907
79662885
79664443
79699805
79700719
79725544
79736332
79792440
79803926
79811462
79812107
79812728
79819545
79822096
79826296
79837219
79842139
79848399
79866052
79867023
79871622
79872640
79899391
79899736
79909278
79912421
79916257
79924636
79925784
79931006
79951090
79954807
79967238
79969319
79975632
79976462
79980617
79984817
79999151
80012649
80032331
80055762
80058910
80064680
80073384
80076975
80078234
80096125
80130247
80133615
80144815
80150262
80154531
80159388
80161040
80162482
80163125
80172919
80182068
80184608
80191655
80196899
80201913
80220515
80233807
80237997
80238469
80247838
80252637
80253341
80267330
80276025
80281348
80291280
80292301
80302416
80308569
80309188
80311778
80327923
80343920
80378331
80398329
80403566
80416415
80425569
80430503
80432178
80437664
80444142
80444270
80449304
80459642
80481583
80490797
80491361
80506912
80541159
80542955
80543014
80548753
80559811
80561095
80568172
80575044
80584009
80584631
80587414
80600837
80600997
80607721
80608303
80608420
80609261
80614144
80635309
80657413
80663560
80673853
80693102
80699683
80724442
80732869
80736638
80739691
80744450
80746927
80749692
80752807
80788785
80791904
80817888
80818713
80837178
80840164
80852159
80876591
80877873
80882703
80894473
80899202
80902067
80913987
80919148
80923274
80926052
80926778
80928361
80929995
80942779
80948832
80952156
80960063
80960842
80961048
80961636
80969134
80979680
80986089
80992248
80996826
81003278
81012523
81023724
81024378
81029058
81044247
81047956
81049529
81064881
81076349
81078463
81079112
81087594
81092864
81095251
81096131
81110992
81112689
81128704
81135545
81143104
81160229
81177280
81184362
81193022
81205125
81224979
81229275
81237891
81244186
81262594
81267181
81269755
81272304
81273437
81274392
81275415
81279729
81287392
81305472
81306513
81329512
81330314
81338915
81341198
81344700
81346356
81351400
81352627
81357286
81359081
81360457
81370467
81378123
81378712
81383005
81387398
81397540
81416656
81421993
81427026
81428783
81430872
81447932
81448049
81450961
81452941
81461945
81468061
81469034
81480056
81499139
81503712
81505232
81505876
81506237
81513252
81513922
81531807
81532550
81554584
81557855
81567588
81569425
81571999
81574248
81580491
81585267
81586649
81591095
81595768
81608051
81608173
81614470
81616105
81616246
81626202
81631903
81632809
81651454
81664909
81670111
81673427
81679245
81713236
81714352
81716936
81726870
81729308
81732232
81738029
81744686
81756934
81758316
81767986
81775898
81780896
81799593
81803979
81808284
81811457
81812436
81842636
81845065
81860963
81869861
81899631
81902254
81907102
81922794
81929955
81931997
81942044
81948406
81955168
81969430
81979632
81992871
81993472
81997590
82045966
82050768
82072572
82085602
82088262
82103018
82103635
82123677
82133188
82148261
82156569
82158958
82161289
82172211
82174632
82178513
82190145
82190808
82192002
82199127
82205930
82208495
82209365
82213534
82217611
82218550
82224518
82239701
82245459
82254981
82267461
82276970
82277494
82279136
82280972
82285901
82303806
82304411
82320234
82320870
82331739
82332400
82338148
82375819
82401820
82404692
82405529
82409805
82410285
82420108
82426061
82433562
82437575
82439264
82444699
82456817
82462737
82495199
82497583
82498196
82513124
82521392
82530604
82532431
82535391
82550215
82562128
82569330
82570089
82576811
82580299
82580852
82604962
82609174
82610639
82611993
82620537
82631768
82640533
82648361
82648885
82655158
82660254
82664012
82667160
82679776
82684785
82707294
82709840
82724477
82730991
82739305
82741164
82777667
82782780
82786038
82799325
82804838
82814447
82815912
82822147
82833105
82847630
82849836
82867595
82873503
82874795
82876185
82883293
82889757
82899906
82911221
82911571
82913504
82919873
82937645
82938547
82943417
82956005
82960090
82962059
82968567
82970043
82971799
82990708
82996475
82998718
82999266
83015408
83016123
83020534
83021868
83040262
83046029
83056624
83056639
83056756
83057339
83061119
83062211
83066018
83075604
83078535
83087046
83107265
83115686
83128311
83129599
83131183
83141553
83142228
83142459
83169919
83177347
83206198
83209085
83213921
83219837
83231536
83231677
83239176
83245228
83254597
83263011
83263727
83302008
83306768
83311189
83316693
83316839
83329534
83354776
83363289
83363486
83363789
83374640
83374694
83377599
83386161
83386426
83399612
83408360
83411032
83416788
83418200
83421332
83424162
83426530
83429199
83442125
83445286
83455483
83463213
83464146
83469713
83471526
83474611
83492261
83500617
83501334
83503318
83512378
83522716
83531474
83534731
83542465
83563693
83586795
83589887
83590778
83594532
83599739
83617887
83618716
83620414
83635098
83639264
83658162
83658219
83672985
83679247
83694223
83698972
83706070
83710596
83711407
83716786
83727039
83728863
83737763
83738300
83744534
83749501
83752436
83753463
83755533
83757151
83758678
83763571
83781306
83784493
83799124
83799180
83817352
83821632
83842012
83860580
83862502
83863696
83870299
83875436
83891630
83891953
83900708
83903050
83923548
83928258
83929319
83932555
83935024
83935518
83935796
83942849
83946118
83953606
83961667
83968910
83977480
83989356
83993673
83997597
84004999
84011912
84018983
84025442
84027198
84040198
84047876
84055854
84060323
84061041
84068192
84075882
84082817
84086721
84088194
84089615
84091621
84095218
84100899
84111714
84116749
84119361
84119852
84123717
84129004
84130199
84130747
84138137
84139178
84144941
84150970
84154587
84167291
84170407
84194700
84195286
84204607
84207443
84216471
84231279
84247174
84248710
84252568
84268034
84273618
84275280
84287116
84297648
84304468
84307842
84323503
84325168
84325343
84327125
84331749
84338018
84343771
84345894
84346356
84352476
84356934
84385199
84386223
84389527
84402548
84419568
84423867
84435760
84436307
84445004
84447469
84447531
84467220
84474028
84501075
84504100
84513442
84514268
84516747
84520896
84525975
84538035
84543691
84547790
84552736
84559747
84569536
84569803
84583155
84597217
84601799
84603985
84604265
84622052
84640082
84641430
84649919
84651546
84664925
84666214
84668109
84675349
84675836
84684594
84685404
84713198
84715356
84726930
84730626
84731554
84737902
84746512
84751351
84752262
84752387
84765534
84776584
84782011
84792302
84801963
84802482
84807624
84827338
84830622
84843169
84847872
84848840
84854567
84873815
84879712
84881372
84886390
84896958
84909559
84916326
84927261
84930336
84931848
84938980
84944359
84955743
84958824
84959251
84975069
84976590
84980660
84981044
84984953
84986730
85000567
85006531
85037172
85043005
85049551
85072349
85079667
85080274
85083913
85087098
85097761
85108171
85115836
85117347
85121755
85135278
85140990
85144775
85148439
85149252
85152733
85159623
85159634
85165215
85165720
85166788
85167886
85170028
85175218
85176851
85184410
85191473
85192236
85195610
85195882
85196981
85203523
85216183
85216888
85232322
85235924
85240465
85254669
85263171
85266322
85270616
85285024
85306083
85306345
85308918
85309721
85313764
85316048
85322847
85323277
85327345
85332607
85332617
85333965
85339357
85359369
85374179
85404486
85408219
85411098
85412115
85415912
85420711
85442284
85465415
85469045
85474308
85475716
85482607
85490269
85495131
85500361
85517379
85524445
85524629
85540516
85549589
85551897
85551983
85554635
85555498
85558827
85596475
85597867
85603854
85623076
85625311
85636453
85643886
85649693
85654702
85661678
85670366
85670725
85670823
85671552
85672604
85674121
85683764
85685823
85688940
85690895
85700083
85705450
85708565
85716426
85726243
85732134
85743081
85744044
85746462
85758288
85778697
85780247
85782604
85793243
85804285
85805105
85807900
85831518
85833127
85840862
85853923
85863539
85887003
85888429
85893828
85894625
85903086
85914073
85918930
85923082
85923813
85946403
85959805
85969759
85976647
85986339
85999059
86002344
86003472
86011914
86027377
86029632
86030811
86034693
86036367
86036547
86044857
86045987
86049405
86065626
86069810
86074615
86075707
86094232
86095861
86111429
86123842
86147562
86152966
86153355
86159635
86168156
86168390
86175391
86183701
86186419
86186903
86188873
86199336
86200839
86203364
86208113
86215991
86217017
86225241
86228845
86233331
86245257
86245322
86253466
86258509
86265217
86281195
86281262
86286896
86287251
86291918
86304870
86306437
86314445
86315282
86328208
86332604
86334263
86334687
86336747
86341987
86364671
86366673
86375862
86381935
86406197
86415159
86418022
86428040
86428150
86432023
86448390
86451171
86452717
86454474
86470263
86487771
86490071
86495770
86501924
86517640
86528953
86553929
86554761
86562124
86581114
86610888
86612020
86620079
86626012
86626899
86641008
86674291
86683444
86693208
86699295
86715358
86717365
86726966
86766314
86766885
86778968
86794770
86799779
86802380
86806086
86815207
86818884
86822227
86825253
86835124
86836698
86837157
86846367
86850709
86862735
86866666
86867850
86875861
86878908
86885701
86891117
86896604
86933082
86937405
86944388
86948073
86956414
86956425
86956607
86961145
86962666
86965938
86977525
86996540
86998115
87021304
87038540
87038961
87038970
87039037
87042566
87043652
87050250
87053138
87055913
87066152
87074133
87076016
87083460
87092455
87092923
87101414
87111631
87113782
87122556
87127165
87134712
87139122
87141191
87145657
87170077
87185179
87188350
87193702
87194426
87196965
87199875
87211699
87212843
87215496
87216516
87221607
87223558
87233055
87233718
87237083
87254244
87265825
87268869
87271063
87282308
87314241
87315624
87319968
87323252
87336536
87340134
87344581
87351382
87351556
87352860
87369402
87369831
87382592
87392498
87394153
87398161
87398663
87400783
87417357
87423034
87428840
87433598
87438418
87440681
87445642
87452832
87455835
87464462
87473962
87475639
87480552
87481395
87485746
87486331
87487880
87494924
87506849
87511372
87525651
87528798
87541493
87543431
87545387
87548875
87551339
87557948
87563826
87565980
87573708
87582130
87588196
87589316
87592691
87609122
87610113
87612562
87613495
87614683
87625874
87642720
87647698
87648951
87649894
87668735
87669729
87674149
87679741
87684530
87685281
87692445
87708565
87711909
87714051
87717639
87721890
87725012
87737874
87742831
87742860
87743678
87754380
87759886
87768466
87771438
87774749
87779407
87780258
87781520
87797026
87802697
87813938
87814835
87825832
87825866
87826718
87843977
87850010
87875534
87884231
87893778
87895444
87896928
87899558
87901242
87901678
87905097
87914903
87915782
87915916
87929106
87934323
87939101
87944193
87949037
87951303
87954299
87954739
87962130
87966455
87967237
87974668
87978044
87991182
87993332
87995029
88002787
88006157
88011930
88020845
88023585
88027381
88063171
88066711
88073107
88078240
88083555
88088704
88099816
88100265
88101200
88109670
88115781
88115800
88117350
88128056
88145793
88164786
88168779
88170901
88174655
88181216
88203515
88205536
88217388
88224552
88225779
88230571
88234530
88235185
88243804
88279255
88316437
88317191
88319728
88324861
88325265
88325417
88330094
88331914
88336779
88337804
88342244
88346020
88362801
88366446
88369446
88378404
88392753
88398663
88404156
88410928
88415718
88416182
88416219
88433051
88434058
88437188
88439796
88446986
88448928
88452948
88453174
88468592
88472705
88481368
88481547
88497048
88500267
88517923
88532816
88541581
88549920
88549971
88568614
88574979
88575897
88576174
88579857
88580174
88581303
88599091
88599706
88622881
88630607
88639210
88642897
88667738
88669616
88677940
88688147
88741244
88741592
88745838
88746369
88756850
88757777
88759865
88760887
88766126
88772946
88775894
88788900
88791981
88817952
88831694
88832271
88835691
88836092
88858550
88863416
88871403
88898908
88899991
88900578
88903664
88907285
88911226
88916096
88925735
88936233
88940097
88953519
88963198
88967692
88969117
88969802
88984218
88986311
89006924
89010983
89012176
89013278
89021946
89027082
89031372
89038547
89038652
89056275
89058199
89058763
89066304
89071091
89105402
89107431
89113877
89117319
89117732
89120098
89126103
89131246
89154008
89158753
89202396
89213929
89216245
89221627
89223327
89226865
89229164
89242668
89256451
89263726
89269915
89271189
89274779
89282179
89300124
89300562
89306950
89310344
89315795
89337641
89342203
89350358
89354698
89368904
89372912
89377634
89380837
89386458
89386640
89388494
89413251
89414616
89416813
89422041
89422070
89450616
89451316
89456096
89472764
89483522
89483608
89484602
89491931
89494288
89495142
89507464
89508047
89510165
89515598
89520844
89533613
89547505
89547765
89581394
89582128
89589311
89598506
89613062
89616703
89618625
89621046
89622339
89630719
89633763
89645522
89649805
89650714
89659584
89661304
89682698
89687351
89703177
89703361
89713720
89714076
89716806
89719035
89734095
89754627
89758689
89772827
89776444
89780022
89795458
89799249
89807807
89813931
89818172
89836887
89840164
89848285
89849986
89860051
89869035
89888028
89901218
89902683
89903386
89915788
89924163
89930897
89938725
89946927
89950243
89959255
89960008
89970031
89985230
89992555
89999129
90000593
90002762
90004397
90011289
90012290
90013593
90015163
90032687
90035803
90051901
90053085
90053618
90065236
90066174
90069598
90086778
90111200
90112077
90112417
90120142
90127331
90131041
90133534
90135147
90137157
90148541
90173419
90174937
90182647
90183385
90185733
90198514
90207058
90208526
90214077
90218109
90225336
90228556
90232814
90233929
90271675
90277539
90281352
90281843
90287504
90290072
90303193
90303193
90312829
90323257
90327844
90335077
90348848
90350972
90350975
90354370
90357151
90358102
90359298
90361027
90362418
90366434
90373393
90381649
90382058
90395564
90400742
90406355
90407866
90410742
90411535
90422108
90423582
90427573
90427686
90436739
90439335
90441123
90443057
90447683
90449481
90450094
90455092
90469072
90473820
90489036
90491997
90512382
90526505
90533439
90536361
90540890
90543956
90561465
90571309
90572951
90575180
90576021
90577861
90579563
90581606
90587693
90591912
90593457
90593538
90594309
90597961
90599034
90603061
90606368
90608962
90618663
90619865
90626948
90647572
90649775
90650160
90654358
90659597
90662240
90662733
90669876
90671579
90682392
90689399
90690350
90692503
90695173
90696666
90729711
90732937
90736398
90737302
90743520
90750048
90750883
90752498
90756992
90757751
90766659
90768794
90774969
90794657
90797357
90798798
90800273
90802734
90824688
90826614
90829771
90839288
90840428
90858264
90865990
90866948
90873886
90883453
90885655
90897936
90899734
90908643
90913711
90919685
90922684
90938272
90951286
90958205
90964546
90973010
90977069
90983078
90986162
90989970
90991937
91008324
91016164
91023487
91028769
91039282
91043631
91051636
91054515
91076453
91083113
91085777
91086140
91096347
91101948
91106957
91112377
91114492
91116031
91117453
91128416
91139247
91140463
91155897
91178756
91182340
91196043
91202002
91202898
91222212
91227466
91231778
91233024
91235597
91240353
91260629
91267828
91268190
91269315
91279176
91295076
91298239
91301633
91304065
91307041
91308324
91312578
91317755
91326841
91338020
91342611
91346021
91346060
91354072
91366388
91396563
91402429
91407702
91420782
91436498
91445753
91481862
91485056
91485508
91494044
91494636
91496864
91507629
91513844
91516057
91539704
91544512
91547746
91556129
91560923
91574003
91583492
91586780
91592361
91599335
91615650
91632016
91637947
91659306
91668469
91669882
91670325
91673513
91680113
91685937
91700924
91704870
91707908
91708751
91709521
91714726
91727308
91738369
91740634
91746031
91746709
91759249
91764359
91766021
91770087
91780516
91789314
91789387
91790261
91791449
91798366
91798940
91804281
91804542
91804925
91814967
91815622
91833783
91837589
91843620
91851535
91858201
91869670
91875104
91878781
91879790
91895088
91897623
91903466
91911961
91919277
91925961
91926179
91926840
91927358
91932468
91938261
91945498
91953613
91957207
91958617
91965084
91973121
91975679
91984590
92001412
92001487
92004003
92008790
92010149
92016059
92025514
92048860
92055034
92063168
92067985
92068887
92071031
92090343
92099952
92111915
92114816
92118028
92123384
92134028
92138827
92166139
92169057
92169967
92171306
92195760
92210259
92211157
92215452
92215561
92219829
92222788
92227005
92229414
92231936
92234894
92256783
92279588
92284001
92288368
92289694
92303293
92305067
92318690
92321521
92325125
92334639
92336348
92355752
92397810
92400654
92419718
92425780
92449379
92453586
92478280
92479613
92491740
92495506
92498860
92513827
92520146
92530504
92532582
92533396
92539294
92544858
92545272
92545971
92552560
92553231
92554542
92557305
92558574
92561093
92564136
92576226
92586526
92590742
92594122
92600047
92613619
92614238
92617786
92619669
92625236
92647597
92648027
92651234
92659131
92662328
92694897
92697787
92706291
92725081
92727300
92728445
92729685
92729970
92739887
92740989
92741768
92745420
92747810
92758347
92769887
92772592
92779283
92780322
92781555
92782276
92795136
92797379
92798866
92818881
92841988
92847100
92864959
92868774
92884941
92885883
92893899
92898654
92906071
92916708
92925473
92951954
92966182
92991627
93000665
93027095
93029067
93031247
93031809
93042119
93043254
93044337
93057517
93058574
93059528
93069252
93069373
93090247
93091579
93100357
93130502
93144893
93148380
93152533
93158277
93160905
93163698
93163865
93167258
93171181
93181833
93189207
93202271
93209231
93214710
93215395
93218095
93218741
93220290
93222193
93240683
93240703
93245223
93249513
93254454
93261145
93265341
93278783
93282870
93285350
93285760
93286823
93295424
93297018
93301450
93301949
93308620
93316729
93332482
93333310
93333546
93345586
93347838
93354583
93358472
93380260
93381444
93386829
93413919
93426434
93427729
93430038
93434719
93437690
93439380
93439602
93442456
93443197
93460626
93503585
93505050
93509578
93527258
93533193
93539561
93545629
93551168
93553467
93573027
93574269
93575443
93587424
93588681
93591381
93605642
93618795
93625551
93626502
93634704
93635649
93645470
93646956
93659585
93660983
93662461
93665054
93673590
93676260
93677048
93686842
93698572
93723491
93728214
93733838
93735312
93752801
93756136
93761899
93777254
93778656
93783495
93796236
93807038
93810498
93840450
93857522
93870173
93874344
93890848
93892172
93899130
93901086
93906554
93907045
93908472
93910637
93911327
93915501
93915558
93918156
93920063
93928852
93942188
93942959
93972395
93991496
93995127
94014222
94019023
94024523
94027844
94041130
94041605
94043371
94048694
94051150
94052411
94053436
94055942
94061530
94066976
94069241
94072813
94085251
94086357
94092291
94096699
94110598
94120103
94128807
94137099
94137201
94147426
94157321
94163146
94183475
94184841
94189954
94196643
94199298
94210704
94211313
94214676
94215524
94220739
94225818
94229019
94231374
94233416
94256650
94258757
94278872
94282445
94295074
94297473
94300927
94302835
94312209
94316630
94340021
94358247
94366967
94379401
94379746
94384204
94387598
94389934
94390987
94393542
94403495
94409146
94430019
94431270
94432703
94442767
94452527
94453672
94455447
94457809
94458453
94459566
94470650
94472529
94487001
94496565
94507712
94515487
94528566
94532241
94532840
94535774
94541041
94567026
94567242
94576735
94583681
94589413
94603450
94604311
94623835
94630073
94633990
94639447
94643072
94687493
94702458
94706676
94708188
94710689
94720886
94745549
94751953
94753584
94767522
94776691
94777134
94786159
94790917
94793599
94799858
94800615
94806820
94809518
94829839
94844746
94847745
94853957
94854786
94866142
94879779
94881511
94885450
94891781
94905062
94905788
94909137
94911919
94912094
94933358
94937031
94958955
94963643
94966626
94974121
94975889
94989346
94992948
95022212
95026643
95028715
95029454
95034614
95037001
95037130
95043073
95046829
95049870
95052768
95060447
95069956
95072718
95077341
95090085
95096280
95100488
95107494
95112385
95113452
95116049
95118147
95121336
95136532
95154668
95155341
95164426
95166401
95166514
95173173
95189327
95202080
95205402
95212646
95212783
95222726
95231292
95231923
95250182
95269565
95274098
95285365
95291697
95298708
95301865
95303690
95311580
95316090
95318372
95337620
95344451
95355279
95358677
95379063
95379120
95389530
95399560
95415278
95419112
95430647
95433615
95454943
95458088
95470145
95470278
95473129
95473654
95475761
95477703
95481789
95488998
95497628
95497995
95503560
95518373
95521846
95529513
95529562
95533850
95545770
95548912
95560750
95567681
95590924
95592496
95597632
95604092
95611101
95611905
95621815
95654239
95656322
95666551
95693047
95703180
95706238
95711264
95718996
95720504
95722496
95722838
95738476
95760969
95783540
95786111
95786931
95808109
95811416
95820180
95824308
95842233
95846832
95853676
95859604
95860824
95873932
95883899
95888935
95889472
95891625
95892636
95909170
95910445
95918125
95930442
95935902
95938264
95941346
95943860
95951733
95959969
95961240
95979028
95990583
95991301
96002201
96020641
96021879
96024426
96026022
96028696
96034165
96035994
96049066
96066046
96090867
96096095
96101074
96105424
96107743
96107875
96111780
96116009
96116905
96117260
96117318
96119511
96122000
96129906
96148133
96149311
96153304
96156942
96161190
96162388
96163875
96164006
96170545
96191671
96192734
96201358
96206006
96207398
96209874
96210260
96219882
96221808
96256039
96261797
96292182
96296509
96300370
96327888
96336690
96342396
96345209
96373688
96375675
96377988
96381324
96386129
96391849
96393940
96409541
96415991
96417287
96419887
96439107
96442263
96462024
96464535
96469483
96478234
96486655
96491446
96497091
96499105
96502356
96503043
96505477
96516360
96517496
96536985
96545161
96548277
96561262
96562040
96583425
96588694
96588911
96589325
96589804
96606954
96629163
96633460
96641076
96646032
96652902
96657178
96660418
96665069
96672831
96676348
96677231
96687255
96701404
96701824
96702783
96705199
96707265
96727981
96734202
96746984
96749759
96750244
96759400
96763434
96764769
96778113
96780295
96781339
96796244
96802227
96806624
96806729
96810737
96810768
96815882
96822479
96824689
96825062
96833593
96834036
96843148
96857644
96863665
96872896
96874025
96874682
96876659
96882431
96883187
96883188
96886840
96888204
96888621
96899670
96914118
96919886
96921892
96925700
96927416
96947321
96963078
96964400
96971284
96973386
96978309
96982558
96985206
96986021
96990347
96991081
96996569
97011662
97014843
97026962
97038100
97041870
97047792
97049822
97050946
97056138
97066399
97071160
97077245
97077309
97085738
97088803
97091149
97098327
97101462
97108520
97116641
97135492
97136876
97146766
97161532
97163056
97193625
97196053
97201762
97207382
97211298
97211747
97222719
97229829
97232419
97234009
97239011
97246008
97248218
97251923
97256247
97273029
97284927
97292700
97293941
97303307
97312634
97312932
97323537
97340735
97354084
97382474
97386889
97387093
97391923
97401943
97408065
97416705
97417703
97424424
97437871
97439711
97457981
97467771
97470313
97472234
97474560
97479678
97481776
97484831
97490036
97495940
97516114
97520669
97523433
97537689
97546028
97555632
97559979
97566792
97574422
97574933
97576968
97577599
97579941
97584230
97599478
97606213
97607234
97629666
97631632
97635535
97658272
97665233
97665638
97669043
97669713
97673882
97676792
97676936
97689740
97692928
97698038
97699738
97708034
97710294
97711536
97712353
97713690
97716759
97719858
97754656
97760910
97765496
97803713
97804731
97805217
97827497
97837861
97846334
97866379
97867266
97882774
97888583
97892935
97898091
97900296
97900499
97902888
97904854
97929348
97934574
97936920
97952708
97971875
97995925
97999332
98042319
98045113
98045713
98050165
98061040
98061065
98063942
98094129
98094237
98106000
98113958
98117623
98124754
98127396
98134900
98156097
98162204
98165769
98166655
98172909
98174987
98176459
98177669
98203947
98218623
98243409
98248463
98248531
98249557
98255170
98259923
98262285
98262639
98268259
98286415
98288749
98290004
98292228
98295774
98299139
98310663
98311972
98316686
98328720
98330969
98338225
98341668
98348296
98349922
98355488
98360642
98363869
98374057
98385930
98385984
98386420
98390056
98399919
98412675
98412694
98423346
98427342
98435769
98439985
98444690
98448447
98474399
98476789
98481823
98484644
98488194
98490811
98500986
98505532
98511807
98524538
98526168
98527328
98534881
98539050
98544154
98557450
98558555
98560200
98561333
98564249
98595207
98601551
98634557
98638853
98649940
98653976
98686616
98687763
98695554
98702593
98718928
98724395
98732943
98734553
98737189
98737906
98740732
98744974
98750925
98753214
98760817
98766054
98777269
98791014
98795194
98802065
98817496
98821720
98822278
98833577
98845649
98849517
98851534
98857316
98857714
98871626
98888250
98892811
98893017
98898377
98899944
98904737
98906574
98912711
98916324
98930833
98935213
98953882
98956539
98960006
98961837
98966557
98972407
98994706
99019162
99029194
99033069
99035368
99053697
99054981
99064806
99072458
99073324
99081263
99085806
99085871
99087842
99089258
99089531
99103314
99109710
99113300
99116027
99122430
99124603
99130486
99132035
99156837
99161312
99168336
99171665
99174508
99177075
99201007
99208663
99233767
99236623
99239216
99247362
99254456
99254784
99260224
99267470
99270476
99282450
99287119
99288147
99292921
99296560
99296766
99305270
99312240
99314294
99345402
99363363
99377418
99391587
99391615
99399763
99405129
99405584
99406361
99412718
99414696
99414741
99423954
99433922
99435423
99436273
99439719
99454279
99460168
99467113
99467768
99469161
99473459
99476184
99496906
99506511
99511350
99518177
99519075
99532378
99535035
99559156
99583500
99594620
99611879
99616058
99624489
99629170
99629839
99630170
99637206
99645902
99655474
99673685
99685212
99685372
99693242
99694113
99712680
99723249
99737925
99739985
99754467
99757811
99763723
99778364
99789716
99795879
99798270
99802005
99805023
99807058
99812441
99814721
99819840
99822597
99836553
99840684
99854737
99866919
99872825
99872918
99881149
99891353
99899189
99899539
99911970
99915017
99915915
99916509
99917483
99934295
99936593
99942414
99951631
99961656
99967114
99984657
99985601
99985638
99989186
100000052
100006564
100011635
100024847
100026357
100030614
100032025
100038841
100041118
100066879
100072754
100075014
100075380
100077780
100086133
100099482
100100792
100102761
100106942
100120979
100124197
100152532
100159970
100160586
100161253
100161412
100173233
100176240
100176763
100188736
100193912
100196553
100200436
100215146
100219141
100219729
100252017
100264371
100276824
100297229
100306561
100326272
100348818
100350399
100355732
100358274
100360932
100361145
100362278
100364611
100371998
100372720
100385522
100393446
100404335
100422514
100430654
100431898
100434487
100441645
100454998
100456569
100470518
100472435
100479288
100486783
100494615
100501743
100503290
100503447
100513752
100516270
100530548
100531234
100531692
100565046
100569249
100579025
100580141
100602829
100605767
100607207
100614248
100621467
100628853
100645450
100650873
100655656
100660899
100664139
100665910
100666835
100667406
100683535
100694011
100695792
100696131
100698266
100706558
100708666
100716908
100718813
100720371
100733059
100739428
100742526
100750467
100752831
100754501
100764854
100766859
100776343
100793690
100795215
100801941
100803123
100804856
100833324
100839699
100856918
100862986
100863452
100882033
100888278
100914405
100926479
100939533
100945966
100962987
100963603
100976832
100981510
100985847
100988524
101000538
101010363
101012790
101014484
101020574
101034080
101059935
101067109
101068442
101070462
101082514
101084518
101096175
101111657
101137002
101139069
101140455
101142604
101147516
101149060
101149323
101149573
101152233
101157711
101159927
101170709
101170880
101178501
101181146
101197951
101210441
101213008
101214545
101224447
101224481
101230119
101239265
101243209
101260948
101278858
101281046
101283831
101291219
101296273
101299034
101305505
101311115
101323674
101325500
101329736
101331636
101331809
101337850
101342935
101370704
101388529
101388959
101392979
101396342
101398939
101408496
101411358
101414118
101418117
101422541
101424249
101427963
101434212
101435737
101443285
101463368
101467070
101470737
101478810
101482174
101483795
101492672
101499266
101510118
101513181
101516227
101536251
101546915
101552827
101553352
101556791
101566353
101573077
101584427
101602890
101604685
101614817
101634631
101636936
101640663
101663825
101676167
101682957
101684840
101689207
101689612
101693685
101695143
101724407
101730813
101736606
101737568
101742232
101747205
101751557
101752422
101756572
101758885
101759094
101781295
101782542
101785149
101787207
101787638
101797368
101799733
101818300
101834309
101837581
101846628
101851303
101853411
101854744
101855855
101860342
101873567
101876952
101884081
101899712
101902789
101905807
101913373
101913765
101915824
101916599
101928800
101934565
101943661
101947412
101947602
101951318
101952154
101958137
101967772
101984516
101989403
101992225
101992874
101994626
102009957
102016920
102032822
102039016
102052278
102058819
102062520
102075572
102075796
102077501
102080199
102081819
102089351
102091182
102097811
102116252
102125028
102140300
102144532
102148370
102148675
102162581
102169644
102175807
102177787
102179773
102182802
102192749
102197615
102201327
102209080
102218577
102224886
102242073
102246373
102250020
102252211
102259969
102267065
102300340
102302532
102305123
102305532
102316557
102317794
102332448
102333152
102333995
102343773
102349974
102355893
102356861
102369389
102394336
102411433
102417329
102417730
102420248
102425264
102436980
102437600
102440086
102445256
102453107
102453725
102483433
102501455
102506384
102523333
102532896
102553602
102557866
102560113
102560163
102563546
102582647
102586777
102602646
102603658
102614268
102614739
102619209
102620438
102627129
102635214
102645514
102649692
102655329
102658698
102661232
102665016
102670194
102672994
102675788
102677218
102679553
102680873
102683410
102685816
102690173
102735878
102737496
102757616
102768389
102772235
102778621
102783253
102788751
102789137
102790083
102812899
102816308
102822390
102828842
102830185
102838125
102864237
102873406
102879097
102887685
102899619
102915368
102916676
102922995
102926565
102928144
102928764
102932605
102934052
102937119
102938675
102979287
102979426
102991000
102993784
103000075
103006957
103036829
103038161
103046553
103050998
103059757
103060156
103065292
103070514
103075291
103085470
103093913
103106395
103116521
103123682
103126000
103126020
103127994
103143562
103158084
103163241
103166197
103167371
103174462
103184314
103187964
103196234
103200264
103205303
103213576
103214541
103238614
103242473
103247390
103252982
103267036
103283755
103290214
103293193
103299419
103312816
103316863
103319048
103319648
103322428
103323008
103326649
103336433
103345076
103348590
103354403
103359259
103360414
103370798
103378715
103388374
103390270
103409031
103413098
103420451
103426163
103438709
103443379
103447028
103449258
103449760
103451082
103454325
103460977
103465635
103471053
103483334
103485881
103497087
103502035
103505733
103509819
103513703
103515442
103516181
103518109
103530841
103532008
103548774
103554715
103559374
103578802
103580216
103582163
103582283
103586332
103587045
103591754
103592005
103604906
103605604
103609340
103617160
103621543
103631850
103636023
103637528
103643714
103657864
103660001
103665023
103665308
103682275
103686793
103694729
103699713
103703097
103703921
103708533
103709368
103723306
103729712
103745652
103749577
103750858
103771505
103774540
103775673
103783267
103785290
103785603
103788600
103793526
103810148
103814489
103815190
103826804
103834384
103862542
103879081
103885898
103890581
103894036
103903305
103917400
103922590
103922973
103943145
103947962
103948722
103956808
103964285
103984777
104001760
104008689
104008897
104010262
104014507
104017914
104022296
104029459
104029825
104041265
104043428
104050517
104055355
104058930
104080177
104092711
104094022
104106450
104120648
104120701
104126373
104133758
104145139
104148826
104157231
104160444
104164282
104165690
104166184
104166947
104171555
104181267
104183021
104205868
104218005
104222622
104225931
104226091
104233244
104244294
104246278
104252999
104254058
104255255
104260765
104283177
104300432
104306014
104341604
104352645
104354557
104366055
104367864
104373099
104384877
104385584
104391528
104404381
104411217
104416188
104419140
104419890
104427484
104434891
104448617
104458380
104472114
104472483
104474252
104474846
104491839
104495383
104514551
104522686
104526430
104533784
104534490
104534871
104541982
104548620
104549548
104551434
104559605
104565953
104569574
104574678
104578679
104582354
104612858
104619243
104628870
104642932
104644857
104657738
104659536
104660558
104663052
104682172
104683480
104688386
104689883
104701038
104719536
104720136
104726887
104749689
104751775
104756713
104774059
104780518
104780860
104790617
104797666
104800180
104800601
104812874
104832862
104835358
104840629
104842984
104861225
104861362
104862153
104867493
104873652
104874482
104878168
104889341
104893833
104910428
104911945
104918021
104918841
104921471
104922941
104923393
104926959
104933434
104937164
104988728
104989823
105011887
105015472
105023144
105036461
105038969
105051931
105062441
105072756
105092767
105094589
105098739
105105472
105120767
105124127
105126204
105126258
105142917
105150105
105162059
105166149
105172495
105173187
105173550
105176023
105179480
105180073
105187191
105189325
105190700
105195167
105196150
105200631
105205884
105217186
105224350
105234018
105235247
105240794
105243251
105267622
105268209
105270504
105278282
105279449
105280567
105281031
105281663
105283216
105292982
105295379
105298001
105299483
105300647
105309497
105310758
105317449
105320929
105321113
105333144
105359444
105369262
105370346
105381467
105385145
105393172
105397814
105405172
105407728
105409610
105424280
105437198
105437440
105446780
105459952
105461004
105461005
105465852
105473074
105480594
105491807
105496019
105499420
105514966
105524478
105532379
105533123
105538509
105542941
105548557
105552816
105555247
105575153
105590888
105614711
105616419
105654384
105661200
105667144
105677415
105682462
105687240
105688226
105706124
105711278
105715809
105720301
105729401
105733972
105740015
105742016
105745267
105750970
105759236
105771457
105773918
105786875
105789140
105792606
105794799
105809204
105810000
105812971
105818443
105827058
105829983
105842647
105845070
105860979
105862190
105863482
105872627
105873260
105880964
105885376
105888477
105893817
105907487
105915389
105916205
105927858
105943005
105949912
105964561
105968577
105993290
105993640
105995856
106000314
106000843
106001457
106002218
106003608
106009056
106014670
106015213
106017758
106022834
106038324
106039457
106045210
106049694
106049734
106063101
106071344
106079605
106080756
106090633
106108178
106126786
106132007
106132688
106134552
106141374
106141689
106145950
106153167
106157107
106175997
106176603
106176784
106202828
106210181
106229229
106231448
106233057
106235646
106241330
106241381
106241942
106256773
106261422
106266675
106272447
106274869
106281120
106285925
106287373
106293156
106297139
106297172
106300277
106323484
106336933
106339569
106345745
106346252
106346709
106354320
106360099
106384343
106385889
106387616
106394102
106426503
106435419
106461266
106479266
106485325
106493247
106506649
106508737
106510813
106511682
106513220
106514786
106523971
106547138
106548582
106561715
106575633
106578128
106593845
106626133
106638733
106666917
106668986
106669320
106674187
106688634
106705434
106705621
106708959
106717112
106717303
106718347
106723636
106724625
106726506
106735994
106746029
106746305
106750956
106756774
106757321
106779221
106796856
106798876
106803555
106826253
106828958
106839773
106844893
106845087
106846035
106847008
106859839
106876750
106877611
106919465
106919863
106920452
106953828
106958551
106962332
106983735
106989387
107005696
107012138
107019883
107030306
107040165
107048054
107056343
107056759
107061271
107061790
107071654
107074448
107078539
107079825
107081433
107083142
107091796
107094261
107094734
107121368
107123609
107126983
107132099
107135908
107146065
107169555
107175432
107175962
107184802
107196071
107201826
107206868
107212210
107215535
107220210
107220310
107229536
107239861
107248849
107266208
107267826
107299171
107302732
107321358
107323473
107328858
107335265
107338207
107342635
107347101
107351216
107370933
107378384
107381315
107398302
107398938
107400397
107405079
107407122
107408798
107419722
107419916
107432012
107440531
107444711
107448302
107460655
107462622
107463329
107482193
107494466
107499493
107513285
107520284
107524078
107554359
107556484
107559169
107559817
107561408
107563099
107569612
107575048
107583871
107584633
107584916
107591292
107597254
107597345
107609664
107611087
107616004
107630251
107644610
107662589
107662824
107680333
107687597
107687864
107691977
107711780
107715262
107728611
107732373
107734955
107745002
107752241
107760920
107775511
107783916
107788725
107793331
107822203
107823675
107848483
107870606
107885184
107888061
107888100
107896709
107900646
107902523
107917951
107920197
107921737
107926312
107933927
107942633
107944433
107949309
107954670
107956955
107966663
107971097
107977384
107977839
107983978
107990370
108009220
108010225
108019664
108033092
108035535
108044176
108052102
108054918
108063711
108069214
108071169
108074525
108075323
108089647
108092676
108104654
108111059
108118671
108124233
108132485
108134180
108136336
108141591
108152367
108162168
108162295
108168045
108174748
108177648
108178590
108182335
108182595
108184079
108185155
108189154
108194893
108197686
108198070
108203607
108204962
108206086
108207714
108238490
108247986
108248922
108258369
108259276
108266180
108270736
108271729
108283751
108299808
108312843
108316377
108316846
108321216
108345275
108346334
108358085
108370732
108371190
108392178
108393296
108401110
108403772
108404106
108405699
108411164
108413043
108429545
108455150
108456438
108469155
108479111
108484987
108495226
108511015
108518641
108524031
108552861
108557667
108569672
108571887
108578925
108581255
108589538
108603822
108612136
108619204
108620328
108637488
108642281
108648178
108652286
108672405
108673200
108673508
108678561
108693456
108698856
108702201
108706273
108706327
108710816
108747716
108754188
108755427
108768012
108769051
108774874
108779746
108822628
108828216
108830610
108831073
108840861
108841289
108852856
108853000
108859904
108861081
108863713
108865201
108877057
108881139
108882827
108892551
108895634
108896439
108900844
108914499
108917816
108924031
108949471
108954200
108957760
108960065
108973396
108989627
108991031
108992133
109001610
109009235
109011197
109019408
109038610
109038950
109047738
109055182
109057305
109064066
109068080
109068860
109070623
109071781
109071861
109075251
109083548
109087379
109088165
109094615
109096344
109099878
109100132
109101613
109102886
109103271
109107672
109109311
109115018
109121498
109122581
109126931
109132313
109143876
109147048
109148994
109151020
109153255
109155900
109163792
109174611
109178106
109178752
109186703
109187952
109189374
109198867
109201490
109202858
109219762
109255098
109256625
109267146
109269971
109281756
109288667
109290620
109291437
109300549
109305955
109311387
109314508
109322197
109324111
109326375
109326504
109327848
109329601
109333721
109338959
109345578
109349074
109351670
109351963
109361794
109369069
109372635
109373936
109374856
109383074
109386096
109387669
109404438
109412802
109423269
109432929
109434566
109439780
109442804
109445087
109452724
109461523
109461587
109464406
109464932
109473298
109487196
109503868
109512129
109512401
109526678
109530579
109530934
109542280
109545001
109553914
109558974
109560324
109562989
109565518
109567433
109570086
109573445
109573966
109592260
109602131
109607259
109621266
109623159
109626764
109634149
109636150
109642754
109650780
109651903
109654475
109668628
109671264
109685974
109686265
109686685
109695470
109707245
109717874
109733363
109736648
109740556
109740733
109742780
109748143
109748430
109750798
109751479
109751827
109754106
109766618
109776868
109783525
109784575
109785807
109788628
109789257
109803261
109813652
109817787
109834360
109855656
109871685
109874739
109878224
109883389
109915506
109923908
109927672
109941827
109946460
109958992
109965330
109969067
109976872
109984429
109996639
109998925
110011706
110020449
110022326
110027225
110028870
110028875
110040685
110045988
110055580
110057779
110065905
110070904
110075408
110077773
110112671
110118154
110125943
110130212
110132315
110132360
110137898
110141086
110144103
110155128
110158334
110162588
110162921
110164785
110166191
110171429
110173167
110180942
110184781
110189422
110191319
110197076
110198408
110199189
110209418
110211839
110243029
110269465
110273827
110275873
110285102
110288521
110294695
110307518
110317907
110322497
110325377
110328613
110331644
110338276
110339063
110343503
110351299
110360664
110361457
110364143
110365826
110381487
110382022
110383160
110389678
110394194
110395189
110399437
110420490
110422611
110425672
110441150
110443491
110456854
110465614
110466183
110481160
110506283
110517743
110522092
110526603
110527576
110543794
110559566
110564066
110584114
110597246
110608139
110609155
110613017
110616195
110635416
110651214
110657267
110659078
110663242
110665024
110672514
110689372
110693641
110694059
110695442
110699364
110699836
110703989
110705225
110708093
110710782
110715312
110717461
110720031
110731834
110733171
110734994
110735133
110737559
110743224
110745705
110787782
110791645
110799394
110815529
110817615
110823335
110825262
110831332
110834543
110843573
110854724
110860970
110867484
110869724
110873467
110875480
110879268
110881659
110888551
110892165
110896042
110906473
110908197
110910199
110914426
110916489
110920931
110929413
110932716
110940785
110941483
110946956
110951660
110959061
110969610
110971120
110990276
111003585
111008724
111010766
111043476
111055198
111056871
111087823
111105150
111113770
111122350
111125949
111136546
111148484
111160702
111161119
111178465
111193151
111198272
111224656
111226422
111240292
111248410
111257199
111261392
111265286
111272700
111275474
111279206
111284531
111300681
111308871
111311485
111322615
111323531
111325962
111330593
111333200
111333403
111347579
111347703
111349953
111353587
111356820
111360470
111363780
111390913
111399343
111404564
111406222
111415006
111417446
111420056
111428430
111440209
111448020
111462030
111467178
111468769
111469932
111472302
111487839
111488514
111496509
111500393
111503321
111511647
111524429
111527207
111531195
111533845
111534859
111547770
111560261
111566196
111572151
111575008
111582788
111584561
111604946
111606316
111610110
111617528
111619911
111623008
111642486
111654170
111662305
111667135
111675504
111685996
111692610
111694045
111701707
111702039
111715074
111717945
111729411
111729682
111733442
111733993
111740340
111747979
111752621
111783301
111788719
111791167
111796151
111803142
111817441
111831285
111858188
111863508
111871059
111871778
111873362
111891162
111893842
111897741
111900632
111903886
111929170
111935719
111952597
111958298
111965922
111987618
111992749
112000729
112008846
112034564
112041351
112043881
112045103
112047781
112048294
112052685
112057626
112063325
112064440
112067814
112069917
112071726
112076289
112079374
112085513
112086801
112105979
112119538
112120758
112121121
112122154
112126466
112135688
112135691
112135830
112136009
112145781
112152214
112166739
112173532
112177704
112178182
112183527
112189868
112201542
112204872
112205175
112206078
112209478
112213940
112221865
112225244
112227229
112228304
112229976
112235478
112254178
112255369
112258059
112260815
112261782
112264994
112281256
112298366
112304634
112318969
112319938
112325971
112326289
112329385
112331860
112351010
112352783
112353688
112353722
112356979
112364133
112365539
112369828
112370227
112375811
112377819
112379218
112393888
112400125
112403607
112414892
112415401
112418403
112421689
112427079
112448060
112451479
112458137
112461909
112467977
112475015
112478655
112479363
112518117
112545820
112570410
112588732
112589191
112598170
112598613
112599073
112606791
112613415
112613953
112624738
112628839
112638325
112650526
112650943
112652928
112664028
112670274
112670308
112673763
112675756
112677523
112694297
112705410
112718056
112718890
112724148
112724772
112726874
112727876
112732678
112739611
112742534
112755155
112760315
112763929
112766214
112769742
112770748
112779898
112785720
112789863
112799184
112806459
112815178
112828608
112850838
112858526
112862215
112871701
112878787
112880760
112881931
112899242
112906473
112907849
112914820
112915960
112916565
112921718
112925753
112926313
112934327
112940049
112940534
112948098
112948801
112948948
112950419
112955234
112957643
112964625
112972274
112982245
112984984
112986184
112990300
112995092
113013910
113014474
113015303
113016959
113023664
113025699
113040267
113041934
113047476
113051438
113060028
113080742
113086562
113089157
113090102
113091657
113102678
113102906
113131550
113132188
113138058
113153060
113162196
113191660
113195548
113213931
113231580
113235717
113239186
113249684
113267761
113280689
113282067
113292207
113297748
113305912
113316337
113317694
113325417
113327501
113332035
113356818
113358190
113361809
113365870
113387959
113406972
113419180
113432974
113433019
113433277
113437015
113444345
113449155
113450610
113450912
113467622
113483083
113489144
113496640
113507810
113532807
113536940
113539209
113551265
113551885
113569004
113569074
113585631
113587537
113594190
113600270
113605266
113617791
113628540
113628770
113632248
113638007
113639705
113643810
113652129
113657369
113658818
113661984
113665986
113683158
113687577
113687893
113692351
113693644
113695683
113705907
113708294
113709746
113738557
113742491
113749681
113753789
113755635
113770137
113782665
113785158
113786841
113789369
113807835
113819127
113821631
113826098
113829778
113833358
113854020
113866327
113881084
113882871
113887021
113892018
113892621
113895391
113902570
113903074
113921820
113927893
113931719
113931816
113942259
113958380
113965071
113966619
113967521
113969145
113976396
113978593
113987873
113988997
113993363
114025063
114031216
114031879
114036304
114042979
114044330
114053139
114058257
114070385
114070750
114073813
114080558
114084009
114107636
114109293
114119666
114120750
114137188
114138904
114158145
114160473
114164599
114165055
114180854
114184378
114196857
114199387
114204611
114220203
114221460
114236765
114246653
114251248
114257205
114265443
114281556
114303048
114306250
114317260
114318973
114320765
114330362
114332468
114334369
114336041
114338416
114345276
114358352
114364041
114366296
114368998
114387299
114394814
114397145
114400650
114400723
114406617
114425100
114425860
114445436
114445672
114449172
114450404
114452058
114453345
114456819
114464915
114467519
114484404
114508033
114511350
114523772
114527105
114538501
114538555
114547189
114559006
114560316
114561582
114568321
114576393
114581456
114596648
114607938
114608968
114618751
114619434
114626398
114635407
114653790
114666986
114667109
114673484
114686086
114693211
114694344
114694922
114710663
114712040
114718337
114722376
114723542
114735400
114766380
114772982
114789188
114789827
114791088
114798291
114807330
114812659
114834104
114836718
114840416
114841432
114868459
114877932
114880451
114882704
114886333
114896985
114898738
114899585
114902304
114909109
114918532
114920092
114939819
114951489
114951577
114965529
114966232
114979231
114981377
114985127
114992403
114995946
114999404
115020323
115027952
115045367
115049314
115051283
115057866
115061063
115072221
115073497
115082855
115085943
115097759
115099238
115118149
115120311
115133786
115139002
115150373
115162247
115163423
115164167
115165421
115171622
115176226
115177865
115179921
115182861
115186023
115187114
115189616
115197380
115202998
115204241
115210369
115212368
115236249
115255040
115258633
115268304
115291268
115294808
115297069
115297567
115315589
115316416
115318778
115321249
115334720
115337082
115347104
115349788
115386423
115386527
115404421
115411000
115417359
115418479
115427833
115434364
115434916
115435998
115436599
115439491
115449785
115450171
115450720
115466986
115469137
115473840
115475498
115484478
115495903
115501029
115521898
115532314
115538406
115565284
115566235
115569101
115584489
115592915
115602764
115605784
115606807
115613936
115616590
115621920
115625725
115637185
115656569
115662519
115666364
115667641
115671467
115673883
115675913
115683601
115687771
115696602
115704214
115718408
115719500
115731528
115731606
115748371
115763342
115770291
115770870
115773953
115776190
115776369
115794625
115802701
115817698
115820229
115829564
115831287
115839362
115839485
115853592
115863016
115872712
115878601
115885827
115890032
115890804
115893675
115893757
115913355
115921079
115922135
115939079
115948338
115970296
115975449
115992999
115994160
116007820
116013624
116018148
116037205
116039921
116041532
116050780
116054239
116062220
116064653
116065855
116068718
116072391
116078302
116080554
116084704
116088933
116097140
116098089
116098166
116098734
116122301
116138297
116142479
116145345
116151506
116153906
116170496
116173777
116174766
116185747
116195532
116195581
116197474
116203426
116209163
116221932
116232698
116236192
116236396
116243495
116246406
116254140
116257242
116267387
116270390
116274739
116278265
116294374
116296896
116299103
116315510
116316540
116322787
116340921
116353920
116354573
116358775
116364003
116364124
116369181
116402099
116407326
116412302
116419617
116443897
116446485
116453184
116470699
116506841
116509023
116510789
116515388
116521195
116522595
116523677
116531681
116538809
116540335
116552083
116553696
116556826
116580225
116583965
116584619
116628128
116631390
116653293
116656179
116661366
116695460
116702435
116712935
116735360
116740189
116741649
116752527
116754546
116762451
116766765
116769312
116776221
116777944
116785159
116810260
116810436
116810799
116817481
116819666
116823813
116836130
116841280
116847975
116861602
116863412
116868661
116871790
116888998
116902650
116914564
116918848
116933784
116939077
116939466
116962311
116964813
116985311
116989866
117004129
117014542
117027584
117040868
117042387
117048303
117048802
117055559
117059793
117070818
117081672
117087618
117110316
117122250
117148502
117150900
117152998
117156139
117158148
117179730
117181918
117191556
117200596
117214396
117214884
117246126
117255598
117268730
117271797
117276323
117276830
117281496
117292752
117296377
117307180
117317074
117319371
117322422
117323132
117338678
117352103
117378915
117411637
117420784
117424525
117432936
117446508
117448826
117452352
117458123
117461469
117470056
117488176
117494531
117502075
117504235
117522043
117532399
117535516
117539286
117548736
117560550
117565505
117570907
117594161
117597312
117600835
117603645
117604763
117610416
117630257
117635447
117652461
117668306
117680018
117682990
117695283
117709876
117712708
117722915
117733662
117737490
117762866
117768875
117774865
117781840
117786446
117787091
117788331
117789076
117814642
117823895
117825969
117830711
117837702
117845013
117845411
117859132
117863298
117873311
117880085
117885059
117891494
117901097
117902987
117909416
117911691
117922102
117928233
117943649
117957762
117992333
117997869
118004495
118005249
118015408
118016322
118018971
118022413
118027011
118028094
118031304
118031617
118035893
118044218
118045686
118051805
118058178
118080675
118084221
118090325
118102318
118109311
118117386
118121302
118123377
118127318
118136585
118152911
118157198
118160507
118167930
118169327
118172685
118172819
118173060
118204551
118206614
118213533
118219948
118227186
118232272
118234610
118241474
118243114
118249940
118265635
118270046
118280673
118287768
118294279
118308779
118309597
118316990
118319830
118328124
118333097
118343707
118347624
118350493
118358495
118359323
118367069
118378531
118379466
118386627
118391336
118398739
118401880
118407785
118410235
118440638
118444118
118462372
118491583
118500395
118507281
118508719
118512094
118512428
118514206
118524953
118532381
118540268
118544878
118547949
118554479
118588413
118590066
118596849
118599119
118604505
118605860
118606968
118610787
118612273
118619283
118619384
118639082
118645628
118646957
118649623
118658507
118709631
118710401
118712361
118713692
118730506
118731042
118732095
118734632
118739025
118741404
118746135
118761796
118777991
118778128
118779133
118784810
118799714
118818824
118828557
118829800
118830949
118841739
118842624
118849764
118851653
118875567
118878804
118882043
118886279
118894515
118895556
118903849
118904386
118911810
118920686
118935963
118955031
118966010
118969290
118978189
118980452
118981377
118983684
118986604
118987590
118999626
119002487
119005397
119009233
119009928
119010145
119024013
119033557
119041646
119051149
119054870
119055512
119059422
119063203
119071719
119073890
119075123
119078484
119080933
119089832
119099127
119100429
119117717
119120828
119149116
119154986
119157286
119170960
119173223
119190806
119192909
119193483
119207422
119214890
119216779
119223129
119225120
119230076
119233053
119247448
119249255
119255425
119257079
119267825
119268875
119270428
119271111
119275379
119281686
119285305
119298154
119299096
119303200
119305606
119307226
119317117
119322047
119326740
119335136
119344098
119347897
119355469
119355634
119364896
119365621
119365914
119367050
119368044
119372509
119377713
119387779
119389411
119395326
119400261
119401693
119406648
119419237
119420911
119421326
119436028
119449439
119450955
119457289
119458673
119464067
119467596
119474454
119475336
119488826
119528423
119535273
119542004
119542726
119548004
119549705
119560851
119562236
119574323
119577601
119584422
119590156
119602987
119610184
119615719
119630041
119630584
119633835
119634413
119647202
119655124
119657315
119673202
119683909
119685544
119698253
119701950
119712193
119722062
119730972
119740130
119740412
119743570
119747088
119752297
119757262
119762492
119763524
119778574
119788405
119799005
119815712
119835237
119840644
119842360
119855193
119869895
119878980
119879021
119887917
119889408
119889692
119899504
119899663
119924021
119924367
119930261
119940430
119943985
119947175
119952579
119956216
119961751
119971527
119972664
119973367
119975396
119985143
120002611
120010135
120010773
120020544
120023597
120027987
120030443
120033745
120053991
120060444
120065988
120076293
120083244
120100630
120101065
120102899
120103525
120105910
120111268
120113991
120120288
120134109
120140442
120144705
120149536
120175854
120179058
120199566
120202440
120205526
120207610
120212985
120221599
120222058
120223548
120244149
120244390
120247302
120249787
120250593
120255401
120269787
120271078
120283540
120311677
120321330
120339152
120343330
120352836
120354194
120360788
120364276
120364277
120372965
120394948
120401212
120401577
120404370
120406982
120413326
120417296
120421328
120431793
120432494
120433163
120444199
120453448
120454375
120463570
120496848
120502664
120509122
120527055
120535083
120537227
120540879
120541222
120545665
120556956
120557954
120572677
120584124
120588115
120590593
120592758
120600736
120622024
120630262
120631923
120633163
120635969
120643924
120646393
120657757
120672882
120700288
120701264
120714563
120719534
120720305
120722301
120730767
120730800
120747811
120775668
120779718
120807385
120821137
120824605
120829580
120841718
120862676
120863107
120878649
120879158
120891396
120896569
120907691
120909401
120913522
120914684
120916077
120923611
120929093
120938509
120942819
120943292
120945915
120959608
120964563
120979167
120992645
121034080
121040558
121048941
121054515
121055342
121060113
121069326
121075371
121093580
121098301
121111751
121114750
121120737
121127769
121136211
121140151
121140771
121155364
121168915
121180878
121191838
121196305
121197952
121216755
121225692
121236802
121238039
121251490
121258338
121259872
121261372
121265120
121266051
121276998
121284573
121295042
121314711
121319793
121322945
121326740
121330967
121335057
121336274
121343802
121344955
121350800
121355399
121376438
121379033
121393201
121398222
121400347
121403209
121410401
121412099
121414061
121418337
121433369
121454493
121459741
121465915
121466378
121486228
121497798
121502581
121502689
121503812
121506486
121516789
121523922
121524861
121532731
121562057
121586815
121589888
121593718
121630035
121632619
121633369
121637997
121641611
121646266
121649869
121654123
121661330
121662449
121668375
121671431
121671574
121678516
121690223
121691778
121699280
121699699
121728784
121736328
121740778
121741588
121745255
121748784
121757522
121775605
121779477
121783878
121791995
121793891
121796641
121802080
121815667
121815846
121821272
121827794
121837230
121863869
121866932
121870784
121875938
121877706
121885901
121891567
121895501
121900100
121912209
121936372
121953997
121964174
121976159
121980616
121980683
121982180
121984466
121985920
121989851
122002390
122005287
122011563
122014893
122028834
122036283
122036430
122045120
122046342
122056495
122056760
122069058
122086614
122087079
122088398
122090006
122112577
122117533
122123189
122124009
122132660
122136585
122139838
122141641
122157969
122166316
122177380
122195183
122207249
122212624
122224065
122226519
122241686
122242840
122270593
122272641
122291539
122318595
122322983
122335265
122345083
122407784
122412318
122422039
122429107
122430146
122432124
122432966
122439005
122442325
122445732
122446964
122450061
122453952
122458781
122461576
122463841
122477576
122482121
122487434
122495030
122495975
122502357
122504628
122508970
122512148
122516052
122518135
122518356
122519737
122522321
122539071
122544244
122549785
122561913
122564216
122579062
122581651
122584677
122588770
122600302
122602177
122608118
122614139
122622207
122626493
122642062
122649212
122651641
122654781
122662588
122663891
122664796
122666099
122672311
122681659
122682556
122696267
122699335
122707689
122710519
122710749
122720288
122720874
122725950
122739745
122742686
122745124
122754652
122755125
122775542
122777456
122792223
122794788
122818198
122819990
122824017
122853691
122863636
122869331
122884434
122885232
122888273
122889127
122901047
122901531
122903646
122917798
122938474
122940039
122947452
122951883
122952934
122952943
122955125
122968806
122969215
122969599
122972751
122975587
122986596
122988010
123009372
123010079
123010729
123018651
123020351
123023360
123043964
123045320
123046617
123048399
123058490
123076284
123077398
123078214
123079948
123080477
123083086
123089588
123089994
123092927
123093532
123109351
123109414
123113880
123145380
123146812
123146824
123152111
123157331
123159520
123160282
123162950
123165973
123169281
123188143
123195446
123197758
123202029
123214323
123217475
123224877
123231664
123236562
123248594
123262900
123267245
123281930
123298158
123307207
123316620
123318441
123335415
123335534
123340339
123352854
123353776
123360709
123362153
123403122
123411764
123429878
123432393
123447229
123449617
123451919
123456133
123458815
123461374
123464251
123473301
123479445
123481052
123481829
123482844
123487754
123508569
123510049
123510919
123511643
123522245
123536183
123540917
123559538
123573952
123578373
123587336
123594555
123595680
123604509
123609132
123610469
123635724
123640906
123642245
123642421
123642611
123643881
123676170
123677773
123681824
123700917
123727243
123755804
123757637
123766193
123775705
123780931
123788984
123793690
123807211
123808107
123815432
123820074
123829848
123837707
123855728
123862897
123863578
123875528
123877214
123878950
123885356
123886749
123887433
123889405
123900122
123904150
123907318
123910222
123920370
123925721
123933297
123938627
123957919
123982897
123984473
124025346
124026521
124035553
124046904
124047607
124061734
124063449
124063452
124065657
124080778
124087761
124095076
124095187
124100384
124107916
124122662
124140901
124144530
124152809
124154810
124165926
124178774
124185057
124197006
124206070
124209970
124228502
124230235
124239760
124244587
124265139
124266924
124271783
124276090
124276758
124283201
124285825
124293192
124295221
124302295
124307523
124316861
124324425
124340187
124341894
124343436
124350196
124352997
124361551
124381419
124385474
124385904
124386413
124392867
124403717
124404093
124410707
124431164
124446045
124452835
124455655
124458554
124459156
124487435
124492800
124492812
124492849
124494920
124507065
124507467
124508947
124509521
124526877
124530132
124548032
124553307
124554468
124558767
124562437
124574298
124575807
124578113
124584872
124595067
124601080
124604939
124619225
124622525
124624773
124626258
124634660
124635400
124655542
124660162
124677498
124678213
124680946
124701154
124707838
124731414
124740933
124748432
124749391
124752925
124759374
124781585
124798759
124804957
124812860
124817896
124823568
124827257
124832132
124833437
124845387
124854881
124857444
124878789
124891282
124894822
124903820
124912893
124918403
124926609
124928860
124958918
124969508
124970479
124972384
124983503
124990984
125002589
125002837
125016064
125020116
125041592
125050321
125056445
125062148
125064263
125069767
125069923
125082771
125105359
125109759
125136303
125143518
125145744
125146762
125146867
125153309
125159028
125200705
125204203
125205877
125222038
125227697
125239319
125255678
125257449
125259009
125259687
125279362
125296431
125297523
125308634
125310476
125311105
125313746
125317812
125318431
125323789
125327924
125356082
125385863
125397244
125412371
125414806
125421823
125426081
125426401
125443335
125456116
125474476
125476356
125478820
125491247
125491722
125506273
125524908
125529538
125542107
125542582
125547105
125547472
125547545
125558750
125561162
125571524
125572876
125574550
125587579
125590709
125591739
125592050
125596557
125599721
125600643
125601150
125617245
125635376
125641415
125655376
125656107
125664563
125684231
125687237
125694991
125701876
125706579
125707208
125712050
125713411
125721131
125721224
125730215
125742430
125748574
125752780
125770880
125790300
125804135
125812800
125829276
125829673
125830797
125838502
125849878
125853902
125861171
125864188
125875724
125885292
125887896
125894843
125904914
125914871
125915228
125922184
125924812
125929361
125929703
125932115
125938218
125956956
125962001
125972087
125972761
125979399
125980318
125983954
125989221
125990284
125992046
126043186
126049707
126081465
126092197
126101278
126105525
126120249
126125926
126132111
126148708
126148890
126151417
126154650
126155861
126161720
126178202
126182685
126184927
126193215
126199091
126204480
126208550
126221783
126223997
126234155
126236151
126237798
126245645
126248970
126253323
126256377
126259115
126264445
126271186
126281457
126282138
126283283
126291521
126310105
126315366
126335859
126337455
126342617
126352735
126378003
126385631
126386786
126390642
126394868
126403248
126412687
126427865
126428395
126431546
126433171
126437137
126446575
126450628
126479615
126487843
126487917
126497863
126502513
126517119
126520254
126521422
126528804
126529921
126533386
126541645
126548093
126549019
126572898
126575680
126579142
126581878
126585721
126588333
126594073
126602280
126604730
126607305
126615783
126619328
126619661
126666759
126669385
126672653
126681847
126694586
126706839
126724888
126729500
126738467
126739290
126753271
126770644
126778191
126781468
126784469
126789789
126804244
126804306
126825186
126837047
126838375
126847147
126863410
126864120
126865718
126866861
126870307
126874256
126878878
126882316
126889389
126892030
126893332
126895776
126903934
126946962
126951895
126954238
126955127
126958735
126960859
126962916
126966836
126966985
126986656
127002205
127009065
127012418
127025973
127027066
127027553
127047379
127047446
127047538
127052430
127053846
127063197
127063754
127066415
127072836
127081882
127101060
127126789
127136694
127144294
127168971
127172346
127173944
127178038
127195636
127198110
127199149
127211678
127216808
127217536
127218326
127222275
127239116
127240295
127242879
127244951
127245295
127248106
127248479
127253100
127259302
127272566
127276426
127280048
127285884
127287227
127288124
127293455
127295498
127299969
127308141
127312814
127341736
127342390
127343953
127347006
127356967
127361694
127388809
127389827
127401271
127409180
127414432
127418131
127433004
127441870
127448672
127450266
127462629
127463239
127473332
127477184
127483741
127488322
127512266
127512840
127526956
127527485
127536746
127539824
127547378
127549217
127550171
127565111
127565708
127566809
127579296
127606056
127611186
127618740
127625713
127633889
127650915
127653750
127662828
127669678
127670678
127676420
127686313
127691200
127692698
127694508
127698104
127703459
127707917
127719781
127720045
127728988
127736068
127737325
127746161
127746913
127758854
127761886
127763475
127763886
127771496
127778496
127785736
127788248
127809863
127810970
127818866
127822098
127832577
127837392
127842210
127851153
127866584
127887301
127896645
127910587
127910874
127916378
127921948
127933457
127939842
127942239
127943961
127948251
127959477
127960962
127962144
127966094
127979237
127984226
127993187
127993189
127994179
127994499
127995922
127998653
128009098
128012821
128028196
128040007
128041290
128050399
128052791
128057423
128091986
128093532
128098634
128107216
128114336
128147219
128147270
128147334
128155130
128157997
128175507
128175513
128182528
128185734
128193669
128194851
128211374
128224200
128226536
128234964
128258821
128262754
128268085
128269873
128272919
128275694
128275847
128277600
128293526
128305404
128307833
128315865
128318507
128340175
128340955
128344123
128346666
128347524
128350663
128352771
128359830
128371296
128373484
128375978
128386994
128394645
128402246
128407490
128414528
128421357
128435537
128440163
128452597
128462100
128462224
128471347
128472376
128478385
128484745
128487549
128490325
128491902
128502585
128511178
128511583
128513143
128530825
128534545
128544757
128557221
128557663
128560688
128565271
128566197
128572458
128573257
128586288
128587257
128588742
128594487
128604305
128610436
128613050
128628647
128630687
128636503
128647858
128674636
128679268
128679554
128696341
128699993
128702311
128713991
128722806
128723447
128734049
128734704
128750134
128750411
128760168
128761438
128762023
128765010
128770498
128778292
128780175
128784770
128792076
128793491
128799472
128801915
128803071
128833773
128842000
128855663
128867531
128869534
128873775
128879444
128885998
128889170
128900115
128910317
128913602
128914865
128943096
128952674
128962483
128969948
128970297
128974920
128984159
128987679
128992930
128993565
128994282
129001885
129003999
129008287
129009393
129017145
129025718
129028228
129029028
129030084
129035601
129035695
129048438
129071548
129073306
129074533
129077725
129079212
129083571
129085407
129085506
129095337
129102802
129103792
129113825
129116377
129128502
129139594
129143479
129143503
129147639
129160155
129172651
129173325
129181836
129205894
129222697
129243648
129259375
129262427
129274424
129277452
129297341
129312553
129320188
129321332
129334392
129336761
129343974
129344304
129348387
129355187
129355910
129359355
129366893
129373137
129380444
129390113
129400825
129420532
129422578
129431309
129437689
129439255
129458257
129470962
129481775
129482023
129500191
129505532
129509259
129511387
129521786
129523469
129525896
129527864
129528869
129538433
129544634
129552761
129558285
129561847
129570529
129571530
129573369
129575267
129582659
129595248
129596879
129602573
129611724
129619784
129624347
129636911
129640448
129655099
129662574
129664387
129698086
129698834
129717454
129720145
129729744
129735601
129750855
129754844
129757896
129776250
129783756
129797198
129800270
129822056
129826364
129832456
129835370
129846112
129846499
129846653
129849609
129866168
129875907
129878997
129882881
129891702
129910900
129910916
129911076
129913666
129925482
129931074
129932260
129933479
129933658
129940888
129952125
129953568
129971536
129972946
129990189
129992342
129993167
129999285
130006739
130008955
130009357
130024188
130063059
130066421
130085929
130107903
130120419
130140511
130142003
130145681
130146152
130187163
130188332
130192008
130214290
130214576
130223854
130228255
130230698
130232885
130242964
130244330
130244427
130251928
130279644
130283465
130293689
130297961
130303227
130303892
130315866
130317972
130322069
130331637
130359887
130362458
130367054
130379144
130380511
130381346
130381901
130387815
130392306
130397791
130399392
130403635
130430113
130431021
130433751
130437859
130460241
130461280
130466442
130468665
130490527
130492821
130497895
130498352
130505547
130505621
130517793
130532380
130543695
130553027
130561002
130565287
130572725
130573552
130582047
130596421
130603155
130610336
130629614
130657005
130662172
130667134
130682595
130693984
130708620
130711592
130721287
130725287
130726859
130727828
130743143
130744624
130760030
130763510
130769318
130778335
130786477
130788872
130808388
130809528
130838193
130863485
130868708
130881924
130886321
130897238
130897563
130903444
130906790
130911085
130931875
130932015
130935692
130940058
130950541
130955880
130960265
130965239
130965737
130967547
130974388
130976074
130976794
130977177
130988003
130993685
130995223
130995234
131010662
131022624
131024475
131026414
131028573
131036154
131045007
131057909
131058292
131059344
131074519
131082013
131086464
131092109
131104382
131113218
131114041
131129099
131137253
131137882
131140134
131143343
131147424
131147761
131164388
131169487
131192313
131203408
131229018
131234793
131243015
131257853
131258439
131275164
131277816
131294642
131304933
131308138
131315601
131321605
131322614
131330497
131330683
131336816
131344995
131346702
131351682
131352462
131361848
131364929
131365738
131368548
131394567
131402516
131405429
131406545
131407546
131420548
131421970
131423794
131431673
131433489
131435747
131435891
131438175
131442398
131446772
131466826
131473543
131485355
131488579
131499779
131502702
131510796
131511613
131512208
131514108
131515554
131517395
131526035
131526226
131536517
131547115
131550953
131553677
131555461
131559620
131566273
131567081
131571056
131571827
131573443
131580498
131588898
131592415
131603473
131604396
131606866
131608615
131610455
131623968
131625834
131628492
131628766
131631699
131642886
131648419
131670041
131687932
131689118
131690778
131706833
131710850
131712125
131797610
131809862
131818330
131822258
131826899
131833358
131837536
131856276
131858285
131867171
131867776
131875846
131889400
131897541
131901442
131916530
131928197
131931490
131933585
131941912
131948572
131975912
131979076
131983543
131990609
131993285
131999426
132001473
132003863
132019903
132024906
132026039
132030054
132040477
132060081
132070416
132072358
132074364
132085365
132087411
132088145
132088264
132092722
132094691
132107276
132108872
132124461
132125616
132153811
132164245
132165826
132171699
132171819
132175149
132183399
132184663
132187322
132192512
132216126
132219629
132234165
132238193
132239330
132244610
132260353
132283731
132283915
132285244
132286782
132292218
132304504
132309916
132311959
132311996
132333993
132342732
132344954
132350893
132358012
132358965
132374218
132377979
132384738
132388340
132397947
132401625
132413035
132418402
132423030
132429400
132431231
132435348
132436718
132444891
132460689
132461855
132466180
132477170
132500778
132505085
132534200
132534958
132540295
132546398
132551676
132552864
132554824
132567168
132579494
132580526
132589415
132589670
132599876
132601437
132611633
132616520
132656205
132656610
132662240
132667705
132675583
132680755
132688774
132708284
132719097
132719332
132719883
132724907
132728807
132732331
132732392
132733473
132735396
132737053
132737895
132747931
132759516
132764845
132765424
132768139
132781020
132781299
132792518
132793785
132795620
132816633
132818107
132819294
132822007
132832261
132839235
132847176
132866503
132869188
132871964
132886883
132887638
132918884
132930876
132934634
132951230
132952175
132952689
132952884
132958590
132960106
132964367
132966771
132974657
132977342
132986558
132992200
132997973
133000609
133034135
133041549
133047369
133048141
133055301
133056734
133061613
133067763
133079159
133084323
133090085
133091339
133094792
133100621
133115893
133122406
133123684
133123826
133125078
133125343
133127133
133141458
133155035
133155242
133168681
133179372
133196746
133243972
133252854
133261496
133263129
133264328
133283750
133295130
133303423
133308488
133308662
133309866
133319683
133329237
133329312
133331240
133332721
133351475
133360104
133360144
133363371
133375656
133379841
133415567
133423950
133434011
133435001
133457666
133464787
133465460
133466615
133475316
133477150
133479009
133481723
133490413
133492377
133493981
133494139
133500138
133505747
133513420
133514111
133535109
133537709
133539205
133542743
133568917
133581152
133582299
133583100
133600950
133604137
133607518
133619165
133623833
133633193
133636864
133644420
133645212
133653872
133656321
133659343
133663056
133667866
133670827
133692723
133697462
133717774
133736827
133738669
133741664
133751586
133752833
133753216
133757159
133769352
133774732
133778057
133785474
133800864
133806396
133817208
133820727
133825516
133845727
133847788
133855413
133857617
133866441
133871089
133882374
133884758
133885814
133894920
133899064
133899273
133902173
133912883
133931329
133934461
133941898
133945651
133948442
133961902
133964588
133965987
133973213
133980611
133988790
134017482
134030634
134046070
134046834
134060149
134060939
134069026
134075599
134079607
134089486
134090201
134129635
134144688
134145259
134153009
134161050
134163526
134169653
134170113
134170838
134180893
134197576
134206842
134207853
134207935
134215735
134220030
134224136
134230304
134233791
134234467
134252179
134263744
134270112
134275130
134291317
134305094
134306009
134308344
134339988
134360896
134367499
134370166
134373075
134375929
134381933
134388142
134392183
134403138
134406105
134419253
134434217
134437370
134441082
134444849
134454291
134465770
134466193
134466415
134468775
134470804
134478683
134487048
134500571
134503152
134509568
134514282
134526293
134529732
134530608
134533997
134541791
134558995
134561457
134562645
134570237
134573140
134575063
134579152
134582622
134594307
134609311
134613560
134615350
134617860
134620549
134622062
134624617
134626915
134627577
134636168
134636640
134653285
134656390
134661448
134674925
134681795
134686153
134690831
134709878
134709930
134711856
134718353
134719787
134721664
134741154
134741344
134756605
134758341
134777977
134787661
134792106
134798313
134801408
134805239
134812268
134819943
134825718
134831359
134837223
134839211
134849357
134853716
134856727
134883113
134887354
134888661
134890731
134897017
134923874
134928456
134954062
134959401
134961781
134976024
134976524
134978069
134982870
134984081
134986443
134991846
134993155
135002401
135007164
135010455
135011710
135014139
135023999
135030164
135036738
135038509
135042635
135043517
135045185
135052004
135052565
135053394
135059275
135066708
135066763
135102998
135112978
135118298
135126130
135131229
135135842
135138710
135140128
135146065
135148432
135149806
135164316
135168627
135169955
135170408
135175636
135190603
135196373
135196692
135198598
135207057
135208906
135214824
135245102
135249738
135254006
135254934
135255139
135274506
135278331
135287760
135289605
135313875
135314027
135320138
135326914
135330312
135333024
135355882
135356282
135364579
135365995
135390309
135392181
135404883
135408456
135422303
135423087
135435638
135435772
135440308
135458104
135474434
135474995
135479442
135485862
135501891
135513239
135518302
135525631
135526040
135547736
135553697
135562790
135563325
135567112
135568467
135569527
135574420
135575793
135590861
135598441
135613423
135620146
135620664
135622832
135631108
135661212
135664215
135672403
135676324
135706357
135710444
135719060
135721437
135722360
135723659
135723926
135735058
135740873
135749626
135756687
135765558
135766804
135769862
135769880
135772092
135777239
135822366
135824975
135839522
135842583
135845435
135850514
135851564
135854469
135854992
135889303
135899734
135904141
135904309
135904888
135905863
135916606
135928148
135930464
135932045
135945812
135950197
135968279
135973440
135974609
135981844
135982076
135989014
135993541
135994114
136005870
136015263
136021221
136021611
136023376
136028126
136037553
136072335
136073376
136076213
136079543
136083899
136088782
136090883
136101283
136112677
136127710
136132123
136134003
136157126
136158158
136165678
136169200
136182096
136193468
136195994
136214112
136225719
136230962
136248906
136250621
136255331
136258701
136260215
136261946
136286546
136287524
136292248
136295897
136298832
136310007
136316005
136317233
136321132
136321638
136330574
136332453
136338899
136347806
136352033
136352541
136360272
136362263
136385735
136387257
136389155
136392110
136394874
136412618
136413458
136450362
136452348
136452982
136490179
136492301
136509608
136509927
136528689
136530694
136540264
136541463
136541730
136543550
136554543
136556881
136568295
136568688
136571894
136577267
136581318
136606786
136607082
136625524
136631026
136635278
136635434
136645715
136664362
136670900
136671491
136673762
136692427
136698152
136706942
136707719
136719198
136725905
136727839
136739606
136744736
136751224
136751665
136752747
136760165
136767058
136771358
136775804
136783236
136804494
136807727
136810713
136816940
136823012
136828749
136843267
136843876
136847775
136852549
136860977
136868458
136875025
136878275
136899002
136899884
136900836
136909597
136913163
136915926
136919402
136930046
136932814
136943964
136949499
136949641
136955654
136960092
136979447
136982193
136985317
137009834
137012114
137012119
137013883
137015143
137017833
137029278
137029701
137036759
137038827
137049256
137051059
137059657
137060780
137071723
137072321
137074277
137089182
137090940
137100455
137101388
137104670
137124956
137135660
137145377
137152957
137159366
137187300
137198458
137210565
137216314
137218522
137218810
137231940
137233916
137255833
137267068
137269771
137271528
137273511
137277617
137279211
137279915
137287925
137291927
137295441
137300244
137300447
137300695
137309056
137311904
137332305
137340714
137344589
137345372
137345597
137349905
137367865
137374124
137387626
137388225
137433668
137440844
137446904
137452819
137455744
137459515
137460106
137460866
137470435
137471320
137476020
137495334
137505740
137513521
137514127
137517975
137541292
137545381
137545618
137548470
137555646
137562957
137565392
137569222
137574149
137575045
137576143
137579974
137582526
137584880
137589195
137602319
137604858
137606171
137608833
137614533
137620028
137625477
137632250
137637899
137654717
137658231
137682075
137687542
137689755
137699033
137704117
137704651
137714052
137721178
137722214
137735680
137750726
137761605
137767621
137776311
137787588
137797572
137809105
137821487
137842783
137850266
137856442
137860466
137861917
137867513
137877755
137892412
137895188
137895327
137895329
137896660
137900178
137900480
137900549
137901563
137914669
137915748
137919579
137921988
137923977
137941215
137946330
137985383
137985653
137988909
137991519
138002477
138010090
138011456
138016445
138018272
138022248
138025364
138028900
138038285
138044204
138068801
138083689
138095993
138096483
138096641
138098977
138102964
138108203
138109153
138141774
138157175
138157550
138166233
138168273
138178854
138185057
138185597
138202675
138212804
138215119
138236642
138251008
138257628
138260634
138264998
138265194
138276042
138277808
138285535
138290161
138294179
138295201
138306424
138311648
138316413
138319204
138322688
138326649
138327537
138332737
138333096
138336937
138343327
138352707
138355483
138357005
138361513
138367953
138371343
138371609
138372533
138373954
138376566
138378765
138381871
138384713
138395188
138397322
138398522
138398822
138406410
138408729
138410227
138418276
138423612
138424078
138426740
138428684
138430700
138445558
138461122
138467117
138468143
138482504
138499356
138502479
138510623
138513043
138516234
138524799
138524919
138525720
138532671
138538591
138542620
138551419
138554195
138556989
138560143
138575483
138578217
138597064
138604922
138606881
138607909
138615467
138615865
138622739
138628344
138629458
138635298
138641628
138643087
138645059
138661481
138674784
138684321
138695301
138701595
138704198
138707539
138709737
138709966
138710235
138717792
138745612
138749512
138756788
138774646
138780185
138780266
138781783
138782595
138786397
138797731
138819583
138826645
138831918
138844818
138849961
138850531
138862459
138868418
138886715
138889908
138896366
138900566
138906264
138906740
138909136
138916132
138917122
138921394
138926737
138927014
138932331
138935391
138943780
138944788
138949452
138951173
138964770
138970355
138977732
138979840
138980325
138984943
138992763
139025427
139032108
139042542
139050247
139055425
139059527
139085247
139094901
139105472
139106551
139113721
139129574
139129726
139133067
139144964
139150721
139152022
139172553
139174084
139187838
139188937
139200758
139208024
139208381
139210409
139212174
139212351
139219418
139233631
139234252
139237465
139250058
139251101
139264308
139277543
139284584
139296422
139299591
139327839
139328956
139329482
139343870
139353873
139361733
139365310
139369385
139370878
139389101
139391339
139424035
139429801
139431110
139441837
139446305
139453011
139464137
139479195
139479625
139482306
139491875
139494667
139499679
139506742
139522310
139536987
139562120
139563864
139568424
139574913
139576113
139577408
139591150
139609632
139612533
139622407
139637168
139638367
139643269
139659466
139666766
139671938
139673959
139675417
139680101
139700251
139720099
139734609
139736878
139762002
139766627
139767417
139768537
139773805
139773952
139777745
139787535
139788792
139800401
139832960
139844801
139855748
139867940
139888081
139899504
139912928
139916346
139921145
139921875
139924874
139939149
139945400
139947844
139949802
139958822
139960395
139961619
139971570
139981368
139982033
140001475
140002173
140002387
140005429
140010055
140010245
140014346
140025514
140047420
140048559
140055586
140063223
140067711
140090901
140091087
140102338
140108653
140123083
140134639
140135659
140135807
140138778
140147293
140152004
140156138
140184576
140197454
140199175
140208017
140212925
140213311
140218464
140221808
140226989
140227977
140228981
140275593
140289738
140294659
140300986
140305381
140321745
140327008
140336073
140356597
140392223
140406576
140408063
140410428
140410792
140418261
140437351
140443272
140457897
140464892
140474245
140474549
140480124
140480479
140486527
140505834
140505977
140508014
140518491
140541480
140544129
140545030
140545150
140546046
140555942
140563883
140585357
140589452
140590671
140593915
140596192
140598865
140607087
140620861
140623510
140623701
140631486
140633962
140634509
140638169
140655076
140671493
140682069
140683504
140692252
140694519
140695685
140704605
140707494
140710224
140720990
140723733
140725075
140728352
140743478
140747194
140749039
140751555
140763324
140764066
140769966
140782952
140790053
140791761
140798582
140798605
140801300
140804219
140813465
140818156
140828690
140831101
140846866
140858316
140861641
140869594
140877409
140877451
140883050
140884196
140884740
140891780
140893480
140904603
140907158
140908459
140923325
140926062
140933013
140937563
140939991
140953568
140959597
140960350
140973614
140993018
140995696
141014428
141016453
141025759
141033872
141036917
141037162
141054365
141063669
141065281
141068962
141069879
141070572
141082897
141103639
141112458
141113793
141118115
141140815
141158393
141159409
141160834
141165520
141167339
141167842
141184014
141191292
141193200
141203381
141211310
141217687
141222188
141233935
141239425
141241839
141249199
141267148
141283459
141297033
141303851
141306314
141317654
141329142
141329298
141330992
141331734
141338107
141344218
141352361
141361515
141367123
141368737
141375101
141375801
141376130
141378000
141381419
141398784
141405382
141406000
141407712
141411813
141412610
141416518
141420915
141432585
141443451
141462694
141482439
141482732
141494165
141509705
141527682
141528611
141533434
141543471
141556448
141569654
141592880
141602857
141606887
141608251
141608733
141624923
141629003
141639129
141639710
141644394
141649837
141655781
141661692
141665412
141676688
141677236
141681889
141706539
141709108
141718410
141718967
141721304
141721508
141751295
141754666
141756323
141759833
141763973
141765351
141767742
141775405
141777910
141783196
141797125
141805590
141823173
141858762
141868069
141869623
141871531
141881375
141889704
141892449
141893201
141896302
141896915
141900767
141906962
141922874
141926196
141929740
141930736
141934095
141951865
141957810
141961739
141964026
141971554
141984673
141986127
141988728
141990481
141993788
142004039
142020924
142029781
142030085
142034724
142034970
142041470
142041638
142045236
142055278
142065544
142069700
142079059
142083626
142084149
142090789
142098421
142110966
142126004
142133314
142136500
142143335
142143805
142147034
142161413
142161712
142169327
142182316
142183047
142191580
142192318
142196431
142198695
142207347
142213688
142228497
142232436
142240138
142241276
142242852
142248071
142281955
142282072
142289980
142292246
142298054
142302649
142336384
142339553
142340649
142342691
142355388
142355443
142362030
142364213
142364266
142373705
142376155
142378142
142382679
142389696
142392642
142401706
142414281
142418060
142418091
142445260
142448293
142465182
142465288
142479412
142480209
142482764
142484689
142490037
142498745
142512011
142513820
142530199
142535345
142558340
142572186
142582554
142589089
142614650
142614848
142616477
142635631
142638701
142644759
142650177
142650708
142650978
142653720
142665930
142667834
142669536
142669584
142674264
142676557
142678347
142680000
142690882
142695331
142699042
142701309
142710742
142712253
142714005
142721087
142737922
142740301
142744546
142766099
142766638
142775511
142778312
142779955
142780121
142781596
142781855
142786662
142787357
142803958
142812726
142839730
142841520
142850559
142854854
142860417
142868730
142869182
142875827
142899261
142903560
142905271
142925385
142937445
142949663
142954572
142957076
142968729
142974177
142984917
142988948
142990449
142994067
142996837
143005875
143027179
143028430
143031203
143035279
143035385
143038072
143049037
143049369
143056560
143061667
143075576
143086543
143086996
143088192
143092815
143095215
143099234
143121361
143123605
143124265
143124746
143146420
143149345
143154187
143164434
143177768
143189199
143192422
143201028
143226943
143230344
143230398
143237523
143238443
143238930
143247479
143273049
143283533
143286605
143299949
143303316
143303982
143304823
143307305
143309707
143317015
143317581
143319731
143322252
143333594
143336194
143336793
143356945
143364912
143376927
143383647
143386034
143399380
143401307
143412689
143416790
143419765
143424427
143432928
143445607
143451195
143454476
143464324
143477418
143482897
143485891
143487575
143502608
143503238
143506982
143511390
143519838
143520161
143528039
143528754
143529366
143529888
143530606
143535394
143542471
143556898
143558425
143570661
143573962
143582467
143591881
143602251
143602952
143613656
143621677
143628344
143634548
143642840
143643403
143644462
143656848
143657600
143671783
143680463
143686012
143687504
143687678
143694943
143696385
143709562
143715709
143717162
143725507
143736452
143751322
143763679
143766361
143796784
143803304
143805100
143822268
143826377
143841559
143843558
143846813
143852536
143863369
143868063
143871946
143880371
143883351
143885760
143892174
143903661
143907111
143915091
143928510
143935609
143936315
143948924
143953384
143956399
143957708
143972763
143981335
143995688
143996718
144002128
144012761
144043288
144046651
144061636
144079640
144080031
144087380
144099084
144110982
144111887
144122363
144134275
144134489
144138283
144142124
144144879
144151773
144169318
144173727
144190375
144195715
144198978
144206573
144217306
144218549
144227712
144230279
144232056
144234461
144254916
144269082
144273355
144277248
144278397
144284044
144287545
144297235
144315768
144318451
144321396
144325627
144332839
144336804
144338523
144343823
144345481
144350796
144352066
144359978
144368587
144373109
144379491
144383225
144396878
144400200
144433647
144453044
144456994
144463000
144464144
144474399
144486055
144488846
144491841
144508180
144510248
144511227
144530773
144535090
144554129
144562328
144575378
144583326
144587579
144590362
144604072
144616349
144630079
144643592
144649437
144655331
144658931
144664647
144672412
144683121
144690537
144691977
144709422
144720934
144721213
144724065
144724471
144732136
144732592
144736332
144739786
144742250
144746358
144776725
144781345
144788722
144798649
144803090
144815770
144830062
144833488
144836287
144838551
144842301
144844560
144848979
144849020
144852585
144853852
144854544
144856078
144857470
144861465
144870730
144876255
144878552
144888457
144903390
144928761
144929835
144931390
144932068
144937114
144945624
144950490
144968607
145000030
145002680
145013572
145014832
145014962
145024070
145030481
145056433
145058280
145077261
145083518
145098308
145101933
145116571
145133435
145136039
145137805
145144182
145146264
145147709
145157002
145165140
145172817
145173655
145180163
145197345
145198464
145202982
145203164
145203712
145213224
145214907
145221730
145225213
145242806
145256740
145278994
145279938
145280137
145289759
145309236
145314287
145316620
145318865
145325644
145329884
145334415
145335651
145352152
145357691
145359052
145365251
145372913
145383450
145398794
145415507
145425381
145442827
145443940
145454357
145456370
145458632
145460429
145463765
145465744
145465791
145471445
145482126
145492787
145510769
145518762
145519067
145543709
145559327
145584435
145590318
145592782
145600771
145600814
145606768
145608609
145614604
145616475
145621308
145636474
145645946
145671947
145676419
145681627
145700876
145707946
145709057
145713377
145722695
145729215
145729942
145730422
145731087
145733731
145736122
145739905
145757975
145774624
145779508
145781790
145788714
145797615
145814023
145844424
145855325
145863443
145863560
145869063
145876560
145883189
145883417
145913309
145914853
145917574
145921610
145935299
145936816
145958161
145984042
145984657
145985123
145997652
146000565
146004413
146005256
146007555
146008280
146014889
146021686
146031136
146033175
146035657
146035843
146047279
146049647
146059394
146059794
146065893
146083802
146094835
146104023
146108821
146110636
146115438
146121755
146128672
146131474
146132627
146136036
146136162
146142434
146149070
146162726
146166673
146176673
146180311
146186872
146199757
146208614
146209897
146215257
146226136
146227720
146229052
146233957
146251032
146257217
146272848
146275777
146276891
146311341
146313048
146317134
146319629
146320053
146332599
146348856
146350920
146357075
146373663
146381000
146393726
146395922
146407654
146422210
146439031
146444319
146449393
146454506
146455410
146459232
146460259
146465228
146467219
146475372
146477664
146478527
146484534
146499582
146510196
146515779
146518656
146528585
146531784
146540331
146545292
146546459
146551682
146561139
146563851
146573289
146577795
146586924
146588800
146592723
146601834
146612980
146631924
146632423
146641894
146661684
146661707
146662278
146664129
146674454
146686202
146698399
146713643
146715877
146727764
146732855
146756728
146756776
146758772
146761021
146768802
146783273
146808873
146815493
146820951
146820988
146826594
146827970
146839355
146843381
146843949
146867509
146871698
146872280
146872641
146873127
146883156
146896238
146907272
146919393
146923946
146929284
146933693
146936823
146940553
146948236
146957998
146968607
146970725
146971412
146978801
146983566
146983582
146995749
147008728
147017369
147024528
147048188
147049198
147052708
147057069
147059151
147064546
147066612
147072956
147073094
147073414
147088416
147098574
147101979
147108237
147110477
147114263
147120287
147124484
147125779
147145383
147147663
147168648
147174597
147177245
147179010
147180548
147183573
147186686
147186953
147189368
147191633
147194403
147200666
147211524
147221475
147228234
147250628
147258871
147265285
147268238
147270689
147278301
147298426
147301087
147304957
147323122
147333417
147345570
147350867
147354648
147357798
147358165
147374461
147375872
147383534
147389388
147404653
147421382
147421476
147426922
147443446
147449510
147459850
147460105
147461693
147466203
147467259
147471876
147482186
147488361
147507045
147508947
147509263
147511511
147516251
147516365
147522079
147528267
147535824
147544146
147546251
147551712
147567076
147583093
147589693
147614670
147614698
147633026
147641415
147659312
147663990
147669587
147687615
147698072
147700847
147701868
147704449
147729277
147742633
147747991
147754685
147763543
147778470
147783452
147784137
147784475
147785166
147787116
147821410
147824715
147826856
147830679
147830885
147850153
147876596
147878582
147919609
147922479
147924392
147936319
147944442
147950941
147952328
147952638
147955586
147965712
147984639
147998235
148039815
148049087
148054580
148060520
148070139
148071908
148074639
148077232
148089298
148109045
148119289
148122722
148132523
148164405
148165782
148173482
148208908
148216836
148217684
148221432
148233417
148235858
148243210
148243701
148250274
148265727
148271814
148273857
148290126
148318034
148326953
148334035
148347876
148353673
148366653
148387073
148388068
148421479
148424987
148442132
148442327
148442448
148457078
148467971
148502620
148505640
148508288
148511306
148544357
148552955
148579932
148620843
148650840
148655397
148667783
148668749
148671264
148678691
148698386
148736429
148740044
148767103
148778788
148779570
148794804
148828926
148841774
148843657
148866857
148868246
148869343
148873876
148881657
148885931
148887755
148893812
148919040
148924616
148929162
148938903
148941112
148954495
148958568
148970569
148970892
148995611
149020672
149021013
149024705
149026723
149027544
149028286
149032161
149032227
149037115
149076405
149086716
149101812
149119430
149139355
149145488
149171737
149195757
149197230
149213529
149239750
149239806
149273257
149275922
149276695
149289263
149289760
149316975
149332821
149336290
149340609
149347721
149409803
149413215
149418068
149425128
149436265
149449056
149469494
149471479
149482054
149500729
149516850
149518262
149518731
149539668
149558545
149562169
149565085
149570764
149572181
149606757
149613729
149623712
149643105
149662342
149698193
149704179
149717769
149720238
149722086
149733546
149748448
149759932
149774937
149777785
149788065
149799343
149858852
149878730
149878742
149880640
149882244
149890163
149899187
149899881
149901570
149914901
149916057
149941583
149945035
149946679
149947838
149949163
149956425
149958745
149999353
150001669
150014536
150015292
150041624
150051796
150054554
150096263
150116270
150121038
150122283
150127184
150133520
150141505
150142692
150143530
150148175
150148900
150154392
150155381
150163099
150165052
150168211
150170138
150176232
150185384
150191186
150197833
150202807
150204583
150236149
150241056
150241441
150263475
150263597
150276908
150277759
150321993
150323072
150340601
150344582
150348307
150360704
150364839
150416974
150421138
150425856
150446752
150455512
150468829
150475072
150494599
150504654
150516807
150517910
150533176
150557024
150562620
150566183
150595935
150598991
150600170
150600776
150606310
150614765
150625781
150627713
150633629
150637366
150652393
150661955
150681522
150695589
150710315
150716154
150718193
150725051
150725306
150727489
150735507
150745034
150750998
150769614
150771688
150772546
150780697
150802883
150810077
150812914
150830210
150851290
150855596
150881321
150889230
150897618
150900499
150904664
150911526
150927058
150929511
150941102
150954906
150972982
150976257
150978307
150984256
150995780
151003517
151053003
151060104
151077841
151088578
151105613
151106342
151106635
151109923
151113640
151122908
151125298
151134871
151142633
151155999
151170137
151170941
151174935
151217908
151235330
151237922
151241559
151261830
151265120
151286765
151287254
151290583
151299699
151303469
151303986
151324233
151349648
151350611
151353927
151364383
151387552
151390926
151394501
151398290
151420569
151423048
151431947
151436707
151437348
151458475
151462591
151463134
151465939
151482526
151488613
151489750
151507539
151514108
151521427
151540116
151542214
151552085
151560492
151574298
151582985
151591177
151596717
151612096
151618243
151624676
151630247
151653387
151666496
151668104
151669440
151675501
151680209
151682349
151722894
151725742
151729646
151736678
151750681
151754640
151758369
151767566
151770258
151794204
151799426
151811350
151814442
151832966
151853394
151870304
151876002
151879562
151881163
151882346
151884285
151888564
151890950
151909760
151915737
151926958
151930651
151936848
151942728
151947829
151948245
151982971
151987333
152020116
152028679
152034007
152040944
152042490
152043655
152045720
152071949
152078852
152102032
152114508
152121732
152128604
152139942
152140170
152144865
152148171
152151390
152172516
152176720
152176872
152185040
152185228
152189227
152198122
152203487
152220307
152222829
152244703
152265360
152267100
152280293
152299605
152310829
152313031
152313276
152319141
152320427
152324804
152358969
152364101
152378302
152388997
152391437
152393467
152398647
152402580
152414000
152428046
152440146
152440198
152441596
152458307
152464231
152467032
152480848
152491426
152515410
152528359
152536607
152546774
152560829
152565446
152578199
152596721
152598985
152600370
152606988
152620594
152630480
152646208
152647273
152649399
152659830
152708042
152708440
152717864
152726053
152726456
152729694
152730396
152733344
152739494
152743667
152756108
152768430
152769605
152771623
152773697
152778284
152786388
152788910
152790375
152793479
152794325
152797681
152799360
152840618
152846336
152854480
152862421
152874501
152903982
152907949
152908835
152924966
152928897
152946808
152980002
152990458
152992028
153005895
153010391
153018379
153027117
153032565
153047582
153052270
153053328
153056397
153063672
153067593
153100679
153116157
153164002
153171539
153176117
153195178
153206289
153208792
153218238
153219023
153246579
153255270
153260322
153294201
153300511
153303219
153326198
153327760
153339586
153344845
153362522
153371989
153381966
153387165
153393252
153421670
153426950
153430154
153434202
153444671
153464656
153472448
153476070
153505614
153512592
153518356
153531558
153533333
153539847
153566335
153587036
153592090
153602474
153606229
153609111
153612695
153620321
153628372
153628599
153636894
153641025
153667636
153678475
153683784
153708995
153711514
153720823
153740150
153744200
153744790
153752734
153753841
153777893
153779089
153788510
153792418
153795515
153817287
153851603
153864263
153864298
153897723
153898138
153905512
153916373
153917085
153925961
153930263
153952774
153957989
153970229
154017911
154050119
154066920
154068122
154068136
154082521
154086956
154088781
154089336
154102951
154111383
154122766
154126956
154129712
154129871
154129904
154137938
154139997
154145227
154149497
154152517
154153180
154155001
154163170
154180282
154201164
154213236
154216027
154234355
154240795
154246033
154259381
154275622
154285991
154294806
154297524
154328498
154340232
154343121
154352617
154356992
154369883
154384348
154391551
154398733
154401655
154417079
154448396
154450195
154463503
154467887
154468771
154476034
154500997
154522119
154561005
154563847
154582126
154585048
154622545
154630362
154631151
154642317
154644133
154646637
154672876
154678427
154683882
154685534
154688676
154694184
154698482
154704936
154706048
154707105
154711547
154714945
154717538
154723716
154733507
154734841
154777294
154780502
154800382
154806066
154817554
154818211
154821214
154828643
154835844
154837397
154844540
154870280
154881147
154890324
154925156
154930022
154971217
154975211
154976747
154983930
154994180
155022016
155050832
155060307
155064893
155065229
155068564
155105745
155109375
155115545
155119170
155129018
155132485
155146063
155147812
155179491
155180487
155192326
155194460
155196135
155209665
155211230
155214018
155229151
155231948
155241610
155242675
155244949
155252577
155262237
155271660
155301850
155303524
155316116
155335735
155339824
155341353
155352629
155368495
155406127
155406194
155417743
155425315
155428492
155433181
155434060
155442453
155454641
155458268
155466994
155476125
155478914
155495117
155498772
155506730
155525509
155538262
155547783
155555828
155619291
155626657
155654307
155661895
155670726
155705797
155707048
155707138
155713497
155716830
155717031
155737649
155749320
155759116
155761137
155764925
155798898
155823060
155824365
155827988
155847619
155849918
155851030
155861998
155877125
155883973
155886277
155886718
155894497
155918033
155919275
155928569
155931522
155973864
155975474
155997711
156004248
156006289
156010187
156013698
156024044
156025709
156026283
156031210
156035049
156049106
156064027
156066376
156087359
156089419
156119035
156163243
156194326
156219749
156226379
156239201
156244863
156249012
156249477
156269888
156274645
156283470
156286909
156304917
156305912
156316690
156317108
156326876
156331764
156339628
156341344
156357444
156368132
156386096
156388573
156389618
156409955
156416450
156443753
156458951
156483564
156492297
156504583
156506494
156515642
156518646
156519198
156536473
156545202
156550748
156563056
156564657
156575031
156587693
156599915
156601312
156608668
156618530
156619319
156619523
156634686
156636248
156639617
156640629
156649548
156665964
156666411
156669676
156692675
156709942
156715633
156717031
156723302
156731987
156746810
156748942
156756006
156762679
156774056
156792673
156796424
156797068
156820257
156832976
156842942
156866813
156868624
156870694
156876414
156883364
156887694
156890956
156895261
156905419
156907460
156914925
156916644
156918057
156960476
156970970
156983620
156985294
156989190
157028790
157039966
157042431
157058678
157061375
157087200
157093172
157095006
157105935
157131410
157154131
157188317
157206487
157244394
157246826
157271701
157273529
157279628
157284648
157296526
157297200
157331255
157346208
157365853
157368336
157373412
157375534
157396980
157398543
157410826
157413481
157419839
157423912
157424418
157431977
157432554
157440849
157459764
157474319
157477804
157480107
157481896
157496067
157508844
157512461
157537908
157544968
157562571
157563571
157569883
157570400
157574276
157579006
157600675
157606690
157620589
157624728
157625602
157641021
157655577
157662652
157673197
157677587
157694727
157721165
157722880
157726400
157738080
157744956
157746486
157783496
157784343
157791543
157813129
157817872
157827622
157842044
157901723
157905873
157906718
157923053
157923132
157932658
157943606
157949367
157956539
157961176
157973330
157980818
157981091
157984168
158027302
158037370
158037552
158039134
158042728
158048850
158066915
158070173
158070761
158084007
158090657
158095266
158103107
158121560
158126877
158143232
158149301
158155991
158156428
158168036
158197319
158220257
158229307
158267280
158267469
158272644
158283795
158285492
158287869
158295225
158300704
158309286
158312562
158315448
158349126
158360327
158364835
158372871
158391823
158395464
158416460
158431696
158460498
158492252
158494683
158501336
158517199
158527996
158562395
158568192
158579701
158583265
158590948
158603306
158611690
158631666
158634804
158639306
158643592
158653127
158660501
158665217
158673603
158689917
158693362
158701937
158737076
158742289
158747801
158751403
158758142
158785663
158789908
158804398
158822108
158822588
158828661
158838645
158850512
158852566
158885455
158890647
158908513
158909863
158919438
158941037
158954388
158954498
158957284
158961167
158968961
158974915
158989372
158992687
159013446
159028903
159036661
159058285
159061400
159074960
159081147
159104863
159117780
159128620
159155010
159156070
159165472
159186758
159188054
159193606
159205647
159233057
159235221
159242349
159248516
159250487
159251320
159252952
159258555
159273451
159280015
159293910
159298413
159308015
159311731
159313058
159325688
159326663
159331915
159355028
159355743
159362959
159374781
159408020
159445856
159449277
159464694
159464855
159468357
159472682
159489288
159507372
159507643
159525061
159535007
159547703
159575819
159585948
159599762
159606712
159627705
159635155
159652470
159695749
159696947
159732350
159780901
159784740
159800910
159802077
159816884
159830000
159834176
159836561
159837545
159850332
159858555
159873819
159880660
159908623
159912220
159915393
159926672
159931828
159932973
159972142
159977477
159996773
160007874
160008500
160026246
160029476
160032969
160051653
160053882
160072078
160073058
160079102
160083043
160089567
160100200
160112649
160117968
160141916
160153536
160155613
160159461
160170233
160199428
160205079
160220894
160223184
160224702
160230580
160231368
160251778
160274147
160283421
160287078
160288016
160343598
160346627
160355079
160359266
160361498
160374741
160387953
160391773
160408800
160412423
160476980
160490646
160501146
160533494
160539178
160550093
160551300
160556884
160567924
160584658
160595193
160608681
160613114
160622169
160625768
160640598
160643863
160670376
160674311
160676277
160694264
160698452
160743220
160769830
160783973
160792045
160800567
160809988
160810522
160811867
160815082
160819193
160830075
160832323
160838738
160842042
160882739
160885538
160899067
160914940
160916086
160916213
160924773
160975493
160977295
160984256
160987357
160996057
161025689
161032463
161037628
161047056
161062042
161068497
161082397
161082844
161095122
161097668
161101984
161103872
161113305
161131830
161132067
161141664
161152840
161171772
161172523
161185765
161200884
161202765
161209622
161213551
161217090
161226057
161244420
161246749
161260799
161262965
161266315
161275292
161277604
161308632
161334816
161351323
161358895
161364025
161376999
161382539
161384377
161389613
161424675
161431930
161438413
161438938
161448795
161448832
161455384
161474001
161478422
161482469
161482967
161486696
161517930
161518163
161519227
161519940
161538280
161548378
161556834
161563827
161569248
161572680
161583857
161585449
161618191
161619063
161639846
161655403
161662853
161664364
161667839
161687396
161694269
161711077
161725390
161734148
161753334
161755722
161759406
161767277
161777853
161780033
161787370
161794338
161799246
161806150
161823610
161824325
161824456
161826468
161845803
161850750
161855086
161856475
161887716
161896232
161899095
161901782
161909518
161912114
161914707
161919493
161933785
161945761
161947248
161954219
161954704
161971543
161977740
162014449
162041992
162044268
162045146
162047205
162055919
162059005
162075869
162078695
162084553
162093101
162102473
162109972
162112852
162122173
162143245
162147562
162153319
162156418
162167147
162177905
162179480
162188275
162217621
162232732
162312853
162315926
162320637
162326294
162337395
162345074
162361773
162379609
162387543
162396114
162397332
162413943
162421045
162422504
162440051
162440886
162448153
162470226
162472055
162472100
162474388
162474640
162480079
162480779
162486454
162509933
162515776
162527036
162543184
162568050
162580299
162581830
162612732
162628942
162637165
162644041
162668226
162675767
162680474
162681754
162687258
162702251
162707119
162714842
162717907
162718640
162730453
162733177
162742561
162744910
162763356
162770667
162775230
162781642
162787557
162797695
162827388
162834158
162840851
162859379
162886760
162894985
162900718
162903898
162942989
162962259
162965664
162974753
162981019
162981540
162998765
163000377
163030321
163050401
163077196
163082571
163110878
163119387
163125164
163125781
163135060
163189956
163209510
163232655
163246118
163250372
163255241
163262377
163274371
163274397
163277159
163282448
163295443
163302113
163302318
163315573
163323177
163323303
163338035
163341011
163357961
163360707
163364215
163370350
163383292
163388771
163395924
163418594
163437444
163445193
163449274
163468460
163469619
163471129
163473316
163494805
163516612
163518120
163520402
163526965
163535418
163539931
163563658
163565716
163581452
163583899
163599652
163610568
163614242
163615290
163616021
163622648
163624060
163624889
163636391
163652375
163658614
163658685
163670592
163674022
163675548
163679756
163682319
163683374
163730576
163731439
163762226
163776747
163778179
163778311
163796481
163800206
163803201
163813402
163814283
163821077
163834578
163836559
163840643
163848123
163848587
163853691
163859060
163866175
163900834
163901830
163912717
163917173
163918397
163951825
163955714
163971775
163990725
163996769
164013123
164014068
164018685
164029030
164032151
164041508
164057346
164058767
164069119
164083257
164088597
164091423
164120627
164124066
164158797
164167410
164173207
164179061
164180063
164186500
164186871
164188463
164209674
164226117
164227547
164237237
164257008
164259223
164264683
164270897
164273845
164279326
164288205
164299462
164312335
164313113
164313329
164316310
164326212
164337311
164350717
164351656
164359998
164379995
164395265
164404293
164405207
164440097
164442006
164446873
164457096
164480494
164491705
164501997
164509256
164528671
164535948
164536806
164555548
164564901
164603991
164618816
164621109
164623097
164625958
164637197
164654096
164665936
164670413
164673019
164683264
164685640
164688953
164711593
164713412
164750721
164751670
164765565
164818190
164825435
164836255
164837224
164840593
164853462
164894958
164911211
164938521
164943045
164957608
164964370
164968454
164981072
164985128
164985706
164993354
165005408
165017271
165019083
165048035
165048785
165049517
165053614
165068109
165070634
165072673
165080335
165086999
165089241
165098375
165121689
165136556
165139244
165163437
165169874
165177513
165182054
165184012
165185705
165196100
165197180
165231658
165238976
165239733
165248795
165257847
165258613
165285192
165289409
165310860
165313844
165324182
165331414
165332295
165339693
165369885
165370136
165375383
165377788
165384141
165427703
165433183
165435979
165445077
165455251
165458229
165489385
165514148
165515946
165518721
165526611
165563089
165566220
165571126
165586690
165587689
165600848
165603377
165628821
165634709
165642129
165656607
165694786
165698622
165747617
165748293
165752560
165754488
165759870
165760660
165767838
165767915
165769015
165775828
165785694
165792284
165796603
165822953
165855488
165888706
165892729
165899020
165902926
165927302
165928544
165928919
165938560
165941094
165947950
165963930
165965297
165968987
166005153
166022017
166030744
166034620
166064296
166079813
166083210
166092202
166140784
166142892
166145229
166147383
166148929
166160215
166161926
166175293
166175882
166191746
166192515
166199644
166218231
166225910
166231422
166252545
166261774
166270768
166279344
166281076
166288848
166302450
166325994
166326569
166338760
166349890
166353134
166365818
166379081
166383328
166390136
166393898
166394200
166398202
166423394
166429016
166432934
166434594
166448672
166501746
166513031
166537965
166575252
166590131
166607398
166617142
166617902
166627795
166650000
166653705
166656358
166665540
166676751
166678537
166680830
166692010
166704708
166713649
166717239
166724550
166746010
166754885
166771480
166809624
166812457
166829936
166841802
166844166
166863750
166899269
166909287
166910521
166921755
166939680
166945751
166961101
166979320
166985879
166989048
166999051
167002554
167008149
167013898
167015618
167024943
167036783
167068074
167072781
167083955
167107757
167110275
167110389
167110555
167113194
167119005
167119102
167136223
167149638
167159817
167176104
167222318
167227132
167248822
167251936
167252609
167271984
167272701
167285538
167290248
167326212
167329319
167333521
167334745
167336664
167364357
167370519
167383610
167403540
167432150
167432305
167485511
167486757
167488407
167498571
167534730
167537538
167539638
167552075
167561561
167575549
167578430
167582076
167582335
167583868
167602654
167603699
167606669
167614504
167634385
167661868
167677243
167687233
167694954
167696612
167706954
167734166
167740750
167743028
167743981
167759096
167770821
167773747
167781756
167812376
167819885
167824611
167825105
167828845
167845239
167851244
167852425
167856847
167863192
167874321
167874753
167881261
167886510
167893353
167896346
167901012
167930438
167962247
168005314
168014371
168048769
168061787
168088638
168116361
168125010
168159409
168172712
168181540
168199654
168207680
168208647
168215483
168230105
168239376
168251154
168251228
168257816
168267528
168276404
168312328
168344167
168357040
168387443
168395499
168403943
168418612
168419072
168421781
168428600
168447774
168458985
168460467
168502939
168506680
168513968
168532482
168541957
168556849
168570282
168586453
168593737
168596919
168608472
168618085
168633220
168641694
168643414
168659482
168659840
168672180
168684307
168689492
168703029
168736461
168749236
168753883
168761139
168778603
168782291
168792544
168802887
168808739
168827323
168838159
168850257
168871979
168872059
168898400
168900328
168909631
168942549
168943044
168945442
168953963
168962251
168963436
168971697
168972427
168997329
169023858
169028183
169039512
169059140
169060029
169066729
169073397
169074895
169075684
169091239
169113139
169114847
169125221
169127141
169150027
169152838
169159977
169171339
169174580
169184632
169190108
169196470
169197587
169207329
169215043
169218437
169221369
169237177
169270422
169278246
169306964
169310283
169314923
169337871
169341469
169348205
169365821
169368922
169369693
169373255
169378024
169387701
169423317
169430183
169431061
169440503
169441807
169454184
169501657
169520116
169526048
169545878
169552763
169570961
169571042
169574700
169581199
169586774
169614295
169620989
169634921
169642653
169643197
169661143
169677467
169684364
169689295
169690789
169695564
169696089
169698932
169707762
169727287
169727723
169727876
169728451
169745047
169746055
169762374
169767959
169773078
169786402
169789804
169794595
169798897
169808583
169823756
169825931
169828786
169830342
169831976
169838278
169843976
169845902
169858713
169871064
169872298
169874192
169876596
169898303
169901535
169924838
169927486
169935222
169966579
169968009
169991134
169992210
170018526
170020456
170025161
170035086
170035140
170053947
170067765
170087206
170097232
170133895
170137011
170142383
170144440
170156245
170168994
170175367
170180688
170185156
170208348
170235655
170237809
170239991
170251997
170273658
170279900
170293796
170330152
170341960
170353223
170363223
170374280
170385029
170449775
170450085
170471822
170474171
170481255
170481547
170488479
170489375
170516926
170524988
170539628
170547402
170569284
170586612
170607115
170612345
170612675
170613161
170622109
170625726
170631864
170636203
170655864
170664479
170678106
170683394
170690676
170703867
170712104
170776519
170803570
170807855
170812803
170824365
170829585
170830699
170833918
170890121
170891501
170895711
170897138
170901484
170903800
170912441
170940183
170942283
170944589
170957572
170958147
170963832
170978776
171019736
171027833
171037499
171049796
171058145
171079573
171082181
171092281
171097190
171110496
171111545
171114739
171134692
171143012
171147348
171150085
171159097
171178852
171179120
171195054
171202942
171232019
171241669
171258592
171285006
171287775
171295440
171316620
171324882
171357352
171374468
171376206
171384252
171398897
171413493
171423491
171434906
171444276
171456886
171458141
171458514
171495077
171506336
171514829
171522954
171543200
171554839
171569314
171581523
171590197
171596949
171602000
171614580
171618937
171641637
171661417
171669598
171706886
171732275
171738132
171751902
171760112
171774752
171778414
171781245
171794480
171806001
171826955
171835930
171845565
171860914
171903132
171916155
171921476
171941332
171942601
171945003
171948075
171963936
171966585
171972513
171977591
171984454
171998689
172011406
172023822
172029412
172035993
172042641
172051188
172051960
172061702
172065142
172069952
172072693
172081221
172085873
172091951
172095579
172112378
172115779
172118223
172118790
172119975
172124164
172125248
172134602
172146117
172154118
172159384
172162527
172167435
172174947
172178591
172197207
172204573
172215393
172247886
172252688
172255675
172261033
172274451
172288871
172290282
172291676
172296489
172317002
172321639
172342258
172362976
172386193
172395391
172432582
172455454
172486773
172502396
172507681
172525540
172526340
172542146
172554890
172566260
172585070
172594802
172620278
172621238
172622237
172623261
172626153
172626362
172630804
172633456
172636403
172654228
172662759
172668063
172683631
172709954
172711150
172711254
172717669
172723238
172757877
172760214
172775308
172780765
172797714
172806344
172814544
172828871
172829841
172833611
172835263
172836679
172843507
172855875
172876011
172878192
172881008
172904292
172915322
172923491
172924254
172930895
172945674
172971162
173006839
173008761
173011343
173074815
173079205
173080736
173087380
173087749
173105406
173111196
173117628
173118559
173121925
173136821
173138051
173145645
173149093
173166068
173171587
173175833
173177174
173187274
173189888
173191007
173198044
173200664
173212808
173215286
173218759
173246558
173249966
173261690
173263860
173268932
173279454
173294415
173298612
173319435
173331663
173381904
173385905
173395853
173410143
173411879
173451016
173455366
173459934
173482510
173483845
173488038
173489914
173507115
173508410
173516312
173516964
173528414
173534493
173537261
173541309
173542357
173544977
173548185
173548474
173552960
173574350
173578464
173579296
173586313
173587050
173599950
173605590
173608421
173613382
173617220
173622964
173623058
173623200
173634350
173645679
173658116
173680589
173697196
173713186
173720674
173720963
173738903
173743831
173758712
173772155
173797986
173815100
173818929
173823409
173827997
173831298
173834678
173837522
173841395
173857716
173868056
173878846
173879149
173894105
173898573
173928386
173941887
173982201
173986135
173991628
173999551
173999684
174002873
174008580
174013589
174024475
174026647
174027870
174028583
174059367
174085076
174093293
174096817
174103773
174111896
174114310
174133883
174146864
174156062
174156751
174161377
174170054
174177581
174177859
174181860
174194368
174198759
174205620
174210796
174229937
174239219
174239706
174286648
174290269
174299230
174300631
174311615
174312206
174329972
174330812
174337857
174359722
174367480
174378517
174388193
174399937
174418725
174427636
174438164
174457205
174467250
174478051
174478740
174479570
174511760
174519437
174539982
174565356
174571350
174577847
174581514
174593031
174597257
174598501
174608008
174643724
174646419
174654974
174655245
174661168
174676432
174678795
174681429
174730698
174734399
174751594
174763586
174764058
174765470
174778855
174785660
174786730
174818799
174837273
174838020
174839149
174872728
174876752
174883086
174888718
174945881
174959744
174973079
174990681
174996417
175003346
175022312
175030818
175035103
175037026
175054879
175071321
175093509
175098567
175139762
175158127
175159799
175164808
175189995
175214256
175217015
175234208
175246151
175262035
175306587
175322978
175323914
175325186
175328987
175330630
175333785
175342718
175356894
175382461
175382601
175404457
175413955
175447777
175449864
175463467
175481150
175482267
175503791
175509474
175527000
175531097
175541086
175551603
175561029
175561386
175563887
175578018
175578183
175578641
175583760
175593713
175594558
175612365
175623543
175624046
175670648
175676047
175676862
175681264
175688611
175690048
175693651
175702345
175732064
175733832
175741223
175762640
175774315
175777207
175782925
175789910
175799704
175802727
175807275
175808858
175817767
175827316
175828448
175864254
175880013
175894270
175916043
175959790
175963472
175970552
175983403
175984166
175988852
176003767
176004085
176025760
176041612
176045694
176057540
176059147
176087042
176118303
176121491
176122206
176160740
176165438
176169063
176171481
176185272
176196104
176198819
176200048
176203296
176220313
176233183
176245279
176248469
176253494
176256737
176260859
176263678
176266279
176287795
176299406
176300715
176301626
176311336
176314982
176319240
176321378
176331844
176361629
176382571
176394454
176397262
176416088
176416676
176419340
176428274
176436018
176477136
176493841
176494133
176514434
176514640
176530651
176537468
176543130
176545041
176551175
176556682
176574984
176582975
176633365
176647563
176651225
176662149
176668227
176673944
176677733
176681030
176693873
176718718
176719190
176745099
176757389
176758660
176782923
176783204
176792518
176804895
176806778
176808122
176832165
176832909
176869088
176891887
176896976
176905559
176918693
176928867
176938989
176942038
176955792
176957787
176959681
176976185
176987644
176990187
176999348
177001097
177028690
177043631
177066118
177080990
177091866
177092305
177093707
177100869
177125341
177128369
177149055
177155693
177176231
177179303
177189079
177189669
177196724
177199754
177266667
177283240
177292637
177293672
177295261
177304408
177311679
177320792
177323685
177334204
177337952
177341976
177346516
177351871
177354855
177366607
177374510
177411180
177412154
177442337
177454460
177460135
177462120
177474557
177476955
177537203
177540513
177542158
177544255
177580097
177595577
177604242
177611093
177615188
177653039
177654408
177664619
177672442
177674755
177694855
177696910
177714484
177737488
177742001
177749092
177797091
177803325
177811362
177813968
177838606
177840417
177845828
177854160
177862554
177863598
177884015
177885086
177890490
177892907
177903569
177904049
177934395
177946118
177954106
177955137
177965222
177970125
177971511
177976705
177977196
177981765
177992024
177998367
178024493
178038161
178047231
178054385
178071598
178077841
178079315
178080384
178085199
178090926
178098241
178108332
178110880
178110924
178126775
178127059
178134208
178138224
178142775
178163069
178177242
178186785
178214869
178250588
178257162
178259717
178260498
178265227
178282106
178282613
178285800
178286039
178293842
178331381
178366776
178367849
178372220
178374709
178381376
178384005
178398546
178399449
178399576
178405454
178424656
178435189
178448132
178465052
178471169
178481618
178495176
178507162
178516709
178518679
178518904
178528413
178563405
178573047
178589404
178621943
178645818
178645968
178655472
178693431
178698816
178700013
178701619
178721400
178742986
178743231
178759043
178769670
178773177
178790356
178793033
178795543
178813930
178825931
178829686
178834930
178846510
178859121
178872895
178876202
178912797
178918846
178926392
178932821
178940399
178946274
178968685
179009288
179010759
179022798
179033377
179034579
179038678
179045817
179066045
179080986
179085891
179087167
179089171
179100968
179106222
179111106
179125731
179128680
179135498
179169503
179178564
179186216
179238424
179247653
179251926
179279200
179281627
179284500
179305949
179308584
179311733
179321275
179322044
179324479
179324769
179339421
179345996
179346239
179350483
179362012
179362688
179363467
179373133
179377514
179377912
179378536
179406777
179413182
179414116
179425287
179435734
179446178
179492439
179497704
179502054
179524114
179532586
179536461
179546593
179567292
179572798
179576313
179578299
179580451
179594818
179602877
179620935
179622315
179626315
179635733
179649833
179653517
179676191
179690945
179694440
179699937
179720205
179728344
179735194
179736300
179741939
179760074
179793343
179810402
179819137
179819682
179837242
179837746
179847042
179866378
179884321
179889855
179896073
179920329
179939405
179949950
179955449
179958927
180004580
180004865
180005937
180028063
180029305
180044945
180053848
180058649
180064577
180071987
180096768
180103623
180111379
180126195
180135405
180135637
180165958
180167693
180169380
180208772
180230491
180235299
180249022
180263099
180263415
180270349
180277917
180299204
180299714
180300550
180331348
180338898
180355710
180378111
180378189
180379373
180380995
180416514
180472477
180472628
180501100
180502848
180508191
180518739
180530008
180553219
180554159
180562679
180583346
180588447
180595439
180595897
180605204
180615491
180619559
180631133
180653969
180657003
180665735
180667367
180670063
180672559
180683248
180687859
180710804
180717640
180719587
180719770
180720846
180723896
180730852
180739314
180751985
180754612
180769015
180776768
180789446
180793106
180802384
180803793
180812321
180870314
180872708
180876101
180903809
180904999
180910063
180921092
180922562
180935522
180935823
180944250
180952273
180955789
180959188
180966453
180969976
180974289
180982058
180987821
181020059
181036817
181043481
181045290
181048322
181072764
181109157
181116909
181117952
181131742
181142173
181148625
181158179
181159327
181161314
181169993
181178781
181197118
181201361
181204672
181220997
181235456
181239904
181262378
181272311
181315330
181336346
181356520
181398453
181402618
181406265
181409939
181417929
181427928
181429647
181465711
181473060
181475929
181489295
181492346
181493071
181498981
181500293
181517348
181558253
181568978
181575186
181593642
181595661
181601807
181622393
181626031
181626517
181636976
181650779
181665790
181670094
181671293
181674261
181685890
181688445
181707815
181709656
181713712
181722935
181723279
181732241
181732252
181733645
181753975
181767224
181768520
181771173
181771607
181787352
181796698
181806473
181807834
181817639
181829945
181838582
181841293
181847292
181848395
181860167
181867748
181884741
181937042
181952394
181958809
181980453
181994429
182008668
182025416
182026371
182057622
182059343
182064807
182065450
182070314
182077513
182085951
182107390
182112219
182119983
182128523
182153128
182161178
182171725
182172771
182177932
182178893
182192366
182232912
182243262
182259849
182261321
182266323
182277501
182284644
182291692
182306025
182342794
182344877
182349021
182350276
182351011
182360482
182391834
182402549
182418677
182437114
182441707
182448562
182456771
182460638
182462166
182482359
182484165
182486015
182498853
182502795
182504341
182509707
182542226
182551140
182554663
182565498
182571166
182587841
182602555
182607199
182617789
182621146
182629382
182637232
182638926
182646370
182654547
182668852
182671037
182677567
182688842
182692312
182697955
182707833
182712159
182713422
182752598
182769511
182773448
182787272
182799615
182806047
182806112
182822819
182827529
182836970
182851677
182857261
182874847
182877902
182892556
182900813
182911609
182918736
182931894
182946849
182948536
182950471
182953913
182954746
182956876
182975358
182979013
183013280
183020188
183020299
183023398
183033148
183049296
183050195
183064235
183102054
183106221
183123528
183123640
183131802
183163994
183185368
183189925
183193275
183195113
183203968
183213964
183215130
183233129
183241434
183247387
183252635
183252901
183256650
183275596
183279951
183281573
183299743
183351374
183356781
183387920
183388228
183403310
183407566
183420527
183424424
183429683
183439467
183461216
183466678
183494989
183499818
183508246
183522346
183530846
183530936
183533007
183541884
183546993
183548767
183558684
183558840
183589475
183594994
183620511
183627697
183632345
183636871
183678094
183686866
183690471
183693132
183698863
183707402
183723404
183727753
183745671
183753821
183757484
183770128
183770995
183787939
183797856
183816011
183841516
183851381
183855324
183873631
183884582
183921575
183929943
183930768
183951010
183962269
183970392
183972708
183976669
183997637
184001631
184023327
184038031
184044772
184047972
184053736
184055874
184068700
184068918
184070023
184106113
184110743
184123965
184126932
184136628
184148997
184153259
184155324
184162585
184164916
184170631
184190634
184194084
184196307
184215560
184218674
184237402
184247356
184248402
184254913
184261688
184265362
184278901
184318970
184334313
184387032
184398931
184407548
184407614
184416727
184423284
184432344
184446237
184450074
184455033
184471871
184484916
184487814
184488255
184501205
184506590
184515801
184538960
184552609
184554499
184558595
184592790
184607980
184608764
184612915
184620949
184627557
184639288
184677164
184696122
184701077
184714540
184732546
184764784
184791987
184792406
184797793
184800341
184810657
184811190
184816201
184822093
184835147
184840122
184843131
184847188
184848560
184868260
184905297
184918219
184919506
184921170
184921293
184945654
184970207
184973207
184987502
184988917
185003888
185006640
185008972
185024814
185033276
185059880
185063436
185065279
185069715
185071041
185074794
185079204
185084092
185092615
185099368
185105425
185112020
185112862
185129138
185133172
185134109
185148342
185150556
185150718
185172863
185175351
185189558
185194084
185203326
185211134
185231342
185235967
185240631
185262521
185262767
185266401
185266746
185270884
185279309
185292368
185301472
185301866
185303492
185318323
185327632
185336753
185341901
185365539
185396427
185398508
185403229
185415594
185416987
185419552
185420614
185421258
185429366
185441380
185462550
185504134
185509568
185519075
185544593
185559456
185563965
185570212
185573006
185575936
185588543
185603754
185620988
185634080
185638917
185645755
185657407
185657580
185662229
185699695
185699835
185742024
185743511
185743728
185760727
185786318
185788882
185789999
185821878
185825503
185826196
185861685
185871423
185880141
185891815
185912701
185940765
185941934
185944299
185957871
185962855
185966721
185970135
186009837
186015258
186015688
186018770
186021688
186026420
186060581
186063932
186065913
186088247
186105837
186114099
186115683
186116852
186121033
186131071
186148164
186155985
186172463
186187735
186207975
186209980
186210004
186213604
186217310
186242804
186245567
186252593
186253552
186263692
186265974
186298452
186299911
186302472
186311948
186329227
186334186
186340324
186387496
186388080
186399838
186409020
186416918
186420605
186432362
186433228
186439513
186455073
186474010
186483129
186508432
186512280
186513033
186523526
186550740
186555323
186562120
186563209
186590392
186644841
186648270
186650217
186651614
186656437
186660166
186669096
186684019
186700931
186708445
186745206
186747615
186751917
186764650
186770005
186780370
186789382
186799928
186803637
186823994
186829698
186832096
186861769
186865236
186879379
186901196
186911989
186958075
186966907
186966975
186973343
186976465
186986258
186988783
186996096
187004085
187008029
187017319
187017705
187029363
187032116
187034529
187039729
187050934
187056054
187060615
187067927
187079978
187086929
187087378
187117223
187118243
187127859
187130526
187132019
187134167
187137133
187138674
187138775
187139301
187148780
187162542
187170719
187209853
187246900
187252961
187256111
187259693
187262477
187275662
187281092
187319106
187325200
187389497
187395599
187395687
187470045
187478616
187486869
187511115
187532832
187548255
187551906
187557021
187571204
187595792
187597461
187611885
187620569
187627118
187639094
187667968
187675182
187676249
187702795
187746374
187771605
187791290
187806766
187808843
187810087
187871721
187875750
187886869
187905509
187910662
187945266
187952869
187964307
187985309
187988082
188009975
188013048
188014945
188022395
188027821
188027989
188037710
188054848
188055405
188069943
188083451
188084556
188085222
188094598
188108486
188111856
188140317
188143901
188146965
188150402
188162262
188182860
188213932
188229039
188237273
188244944
188259800
188262168
188262640
188272190
188282578
188313818
188314927
188324914
188326756
188335562
188356664
188370935
188377267
188410441
188416431
188421083
188425072
188458372
188459237
188459276
188491341
188518796
188537853
188546933
188553137
188566067
188574448
188598503
188599787
188599874
188603686
188633955
188637482
188640436
188652410
188669796
188707327
188719425
188735795
188737129
188747743
188751034
188765499
188772504
188773671
188774165
188776037
188786491
188792953
188802661
188872103
188883968
188898471
188903747
188920927
188931540
188933889
188956376
188967074
188973374
188994670
188996871
189004521
189014974
189017807
189040972
189045195
189051519
189062654
189067518
189090106
189094458
189095851
189099605
189112133
189136428
189143991
189152060
189155285
189167803
189178143
189190590
189196013
189227710
189242359
189243641
189277852
189278781
189282798
189284588
189286739
189309262
189319421
189326887
189329906
189385296
189390253
189396783
189412354
189438677
189439697
189439934
189439993
189443084
189467906
189500629
189510066
189516048
189517206
189532919
189545113
189551011
189564515
189570827
189577902
189581596
189589239
189595816
189598938
189600824
189608020
189614155
189620779
189622608
189624683
189629138
189629419
189636362
189643029
189643883
189653288
189655624
189657632
189669331
189674825
189686793
189689358
189690057
189709780
189726392
189733115
189736671
189737589
189742843
189797101
189802807
189804322
189817428
189874984
189902215
189918677
189948342
189949383
189959051
189970531
189975369
189987219
190012141
190055247
190083960
190085777
190105678
190137662
190159477
190161944
190169120
190173300
190190627
190215369
190217103
190221494
190223024
190241471
190247009
190247481
190247845
190260027
190298943
190320024
190325789
190328842
190331683
190341091
190341116
190344854
190348590
190362906
190366816
190403313
190417555
190461081
190461563
190464889
190478991
190489263
190490082
190498199
190506682
190514619
190521119
190536250
190537638
190541465
190546339
190546767
190547582
190575667
190580561
190583538
190590319
190628985
190632559
190634075
190665294
190665345
190681001
190690198
190695073
190705787
190709890
190734981
190742236
190757774
190764354
190833268
190870242
190877084
190880310
190901904
190905220
190910849
190915484
190921738
190926627
190927675
190929127
190935562
190953338
190961995
190963877
190972018
190979143
191010002
191021959
191037566
191085365
191088703
191094685
191104564
191115753
191118645
191119177
191126607
191130348
191134835
191135476
191169330
191173617
191179508
191185528
191219702
191223314
191227857
191237917
191238789
191245358
191259206
191267467
191272838
191275629
191278385
191280015
191286604
191289477
191296678
191306466
191307341
191319111
191319376
191330746
191335426
191343402
191344630
191357536
191359702
191370231
191374275
191378156
191380675
191389136
191393019
191394970
191409976
191413493
191415818
191417126
191456389
191460216
191465890
191474402
191474702
191489964
191493358
191507008
191511462
191521136
191534976
191538940
191593791
191604023
191605926
191615384
191617016
191621047
191630816
191649104
191651129
191652735
191655539
191659071
191666227
191693485
191694566
191699245
191718219
191742022
191745625
191752303
191801384
191812038
191820683
191822372
191827759
191840647
191841386
191841889
191845958
191851900
191858413
191866526
191868670
191873752
191878754
191886202
191890865
191893279
191893376
191907542
191909430
191917007
191919916
191921952
191958005
191960551
191973400
191979514
191989328
191996786
192005342
192012090
192016719
192038196
192041208
192048253
192050458
192076955
192079524
192084414
192091665
192095164
192103027
192125284
192130605
192139347
192164274
192164718
192172479
192176027
192180644
192182043
192196686
192199311
192210759
192215582
192238580
192253433
192255735
192257331
192270490
192292495
192301694
192307250
192307959
192313422
192320716
192330824
192344342
192347678
192348062
192367693
192382033
192383096
192392121
192392239
192438472
192440268
192440520
192444724
192478127
192494809
192496495
192509066
192509386
192527423
192542906
192546147
192554778
192563351
192596111
192596265
192597537
192600637
192611488
192630584
192662630
192664322
192681030
192686882
192707969
192713176
192720506
192723219
192744261
192746422
192753993
192755867
192770151
192796336
192800014
192802693
192837246
192861065
192865933
192881662
192915117
192918105
192919292
192920228
192924269
192932571
192942022
192952935
192983994
192986093
192987370
193014864
193016923
193019445
193021594
193023756
193039702
193076036
193077075
193080095
193083862
193086636
193091363
193098077
193107295
193109577
193114590
193115162
193124762
193133478
193139387
193142140
193151854
193161125
193166986
193177344
193180148
193183446
193205965
193206316
193225305
193229998
193231814
193251095
193254730
193255200
193288480
193292782
193306525
193311483
193314149
193314440
193320809
193325886
193335646
193340064
193346935
193354297
193365705
193369307
193374386
193396640
193400565
193416466
193420423
193437083
193437440
193448604
193467797
193471955
193472647
193488060
193492565
193499531
193518238
193542532
193548603
193559521
193571421
193580779
193595597
193605862
193605998
193606220
193623700
193631237
193644315
193646095
193650425
193652726
193658056
193668958
193669413
193711205
193717477
193725355
193732107
193734147
193736255
193754981
193756022
193764408
193777183
193790106
193794576
193810046
193828608
193852398
193854917
193865385
193869858
193881595
193886855
193900362
193907883
193908621
193928686
193932843
193933309
193969026
193975488
193983165
193988184
193994831
193996571
194002724
194022015
194046559
194065224
194075458
194079054
194085316
194091398
194093389
194132398
194134859
194140069
194157544
194212918
194220915
194222863
194235012
194237774
194245316
194246566
194261693
194262168
194269239
194272793
194278664
194302419
194319815
194321948
194329198
194357630
194377968
194413141
194419802
194455672
194462681
194488344
194498744
194507348
194515264
194518916
194527177
194530942
194544622
194545385
194567735
194567788
194586948
194604690
194615443
194633900
194635733
194646803
194650673
194653652
194687205
194693084
194704630
194706321
194714487
194729764
194729955
194732665
194754377
194754400
194763846
194771166
194772534
194800017
194809723
194814820
194825109
194831116
194841156
194846726
194855298
194856686
194857850
194879493
194890213
194892738
194895698
194921915
194924708
194926936
194928396
194935572
194952314
194952639
194957610
194958610
194961869
194970243
194979171
194983573
194986331
194990366
194996988
195004005
195025783
195037411
195046708
195050084
195058666
195061560
195081138
195090819
195094045
195122606
195155909
195158896
195162415
195165654
195171026
195175428
195189587
195209285
195228713
195244951
195255217
195263966
195267310
195272317
195277062
195280895
195303857
195304919
195340653
195351940
195352874
195386937
195400144
195428230
195433552
195435871
195448783
195458974
195459524
195459966
195460628
195468988
195470997
195482370
195487437
195499034
195512397
195524082
195549683
195552640
195559227
195577175
195577875
195599726
195608998
195609449
195612910
195632257
195632722
195636847
195636946
195640046
195641236
195650764
195660575
195678518
195709673
195713427
195743509
195746078
195748106
195750117
195757707
195766440
195766640
195776532
195790135
195790196
195791253
195793117
195793168
195798764
195808910
195815591
195835138
195844680
195858419
195873394
195873961
195881808
195887917
195891019
195899837
195902010
195914279
195920243
195943686
195967682
195984406
195989116
196016136
196020266
196032248
196036201
196040355
196041925
196056740
196058506
196060191
196086220
196092749
196093872
196096538
196117727
196170110
196171540
196174003
196182571
196192673
196204944
196214757
196216757
196222030
196224891
196226307
196245315
196260637
196264137
196264689
196274133
196283863
196288790
196294652
196300311
196325099
196327389
196337492
196378313
196394995
196400878
196425735
196440815
196444289
196447881
196451751
196456955
196458397
196473563
196500108
196505343
196513627
196524774
196552602
196568294
196576121
196580198
196583789
196595339
196605485
196617821
196631998
196669134
196684949
196693799
196718525
196721437
196730430
196730583
196734106
196753765
196759879
196765005
196767972
196788522
196795027
196816610
196819109
196828054
196862091
196884513
196886916
196901347
196932480
196943264
196948202
196982689
196996345
197010546
197031709
197056011
197056452
197078293
197087562
197104666
197106399
197153331
197154063
197156170
197192422
197207416
197216370
197217536
197238289
197247988
197281359
197295753
197312377
197313403
197321999
197329448
197337768
197339574
197351377
197369677
197371648
197384271
197387667
197409118
197410403
197427599
197449101
197453942
197459194
197468726
197483550
197512576
197512589
197513239
197522936
197541552
197577790
197578346
197601365
197607169
197617148
197623285
197639507
197639952
197646884
197652238
197653961
197655247
197674006
197679336
197712902
197724454
197729510
197730281
197731236
197757124
197788542
197816211
197833243
197841867
197859421
197861233
197862162
197863338
197865415
197873000
197880878
197911410
197911518
197919445
197928012
197935812
197951880
197953006
198040002
198049214
198059081
198066960
198080548
198092411
198100177
198114583
198116267
198117496
198135806
198146889
198191574
198191585
198193280
198206650
198211130
198217003
198235860
198238144
198244946
198252793
198260918
198284731
198294829
198306752
198311826
198314951
198338043
198339882
198342188
198361777
198362726
198373407
198380701
198381228
198386664
198395033
198404191
198415850
198418183
198418188
198428964
198439521
198448295
198470694
198485445
198485812
198495801
198509031
198515436
198522542
198530819
198544861
198581505
198595084
198598699
198600794
198606732
198620872
198632197
198632472
198635861
198636620
198655221
198667510
198683867
198706698
198714126
198714620
198732976
198738348
198745048
198763667
198767641
198779169
198785331
198786455
198808286
198813497
198846735
198851968
198895438
198898745
198907659
198931624
198938521
198951170
198953766
198965252
198973887
198989686
198991916
198998703
198999912
199007935
199012468
199016054
199020185
199026133
199071757
199098027
199156122
199158979
199187093
199193533
199209014
199233272
199251941
199256223
199265926
199269285
199269807
199289124
199295625
199303015
199313860
199330720
199339820
199343491
199351114
199359494
199365129
199370937
199388432
199401950
199411900
199416765
199419917
199425317
199432140
199434165
199434564
199435543
199449145
199462778
199463442
199479494
199491372
199503385
199515044
199518333
199520304
199523275
199529935
199536163
199546286
199560354
199576491
199591510
199611733
199614498
199629376
199638903
199641466
199643008
199643783
199648044
199648095
199650021
199650542
199651231
199666307
199677588
199687639
199694434
199698919
199699029
199699834
199703368
199710956
199719090
199722972
199723190
199735962
199739285
199739710
199753754
199753927
199781971
199782974
199784028
199795613
199808088
199808217
199808430
199830577
199838170
199845952
199851501
199852676
199855229
199859955
199860278
199876936
199880858
199890610
199906304
199918877
199927514
199977080
199980795
199982369
199993753
200018726
200028121
200039843
200047455
200048298
200049663
200071743
200072806
200089257
200093275
200100324
200123594
200139965
200151274
200152754
200153812
200156812
200164737
200182299
200199514
200199780
200214406
200215308
200217708
200219803
200223776
200234755
200236658
200249084
200253870
200264500
200295131
200321723
200331696
200344686
200353574
200358625
200365328
200383419
200395571
200410236
200445666
200513082
200522678
200528802
200531561
200531799
200535060
200537600
200580995
200602015
200603545
200649460
200650517
200652231
200658890
200672689
200686182
200699044
200702396
200705993
200728702
200732411
200739538
200740661
200754886
200766020
200805983
200824807
200843893
200844233
200848171
200858358
200859613
200865855
200881076
200881240
200897488
200930885
200956496
200957473
200991498
201042669
201071893
201078020
201080610
201100125
201100558
201102973
201110634
201110965
201112593
201124747
201133693
201137574
201162454
201163288
201168142
201207717
201209761
201210177
201213473
201222015
201225197
201230407
201240662
201257679
201287591
201287755
201299670
201309518
201311378
201313426
201324514
201326921
201346432
201353393
201377292
201385234
201385711
201400010
201418704
201436077
201445783
201461831
201469103
201469446
201472660
201481698
201506019
201533633
201538439
201551660
201560850
201569705
201574935
201575181
201585146
201595967
201627504
201638853
201656448
201682599
201699970
201700030
201710170
201730614
201739530
201750285
201751789
201756887
201765154
201765592
201784836
201785230
201789807
201796526
201807162
201811129
201821222
201823135
201843320
201861456
201862958
201866200
201877713
201880420
201921100
201953199
201956634
201963939
201971766
201989591
202033807
202054961
202094842
202114963
202150387
202174041
202176381
202185082
202192279
202204793
202209436
202212643
202216484
202229610
202230814
202232736
202251870
202255420
202258174
202275544
202290170
202294450
202299321
202329095
202336146
202352489
202356976
202361326
202378789
202385805
202388856
202391550
202400118
202405219
202424446
202432903
202485831
202488725
202492303
202496336
202512554
202514522
202516602
202521537
202524135
202539545
202555607
202566565
202569724
202597562
202610372
202610842
202622474
202628886
202630907
202641312
202649613
202653743
202659526
202670523
202675707
202680980
202694864
202700219
202708204
202717176
202718883
202723710
202727813
202732037
202757423
202758090
202758997
202768801
202785144
202795163
202822044
202845447
202846842
202860694
202862303
202869053
202872380
202877816
202901213
202908450
202913457
202920894
202944290
202952488
202955844
202966966
202976620
202984726
202997293
203004371
203005059
203020893
203024316
203024609
203043726
203043746
203049763
203050234
203078293
203082511
203085747
203175818
203189465
203193975
203194682
203198923
203227918
203242901
203245987
203253253
203256322
203305721
203311669
203313643
203317195
203351277
203355207
203360161
203361293
203371573
203376466
203395517
203440176
203449083
203457987
203463547
203469682
203471347
203500537
203533112
203546199
203547691
203555860
203596673
203629161
203630929
203633612
203639923
203649165
203652001
203658282
203664448
203682106
203683159
203693821
203693903
203714545
203737528
203746034
203757257
203789432
203793365
203793431
203820977
203827831
203830547
203835966
203851551
203855067
203893415
203909591
203913295
203913702
203916619
203916826
203936335
203963326
203965539
203967905
203975812
203976290
203984450
203993137
204002411
204004596
204018734
204034229
204035584
204035759
204047679
204065023
204067508
204070384
204078332
204085721
204101405
204114748
204182320
204183288
204185647
204194023
204208623
204218315
204221643
204258759
204262106
204278646
204296907
204304333
204306119
204332637
204391281
204403719
204406458
204409093
204441472
204446557
204454421
204459617
204466572
204470264
204474818
204480008
204480349
204481415
204493098
204537640
204539704
204555731
204562794
204564077
204564600
204570358
204576443
204581986
204587337
204601555
204612602
204634134
204637738
204645156
204652203
204658516
204665942
204674407
204702379
204703185
204707016
204708321
204709683
204723294
204751712
204752961
204753255
204754945
204755713
204771690
204781931
204793472
204803480
204828772
204863080
204867834
204904556
204907198
204913053
204943120
204950125
204965739
204974193
204984512
204985696
204986316
204991768
204993953
205013716
205024910
205032719
205040414
205041739
205049796
205084644
205088302
205089280
205102457
205110200
205118236
205141875
205157610
205162090
205174063
205184455
205186605
205192898
205206277
205209989
205233310
205236277
205237771
205254302
205256459
205275875
205278531
205286998
205298423
205304013
205307203
205308766
205312496
205315689
205324950
205329818
205340326
205343634
205361446
205363373
205374115
205388001
205392761
205395882
205399639
205401303
205416252
205418903
205428310
205428912
205436566
205442432
205453982
205493642
205495823
205497496
205497654
205504900
205509985
205542705
205555208
205560707
205577972
205580117
205587567
205631759
205633221
205637442
205676957
205687869
205744765
205756685
205757022
205761292
205782836
205795932
205841696
205851527
205868224
205884144
205900116
205901761
205904164
205909233
205909520
205918334
205921650
205934169
205946932
205949416
205952516
205953396
205954362
205957531
205972289
206009864
206021917
206024032
206033485
206058604
206069363
206074894
206077135
206082723
206092267
206094948
206101376
206113042
206120160
206120841
206125185
206138873
206150113
206173600
206175205
206202888
206204556
206229660
206240635
206247765
206251360
206256787
206261930
206267972
206270534
206295743
206303742
206306871
206318791
206322583
206324832
206330218
206333772
206338190
206343493
206345328
206358411
206377547
206389391
206389991
206395854
206396662
206406891
206423759
206439328
206449277
206469382
206471054
206476810
206510496
206525982
206526983
206527924
206541573
206542273
206553650
206567878
206586894
206599572
206600782
206604678
206607233
206627088
206662452
206674408
206680495
206682695
206683534
206688847
206693002
206712317
206743335
206751631
206770220
206786686
206789428
206812861
206814757
206841877
206851250
206885396
206886481
206896971
206912282
206914436
206970988
206988957
206995202
207005979
207025119
207025635
207031860
207042427
207054450
207055626
207084545
207094318
207108066
207116122
207140847
207157982
207158484
207167405
207168309
207175489
207176533
207177773
207186712
207196099
207211936
207222656
207237944
207271016
207271387
207272303
207281841
207285717
207307048
207307891
207311861
207326918
207327770
207334209
207334396
207354381
207356873
207360069
207396351
207412927
207420357
207428173
207434740
207435699
207445622
207454602
207455933
207467229
207473835
207507023
207511636
207528812
207540359
207541361
207559113
207559630
207564270
207565393
207578918
207601157
207601194
207612045
207617308
207630733
207631930
207637205
207657337
207681665
207695032
207701236
207718598
207721888
207737373
207738599
207768885
207785628
207789324
207790838
207793107
207797032
207797373
207804085
207814604
207817721
207818349
207826184
207845316
207852760
207856341
207863578
207865201
207869953
207889411
207889510
207892039
207903377
207922570
207931343
207946427
207969629
207978205
207991121
208003123
208020351
208021229
208023365
208024019
208030055
208031825
208039576
208046673
208051387
208066541
208072169
208083928
208089157
208093172
208093989
208097964
208115266
208120713
208129678
208133846
208144399
208151313
208164329
208179862
208184505
208190659
208191058
208283061
208284564
208286581
208288149
208295220
208312473
208316424
208322573
208335739
208337684
208347029
208358519
208362211
208372889
208391624
208396458
208399847
208404999
208428059
208432833
208435076
208476499
208495018
208506398
208526298
208545314
208548378
208559332
208565844
208566703
208580771
208588961
208600949
208611799
208617598
208619374
208636261
208639046
208642288
208642397
208649898
208659327
208667017
208675611
208676949
208694616
208707416
208714190
208719774
208730971
208745954
208752355
208765053
208781691
208783152
208790234
208794672
208795024
208795683
208797715
208803813
208824777
208876442
208888400
208891395
208895340
208903733
208903800
208935036
208972009
208977292
209036809
209043704
209051970
209072841
209074097
209077383
209078549
209113297
209114841
209150763
209167856
209173484
209182789
209198521
209204113
209208819
209222164
209222293
209224759
209240569
209242815
209247132
209258721
209269151
209279313
209282703
209293166
209342630
209359540
209362976
209364482
209384580
209387484
209425534
209431830
209436972
209444320
209456277
209457543
209473009
209477334
209479335
209487024
209494825
209502145
209512597
209523883
209525758
209552190
209553773
209573204
209581107
209581240
209588439
209620755
209627367
209640745
209666650
209672041
209685896
209691137
209691392
209693470
209699175
209708350
209712343
209733496
209733707
209738235
209750621
209755107
209759874
209834043
209863875
209886537
209908266
209948218
209951275
209967393
209981729
209988404
209998359
210002298
210022477
210046361
210075213
210085815
210094923
210129809
210136098
210137737
210142633
210147664
210154971
210163476
210171922
210175624
210179222
210233519
210240210
210263555
210270222
210274547
210283891
210289506
210289649
210298930
210310529
210312539
210325897
210326096
210331409
210332530
210352300
210365404
210375759
210403065
210417327
210441916
210447210
210474778
210487202
210492968
210493359
210501536
210515887
210521044
210535363
210541736
210545471
210555154
210562600
210564588
210584944
210588428
210594538
210597744
210600713
210615788
210635519
210636054
210652573
210661006
210661302
210662517
210672815
210684130
210688006
210693089
210704213
210722101
210738300
210766150
210766736
210786823
210787944
210789013
210804719
210804987
210838981
210849928
210852711
210853827
210856914
210881903
210913923
210921231
210942378
210956222
210963756
210967254
210970429
210991122
210995953
210997788
211002207
211003931
211025332
211044063
211047204
211055211
211056259
211056659
211062748
211064959
211065409
211075292
211098365
211099748
211104423
211105303
211112140
211113015
211117987
211130798
211143626
211150326
211158516
211162028
211175044
211181338
211186378
211197719
211200065
211206155
211206710
211210510
211210520
211219835
211233977
211234699
211237273
211243163
211263628
211276571
211287082
211287287
211290115
211292639
211303809
211315581
211330147
211339077
211349680
211385093
211398967
211405466
211418151
211428534
211443220
211454804
211463093
211465461
211487500
211490429
211501929
211506542
211513578
211527234
211529677
211535373
211542396
211545386
211546988
211560562
211563512
211563796
211564001
211585168
211589418
211595366
211605405
211608464
211609187
211645792
211670419
211673497
211679755
211680203
211685504
211689961
211707317
211711364
211712272
211713959
211720139
211728833
211729328
211742306
211746887
211750361
211753221
211765215
211775309
211789319
211792957
211800574
211806204
211813881
211836304
211854803
211856500
211856963
211880546
211893973
211907411
211932704
211951163
211951376
211970497
211975801
211985373
211997476
212003189
212063008
212073431
212077373
212082742
212083468
212087262
212117542
212120117
212125018
212141693
212156464
212165159
212170565
212207790
212213314
212217396
212225122
212231925
212237618
212245231
212248366
212270093
212289464
212298472
212305932
212311994
212378257
212383951
212387299
212388186
212400249
212412490
212425726
212429331
212444195
212459596
212473799
212474069
212483677
212490092
212493947
212506108
212512132
212527973
212571624
212595142
212600407
212618228
212636896
212672669
212676835
212719142
212725257
212732867
212735475
212740629
212742753
212745427
212751070
212786941
212813923
212821485
212831461
212855407
212857293
212874075
212880259
212883972
212892504
212895770
212907917
212911699
212913056
212928005
212928092
212942204
212951231
212953595
212960207
212976420
212981892
212985631
213004586
213019922
213028285
213035336
213037051
213056784
213069500
213070482
213084384
213085106
213103109
213114483
213118245
213127907
213131259
213145066
213149944
213165154
213168145
213180995
213186964
213200915
213216323
213222850
213228781
213231002
213233077
213236574
213271484
213284716
213297712
213308660
213318416
213335870
213343043
213345382
213347115
213359644
213367913
213372232
213376472
213381936
213398535
213405265
213405477
213414387
213433619
213448357
213448858
213460123
213460168
213469448
213472736
213477646
213479405
213489521
213493323
213494401
213499215
213508671
213509614
213510091
213513162
213515088
213516657
213541110
213553326
213564995
213568163
213569260
213609436
213642910
213644132
213644278
213655669
213659805
213672687
213682407
213694326
213707180
213707859
213708994
213726502
213735515
213737734
213754667
213754932
213761008
213761678
213770216
213772270
213774411
213792819
213806479
213806553
213812664
213816755
213832190
213837291
213837754
213885667
213887977
213920272
213925473
213934076
213941582
213946376
213981630
214003371
214010470
214021310
214029482
214054839
214059312
214063265
214065173
214090667
214091925
214095154
214099793
214109044
214115328
214121549
214126546
214130733
214142988
214148335
214158747
214171411
214177485
214178107
214187630
214189132
214220392
214239277
214241117
214243843
214244871
214316771
214323793
214349910
214368444
214394041
214396307
214397415
214403385
214414763
214415339
214424673
214426770
214427107
214433385
214436510
214463655
214470831
214476296
214488670
214497197
214501308
214506082
214510939
214524401
214534006
214540012
214540201
214542139
214565707
214586602
214595029
214600804
214623725
214624312
214675599
214681671
214718527
214731475
214746437
214756024
214759076
214759513
214760235
214773346
214782713
214785722
214795009
214800992
214803502
214803592
214810536
214843374
214862563
214864604
214866674
214873630
214878307
214885951
214892080
214918156
214933135
214967062
214969330
214971331
214975842
214980473
214992840
215001954
215008501
215014141
215018451
215032218
215032931
215046212
215063150
215067489
215067649
215080258
215109717
215123544
215134519
215137552
215143065
215153268
215169365
215198306
215203452
215218075
215228167
215260639
215261248
215262783
215283709
215299801
215305362
215306486
215307032
215321517
215326429
215327959
215343446
215349041
215360062
215368395
215369107
215382077
215385521
215401194
215435830
215438481
215486751
215492132
215503133
215503666
215511148
215514311
215523579
215586013
215590036
215638209
215656706
215662640
215664744
215676963
215679091
215683883
215691353
215701801
215708181
215720236
215736909
215753345
215761245
215800057
215810799
215814661
215816913
215846076
215851896
215857216
215860358
215860424
215867115
215880044
215892145
215894839
215938843
215941555
215947667
215961607
215980728
215992173
216000155
216028291
216036702
216061697
216064118
216109353
216124339
216129191
216131414
216132896
216136801
216143026
216146904
216147621
216149554
216152110
216171708
216208589
216219009
216224346
216225193
216231495
216235031
216236260
216245688
216260857
216261929
216264854
216285425
216290214
216334481
216360007
216372192
216374666
216392372
216403078
216427192
216433269
216438383
216442636
216449051
216451598
216461979
216473478
216481969
216502070
216505931
216513944
216540611
216573570
216573741
216590756
216599704
216600325
216605618
216613446
216631004
216634351
216656610
216678471
216680584
216681070
216717429
216720713
216736424
216737941
216744722
216749832
216764386
216803788
216806101
216826524
216831655
216840612
216861239
216865978
216868928
216872974
216885414
216898038
216904769
216911431
216920936
216928828
216946391
216973873
216975916
216987131
217009071
217013934
217014379
217019823
217039026
217047114
217050836
217055353
217061533
217064703
217068791
217073252
217095398
217099245
217102909
217146195
217148727
217151487
217197323
217204691
217207824
217246454
217248294
217252797
217267673
217287758
217310921
217327654
217334265
217354398
217364882
217367561
217368557
217376584
217385230
217389518
217406069
217409268
217433618
217434402
217443512
217447730
217452106
217466784
217488164
217490603
217495940
217507346
217519326
217528515
217530718
217538356
217550590
217558212
217562810
217568115
217570399
217602067
217608893
217615677
217627899
217637356
217643949
217670714
217670731
217672038
217674050
217680794
217681746
217722250
217759043
217780113
217784354
217791475
217802473
217818387
217819917
217840291
217860608
217889380
217895620
217901332
217912751
217921988
217928011
217946746
217956042
217968237
217988589
217990380
217999644
218032722
218032796
218047131
218052503
218062933
218076915
218098815
218100318
218114335
218124230
218156414
218217710
218222131
218231219
218240668
218263197
218267619
218271629
218273587
218275739
218275980
218287967
218307596
218307609
218311116
218312095
218348364
218357887
218360196
218382548
218391897
218392839
218404168
218414619
218431129
218435123
218441447
218451048
218451964
218458357
218465947
218507640
218512531
218532973
218565895
218566435
218582751
218582966
218596078
218604043
218605590
218620474
218624312
218630371
218630612
218635361
218651131
218660874
218669056
218674903
218692436
218701828
218708192
218711280
218716981
218721395
218726534
218732386
218742352
218760469
218772436
218783286
218784730
218787027
218803416
218804479
218811567
218834932
218842240
218848039
218870670
218895281
218915465
218919500
218944042
218947859
218951910
218961168
218983816
218991439
218995764
218998115
219003337
219024529
219033240
219036703
219042443
219048516
219053942
219076989
219086697
219091930
219093300
219104734
219114880
219121256
219121759
219127539
219133104
219139990
219147763
219167246
219191277
219201981
219213917
219219966
219231338
219233359
219234343
219234794
219254113
219263516
219272533
219279749
219280168
219280449
219280947
219282255
219286242
219288758
219304920
219313066
219325364
219336803
219348867
219376270
219381142
219403826
219404833
219410342
219427107
219427776
219440435
219447655
219449962
219509223
219528728
219534778
219537433
219540798
219541634
219542240
219547783
219548978
219566257
219573195
219578711
219583661
219588380
219624094
219625722
219650409
219673579
219678540
219680585
219683250
219716999
219722164
219722559
219728214
219733322
219738202
219740585
219753286
219768106
219783687
219785339
219801648
219804236
219804929
219808052
219821305
219826170
219837246
219851058
219853969
219903727
219904115
219943923
219959903
219960015
219969071
219977021
219978709
219988271
219993275
220006009
220014285
220036826
220054751
220060166
220095954
220099180
220108608
220108798
220122446
220123516
220123786
220165067
220165491
220186925
220197987
220198904
220221413
220233451
220239023
220248852
220251553
220270194
220323784
220325908
220326003
220332080
220332175
220334169
220349843
220354707
220404798
220418869
220424672
220436633
220442734
220443623
220449165
220461699
220463997
220471116
220471759
220481075
220490376
220491231
220493157
220516885
220530296
220544735
220560762
220595465
220600658
220612950
220627451
220633917
220658432
220660232
220668053
220687395
220700028
220728898
220737281
220745032
220755716
220767309
220783274
220808096
220828215
220859796
220872455
220872930
220892500
220922158
220926339
220928027
220954466
220964036
220967559
221024255
221034670
221038237
221039665
221049111
221071402
221087334
221109924
221114426
221121206
221140672
221145937
221148368
221162918
221170012
221171511
221184669
221187425
221234178
221234407
221236245
221240963
221252106
221254673
221263601
221274335
221277392
221281235
221282182
221299276
221311999
221315159
221346790
221354423
221359167
221361721
221363167
221363456
221364115
221369777
221373635
221390108
221404290
221419903
221448290
221449728
221455246
221468212
221470872
221471418
221471748
221492806
221497959
221503228
221507276
221507389
221510485
221518337
221526664
221545556
221556328
221556610
221622079
221637052
221644016
221659313
221663858
221682900
221693387
221702963
221709233
221709531
221712290
221715958
221732750
221735034
221743507
221747189
221751134
221751539
221769205
221775446
221786092
221788021
221816568
221831886
221846280
221882723
221921637
221921852
221932996
221946456
221949628
221952544
221971712
221985214
221989335
221998946
222010851
222011423
222019819
222036052
222040162
222084116
222094021
222099690
222110425
222115471
222115674
222129294
222144265
222150814
222161027
222170645
222173803
222180575
222200261
222218125
222222863
222224970
222228861
222232148
222240004
222244867
222257786
222270746
222274988
222297538
222305049
222324144
222339491
222358830
222380828
222386573
222387966
222398023
222408145
222420433
222430699
222447395
222469180
222473359
222482776
222484298
222486064
222486099
222496329
222533917
222540296
222544813
222546443
222549296
222565699
222568046
222572369
222598359
222599141
222604100
222614358
222638347
222647387
222647420
222651220
222662138
222687956
222711909
222713028
222735723
222739661
222743744
222748937
222780126
222806920
222812127
222814606
222816745
222823812
222830671
222832026
222834310
222850979
222859871
222862205
222863022
222905804
222906522
222911787
222919546
222919848
222940071
222953761
222959372
222961716
222963273
222996806
223003217
223006695
223010619
223050786
223054313
223060688
223091305
223101351
223108861
223108906
223121947
223127544
223140781
223143426
223147327
223168063
223194162
223196192
223207895
223208785
223224179
223226417
223229194
223252951
223275605
223295539
223310277
223322398
223343116
223346509
223347164
223357368
223361093
223362831
223367420
223383326
223388017
223397880
223402507
223413374
223433555
223444567
223449798
223454455
223495389
223496849
223518687
223539957
223550194
223557099
223565733
223587725
223591755
223625046
223641660
223641707
223654299
223671380
223683441
223747629
223761258
223766732
223803152
223810159
223810764
223814710
223823953
223835171
223845314
223869260
223872903
223883368
223895917
223910955
223923484
223933487
223935573
223942577
223944529
223981877
224042549
224044053
224059230
224082911
224089497
224090810
224107318
224109690
224113481
224128690
224131541
224153010
224153672
224155959
224161803
224162932
224165032
224167105
224178366
224187859
224198402
224232833
224234509
224248754
224261209
224263323
224272245
224326667
224327274
224340943
224367474
224374080
224378935
224387313
224394055
224397283
224425757
224459438
224462058
224462469
224481410
224486666
224490503
224507578
224535021
224552885
224578373
224579749
224608251
224611276
224637618
224652761
224690279
224702580
224704057
224707227
224719370
224742761
224755987
224764037
224786388
224787693
224805613
224812747
224821058
224838620
224850060
224867481
224882526
224885232
224898849
224909408
224922125
224936635
224949229
224952061
224955429
224993247
225004285
225006123
225007350
225017338
225021101
225024111
225043318
225053567
225059058
225088656
225097851
225099761
225100343
225106371
225121495
225128208
225137396
225140279
225161043
225167476
225251531
225265985
225292330
225296373
225361776
225366174
225408846
225416328
225417212
225423089
225429235
225430562
225440584
225445154
225450025
225450101
225453276
225462363
225507791
225508148
225562413
225566739
225570111
225579173
225600411
225629972
225637494
225640987
225643286
225645604
225661363
225710485
225713105
225715712
225721697
225727670
225728907
225730697
225739874
225767694
225788232
225799694
225800023
225810523
225824232
225825007
225831170
225831856
225897150
225901212
225904146
225920607
225926075
225929524
225934856
225953475
225955691
225982973
225983474
225987147
225999962
226009166
226043783
226075763
226080012
226081346
226097471
226111355
226116687
226119987
226134146
226144788
226159286
226167873
226176653
226212134
226221730
226227772
226252865
226289253
226292674
226295430
226298228
226328304
226344771
226361215
226373671
226378517
226386712
226387644
226395563
226403095
226416893
226417486
226437209
226483287
226491243
226501623
226524845
226525841
226536789
226546312
226548832
226552906
226557706
226560153
226595158
226610429
226613410
226613576
226630017
226637733
226639832
226644467
226648034
226662362
226680713
226697757
226715935
226716229
226722046
226726853
226734608
226738436
226763723
226768415
226780743
226786302
226792219
226793298
226797706
226800148
226836287
226843316
226843560
226844987
226851017
226854976
226856082
226856141
226859104
226859960
226860242
226864723
226865160
226868123
226872290
226880303
226883991
226885389
226888235
226892431
226897203
226898602
226918476
226918627
226935552
226939718
226960786
226965588
226981799
227001976
227008800
227020595
227028276
227048058
227057768
227076869
227078206
227085937
227086537
227108941
227133075
227135224
227139052
227142273
227155345
227162662
227169895
227174825
227174915
227176612
227184915
227217805
227221671
227235511
227242325
227251985
227284455
227292953
227295412
227298193
227300170
227302354
227319569
227332431
227341591
227356816
227367657
227368135
227376156
227380042
227380526
227402441
227405375
227412361
227419573
227501839
227509185
227510762
227515981
227526127
227528511
227531947
227535356
227539314
227542394
227551591
227554919
227578822
227590599
227635396
227640004
227646489
227666368
227670650
227681342
227683685
227696299
227702978
227712697
227714447
227718894
227719862
227733991
227775426
227779518
227808794
227810433
227816468
227822199
227824799
227825946
227836754
227838646
227842377
227843481
227844709
227861796
227873028
227873029
227886168
227887369
227893411
227922389
227931350
227936158
227948598
227951921
227997264
228007722
228014636
228018689
228023905
228024178
228027273
228038674
228051131
228065496
228088938
228089253
228094061
228095886
228100079
228106376
228106773
228117578
228128120
228130623
228136569
228156477
228166109
228177730
228188485
228188887
228206678
228207267
228215565
228218294
228227172
228231639
228254228
228265969
228277089
228287608
228287928
228308568
228308825
228329065
228340040
228358925
228384048
228386667
228392018
228395137
228398526
228403755
228415884
228426494
228443927
228446292
228446674
228456628
228460989
228467263
228469552
228475172
228477266
228477280
228482569
228502401
228506251
228516763
228520268
228542832
228546093
228549908
228552911
228559739
228562643
228578975
228581712
228602379
228603333
228608423
228618234
228634784
228642976
228644239
228649483
228669772
228678943
228707259
228720650
228722649
228734938
228759609
228773105
228790034
228797373
228797614
228805138
228821180
228831904
228836640
228862981
228883407
228892992
228931630
228931740
228943499
228943540
228947049
228949137
228989558
228990883
228998731
229004662
229007011
229016735
229044119
229046438
229068187
229076878
229080098
229101051
229103735
229107124
229120880
229132047
229138051
229148341
229163747
229165777
229169682
229172623
229175260
229188013
229192143
229195478
229209371
229212362
229222501
229236794
229243126
229243151
229270722
229290461
229301281
229325553
229334079
229338331
229381634
229390449
229400543
229410317
229416702
229417127
229421717
229429988
229435815
229435908
229440874
229444448
229450800
229458977
229461900
229480405
229488005
229493566
229506201
229525632
229530110
229532855
229534848
229538016
229592344
229609484
229611073
229614592
229618779
229633661
229634113
229636304
229647004
229662175
229662428
229681379
229684969
229699988
229707873
229708994
229713737
229722304
229734199
229752819
229764000
229772916
229791863
229799063
229809169
229830052
229857139
229875871
229885413
229920037
229930477
229965555
229966422
229987313
230000789
230001538
230003481
230003540
230008353
230010261
230011836
230012105
230013813
230021227
230026010
230069209
230069949
230078164
230082934
230096563
230104852
230108704
230112411
230119833
230122429
230155894
230169640
230180282
230182034
230187107
230187543
230208401
230213074
230214463
230214863
230215927
230229927
230239029
230240497
230246259
230247737
230275415
230293966
230294214
230304035
230308921
230321156
230335716
230345470
230346406
230349739
230354928
230357797
230378085
230388065
230394376
230407716
230410397
230415512
230416670
230424895
230454508
230468884
230480823
230488877
230528969
230552537
230554479
230572113
230590429
230601776
230605560
230623739
230628380
230629761
230633173
230641058
230645990
230649602
230677677
230684288
230694367
230695940
230698716
230718416
230720123
230741776
230767948
230771645
230781846
230802888
230828360
230839510
230874159
230874807
230885803
230902231
230902911
230907753
230912380
230917006
230925258
230926982
230929550
230939954
230941228
230963516
230965856
230978970
230979229
230984338
230993919
230999581
231010455
231023068
231033768
231060192
231066483
231083933
231086536
231087849
231090924
231097277
231103183
231107659
231110066
231124792
231136225
231144174
231147620
231151924
231171355
231182445
231188815
231223469
231239165
231248550
231256888
231294624
231305846
231331738
231344392
231347996
231351635
231360713
231362375
231366761
231370626
231376177
231382262
231388473
231389740
231399610
231400849
231402708
231419041
231420997
231438102
231443510
231446513
231452491
231482371
231484971
231506653
231509553
231523976
231557898
231561824
231573854
231586369
231607784
231609454
231648724
231658537
231661612
231706163
231725887
231726698
231727440
231731473
231735151
231757047
231759239
231762917
231766735
231777837
231779167
231779220
231780090
231796578
231809716
231810951
231816630
231829085
231832125
231876370
231876766
231898714
231909959
231937408
231940032
231961695
231972354
232004162
232020067
232038114
232078570
232086081
232094864
232117223
232129454
232143617
232159590
232164807
232168169
232171531
232196895
232196972
232197645
232200094
232203901
232207405
232224428
232228440
232228889
232229511
232233149
232242710
232293537
232298372
232311205
232315762
232318065
232318567
232350391
232351692
232365366
232382499
232392331
232394119
232395808
232403252
232433773
232436882
232459869
232471124
232502077
232510973
232513762
232517901
232518367
232530021
232531781
232554570
232568575
232572233
232581645
232587865
232598581
232614741
232615786
232640079
232653911
232662371
232686234
232700212
232702000
232705215
232715570
232731533
232732529
232742117
232766187
232779637
232785214
232803691
232804988
232816485
232820387
232826646
232829327
232839354
232839618
232842507
232847739
232850979
232865466
232880414
232883595
232884268
232884827
232889264
232894961
232899851
232905706
232907731
232918998
232935877
232941227
232966178
232975541
232979493
232984930
233012061
233042379
233059696
233079119
233083204
233087747
233094624
233095357
233097167
233124614
233130313
233136092
233163646
233176215
233188378
233194129
233195755
233196314
233202637
233233082
233278154
233283955
233291050
233295257
233326142
233342721
233343768
233351889
233354053
233356265
233379722
233384931
233394841
233407318
233408035
233410367
233423002
233444089
233460639
233466670
233466725
233485379
233492933
233518397
233519994
233523282
233527115
233530940
233536606
233541528
233567581
233585144
233588072
233603296
233605995
233611392
233612289
233629875
233641376
233651178
233655676
233666957
233676545
233677980
233681317
233684182
233689448
233703641
233718467
233720237
233721039
233739868
233740083
233740499
233743434
233746131
233754288
233767342
233782866
233783193
233787974
233825224
233853134
233877817
233886892
233891288
233901555
233928159
233929721
233943422
233962313
233964547
233972597
233988994
233996304
233998065
234002187
234008498
234015737
234018208
234040709
234045486
234046205
234066791
234080893
234080944
234103532
234117615
234142048
234147342
234161195
234171801
234183039
234191054
234195116
234201176
234217458
234261033
234281344
234283901
234286457
234300544
234313433
234317361
234322367
234328790
234332562
234335788
234343063
234344669
234346864
234349768
234357402
234379100
234385850
234399497
234410176
234417920
234421872
234440977
234443328
234451979
234452910
234453548
234455576
234467566
234471279
234475740
234497730
234514102
234525837
234565763
234587138
234591442
234591634
234592340
234594890
234611604
234621057
234627655
234648289
234657794
234684522
234690799
234697350
234713288
234723709
234748915
234750068
234760307
234775307
234777841
234804715
234813155
234818405
234818553
234820481
234859739
234877552
234889259
234890528
234894309
234895023
234900907
234905007
234909130
234910389
234914500
234921109
234941650
234966237
234969001
234976281
234988315
234988831
235000422
235001406
235017282
235017476
235018898
235051766
235053306
235085494
235091643
235101609
235104826
235121536
235125749
235146951
235151778
235153541
235169830
235188075
235194113
235199337
235199790
235264026
235267314
235268239
235274092
235278521
235281590
235285589
235286346
235290990
235296400
235301627
235302224
235302281
235310232
235316834
235355271
235359441
235375381
235381131
235393755
235424601
235453519
235475013
235480954
235482105
235496020
235502018
235513643
235515655
235515744
235525780
235580447
235601013
235612680
235612922
235622356
235626218
235641183
235669892
235674887
235688042
235688360
235703930
235718437
235723832
235728241
235731913
235761470
235781682
235790835
235797580
235805183
235805727
235806518
235811319
235822320
235826622
235834064
235839395
235865464
235877872
235897091
235918919
235923035
235938181
235938862
235952438
235954663
235954992
235961211
235971585
235985143
236000597
236008987
236022241
236023257
236025402
236077087
236092059
236094996
236099046
236100688
236102376
236113323
236127879
236135418
236139284
236158317
236179802
236183139
236186091
236188355
236193564
236195529
236200533
236200744
236219646
236231283
236233050
236233086
236238673
236253276
236260445
236266131
236268108
236293084
236294723
236321495
236343261
236355686
236364348
236374216
236394282
236401307
236402691
236403990
236406502
236426601
236428035
236435318
236449314
236464445
236471829
236488709
236494123
236494659
236506966
236510440
236510930
236518073
236520021
236526301
236536747
236546388
236550682
236551825
236570502
236573110
236576882
236603235
236626787
236630926
236641820
236643698
236645193
236647923
236654842
236665406
236666657
236667406
236700497
236706587
236710867
236723925
236729726
236733902
236740027
236760094
236761912
236770429
236780288
236782297
236783008
236798644
236824446
236824506
236837136
236838338
236839405
236844630
236845236
236846720
236851521
236857183
236873682
236876164
236877149
236882730
236910585
236910817
236912728
236924959
236937080
236952214
236969011
236970297
236971556
236999243
237017079
237023236
237027919
237031916
237042988
237049561
237057239
237071047
237089608
237113881
237127367
237128984
237129559
237134730
237139371
237154981
237164611
237165480
237178482
237228519
237235146
237238635
237250473
237253357
237272640
237278870
237279729
237305425
237317917
237325746
237340628
237344688
237352850
237391635
237402524
237403138
237408886
237413327
237421954
237428875
237447887
237461964
237481632
237489033
237501485
237501546
237526017
237551686
237557479
237559793
237565092
237589714
237592787
237606324
237610846
237618907
237619019
237626451
237628639
237657347
237657553
237663759
237678320
237692603
237701274
237701976
237736072
237742838
237745009
237751337
237753262
237768380
237773244
237784391
237785089
237787775
237788071
237798708
237819282
237859471
237904605
237930216
237948028
237968588
237973999
237989163
238011247
238028129
238028798
238029902
238035845
238041742
238045394
238052441
238057404
238067653
238088622
238093486
238099901
238102661
238118594
238134185
238147629
238180772
238193714
238193994
238195376
238198535
238209413
238212659
238221822
238239441
238240269
238241205
238281559
238281830
238286244
238297796
238325430
238354665
238356625
238357608
238380339
238382674
238399124
238425111
238435422
238436393
238456885
238459201
238467416
238472674
238485887
238493305
238548216
238566679
238567491
238580724
238583183
238586167
238590869
238598154
238617689
238620188
238622472
238640218
238643372
238644302
238650790
238660753
238684277
238689931
238693375
238694415
238715200
238719874
238739916
238745672
238753024
238780645
238782427
238788812
238824447
238855711
238857241
238891256
238893798
238936250
238942757
238944031
238951739
238952692
238970704
238972523
238985170
239020828
239026640
239027678
239053942
239057105
239066725
239079110
239091434
239098500
239110064
239112423
239115453
239117082
239123036
239124464
239149611
239158002
239158548
239185014
239234776
239247336
239254652
239258185
239260202
239262891
239265032
239265334
239281582
239282925
239286310
239286668
239289079
239309147
239309997
239323694
239336256
239351886
239396900
239397849
239407791
239412511
239413118
239415227
239416660
239446817
239467949
239472100
239479441
239487515
239490093
239501389
239502778
239514096
239518213
239519712
239534071
239550504
239555254
239557074
239594727
239607919
239612874
239613256
239627789
239629055
239655934
239658232
239669400
239680986
239701036
239706846
239718215
239727593
239731688
239750495
239769607
239781007
239798691
239819850
239826995
239846621
239863598
239865779
239876893
239886797
239887588
239890613
239899543
239911079
239912206
239913183
239913843
239922806
239939631
239960981
239961982
239967543
239980236
239984584
239987162
240012915
240015822
240027288
240044391
240049455
240062954
240067344
240076427
240079652
240133647
240147309
240148314
240149508
240153424
240186385
240188545
240211568
240221659
240227414
240233054
240258327
240267836
240295568
240300533
240335180
240345165
240347773
240360620
240368020
240370916
240393704
240395561
240437430
240443714
240446043
240450700
240478511
240484708
240491000
240504983
240508062
240510430
240517096
240518751
240522878
240527519
240543801
240569924
240570246
240591634
240602049
240609789
240630298
240631968
240649933
240656600
240661725
240665099
240672951
240679969
240686676
240691409
240717206
240733755
240739362
240739515
240741784
240743629
240744081
240748004
240754575
240767002
240771575
240774862
240806670
240813434
240814376
240816943
240824591
240836529
240839882
240847666
240879943
240881655
240896736
240909103
240923089
240924544
240948617
240958072
240971157
240972246
240988766
240993205
240997929
241006680
241010636
241025321
241047137
241058253
241063312
241064942
241081571
241087073
241095121
241098035
241109286
241110967
241113917
241125196
241127236
241140879
241141234
241154526
241155946
241160139
241181251
241181963
241182167
241183418
241190185
241196953
241217275
241229922
241230419
241259518
241266362
241268618
241274683
241282676
241285733
241303933
241331381
241333824
241355217
241387985
241393165
241393841
241404457
241409703
241443412
241474003
241489242
241505631
241525243
241548969
241599012
241613195
241642863
241645171
241671515
241674584
241679236
241685816
241686700
241697344
241702741
241712898
241716787
241741486
241751906
241757976
241770728
241784245
241802453
241875178
241894222
241903704
241915273
241951322
241961320
241968769
241981708
241982199
241989229
241993885
242015534
242029983
242036184
242046790
242057339
242076342
242083185
242089973
242095535
242114794
242121978
242132701
242139150
242144790
242152230
242158272
242160307
242181560
242184240
242196240
242201407
242226952
242230901
242233683
242236079
242237119
242246897
242255404
242262915
242271611
242286894
242287065
242293708
242293802
242307034
242316239
242334329
242335588
242346830
242355057
242360696
242418581
242418995
242460557
242461124
242462551
242468059
242487452
242495896
242499283
242520724
242532783
242537688
242544385
242565227
242583568
242593746
242607555
242625919
242630186
242650480
242650867
242653876
242654809
242678451
242691871
242702854
242707138
242709421
242718107
242730176
242735878
242754677
242787919
242789267
242792312
242795484
242808139
242811116
242820043
242820299
242822581
242835392
242841108
242850856
242864949
242885136
242895565
242895638
242896538
242899684
242930953
242940327
242944275
242950939
242961611
242975027
242979491
242981486
242986835
243031528
243051228
243063205
243076369
243089771
243094216
243117289
243117313
243118573
243123844
243133680
243137545
243140276
243142688
243143480
243152523
243171899
243180097
243186650
243198448
243212202
243214541
243221196
243235446
243236091
243255779
243271060
243277757
243291969
243294891
243307973
243323042
243337587
243354873
243389644
243389704
243389718
243401656
243407788
243418156
243426918
243438030
243455682
243457098
243458669
243467907
243475727
243502116
243504190
243513375
243517245
243527171
243527944
243531322
243535622
243543498
243549797
243551695
243558506
243568952
243588760
243590431
243590437
243605197
243624081
243632594
243657031
243693667
243715338
243733341
243748797
243751899
243754235
243796620
243803347
243807449
243816917
243820258
243821131
243835651
243840174
243842538
243849625
243876785
243894213
243894905
243909373
243921361
243945322
243960499
243964166
243970914
243990801
243998533
244006720
244013884
244039498
244075590
244088144
244119707
244153073
244179610
244186309
244191753
244193627
244203101
244218350
244219007
244220656
244223566
244227253
244235167
244257842
244260055
244269893
244289138
244310706
244347305
244347671
244350679
244354004
244358471
244375054
244411326
244414705
244421652
244425539
244443757
244463797
244480876
244483729
244494370
244494683
244503380
244517196
244537678
244601233
244607973
244609389
244610768
244611043
244611785
244615357
244617031
244624341
244635733
244645246
244657137
244661188
244701595
244725271
244739755
244748905
244766182
244784278
244786736
244790947
244792596
244803722
244806332
244841170
244849906
244862375
244870262
244885638
244905434
244905995
244908833
244934351
244972592
244975033
244981872
244985933
244989512
245012098
245017474
245062683
245083909
245090704
245091816
245112089
245114845
245126629
245139084
245143210
245144130
245164179
245169414
245194118
245208992
245225702
245238343
245255791
245259993
245271131
245290617
245291752
245292411
245297935
245303609
245321111
245329989
245330690
245354285
245364334
245377758
245378589
245381676
245396416
245398380
245400789
245409091
245417517
245421460
245424656
245434350
245441598
245450756
245453026
245455426
245455667
245455946
245465154
245495970
245510737
245533202
245553799
245562612
245568361
245583009
245589241
245594028
245600675
245604241
245615526
245640939
245663610
245669465
245686678
245687263
245727501
245732749
245750193
245755038
245783114
245799041
245809287
245810055
245813958
245815232
245822800
245828309
245831708
245839195
245845501
245858144
245864560
245864603
245866493
245882105
245884464
245886247
245888036
245905158
245907236
245912699
245922074
245929684
245931077
245955543
245960721
245961987
245984975
245988432
245993403
246017753
246022705
246027436
246032233
246032246
246034425
246043222
246058582
246082757
246084438
246104238
246113678
246137318
246137376
246139842
246178955
246193563
246193646
246195852
246205874
246210585
246216797
246218785
246224599
246237217
246242239
246244739
246250894
246271960
246293157
246294758
246300127
246312918
246319150
246324630
246362120
246371072
246378830
246402908
246417221
246417991
246428191
246435108
246477867
246486140
246494900
246519716
246548586
246552043
246560012
246574475
246590584
246607264
246667215
246670816
246678777
246689800
246693966
246709232
246709629
246717011
246717218
246755645
246767756
246772477
246784888
246799900
246803882
246810582
246822706
246825708
246833779
246869477
246887464
246944235
246945948
246951501
246958234
246962551
246967218
246979667
246988486
247005563
247007492
247011807
247016797
247030694
247037040
247037648
247056649
247071682
247081081
247101236
247104330
247119137
247126339
247126527
247138342
247144383
247154909
247155862
247189015
247196451
247198157
247198512
247201645
247211068
247242925
247264971
247274707
247282866
247297959
247300732
247311194
247312547
247340637
247341599
247363340
247369241
247392827
247429061
247442842
247461334
247486034
247501415
247512746
247524949
247533457
247559658
247562586
247569934
247603500
247615501
247616385
247625848
247647899
247659537
247663089
247666647
247675162
247680688
247696324
247696945
247702639
247703307
247720341
247722592
247734113
247748174
247752768
247753205
247754621
247754636
247763650
247764444
247767435
247786238
247789859
247793650
247811187
247822207
247834036
247859350
247893394
247898760
247899738
247910722
247916852
247918271
247936452
247938169
247944492
247944702
247949149
247953157
247981958
248003718
248024447
248034776
248044749
248056231
248067784
248074415
248075371
248079625
248083419
248106911
248107214
248108866
248109471
248109878
248123124
248126433
248127002
248140491
248144427
248178337
248212154
248230645
248235072
248236586
248240183
248310289
248318782
248345679
248357085
248366902
248414899
248460977
248481615
248495169
248503969
248517442
248522049
248526993
248534999
248539703
248544714
248551536
248567240
248572353
248579472
248582597
248586342
248595226
248598432
248607859
248610235
248613384
248618433
248620585
248625864
248627863
248653232
248683047
248692107
248692384
248698222
248707443
248716030
248716876
248724422
248728768
248740899
248756121
248789913
248799887
248813950
248816113
248819064
248819857
248830697
248837750
248841040
248851822
248873819
248878412
248893178
248893631
248897241
248908579
248921968
248941034
248951775
248951923
248958527
248958635
248967357
248969600
248970071
248995090
249010914
249023914
249030121
249044880
249045339
249058324
249080782
249093854
249108392
249110667
249119685
249128462
249131555
249133480
249142535
249148765
249153790
249154854
249163734
249164889
249165385
249211034
249213698
249215157
249218241
249228115
249230994
249235780
249271498
249274833
249293481
249314874
249331208
249357949
249362052
249372738
249380652
249397882
249424287
249451626
249455502
249468466
249474778
249490033
249520657
249529328
249542113
249547513
249553633
249556843
249588249
249596860
249613273
249615660
249636197
249642831
249643866
249653582
249657888
249666118
249671914
249689810
249693648
249693744
249701589
249708090
249726811
249746793
249748364
249752148
249753646
249764807
249765954
249778526
249782022
249791291
249794790
249799775
249802160
249806013
249806200
249814011
249855425
249866513
249879341
249887586
249898368
249930153
249941655
249944636
249972268
249979976
249984029
249984036
250011443
250019488
250027664
250028290
250031014
250040620
250054615
250056055
250083291
250091362
250091834
250106640
250115910
250123324
250134912
250137356
250144336
250146300
250177793
250177827
250183314
250184079
250188736
250234598
250236988
250244713
250258913
250266300
250266805
250275402
250278448
250301984
250305039
250312344
250317819
250325560
250338422
250344683
250352197
250355117
250363769
250366671
250368219
250430632
250434805
250459621
250467205
250480951
250492289
250498743
250508325
250517497
250533193
250541138
250541442
250572142
250574164
250598628
250602152
250622599
250630864
250640434
250644931
250679456
250701957
250724673
250725454
250742408
250744189
250751348
250761405
250765775
250792057
250792215
250794514
250805852
250815112
250826896
250849350
250853383
250885789
250887846
250889263
250890836
250902898
250903785
250912948
250922406
250968467
250991755
250993242
251005331
251005537
251008112
251008650
251009154
251011498
251025039
251038909
251042047
251050531
251070409
251074293
251080536
251086015
251097731
251098263
251105454
251112129
251123960
251133904
251135246
251150486
251187165
251191198
251209325
251217410
251220380
251231748
251238138
251244453
251246430
251246964
251268626
251272956
251273968
251283726
251287455
251298832
251323397
251334199
251350835
251353183
251353353
251388060
251390999
251398445
251400346
251402282
251440733
251448076
251452593
251473808
251475373
251478975
251491366
251500152
251512163
251522971
251561100
251565061
251566737
251572133
251581967
251588753
251598287
251624205
251631915
251652303
251668139
251684280
251693227
251696455
251698661
251726309
251728447
251743975
251756588
251767793
251769026
251771016
251774869
251803371
251817028
251839326
251841908
251847920
251867497
251886832
251906350
251938904
251943777
251964821
251969564
251971537
251998944
252056858
252066970
252095418
252099696
252118858
252138922
252162486
252167620
252173132
252188304
252221045
252234202
252294816
252311962
252314041
252330425
252335514
252344778
252345364
252380653
252382435
252398093
252414915
252459170
252464603
252479283
252496770
252497124
252498097
252522246
252527954
252534070
252547135
252572125
252584833
252595989
252596272
252615846
252619171
252631680
252632895
252637856
252653551
252664283
252722784
252734020
252761631
252770025
252783293
252790882
252792703
252799916
252807192
252812836
252868439
252880504
252886664
252898417
252909156
252909842
252912684
252916654
252927565
252934407
252955179
252967940
252972265
252985882
252999898
253022563
253034350
253057529
253068804
253073036
253087771
253089549
253091137
253091408
253092788
253104106
253109166
253115624
253116583
253141667
253145911
253153459
253165270
253165851
253173064
253184777
253213222
253213665
253215938
253241774
253245010
253274093
253298108
253310501
253326056
253334382
253344866
253345710
253391518
253399179
253403303
253429410
253439556
253447748
253449377
253456888
253483752
253491461
253503867
253508588
253514959
253538847
253544293
253547231
253559624
253573953
253594509
253604809
253608939
253615251
253630228
253632790
253635402
253638874
253648229
253652327
253653887
253665014
253667623
253670352
253687057
253690479
253703065
253706780
253709325
253729777
253733466
253738479
253742708
253752877
253758998
253760747
253768104
253776019
253789513
253790485
253796165
253817991
253820771
253838582
253862119
253862915
253871433
253876452
253880433
253892661
253898238
253937824
253940470
253941042
253969376
253970801
253971101
253995541
254003823
254005890
254035975
254036226
254039499
254061405
254069845
254070073
254072262
254081202
254094028
254105257
254113640
254121385
254126523
254126741
254141327
254145259
254180062
254186599
254190116
254194394
254220445
254288055
254299178
254341692
254345788
254370695
254372837
254373675
254381462
254384787
254394363
254411848
254416641
254436335
254465160
254466517
254477019
254499721
254501808
254526711
254528284
254530079
254566080
254573177
254595201
254595335
254595338
254607092
254607363
254614638
254625106
254661134
254672192
254682166
254683152
254694791
254717754
254731395
254746343
254764894
254772228
254787824
254789808
254848811
254856191
254888648
254894483
254894989
254904292
254914675
254915601
254940036
254950011
254976339
254979236
254990781
254997347
255008032
255013319
255014365
255018417
255038523
255054981
255058746
255065085
255072339
255089832
255097539
255112908
255150462
255160445
255162444
255188919
255226750
255227699
255228769
255252957
255269200
255325101
255338075
255340831
255350707
255361645
255362116
255367633
255369224
255376606
255397350
255406378
255414642
255440268
255446637
255448296
255493984
255498948
255515626
255523337
255538349
255541258
255559816
255562696
255583099
255592312
255595700
255616082
255637017
255650933
255652689
255654375
255661563
255667491
255676504
255697091
255705356
255708896
255711287
255714115
255724704
255731727
255739346
255744204
255750127
255753766
255761582
255763815
255768612
255773218
255777424
255779613
255818975
255842230
255844278
255856710
255863639
255893611
255895431
255903848
255913107
255914792
255936068
255973108
255994031
255997560
255998687
256008007
256009521
256014408
256019075
256023141
256044289
256052411
256053436
256053960
256059164
256070268
256090851
256137751
256146017
256154986
256174208
256174443
256179303
256190956
256191021
256198921
256201629
256202681
256202976
256206978
256208370
256230406
256250780
256252502
256258939
256264866
256266620
256275310
256285048
256289149
256294008
256302271
256327289
256350588
256377404
256386586
256387361
256396246
256402160
256411318
256439359
256441300
256473294
256511258
256514730
256517697
256524008
256536267
256539724
256540648
256565278
256575985
256579351
256580555
256581914
256599594
256609878
256618934
256625667
256641937
256643007
256708842
256730127
256743563
256756182
256762174
256765818
256767483
256768118
256773423
256773527
256784556
256795066
256798967
256801798
256823719
256832357
256852685
256856837
256869181
256869976
256888734
256891459
256904831
256914038
256925437
256951656
256959494
256961664
256962839
256998767
257012761
257031508
257068011
257076698
257080432
257084694
257090676
257106262
257116066
257127667
257131938
257167778
257186034
257186881
257190034
257206415
257221808
257236151
257236959
257237929
257248273
257251183
257294297
257295515
257295627
257310314
257317563
257318161
257318986
257319483
257323097
257335099
257342490
257345782
257348716
257353552
257356538
257357324
257359152
257371088
257381400
257384938
257389338
257391612
257395575
257408115
257414117
257454690
257468432
257470064
257477464
257482660
257487750
257506319
257512693
257519287
257527355
257543167
257547391
257547846
257548447
257570604
257574527
257601182
257612740
257613276
257632183
257640991
257641771
257651579
257653010
257694008
257705248
257711977
257730176
257730545
257752527
257758051
257768828
257772264
257776058
257784177
257787899
257820166
257833850
257845164
257852710
257867677
257887222
257928458
257936051
257955241
257981746
257986150
257996866
258005145
258015112
258040453
258044817
258046354
258063683
258073530
258075994
258076578
258103934
258111935
258119116
258138673
258152147
258159741
258160238
258161292
258173216
258179038
258210810
258251887
258271242
258277455
258292019
258297227
258297364
258317297
258332915
258346346
258369053
258397132
258398618
258423117
258424963
258425893
258441380
258451347
258453787
258485718
258487779
258500246
258522952
258541006
258541999
258546648
258552000
258555333
258564674
258569152
258571572
258585156
258588949
258607998
258658948
258659231
258666212
258680281
258684823
258708254
258730445
258730842
258731139
258733584
258735919
258738887
258751973
258757764
258781384
258783157
258787730
258801045
258809693
258812950
258814785
258825542
258833126
258862184
258879116
258879907
258884691
258897929
258924383
258961115
258967388
258968769
258969242
258985836
258989753
258995936
259013891
259014250
259016410
259035022
259044921
259061579
259065954
259072038
259085397
259095572
259108643
259114202
259123787
259141567
259157041
259158433
259168948
259178273
259187333
259199073
259203592
259204130
259237199
259239283
259245381
259251240
259269630
259282519
259287586
259303019
259304193
259323443
259332248
259333191
259344421
259357124
259374987
259375734
259387159
259387529
259393268
259396184
259409986
259420242
259427991
259433087
259445559
259479035
259489138
259499725
259501770
259505188
259509169
259519934
259547638
259554460
259558573
259567217
259590335
259611003
259621512
259625249
259625516
259630966
259662831
259713698
259733736
259742534
259743550
259763806
259782346
259784695
259785163
259786483
259789933
259792887
259797186
259797593
259803888
259816574
259845698
259866078
259877218
259882030
259884328
259889286
259899020
259912779
259919252
259966972
260014868
260021943
260022359
260029949
260047286
260071098
260076085
260084759
260089311
260092815
260119544
260120991
260128331
260138269
260161613
260163646
260165643
260167928
260173998
260177276
260181840
260183127
260188573
260244591
260247139
260252021
260260383
260262415
260267948
260275077
260280650
260302849
260305067
260306887
260309753
260334341
260377750
260385738
260394665
260404774
260408782
260409470
260412837
260426924
260434180
260434640
260437627
260451955
260455928
260457202
260457817
260480151
260489650
260494115
260497242
260516517
260534344
260551437
260557300
260565886
260568496
260579806
260581416
260591159
260594212
260600252
260611124
260618057
260625474
260639405
260648639
260656974
260690307
260694365
260698411
260707596
260708840
260715996
260718969
260725119
260735790
260736001
260740081
260751660
260752157
260755744
260763968
260766493
260781573
260782507
260787571
260788008
260788716
260793622
260796182
260801477
260828537
260854936
260875616
260899303
260913982
260914287
260919798
260926106
260944772
260969352
260971036
260991622
261020134
261029415
261031054
261031341
261044871
261050773
261068339
261076770
261089457
261093894
261100144
261103894
261112753
261115453
261140397
261146934
261165489
261171341
261172703
261175454
261216397
261235930
261237044
261251707
261260072
261276663
261276844
261296421
261301545
261309903
261313587
261315688
261337844
261343913
261354395
261355959
261370524
261382626
261389870
261404633
261436606
261437108
261453611
261471737
261474944
261485843
261500861
261508954
261515743
261516461
261520411
261543905
261554167
261558664
261565879
261569353
261572633
261596026
261617105
261630503
261632405
261640277
261640612
261652212
261657817
261674709
261684760
261684776
261689117
261697982
261714556
261715738
261730295
261759237
261760887
261763346
261768606
261778027
261792101
261817339
261826168
261830242
261858694
261874437
261880299
261880682
261881027
261906165
261923899
261943457
261988014
261997061
261998905
262010292
262042301
262050276
262069447
262078884
262084361
262095295
262109187
262112808
262118463
262122652
262123013
262127675
262127842
262128109
262137239
262147419
262153028
262153808
262211985
262217622
262221065
262233711
262236170
262240490
262271052
262287219
262296639
262296790
262344083
262349486
262352749
262353957
262370409
262371524
262372677
262377625
262396228
262398746
262402105
262404821
262406122
262407472
262413445
262416512
262417143
262430285
262465830
262465920
262479040
262493179
262508067
262509052
262524056
262530281
262542203
262553994
262564297
262577497
262577714
262580010
262609482
262635834
262645045
262656346
262666592
262667361
262682558
262703169
262715807
262743961
262744737
262759760
262764338
262768407
262770300
262770990
262797562
262827259
262859906
262870493
262877446
262885109
262891391
262894143
262901707
262915646
262932238
262939979
262945358
262949205
262959943
262973708
263003394
263012480
263024142
263024152
263029674
263041688
263056164
263076424
263079162
263079533
263085927
263094727
263097820
263110084
263116513
263142173
263143831
263146835
263156507
263160655
263171217
263175104
263177424
263200578
263214195
263216156
263218093
263225141
263231339
263233229
263245898
263250068
263266321
263267193
263268753
263270851
263290531
263294690
263295873
263298857
263313333
263332512
263348585
263361616
263365534
263382692
263430326
263436102
263438961
263444430
263446191
263463995
263480293
263481456
263483580
263490383
263500026
263505733
263507503
263512209
263532787
263541361
263562959
263566143
263567755
263568457
263587783
263589439
263594881
263634911
263646108
263667925
263697630
263711617
263714380
263721296
263736511
263737875
263746916
263747248
263761415
263765414
263768222
263814740
263822697
263853749
263873748
263888459
263902456
263907756
263914333
263925733
263936738
263937216
263945540
263949006
263949939
263956997
263968653
263997269
263999342
264015623
264024633
264027370
264028788
264038929
264068606
264076313
264078941
264114395
264118528
264123045
264131870
264154889
264155884
264158042
264163794
264175075
264178077
264181649
264201223
264204150
264208851
264224979
264229399
264237285
264259801
264282755
264286942
264299630
264306389
264319285
264324606
264349857
264368966
264387074
264406386
264411317
264411583
264428774
264434059
264464994
264469762
264478151
264482426
264494386
264514043
264545697
264569179
264571526
264576766
264577711
264608725
264615748
264625727
264636331
264640469
264660085
264667965
264668054
264668122
264705630
264718873
264746887
264748500
264749480
264762665
264770392
264784508
264786187
264806260
264817831
264819621
264819889
264824144
264831505
264854195
264860742
264866847
264867385
264871932
264878944
264880387
264881587
264884489
264895785
264896016
264896129
264901695
264910263
264910858
264949543
264955251
264960684
264967517
264972092
264975187
264978848
264987681
265017190
265022562
265022861
265025163
265025725
265034782
265036658
265056262
265056922
265058221
265071428
265081683
265104946
265114809
265128977
265129832
265147069
265147501
265161361
265166576
265182826
265184319
265193563
265198614
265198661
265215034
265224505
265234880
265274779
265282726
265287174
265292246
265310098
265310529
265319327
265326911
265335578
265337556
265355552
265356670
265361860
265424598
265427141
265432712
265452128
265484761
265506926
265519317
265520394
265521111
265537863
265553733
265554850
265565433
265567625
265600122
265640042
265641332
265665971
265688226
265714007
265714313
265735149
265738846
265740702
265751169
265754110
265766947
265768125
265769023
265781117
265788920
265792537
265800044
265805744
265807344
265807881
265817526
265846033
265847817
265848195
265854760
265865689
265869144
265879997
265881125
265887583
265891847
265924273
265929389
265931359
265941494
265950177
265957056
265973892
265991530
266008926
266012323
266015716
266034364
266044711
266066331
266066581
266073420
266119893
266130112
266141147
266142239
266150320
266199018
266199894
266238888
266245090
266257907
266261192
266264616
266278413
266281796
266302417
266309658
266315880
266315981
266330436
266334839
266336870
266340697
266344927
266349823
266362502
266364206
266369447
266394842
266409703
266415070
266426194
266429045
266430014
266435745
266451273
266457120
266465514
266465710
266468240
266485424
266485591
266492631
266507881
266514099
266514843
266530009
266535620
266558490
266592470
266609504
266617198
266618613
266627159
266634552
266641526
266677096
266704366
266750285
266754373
266757537
266760875
266765795
266843191
266849211
266852632
266853958
266857575
266861341
266862560
266872395
266882845
266894301
266928959
266959936
266986775
266994775
267006481
267020622
267046781
267047133
267050923
267072132
267102485
267110955
267123993
267130973
267132768
267134918
267142296
267144281
267145219
267146374
267176803
267184149
267195319
267211350
267216830
267226649
267235713
267242104
267279475
267306101
267315647
267328551
267329844
267334576
267349535
267368689
267388874
267390859
267391275
267415447
267417359
267417710
267430520
267434117
267441818
267444182
267444544
267447588
267460053
267462472
267471308
267483417
267502985
267507659
267526921
267530147
267533581
267536086
267556344
267561268
267594584
267604782
267613993
267620268
267642750
267646777
267661797
267695621
267727568
267747441
267767165
267773056
267773858
267801096
267803593
267808837
267813716
267820167
267827800
267856186
267864394
267876260
267886046
267895917
267899515
267900577
267900915
267917211
267930168
267937903
267943898
267947814
267951122
267963476
267965515
267984407
267998759
268007997
268020997
268026331
268032597
268040828
268058909
268072817
268082758
268084923
268094169
268094245
268110287
268125020
268137366
268142517
268192371
268196926
268202257
268214792
268214941
268217051
268228989
268238851
268243501
268266133
268267480
268274999
268282684
268297339
268334803
268351905
268359088
268362919
268379734
268407384
268420260
268426926
268443291
268452809
268456058
268472557
268487009
268513508
268551063
268571784
268580303
268599667
268618433
268619076
268626721
268630105
268641207
268644999
268680725
268697749
268710851
268717667
268725168
268727290
268758931
268769235
268769438
268777592
268801330
268804806
268817719
268839281
268860123
268862181
268916405
268942617
268945448
268961674
268973616
269002251
269012736
269025537
269041310
269061600
269066011
269075769
269076505
269084091
269099268
269110101
269118767
269132932
269142070
269147970
269157267
269213211
269216509
269231039
269235265
269238112
269246172
269301058
269306487
269312054
269312093
269330974
269334523
269346700
269371026
269384329
269394618
269407072
269410295
269412524
269427144
269429335
269434887
269436121
269437118
269437276
269453268
269458926
269486282
269488424
269490395
269497776
269504069
269524222
269527187
269529862
269530060
269544435
269548704
269561545
269563614
269587904
269588072
269592575
269596192
269600157
269605820
269611508
269616452
269616555
269619009
269621167
269621252
269622246
269630158
269632905
269644405
269650017
269651710
269651964
269692324
269775625
269783074
269793924
269828360
269838132
269844604
269853246
269879722
269880094
269880271
269904373
269905205
269907123
269907387
269916662
269919378
269922493
269943416
269948030
269953232
269953237
269960183
269963126
269969202
270020611
270038419
270048072
270066950
270072638
270074522
270089736
270103644
270107730
270113019
270114059
270151293
270158065
270167426
270171395
270172070
270209953
270219592
270246544
270255281
270257539
270264951
270271837
270274982
270294821
270314179
270325566
270335982
270354717
270363238
270369928
270417089
270419569
270431426
270458122
270465326
270479061
270486842
270537516
270538335
270541671
270605775
270614672
270627499
270637800
270640205
270643272
270644420
270670046
270682876
270695762
270723391
270731902
270733981
270735595
270745498
270765926
270783952
270802261
270816357
270833933
270843222
270846231
270874670
270880748
270883961
270911691
270913032
270913098
270921160
270942237
270955863
270957246
270962957
270967063
270986373
270992029
270996553
270999619
271003001
271007241
271008963
271010331
271019266
271020754
271023087
271034340
271035309
271039391
271059224
271082679
271096100
271104346
271109882
271117409
271117725
271165871
271181852
271203582
271213052
271216866
271218536
271245552
271268517
271297342
271307531
271319590
271333522
271338326
271341766
271374637
271382375
271390996
271401550
271421563
271459286
271461248
271478129
271482625
271504025
271528016
271528140
271538755
271542710
271589042
271589210
271609505
271628827
271646087
271653006
271670637
271676152
271700342
271707662
271735538
271741676
271761297
271769486
271778737
271790341
271793183
271797028
271801617
271807761
271820603
271830278
271861565
271863094
271871789
271879409
271887285
271887406
271896080
271915236
271958589
271991546
271995347
271995965
271996186
272017103
272021279
272028701
272057722
272096603
272105041
272131523
272140709
272147073
272149511
272160830
272167907
272171701
272176784
272188175
272198404
272198700
272209717
272211645
272227644
272232933
272242085
272259635
272265600
272283180
272284956
272286375
272298032
272300925
272303679
272310915
272326683
272327966
272335788
272353072
272354291
272372714
272373759
272387152
272390429
272393175
272425752
272433868
272439237
272441785
272450470
272458452
272462272
272472722
272483229
272506652
272507330
272513289
272517964
272537750
272537753
272544940
272548813
272588501
272603443
272606439
272611432
272654467
272656223
272662695
272665652
272688141
272694149
272703584
272724898
272726083
272734139
272756387
272771310
272796044
272804484
272819059
272821205
272822158
272838012
272839405
272868863
272872853
272892640
272905669
272923277
272930347
272931886
272944859
272947409
272950625
272969945
272978726
273017780
273026410
273029093
273032390
273041727
273054443
273067632
273068413
273071282
273085554
273088741
273094133
273099375
273102166
273103327
273113148
273125432
273131404
273140486
273165694
273177029
273182285
273186028
273188757
273192319
273196568
273202596
273207842
273211020
273212057
273216691
273222551
273223434
273234549
273269059
273279213
273281246
273281426
273317464
273318880
273329534
273332973
273337238
273363227
273373321
273385817
273397112
273413041
273417350
273438169
273438230
273441234
273441722
273442683
273443730
273445862
273449938
273453680
273467982
273471430
273478114
273478492
273481891
273482610
273484806
273497531
273500604
273502976
273516242
273525467
273529659
273539154
273540897
273542044
273544895
273545440
273553609
273562994
273584910
273597422
273600662
273618494
273620240
273630694
273632323
273635585
273661161
273664608
273687297
273694083
273698889
273727658
273729361
273730269
273734773
273754770
273797636
273804842
273823061
273857070
273861371
273870725
273876746
273877144
273890901
273899815
273910770
273911279
273913406
273937699
273945278
273955864
273958853
273959034
273976776
273981006
273988595
273995639
274004735
274012094
274024222
274041078
274045125
274048560
274067765
274069338
274074173
274076377
274076500
274101145
274104878
274117741
274120670
274135971
274153864
274176963
274180600
274203880
274217825
274220310
274235148
274259031
274262799
274266681
274275655
274277407
274299468
274331438
274332106
274346375
274356940
274357380
274380590
274383904
274386632
274403495
274407556
274421616
274425529
274435333
274440107
274445871
274452824
274453527
274459043
274459927
274496207
274500528
274522895
274529750
274568195
274572212
274580260
274582106
274585922
274589450
274590352
274594268
274597000
274608475
274613787
274614456
274615524
274631800
274643782
274654590
274698117
274702602
274706397
274708475
274721821
274743168
274772673
274774803
274776071
274780835
274782664
274786005
274786777
274802060
274805707
274806101
274816973
274839470
274842137
274848259
274851912
274854438
274855086
274860762
274861657
274869238
274878867
274884616
274918841
274941367
274961208
274970991
274981970
274996746
275016063
275025608
275036743
275043029
275056631
275057383
275080249
275092627
275100972
275102625
275112993
275113268
275148855
275149979
275153024
275157292
275183796
275188454
275192495
275216182
275217797
275218154
275222825
275224118
275225998
275229297
275230079
275243867
275267515
275271193
275275063
275282403
275287585
275291718
275297083
275298569
275319011
275333659
275349281
275352853
275361842
275368279
275396724
275396860
275411131
275411689
275413137
275445372
275464508
275468573
275468640
275478779
275498464
275533438
275534162
275546505
275551706
275552352
275554928
275558113
275562019
275574292
275577650
275583582
275586999
275590469
275590708
275598985
275607124
275607880
275631119
275656479
275656960
275661742
275663962
275670025
275676177
275677966
275680775
275688218
275691498
275707870
275720536
275720889
275722707
275732689
275750337
275752731
275760063
275764205
275774094
275778276
275798171
275799001
275800153
275810041
275817790
275833185
275841675
275847807
275877045
275882839
275899426
275912606
275913232
275920777
275924390
275925805
275930693
275964369
275989048
275997253
276023048
276047333
276107969
276127188
276139973
276143011
276143684
276160106
276162886
276179526
276210608
276223466
276242174
276256046
276275415
276277092
276281632
276286737
276287071
276301040
276318876
276326176
276329206
276347221
276357417
276370466
276382918
276404863
276432059
276435563
276498860
276514942
276517475
276526479
276539916
276603214
276604668
276614473
276615151
276631918
276639515
276652527
276670551
276671889
276680421
276689167
276709488
276710495
276732287
276743965
276749269
276767421
276800571
276822617
276827561
276828298
276841313
276907667
276911715
276926485
276936877
276940794
276942558
276965256
276968224
276994719
276999984
277019478
277039734
277045793
277046549
277052515
277058183
277060476
277061104
277082512
277095067
277098789
277101558
277110307
277110890
277139403
277162361
277175077
277197948
277201099
277202753
277222227
277254168
277254946
277256234
277275418
277278009
277294360
277305120
277306669
277307773
277308420
277327967
277344091
277349505
277356180
277358019
277358948
277366880
277371269
277378333
277407924
277409204
277411287
277456437
277457625
277460551
277474817
277479492
277513271
277513630
277526803
277533746
277540637
277543309
277590379
277605275
277623421
277623866
277654386
277660486
277666288
277673153
277711088
277721713
277732616
277752653
277759819
277775997
277777955
277784659
277787656
277793444
277807531
277809842
277812584
277815911
277821436
277822553
277824381
277841509
277877206
277881687
277890047
277911199
277933470
277934180
277950941
277979771
277980379
277981371
277999671
278006211
278018611
278023030
278026097
278034136
278047692
278049206
278058337
278058694
278075659
278083663
278089845
278094156
278099986
278107762
278113157
278116458
278130856
278131282
278132365
278137802
278141347
278154824
278156450
278157654
278161494
278165342
278169730
278181431
278201236
278205583
278231181
278241221
278260657
278284329
278285073
278307820
278310834
278311575
278317676
278329730
278346993
278347250
278350147
278361103
278363074
278369700
278393253
278396352
278396486
278409463
278418517
278422916
278437335
278455439
278475458
278485379
278489502
278493229
278497115
278504510
278508014
278509956
278515236
278534408
278538837
278540166
278545375
278546783
278564982
278583467
278595105
278599703
278619360
278624082
278633018
278649145
278672118
278687736
278692835
278698279
278700736
278714339
278717138
278732093
278735143
278739543
278772236
278794162
278796128
278798809
278809358
278813000
278823914
278835284
278841451
278844607
278845080
278862009
278866333
278870333
278877982
278880046
278891530
278903039
278914331
278925957
278949061
278951691
278952125
278964986
278968433
278968915
278975887
278984689
278992836
278995468
279005108
279009086
279011836
279013405
279030170
279038873
279046325
279057830
279065643
279066670
279066856
279068167
279081958
279108030
279112661
279116909
279139980
279147575
279148391
279157825
279159623
279166224
279178726
279194766
279198682
279201082
279202424
279221888
279225822
279239967
279261532
279266259
279269316
279270811
279287374
279296797
279304887
279309500
279320908
279324521
279336277
279338409
279345342
279348598
279357068
279367279
279375395
279387027
279431660
279451089
279461410
279462646
279463338
279477095
279521711
279522108
279563308
279573955
279575862
279587995
279597706
279604737
279609987
279612797
279617835
279628724
279630264
279631604
279643151
279648836
279655683
279660964
279664991
279666011
279667143
279679872
279687382
279695667
279713606
279725891
279727337
279727900
279739715
279769408
279770569
279772049
279811320
279817010
279819869
279838914
279843148
279844687
279854368
279873587
279878883
279882684
279926929
279939565
279952121
279959527
279984245
280009057
280012069
280013288
280032862
280033254
280045833
280047304
280062762
280067598
280077292
280090602
280098308
280110373
280122770
280134231
280139517
280143068
280188046
280188646
280193020
280230065
280232313
280244814
280272737
280292585
280293363
280298144
280306063
280306538
280307248
280312607
280321970
280325810
280328615
280334003
280334277
280345917
280346067
280376753
280389968
280413043
280418692
280430907
280432632
280449197
280449672
280450707
280452121
280455076
280460561
280465431
280469106
280477629
280488235
280507051
280516502
280518451
280520022
280559297
280570077
280586033
280590384
280627835
280631849
280640538
280640993
280642628
280673901
280677059
280685526
280688649
280688745
280692902
280755975
280762349
280775147
280776347
280792957
280817238
280817656
280830914
280841077
280866204
280868077
280870247
280889099
280890289
280897473
280901227
280901662
280911554
280911768
280914163
280915333
280929448
280932855
280934512
280939304
280952589
280958776
280959974
280965294
280969182
280988598
280990556
280998099
281035630
281040056
281150469
281152573
281161800
281167542
281171253
281196262
281204282
281211655
281218412
281264531
281267719
281274934
281306600
281331140
281332249
281339853
281348805
281352767
281389299
281392939
281397964
281400741
281401275
281418468
281434492
281442844
281455520
281470501
281481611
281482866
281484401
281494213
281506293
281506752
281544039
281552338
281566313
281573095
281603120
281607063
281625561
281637979
281647962
281673265
281674617
281685988
281757058
281768639
281774096
281774829
281799955
281811860
281832006
281842202
281843757
281848422
281856965
281876827
281901298
281913660
281921194
281923175
281924828
281932628
281947027
281951390
281974688
281987065
281998028
281999271
282005134
282012101
282014935
282028334
282034415
282037457
282043402
282060138
282068028
282074458
282107277
282111384
282147480
282156403
282156802
282162409
282163940
282184448
282185580
282187567
282201322
282212607
282221510
282246574
282264388
282281518
282286534
282297225
282315976
282323614
282326689
282349618
282350748
282351547
282352619
282358378
282361706
282378921
282393458
282419167
282420338
282433655
282446659
282462452
282480513
282499071
282502914
282505407
282507174
282524513
282524953
282530759
282531955
282553624
282557038
282580670
282586732
282592757
282611068
282611840
282653120
282655738
282669185
282711457
282728905
282745224
282746972
282766060
282786483
282789157
282792162
282804634
282817670
282826233
282827453
282827588
282832434
282837190
282837527
282839594
282852997
282860198
282877746
282893278
282904787
282912139
282913951
282917554
282934652
282937947
282941859
282958692
282967183
282985198
283027360
283030541
283031842
283033580
283037899
283068893
283091131
283102087
283115788
283129672
283142166
283150347
283150887
283153243
283153513
283155082
283174795
283188440
283199321
283200099
283207741
283225049
283226503
283227228
283238956
283262719
283263315
283268550
283283113
283309006
283312047
283314583
283321513
283325505
283330479
283360710
283361461
283365186
283365270
283374814
283388511
283400498
283400844
283403558
283413112
283420644
283435101
283438601
283460358
283473449
283476900
283483362
283498505
283504868
283509058
283515622
283518155
283535520
283536285
283540095
283545799
283564132
283575476
283585510
283597767
283619108
283620944
283621258
283623814
283625181
283635006
283635117
283658360
283671292
283710294
283711783
283721369
283758648
283776912
283822002
283829913
283838433
283842225
283862949
283874899
283875439
283881075
283883316
283884886
283898892
283921218
283930153
283961846
284002404
284007075
284014138
284017878
284020014
284038795
284039851
284041928
284042471
284097174
284107160
284109530
284118637
284135103
284138574
284142866
284145262
284146224
284146314
284146788
284148296
284148691
284153458
284164813
284174059
284181465
284216669
284274741
284306550
284316233
284326596
284336927
284343326
284383720
284394405
284424635
284441352
284461721
284465699
284471394
284487177
284487389
284516842
284521084
284521363
284532177
284562680
284564696
284568033
284573964
284575542
284584724
284588621
284611099
284611412
284615931
284616486
284621173
284632735
284644953
284648612
284670110
284702182
284708614
284708853
284718697
284728339
284755401
284774237
284775736
284793636
284795302
284809854
284825176
284829573
284830175
284831190
284839485
284842254
284857286
284866554
284866753
284882760
284893666
284899452
284926511
284933544
284964598
284986596
285010021
285020044
285022306
285023039
285038812
285052143
285058162
285064846
285071577
285079029
285086903
285096922
285100490
285133935
285139799
285143580
285146521
285158988
285168691
285216547
285233602
285242560
285278913
285292060
285293375
285295023
285314787
285375553
285375867
285387241
285395343
285400589
285416091
285432103
285438470
285439790
285441284
285457187
285469977
285505391
285508639
285508871
285519485
285524296
285526293
285528296
285545332
285574171
285574844
285582318
285584041
285589289
285590958
285610114
285630659
285638009
285663728
285664511
285670624
285671113
285677545
285678223
285678337
285688576
285722077
285736502
285744316
285747693
285768179
285772529
285782038
285831185
285838836
285853978
285854496
285864951
285892029
285907780
285923361
285926018
285927630
285939127
285968228
285972272
285981740
285986064
286000710
286004640
286008902
286020062
286039835
286051405
286055327
286063013
286079517
286099735
286107690
286119765
286120830
286121406
286122903
286129075
286137069
286139553
286152149
286160603
286172822
286182555
286191371
286196774
286209507
286230351
286232387
286235044
286237579
286243921
286268754
286268956
286271336
286279486
286284762
286308222
286324803
286352768
286388826
286391851
286393841
286396877
286409072
286410112
286447530
286457741
286460686
286466141
286485955
286498515
286500698
286500835
286513332
286518873
286534013
286536595
286546128
286551452
286552014
286553523
286564292
286580572
286588550
286593764
286594938
286601905
286614187
286638062
286651098
286655386
286677214
286693114
286714607
286716500
286719960
286723086
286738071
286750936
286751891
286755029
286763700
286771253
286772453
286794926
286822037
286823520
286830798
286845661
286846281
286848161
286855212
286857529
286861140
286895902
286932993
286939060
286941970
286948923
286951200
286952482
286980216
286997588
287006511
287009985
287011089
287025137
287032607
287042195
287045270
287046511
287050600
287068575
287078909
287092019
287094089
287119324
287120534
287126037
287149135
287156287
287168428
287187823
287198432
287200322
287201346
287226813
287244927
287245075
287246998
287249582
287252813
287256977
287261407
287274337
287287796
287289092
287297286
287313039
287342861
287349465
287351172
287366951
287396845
287397066
287419000
287424312
287426030
287434585
287442546
287449635
287450273
287454578
287463256
287468430
287505644
287509696
287525568
287528215
287591771
287650548
287653576
287668733
287674815
287688205
287791279
287796626
287810466
287811973
287823978
287824731
287824990
287839947
287858459
287860187
287871394
287881443
287890646
287893855
287908034
287913461
287915126
287934957
287958820
287959104
287963870
287965915
287967266
287970691
287974871
287986295
288006264
288009759
288011448
288017868
288022958
288039170
288039860
288047048
288051303
288057881
288059396
288064003
288074084
288081982
288087513
288091088
288092171
288095169
288099387
288102907
288138041
288148831
288150890
288151743
288160424
288162756
288175954
288188784
288192502
288213320
288241592
288253002
288254372
288262173
288264836
288269841
288295852
288295905
288300755
288309756
288310359
288312550
288313747
288314890
288357828
288360976
288369565
288378485
288379575
288379723
288382364
288401822
288403520
288441260
288451800
288452957
288459589
288459780
288463796
288474172
288474921
288478509
288489151
288521383
288541459
288543233
288547155
288553482
288556147
288558635
288579617
288588113
288590150
288595303
288595817
288613775
288623965
288635538
288641006
288647472
288670109
288672940
288676839
288678324
288679857
288707812
288718937
288719039
288725015
288728881
288737085
288742533
288757608
288772137
288794068
288794345
288798057
288800368
288825202
288830868
288835646
288839911
288839946
288851542
288858392
288882084
288908591
288921176
288927060
288965732
288977994
289002095
289010855
289028400
289054044
289057448
289068848
289068871
289091376
289110584
289171837
289191170
289199100
289221104
289228282
289269150
289279484
289310151
289315085
289367788
289369803
289385252
289419261
289433124
289437700
289451515
289455656
289458845
289461021
289468498
289508074
289508313
289522049
289528072
289533583
289570536
289585645
289587059
289603567
289610561
289639776
289671467
289691517
289697057
289715419
289730154
289747682
289760674
289763468
289789158
289808795
289808882
289809199
289815399
289828321
289843139
289869372
289876198
289892433
289892672
289900366
289904657
289911621
289935720
289935876
289939974
289943197
289949180
289950628
289950684
289959732
289960821
289961681
289962595
289965244
289965661
289972054
289985754
290006489
290025429
290028719
290040152
290041559
290056552
290066960
290069241
290071151
290076201
290076818
290084194
290086000
290087249
290092874
290098530
290098563
290108846
290116599
290122852
290126970
290141961
290144223
290150004
290154237
290169159
290180422
290180763
290184848
290193228
290205056
290223578
290274571
290280553
290280605
290284494
290292436
290300742
290304696
290323583
290336683
290341450
290371156
290377096
290392255
290405972
290414132
290416414
290418012
290427215
290441895
290446695
290456911
290467538
290478341
290495316
290495535
290511144
290512884
290513515
290514954
290529212
290533928
290540180
290545865
290554828
290554850
290579539
290595243
290603090
290603230
290637734
290642062
290645754
290655701
290658304
290662681
290672650
290679540
290697241
290716693
290717811
290736022
290739530
290739806
290742544
290746535
290755199
290800182
290805676
290811396
290832864
290833822
290834242
290835114
290840388
290849807
290850555
290850592
290851620
290856795
290863176
290879185
290893605
290900106
290900280
290914587
290926919
290932483
290955427
290959607
290966523
290981040
290981190
291050423
291053843
291058811
291060766
291082397
291100499
291136530
291137791
291151160
291151359
291167148
291173849
291174461
291179578
291182912
291201575
291238969
291242908
291245251
291266917
291274845
291282215
291293702
291296262
291301031
291302742
291320802
291330820
291352432
291355373
291357682
291359150
291379900
291385642
291405632
291413576
291418875
291460246
291460967
291465996
291547554
291548615
291553132
291567017
291568472
291579863
291591107
291591689
291594917
291636876
291647220
291659897
291664005
291686344
291688868
291694607
291700412
291711530
291727298
291730536
291731177
291742519
291743772
291745169
291750653
291755715
291757718
291767584
291784333
291792765
291795416
291795737
291811390
291815235
291817986
291818470
291832316
291840909
291850127
291853303
291857766
291900903
291920598
291942137
291948926
291950726
291950751
291967534
291968136
291969169
291987878
291994174
292000640
292004504
292070190
292079016
292086701
292091494
292093021
292094307
292126608
292135680
292135694
292142222
292148296
292154244
292155829
292175804
292179083
292190935
292194513
292210521
292224529
292230054
292237005
292244555
292245815
292259300
292267334
292273517
292278978
292287516
292291685
292297150
292322452
292329220
292334785
292356836
292369889
292386019
292401731
292412397
292415117
292432781
292436056
292454442
292462745
292471456
292474048
292474236
292477214
292490420
292545132
292572068
292576215
292577343
292580536
292602184
292631390
292641872
292648875
292659656
292659855
292674493
292675017
292681479
292707510
292713890
292746366
292749663
292757663
292828794
292830508
292845948
292855978
292858448
292860445
292862519
292862676
292880413
292892327
292929305
292940634
292943909
292960225
292969067
292981527
292989588
292991693
293007637
293009915
293017475
293020425
293020602
293032684
293034342
293057765
293070491
293074925
293129872
293137518
293142159
293143706
293147436
293148552
293169047
293170914
293187052
293205790
293213720
293222021
293242922
293255711
293259912
293261126
293261759
293264946
293278788
293308131
293313214
293313515
293314494
293329388
293346608
293379149
293381126
293384680
293389547
293422897
293439584
293441673
293444047
293450300
293467928
293478462
293507334
293516309
293525741
293531940
293532976
293575410
293604223
293605309
293606853
293613480
293633825
293636965
293679619
293684656
293703357
293705510
293705833
293707128
293707939
293730680
293737943
293743843
293748157
293767123
293769132
293769766
293781308
293787408
293788611
293791091
293798829
293803958
293812695
293816828
293834885
293847490
293856376
293872376
293877606
293878082
293892776
293909821
293924341
293943915
293945814
293961343
293962118
293970879
293984333
293985885
293986480
294026461
294029420
294029963
294032589
294033464
294033467
294037276
294045859
294048574
294053963
294075068
294091357
294108694
294117568
294123007
294126492
294141493
294161159
294168109
294169709
294170878
294255134
294269512
294279013
294279113
294281679
294289127
294302549
294304950
294311372
294320740
294322388
294326591
294334290
294357756
294365995
294376224
294385051
294386587
294410628
294411448
294418673
294418832
294438783
294439008
294465253
294468789
294480358
294489204
294497811
294500656
294516826
294517361
294527080
294530921
294566217
294572705
294586642
294588529
294594845
294606727
294616515
294616988
294622143
294640657
294643828
294701439
294705974
294708003
294720562
294742047
294748135
294768448
294776885
294788412
294797760
294817116
294819600
294833303
294847952
294854090
294854393
294854834
294869475
294884528
294888207
294892889
294898838
294902041
294918469
294921895
294929576
294934212
294945455
294983207
294995951
295010574
295019542
295024438
295029722
295035273
295046137
295047638
295050032
295061212
295063284
295102499
295102537
295104262
295118561
295126214
295128760
295135956
295151914
295163021
295215059
295215371
295224957
295225582
295235451
295283931
295286571
295291894
295295117
295306978
295321243
295323915
295329074
295349996
295354132
295358019
295361967
295371984
295374126
295385892
295388081
295399286
295400565
295404562
295415610
295467281
295471680
295479077
295481158
295489453
295489607
295508026
295524631
295530183
295538170
295545177
295562163
295571544
295588481
295611436
295630352
295646726
295648352
295653918
295663301
295680119
295682110
295715721
295724918
295728974
295730605
295759435
295767509
295772722
295800597
295826228
295853335
295865295
295869328
295880274
295881830
295895545
295897542
295898707
295918923
295933137
295959823
295960105
295963306
295970694
295982765
295984434
295998557
296001123
296015649
296017538
296019159
296037509
296053628
296068078
296091137
296126347
296136317
296138816
296161794
296164154
296166238
296186420
296227248
296229247
296245400
296248426
296262189
296263623
296268987
296299690
296350645
296351241
296365627
296368371
296377735
296378618
296382271
296427797
296431445
296461462
296472565
296483110
296498804
296501350
296503366
296523952
296525453
296527046
296530261
296548807
296591317
296607459
296616337
296667920
296700978
296702906
296712596
296714665
296727229
296733612
296734479
296744222
296764160
296779695
296821291
296850885
296851792
296866772
296870888
296884826
296890767
296897166
296907039
296909795
296919719
296922109
296939770
296942833
296954730
296957291
296970666
296986795
296992657
297012920
297014527
297014594
297038556
297052489
297060565
297086634
297097876
297102869
297111735
297113553
297120187
297134221
297136357
297155488
297158148
297186785
297190688
297191348
297196925
297206317
297206979
297233235
297233779
297241775
297280214
297286918
297288094
297317312
297353537
297357524
297367850
297392322
297418667
297432427
297440371
297462144
297468094
297471616
297474309
297474377
297484739
297493231
297528074
297535922
297544997
297573901
297581751
297585101
297598014
297612052
297622190
297645507
297657886
297674351
297677679
297678175
297689306
297705029
297708437
297722381
297722628
297729793
297733230
297733456
297733865
297748963
297759218
297764185
297807547
297809112
297812712
297835184
297840275
297841850
297843495
297850703
297853274
297861744
297862119
297940528
297946928
297998813
298009915
298010382
298014726
298018549
298020520
298033178
298039695
298058003
298067907
298080963
298086876
298098428
298102839
298106869
298107716
298111615
298114322
298122486
298131039
298159043
298161681
298168836
298179992
298212178
298242809
298253660
298273742
298286032
298296028
298300976
298310700
298323020
298331174
298338885
298360210
298373681
298391965
298393122
298395180
298403365
298412099
298448845
298452989
298453040
298455995
298457848
298483882
298503526
298503663
298510683
298518634
298523373
298533932
298541206
298548564
298574092
298588008
298592991
298595132
298597318
298598195
298614652
298615276
298621334
298637738
298639690
298646114
298652870
298655624
298659584
298692405
298720652
298732516
298755581
298763509
298782216
298782400
298783939
298805051
298806628
298821957
298839794
298843763
298853763
298854919
298866901
298878716
298879890
298895109
298899097
298906596
298908084
298927262
298937344
298950172
298969402
298971485
298975635
298988617
298989134
298992639
299034028
299046617
299089076
299089124
299098345
299117543
299117705
299120428
299154116
299155668
299162719
299185959
299194934
299213816
299220294
299220362
299238651
299239524
299267112
299275082
299276826
299277433
299290221
299302133
299332660
299345131
299345435
299346023
299362969
299366217
299415361
299435350
299473427
299474205
299485201
299491340
299498036
299498237
299503796
299521742
299533606
299556506
299556541
299564489
299574688
299596749
299607552
299612920
299620266
299626524
299626530
299651242
299651633
299671403
299672970
299676262
299689833
299696607
299697678
299702727
299705229
299718508
299728848
299734335
299735270
299749879
299773800
299818607
299832782
299843916
299851676
299852428
299854161
299866687
299878338
299884562
299899761
299903045
299904290
299913952
299916359
299932281
299955641
299960464
299966921
299975505
299978092
299982032
299998662
300001160
300009653
300018846
300019483
300036475
300039446
300053546
300058128
300071164
300088791
300110443
300117842
300131378
300153204
300154519
300155114
300180979
300191539
300200038
300229637
300229692
300237838
300239724
300241176
300246283
300246573
300259498
300261819
300301458
300336266
300362549
300363684
300373508
300374228
300381114
300398136
300412896
300423955
300426904
300429359
300430811
300436616
300443557
300453097
300463129
300474520
300475913
300476419
300524890
300545776
300557862
300576656
300586423
300605913
300630965
300670243
300673604
300696567
300702918
300712060
300728146
300738676
300740144
300753828
300760261
300776537
300785476
300796323
300798005
300813138
300820351
300822177
300825946
300826038
300833582
300840813
300863235
300871496
300874666
300878118
300878868
300884928
300910185
300925919
300937275
300952530
300960264
300997039
300998897
301004394
301015138
301018777
301022401
301024126
301025734
301026524
301031203
301032154
301055515
301070812
301084035
301095708
301106778
301113405
301132898
301139583
301140032
301158195
301166539
301190102
301190934
301215775
301259332
301262636
301276158
301282421
301285489
301291353
301314222
301318093
301325141
301346708
301349133
301354796
301362439
301366120
301372986
301379863
301394955
301417832
301426338
301433871
301445544
301491363
301503320
301506759
301519968
301532125
301548032
301552607
301552824
301553927
301560469
301569871
301576359
301577276
301599490
301604243
301622091
301625907
301641156
301660206
301676544
301682545
301683983
301708089
301719595
301725942
301732582
301734675
301747139
301751290
301756949
301761852
301762997
301764389
301777616
301787648
301800630
301801065
301839184
301852371
301853045
301855304
301867794
301872387
301882541
301888527
301890030
301890670
301899220
301917276
301920009
301949710
301973222
301982743
301994959
302016409
302031199
302040849
302055808
302063405
302065177
302065343
302087639
302090179
302102729
302105578
302125602
302128556
302136226
302142580
302164773
302188884
302194840
302209287
302217388
302236839
302278152
302278798
302298950
302301498
302314864
302323560
302340825
302346872
302353765
302356401
302361978
302371055
302376685
302393252
302395629
302417448
302420949
302441799
302453472
302457082
302459886
302459947
302490361
302520432
302526944
302547876
302553176
302554346
302573000
302583014
302603120
302619000
302623620
302624957
302636742
302657247
302661935
302682016
302691436
302701006
302703270
302706061
302711447
302723005
302740186
302740612
302744794
302755834
302783867
302784004
302784909
302795760
302831582
302837047
302854728
302861455
302866548
302868234
302895767
302907599
302917764
302919814
302938306
302942918
302954351
302965389
302969323
303002151
303005418
303022974
303026934
303041521
303046523
303056799
303057782
303069273
303081014
303095585
303106913
303115098
303116410
303119579
303132898
303133061
303141308
303144074
303144419
303146178
303166515
303174173
303197831
303202859
303245650
303245983
303253306
303262865
303318066
303318505
303326446
303330435
303353521
303369954
303376810
303378705
303388027
303389790
303391169
303423407
303429922
303433118
303453854
303458178
303467960
303475466
303477264
303495529
303501550
303502175
303503514
303511572
303520780
303521200
303522946
303539893
303541234
303559684
303571215
303587438
303595325
303604389
303618271
303637418
303663934
303673982
303676757
303692100
303698094
303712497
303728102
303735503
303739942
303748749
303750615
303768369
303770220
303792906
303946826
303948431
303950473
303959605
303960194
304017355
304022278
304034192
304048187
304064989
304075103
304085063
304085798
304093845
304125032
304131497
304132523
304138744
304150184
304167958
304182993
304186047
304193656
304201786
304213356
304226139
304226654
304227028
304246380
304251837
304255731
304263000
304269169
304273073
304286416
304287305
304296496
304300281
304321110
304349323
304351297
304351825
304357290
304379758
304380314
304398151
304399096
304422015
304429462
304430921
304434100
304441420
304444485
304468552
304476507
304487157
304487498
304492510
304506298
304509087
304510553
304528622
304530250
304536163
304551038
304565807
304580180
304582542
304608617
304619559
304626849
304627897
304641703
304665180
304672342
304676063
304681019
304684756
304693145
304698210
304704622
304708374
304709912
304719227
304722038
304725031
304756965
304764326
304769734
304771708
304790265
304796700
304799747
304800621
304818086
304824614
304851277
304890814
304895305
304944141
304974976
304986499
304997791
305046370
305050829
305086613
305106668
305119922
305136784
305137411
305142299
305150563
305178342
305182786
305184006
305186542
305192794
305201141
305204225
305209096
305229976
305231049
305266736
305267845
305268571
305274494
305277063
305301621
305324417
305331022
305355288
305358934
305358939
305410199
305437451
305459766
305465645
305487358
305509099
305523154
305534600
305534713
305547362
305547535
305550245
305568585
305597231
305616223
305628940
305651922
305680245
305694948
305697941
305705936
305709074
305726655
305736384
305741302
305751175
305773346
305781627
305786027
305787401
305828677
305835852
305839256
305860450
305874243
305883254
305898716
305900229
305905898
305909388
305924547
305929495
305935201
305936585
305940083
305943568
305965693
305970023
305970726
305971526
305980404
305980531
305984995
306012273
306013232
306024008
306048301
306057904
306081876
306088018
306088656
306099419
306112379
306113389
306115014
306119907
306132141
306138664
306139154
306142302
306173936
306203440
306209770
306211906
306214729
306221459
306243233
306248699
306251252
306254062
306273378
306275561
306282218
306289896
306291436
306304305
306310027
306319266
306333577
306358829
306360223
306374151
306380492
306393506
306401767
306408184
306463268
306473736
306474047
306477738
306478180
306479675
306482616
306486918
306488353
306500826
306514428
306524422
306539023
306544253
306546874
306547057
306550843
306552044
306555644
306559609
306560242
306562161
306568934
306577049
306589268
306601342
306606513
306634646
306651520
306656397
306665206
306678215
306704347
306711003
306720974
306747938
306780489
306791035
306794820
306819032
306857118
306869486
306882384
306887451
306912799
306916141
306934608
306938610
306939764
306942786
306944451
306946745
306952730
306965917
306966854
306967234
306975441
306987824
306992224
306993089
306994809
307008013
307009426
307011893
307019544
307028037
307034247
307041107
307051487
307071685
307076682
307086685
307086743
307094418
307101002
307105891
307108353
307109396
307109880
307111647
307162435
307173768
307180708
307199719
307201945
307230432
307232919
307235538
307254591
307257667
307276833
307282715
307291882
307297301
307303356
307306541
307308621
307311910
307335259
307336371
307344648
307352215
307369084
307372868
307384389
307389016
307396183
307402757
307402907
307412276
307414832
307422487
307427160
307433626
307435198
307458046
307467623
307483911
307489686
307517574
307521683
307522109
307541981
307571490
307585920
307593114
307609316
307613181
307614007
307644159
307661162
307666934
307667137
307669605
307675829
307682756
307696630
307697918
307698239
307716858
307720216
307745534
307745754
307752657
307765988
307774909
307796350
307799797
307805204
307809816
307834288
307842522
307853239
307855562
307863479
307875061
307876307
307878842
307884236
307896055
307907810
307968470
307973422
308029868
308031521
308035332
308037622
308053137
308067159
308096247
308108039
308116419
308151447
308172734
308174346
308182032
308183563
308222160
308256140
308266343
308271142
308286067
308294543
308303373
308309591
308318773
308340989
308346045
308351726
308362961
308410855
308430625
308464173
308466006
308468093
308469959
308492027
308494498
308495355
308520257
308523426
308524353
308534219
308537907
308553426
308554415
308560436
308564163
308565056
308568449
308570470
308577586
308579151
308582873
308591053
308629564
308634194
308642285
308645390
308650779
308651150
308660415
308670910
308685787
308711407
308749770
308785201
308798275
308807886
308828135
308833080
308841326
308841870
308861286
308894715
308903061
308933233
308954048
308957426
308965362
308967350
308979339
308982193
308987057
308991045
308991289
308991399
308995845
309000697
309007484
309022659
309024849
309026206
309037335
309047543
309055574
309058968
309063069
309085153
309089870
309093902
309096300
309097317
309102350
309105098
309110967
309111907
309117216
309118846
309121646
309122486
309124958
309134202
309137375
309148715
309149664
309175213
309178191
309178942
309185419
309206295
309220829
309222226
309222421
309239589
309257440
309260675
309260811
309288561
309331598
309333430
309351734
309372625
309372789
309386074
309393077
309411205
309411955
309415228
309419620
309423009
309428736
309436904
309463615
309473788
309487408
309497308
309506411
309509164
309511628
309511955
309512499
309512601
309538271
309553495
309557003
309573573
309585919
309599924
309603270
309622517
309633863
309634596
309638045
309642383
309652387
309667706
309682587
309694112
309705517
309714298
309718229
309776194
309776875
309806831
309809156
309841678
309845996
309846396
309865955
309881161
309890048
309894376
309904947
309927060
309940616
309945304
309976855
309983478
309998025
309999871
310001571
310004326
310025905
310036987
310037638
310041817
310043625
310051113
310059081
310066769
310077548
310098155
310106003
310112945
310116661
310121493
310138180
310139788
310143592
310154014
310156212
310156794
310180156
310184323
310193426
310199649
310200953
310202058
310235743
310261288
310266517
310276032
310279419
310294003
310294942
310298825
310305244
310324390
310331163
310333214
310342369
310362877
310382626
310383675
310429721
310443236
310445588
310445632
310465926
310466076
310470847
310476282
310509614
310514438
310522190
310565397
310575428
310584901
310614731
310627486
310628691
310647564
310682731
310717697
310730462
310731436
310736061
310743945
310756105
310757153
310763387
310774873
310777901
310778259
310781679
310798114
310799800
310810476
310825508
310846639
310889095
310915305
310919765
310919977
310925798
310935373
310944309
310947771
310984431
311001955
311012273
311021779
311027225
311031713
311032394
311048817
311057969
311090923
311094612
311101231
311105095
311110196
311114757
311118420
311120342
311123902
311125782
311147761
311148273
311151457
311162260
311165758
311167493
311169292
311172185
311176702
311184221
311185097
311191427
311221066
311226756
311241619
311257500
311259782
311286295
311302968
311323528
311325121
311327746
311329056
311336374
311354909
311355937
311369252
311370522
311370740
311377799
311389530
311393124
311396198
311419645
311423542
311427696
311442237
311443047
311448328
311455984
311462605
311475591
311499550
311511858
311526013
311527057
311531019
311542611
311546464
311549793
311556410
311568546
311588225
311601459
311631688
311638704
311670319
311678976
311691297
311693741
311703437
311703507
311708284
311716280
311734150
311740909
311740940
311749959
311757780
311759626
311777636
311787537
311799554
311813030
311814599
311838872
311840640
311849018
311849656
311866811
311870964
311884267
311885979
311886393
311888224
311899374
311902516
311906772
311916586
311946660
311953838
311967962
311976424
311981618
311981824
311983554
311992615
311997982
311998170
312008332
312037231
312041026
312045745
312122017
312124742
312126528
312139800
312145533
312154195
312155443
312174473
312176235
312192555
312198754
312207178
312211792
312231222
312242910
312255549
312261658
312277794
312287692
312295367
312295705
312296934
312300566
312321970
312326230
312338160
312352409
312356399
312358170
312360935
312363915
312384750
312397973
312404733
312406004
312411792
312413465
312414386
312414728
312428005
312429043
312431954
312434055
312438919
312441839
312448617
312454595
312460297
312462482
312512351
312514701
312542611
312555861
312562110
312570354
312580226
312585355
312604419
312638909
312644170
312645417
312671853
312683115
312689171
312732879
312746586
312756147
312759121
312768428
312786085
312786220
312788770
312794256
312805162
312825466
312825482
312832956
312887628
312889877
312891100
312914132
312916204
312928184
312939502
312952231
312952954
312957670
312971043
312983520
312985798
312999546
313003945
313031952
313054008
313072239
313083693
313087615
313104051
313104654
313114774
313126688
313128432
313129801
313146020
313165967
313195439
313216392
313233042
313250567
313250739
313255935
313272325
313276996
313305814
313321687
313325175
313326126
313327674
313340814
313342963
313344852
313351627
313363028
313381961
313383281
313386485
313416686
313436140
313448102
313448567
313467378
313488374
313498697
313504175
313507630
313516303
313536628
313536680
313539146
313540247
313543407
313544982
313550144
313554467
313565354
313604172
313618652
313623424
313631620
313641651
313647749
313648812
313667261
313701083
313713053
313733300
313736053
313738150
313744555
313747257
313758667
313763816
313770642
313783886
313801657
313829847
313839284
313846253
313853431
313868965
313898058
313904493
313907611
313910677
313936193
313937086
313951231
313953155
313963149
313971127
314000190
314012192
314017117
314018946
314029433
314042265
314071238
314078040
314083662
314106459
314119348
314125060
314126744
314127904
314131692
314139747
314146113
314152885
314154358
314165394
314170555
314172827
314173264
314191160
314191865
314204381
314209283
314217035
314233740
314237009
314246339
314247619
314249688
314265262
314295408
314307814
314318742
314320222
314320661
314323914
314327236
314332992
314340206
314350481
314351887
314365717
314370509
314385795
314414852
314416509
314436076
314447667
314468207
314494772
314502034
314506026
314507786
314510348
314516630
314516797
314518823
314522998
314537947
314548374
314558371
314585437
314597262
314600076
314611503
314614173
314624323
314651417
314655531
314657188
314660473
314663399
314666056
314667504
314669312
314704379
314706011
314716000
314721403
314753021
314753720
314759798
314780373
314801142
314801653
314819737
314844135
314845320
314846672
314870914
314874700
314884601
314893544
314901905
314906171
314922307
314951235
314951755
314962431
314971165
314971748
314974667
314978988
314979420
314988322
314989837
315009523
315021005
315039596
315053020
315053299
315054463
315056668
315057616
315061844
315064255
315071313
315073962
315088325
315091554
315113639
315117060
315132544
315138605
315140274
315145541
315148857
315149209
315187934
315205966
315219389
315221167
315228209
315233164
315240187
315240360
315245577
315249503
315260384
315268872
315270130
315275748
315324223
315328369
315353979
315367245
315373699
315428310
315428317
315432958
315435921
315443754
315446217
315448402
315455910
315459522
315480311
315488288
315497134
315498254
315514932
315534764
315536887
315550768
315555658
315559140
315575242
315587526
315590933
315597170
315614416
315615666
315618432
315630596
315640192
315669016
315701841
315710278
315725096
315745607
315748907
315755184
315768695
315770355
315785721
315786038
315805934
315807166
315807944
315808239
315822958
315832302
315834069
315834597
315862422
315881120
315883538
315934847
315946925
315968061
315972167
315993037
316018105
316033716
316049104
316055151
316077322
316080600
316099124
316103204
316111677
316113720
316144934
316150758
316157083
316194370
316229668
316239405
316241655
316284000
316326355
316327999
316339405
316344152
316372329
316384630
316398429
316404052
316427281
316434985
316435096
316443564
316446054
316475183
316480113
316482512
316484900
316492373
316558763
316565584
316572156
316582702
316593851
316602348
316620946
316647806
316650407
316657585
316671815
316686966
316700626
316705133
316710992
316715491
316720966
316723507
316730922
316733182
316766344
316809578
316813068
316835016
316836190
316837551
316848352
316849923
316855737
316862679
316862898
316867851
316868361
316876044
316886147
316900951
316914777
316919551
316926300
316938586
316939653
316942734
316950777
316974652
316976452
316983464
317001242
317013184
317013536
317017263
317021654
317025594
317040669
317050439
317057409
317087546
317091846
317094686
317101140
317111199
317113294
317118894
317125769
317130065
317146722
317157842
317182259
317190418
317200319
317214041
317215607
317225082
317234801
317240252
317245995
317259320
317262564
317264586
317275905
317281273
317296770
317299024
317364712
317378275
317414874
317415166
317420758
317446148
317466587
317466625
317494476
317510570
317515861
317525709
317534742
317548399
317555249
317555529
317576738
317586279
317594419
317627751
317646782
317663233
317665375
317669735
317691007
317694512
317705907
317714941
317720753
317730627
317736005
317747914
317753022
317768306
317789788
317790638
317797687
317798101
317803468
317811644
317812699
317818261
317824402
317833062
317848983
317849637
317852014
317887216
317891827
317896988
317902693
317915792
317923242
317962989
317966360
317970281
317985233
317991882
317992831
318014719
318030347
318036617
318042995
318043575
318044268
318067102
318079330
318090296
318093277
318093287
318094047
318107376
318114802
318129660
318138950
318143487
318150870
318156552
318169905
318173022
318180289
318183566
318196168
318202891
318207186
318214724
318215738
318229060
318248522
318256759
318281840
318285877
318300284
318310650
318313176
318344709
318375998
318378430
318380786
318381015
318389741
318395240
318397691
318401416
318403345
318413110
318420114
318425662
318438031
318454940
318472636
318476841
318486894
318491996
318519304
318528784
318531111
318531999
318557096
318557532
318569526
318584307
318593174
318619436
318622538
318628634
318638824
318643625
318644490
318661292
318664159
318672800
318678511
318759258
318760031
318789068
318810336
318820853
318822066
318854163
318855096
318877443
318879107
318882978
318888059
318889431
318899128
318907871
318913531
318937472
318941406
318962261
318962816
318980034
318999795
319019576
319030443
319048570
319059737
319065174
319076701
319082230
319092209
319095941
319101644
319119199
319120830
319121528
319123259
319127347
319157343
319166678
319167736
319167819
319168425
319188146
319192712
319204320
319259517
319276222
319278244
319298491
319317250
319331072
319332427
319353301
319362808
319377081
319382753
319385269
319386762
319394663
319402866
319403422
319412851
319426878
319442380
319443993
319445015
319474850
319484807
319493270
319495577
319510025
319512608
319524430
319542130
319561474
319563590
319565100
319567720
319570048
319577491
319579717
319590718
319595435
319612031
319615187
319621007
319628926
319630436
319647024
319666239
319669956
319710742
319715504
319720582
319722387
319761780
319763659
319768910
319776292
319781000
319788504
319788821
319797514
319800305
319809175
319825162
319854522
319869695
319901093
319903712
319918678
319919594
319940640
319941771
319968512
319972543
319975616
319977587
319983289
319992685
319995412
320029386
320037700
320040085
320071634
320074945
320082706
320082849
320114955
320129579
320132182
320148709
320163781
320165437
320173436
320180695
320186500
320197567
320211469
320211768
320220401
320229025
320229197
320237656
320247882
320267236
320271192
320273309
320288042
320296900
320318476
320326500
320358758
320369241
320382708
320423674
320428416
320435251
320437742
320443008
320486250
320487641
320495285
320498825
320510046
320513300
320516587
320521595
320539948
320540561
320550225
320553992
320562361
320569562
320620697
320621821
320640753
320663127
320676597
320677709
320677992
320686585
320720810
320725410
320735699
320736247
320743059
320749160
320766080
320771652
320777876
320781405
320789208
320794995
320820315
320823906
320824048
320840294
320847330
320858721
320862010
320863290
320873928
320893531
320904962
320910331
320928026
320934972
320942007
320956107
320963945
320964108
320964634
320969761
321009082
321017155
321021562
321030833
321033403
321049841
321052528
321053196
321073559
321077466
321106274
321106600
321106971
321125295
321149510
321158062
321165312
321182250
321198634
321200196
321202775
321239984
321256872
321258114
321259388
321261220
321274384
321296276
321313142
321331750
321334935
321339210
321346423
321355318
321357152
321357322
321370823
321375355
321391896
321413727
321482291
321505677
321522950
321533483
321534217
321539992
321560004
321561930
321565159
321573281
321573481
321575736
321634663
321641377
321651636
321658907
321668721
321670028
321671284
321673229
321676404
321710265
321714608
321724040
321754690
321759342
321760028
321771450
321772455
321784379
321798432
321823155
321824195
321824391
321828387
321837004
321846101
321862749
321865735
321873086
321877761
321887963
321921193
321926559
321932180
321933451
321944056
321953383
321956321
321967416
321972109
321972212
321981780
321982343
321997913
322002921
322005353
322020493
322025314
322038176
322052617
322056641
322056776
322069902
322076394
322078353
322081300
322085486
322085495
322085682
322102263
322110113
322112437
322129774
322154724
322161879
322163827
322167307
322191287
322191739
322248421
322252300
322275885
322294981
322321270
322346639
322356700
322358270
322364401
322371480
322377972
322381092
322383980
322402076
322407176
322408637
322410540
322414899
322449821
322451216
322455550
322461251
322484323
322491439
322500355
322506801
322551314
322577907
322580897
322590855
322594963
322600399
322601457
322611765
322620692
322625270
322626659
322629747
322636241
322636984
322642593
322642877
322649105
322654989
322659465
322686325
322703538
322705440
322712736
322717631
322729977
322745807
322753220
322756777
322757832
322780421
322781972
322782572
322797200
322817945
322828811
322834999
322839836
322840137
322841722
322842004
322862057
322869152
322889717
322890860
322897387
322899104
322900711
322902407
322904225
322904872
322922613
322929256
322940407
322951567
322960792
322960835
322963163
322963442
322963560
322981133
322983298
322984091
322984101
322984686
323007329
323018095
323071562
323083056
323108185
323124040
323138064
323139304
323160251
323163419
323167492
323195168
323195861
323197375
323215169
323218320
323222577
323237685
323278697
323299146
323304143
323310109
323329577
323335297
323338803
323350355
323353272
323355359
323376199
323379203
323383597
323385031
323404913
323410524
323414876
323421165
323427707
323434042
323449267
323451631
323460941
323462295
323508616
323512649
323536242
323558040
323581787
323589893
323593970
323601587
323601917
323609956
323612866
323621284
323624734
323629396
323633464
323635650
323645978
323650339
323652436
323658566
323667719
323698037
323732394
323738484
323739080
323752378
323754092
323772170
323780547
323780660
323786652
323786970
323812726
323828650
323839091
323841626
323852144
323878459
323882814
323909331
323919669
323925127
323970372
323975508
323985411
324006971
324010741
324011765
324024595
324041231
324072379
324109401
324125175
324169440
324178746
324188676
324207170
324217696
324226853
324235446
324237746
324249012
324252385
324253825
324258816
324278241
324280168
324306669
324310775
324315672
324318511
324324013
324338233
324346806
324354580
324356880
324363994
324365453
324365643
324398324
324414760
324424165
324433262
324441313
324443634
324457498
324487327
324489558
324520931
324525139
324555988
324563273
324577371
324580385
324581441
324581579
324589947
324594126
324596213
324596419
324599514
324600559
324602502
324625169
324626424
324634559
324634681
324656481
324674342
324677513
324685418
324690471
324728911
324735969
324742287
324742338
324745929
324774834
324780633
324792025
324798990
324813557
324814572
324814870
324834056
324855654
324859852
324873605
324875886
324877980
324883511
324901769
324907361
324918128
324928735
324937017
324939169
324944649
324957750
324960684
324965558
324981623
324995329
325007816
325022213
325022325
325025759
325033112
325038204
325041189
325046532
325047603
325051215
325066634
325079802
325095046
325098776
325103493
325121302
325137220
325141316
325159799
325168185
325180288
325185893
325187117
325193321
325194681
325194716
325237768
325247345
325253845
325269859
325279386
325287451
325309281
325320773
325356549
325362160
325370875
325372401
325377494
325381131
325404687
325436951
325444485
325445861
325459312
325476630
325486075
325489994
325498531
325502096
325524228
325527501
325546277
325560714
325565122
325571651
325614617
325630405
325630851
325648415
325650083
325655341
325657088
325658495
325683907
325689682
325718469
325725945
325759616
325777921
325781027
325799109
325802091
325806480
325806493
325820996
325847587
325879842
325883207
325922663
325934448
325947945
325948311
325960690
325962968
325971480
325977673
325982039
325987663
325992707
325996620
325996630
325997388
326001017
326005190
326012130
326012615
326029054
326035437
326065425
326082502
326085835
326097590
326098935
326106826
326113599
326118313
326122712
326124541
326127585
326138240
326139704
326161258
326163771
326164110
326181368
326182249
326201706
326201833
326211633
326215446
326216943
326231981
326244235
326256391
326266013
326274853
326286006
326288825
326317004
326323574
326331434
326340966
326346869
326370714
326374807
326380440
326398209
326400928
326412559
326416530
326420453
326420944
326425891
326456814
326460624
326469533
326469538
326495361
326515490
326518865
326532920
326557130
326584314
326586796
326606057
326609017
326617605
326641892
326643163
326650021
326670804
326679445
326694476
326699700
326706659
326714410
326729429
326736718
326744798
326756052
326762091
326777548
326798528
326850994
326858602
326867105
326872660
326906418
326922409
326929353
326937146
326972562
326975774
326978359
326980839
326989216
326996217
327000209
327014549
327048022
327099638
327101172
327131471
327140742
327143320
327147612
327152765
327156591
327159966
327162361
327163608
327166576
327211485
327216780
327217502
327222704
327246028
327247356
327255273
327276673
327277497
327287573
327293286
327297017
327297088
327309845
327325704
327356252
327356751
327359118
327366360
327383911
327399331
327402079
327402523
327405311
327419768
327420414
327424944
327428705
327430191
327431415
327439892
327456717
327457975
327459095
327462103
327465533
327487344
327496509
327496795
327529622
327533606
327534159
327549582
327561737
327566788
327582506
327623616
327624861
327625156
327638817
327645652
327651785
327658084
327658181
327690159
327722623
327724181
327741323
327751041
327754165
327762757
327766641
327809647
327810151
327813858
327842580
327846880
327850961
327859382
327889881
327890579
327898084
327913873
327943112
327961232
327961277
327985849
327998352
328001437
328035484
328047585
328058044
328075261
328078845
328084659
328104228
328111223
328113386
328117575
328124339
328139447
328150880
328154219
328154368
328169441
328179076
328184505
328212622
328234406
328240150
328247399
328250986
328263889
328266043
328282029
328297116
328302791
328307451
328308815
328325911
328326366
328336297
328367131
328373549
328375026
328375591
328377394
328383395
328389968
328390298
328437641
328443865
328465814
328480426
328482178
328486433
328487171
328502210
328504176
328513886
328513955
328549055
328563854
328578491
328584865
328596935
328625442
328659244
328659751
328683117
328684641
328692416
328692914
328694527
328696085
328705862
328729143
328734222
328777256
328781062
328796980
328822556
328826000
328859612
328861894
328869108
328883659
328887385
328899060
328919423
328926401
328935052
328938983
328947012
328975888
328986306
329020442
329025689
329040572
329042767
329049692
329050227
329054605
329061139
329069852
329083941
329092714
329133851
329137624
329138428
329153901
329189681
329207150
329214417
329231133
329232400
329247033
329254520
329260146
329263604
329273889
329279086
329282748
329284278
329301772
329302788
329303393
329308090
329338530
329365099
329377641
329393087
329422660
329439935
329445767
329459008
329490262
329490698
329518205
329530102
329553140
329554113
329555883
329567180
329586213
329586906
329598644
329604247
329609330
329619334
329621604
329636293
329647805
329669608
329717069
329723795
329733404
329739548
329739878
329746093
329766847
329768610
329792584
329793733
329795488
329803984
329810885
329821377
329832551
329832573
329839128
329859145
329876645
329877105
329884668
329890388
329911015
329931246
329933211
329934752
329939275
329941999
329950037
329968734
329982420
329988836
329995176
330037876
330042053
330056852
330062879
330085848
330093495
330107945
330123976
330126239
330127494
330135762
330136697
330145109
330181947
330194487
330204563
330206815
330219225
330232767
330250089
330252624
330266920
330287879
330289210
330301616
330309720
330315660
330325204
330372664
330387394
330388818
330392433
330393784
330397862
330411899
330421132
330432476
330443333
330454505
330474085
330483776
330493588
330495846
330496668
330506823
330510264
330515983
330524056
330578448
330615674
330641392
330654430
330657912
330677676
330678794
330689092
330694915
330706605
330706784
330714112
330716074
330718264
330727722
330733803
330734128
330752980
330753428
330773868
330774469
330783560
330786062
330820837
330820968
330833297
330846650
330857951
330862531
330868722
330876954
330893618
330894685
330915589
330925599
330943673
330946822
330951310
330966404
330972016
330983133
330983184
330985716
330991427
331015047
331018113
331019814
331034516
331042291
331058792
331061463
331067731
331075505
331080383
331087242
331092319
331097821
331101882
331111154
331121228
331127168
331146972
331150507
331153432
331166425
331170754
331187408
331204769
331210544
331217150
331232457
331234068
331234281
331249641
331259315
331273708
331289899
331309282
331310602
331317186
331343500
331356683
331364690
331367632
331369925
331370321
331391082
331392863
331406284
331406814
331411750
331413073
331416292
331417031
331418751
331418892
331457259
331461761
331462167
331466757
331467528
331475407
331475978
331487958
331493152
331511247
331518395
331522278
331550507
331559449
331563753
331571614
331574021
331590404
331598588
331598703
331608066
331615794
331618613
331622744
331629494
331635021
331637769
331650471
331656695
331657713
331664053
331680960
331707054
331738991
331739345
331754918
331770878
331771535
331771657
331798020
331822101
331829528
331834753
331840154
331847268
331853488
331871298
331871925
331878195
331924257
331965249
331966922
331977995
332005833
332012583
332016727
332033985
332076869
332084055
332085350
332088037
332095161
332104070
332152226
332153998
332179137
332201031
332208153
332219552
332230863
332232891
332242467
332246700
332260051
332270177
332280689
332283527
332314712
332315138
332327866
332331519
332340393
332353034
332357470
332379340
332387438
332425943
332446190
332462714
332474245
332475326
332506347
332510771
332529566
332545324
332561602
332571842
332573345
332587997
332632357
332633528
332640822
332651743
332653025
332661619
332664659
332686075
332708031
332710357
332736569
332762088
332773770
332785050
332795177
332807686
332813401
332813526
332832266
332838294
332842998
332847152
332880310
332882192
332889413
332904815
332905678
332910335
332916993
332917845
332927565
332934158
332934684
332939636
332948333
332951467
332954426
332965061
332971743
333003630
333012304
333035785
333054762
333077724
333086083
333088368
333096549
333097177
333114958
333115940
333139634
333147720
333156734
333157391
333170120
333179624
333179661
333180192
333186873
333190445
333194462
333198874
333200548
333222703
333254703
333255004
333272857
333276537
333279262
333280854
333284262
333304581
333312244
333337922
333342523
333362179
333370665
333378761
333379716
333381571
333382201
333401154
333409721
333420581
333450336
333460199
333470361
333476698
333484423
333492049
333539368
333539989
333543099
333551877
333559378
333569330
333585347
333586380
333609292
333629213
333642658
333674609
333674876
333678615
333692236
333714981
333715594
333726473
333731150
333731168
333781548
333814794
333819920
333824574
333827496
333829734
333840577
333848339
333852084
333875748
333895986
333901678
333909528
333909970
333912150
333918099
333922053
333926692
333934389
333948197
333949245
333983295
333988922
333999405
334037061
334063620
334067179
334069001
334087034
334095583
334097819
334099101
334155232
334166553
334167554
334168186
334177799
334179739
334180719
334199682
334201649
334209443
334210865
334227978
334233591
334237183
334267448
334277250
334314776
334317393
334321113
334327282
334328634
334333336
334336817
334354301
334367156
334372722
334379688
334381590
334384967
334401527
334428709
334439111
334447135
334448021
334460629
334461135
334465799
334472459
334483460
334509144
334519501
334520664
334521344
334531719
334534524
334536282
334541948
334543212
334544983
334556880
334557108
334560209
334565888
334572173
334572353
334578264
334602971
334615789
334622340
334666349
334674219
334674275
334682561
334714328
334716586
334724241
334725768
334727401
334736701
334741315
334758329
334779185
334796523
334812002
334812422
334821288
334830242
334833625
334840160
334840219
334848217
334869061
334872972
334874104
334896465
334912522
334913939
334921651
334929679
334940678
334955409
334997010
335006678
335016658
335025607
335052958
335067731
335081248
335088064
335100490
335104236
335123393
335124002
335126472
335129031
335134616
335142715
335143228
335143782
335144811
335173093
335196882
335197823
335215852
335225087
335240350
335244680
335245464
335245975
335260671
335261100
335262874
335269112
335270842
335276730
335278859
335285236
335288458
335291111
335291941
335292491
335302372
335321507
335327310
335354672
335359845
335371771
335390988
335400677
335408081
335423942
335430851
335432284
335462387
335477957
335485468
335487929
335495391
335501314
335503318
335507003
335531424
335535407
335537490
335539163
335542056
335545038
335560196
335564172
335575099
335585969
335589865
335606140
335618505
335628588
335630546
335635972
335652473
335656338
335662965
335697200
335697613
335699821
335707620
335733365
335736955
335740119
335747568
335755940
335766606
335767322
335767769
335769085
335769496
335772941
335776826
335805598
335850173
335851180
335855517
335869521
335878129
335886828
335904943
335921398
335937715
335942714
335948359
335961373
335976871
336008150
336026678
336028232
336050400
336057405
336062271
336066611
336068603
336097589
336130205
336133682
336143472
336186401
336188678
336208142
336229123
336234143
336263659
336266646
336270703
336279159
336280920
336296927
336318620
336326037
336335075
336340663
336343956
336345226
336349530
336351887
336352324
336353733
336354779
336367060
336377714
336386415
336394995
336400819
336411145
336441920
336463765
336488404
336490010
336496128
336504895
336514646
336518928
336520969
336539832
336557113
336559354
336570249
336573269
336590710
336590863
336598892
336605934
336614083
336649771
336658777
336661079
336664777
336674229
336675529
336677119
336677714
336691372
336702675
336707548
336708097
336721679
336723253
336745368
336754789
336757912
336772098
336774672
336782410
336787404
336788838
336800205
336801453
336804901
336815220
336822046
336843317
336853328
336862189
336880353
336898997
336905195
336910500
336913315
336920132
336924719
336929389
336947480
336955802
336970657
336999499
337009627
337028258
337031080
337034923
337038217
337053808
337057122
337060573
337070497
337091388
337115682
337117955
337142417
337146938
337151987
337153704
337157734
337168721
337176197
337178113
337183524
337202571
337236534
337241301
337247569
337272450
337278926
337281236
337312982
337325986
337343071
337348445
337368716
337387696
337389272
337392772
337393538
337398623
337418732
337424299
337424896
337427342
337429944
337440718
337456833
337473993
337484321
337490603
337513837
337514250
337521510
337522498
337541837
337572207
337574140
337602418
337615968
337616217
337626683
337633398
337651551
337662473
337666932
337675576
337677597
337682913
337688582
337721568
337768526
337782528
337784173
337784757
337815171
337821120
337827050
337827826
337834791
337842200
337855085
337855601
337869880
337884716
337887092
337891432
337893963
337910511
337911106
337912622
337928442
337937759
337943131
337973779
337986652
337987869
337993433
338002307
338003542
338008927
338012594
338029596
338046833
338050719
338069348
338072488
338072723
338073217
338089251
338102344
338103106
338153903
338156595
338160299
338175566
338177573
338191384
338200166
338207147
338226137
338230229
338231191
338242274
338247325
338249163
338249934
338250720
338258357
338264962
338282287
338284803
338287200
338308658
338323089
338324351
338324618
338355777
338366678
338370762
338377882
338378659
338387419
338410947
338411351
338413647
338432447
338434176
338436574
338455443
338458957
338467184
338485306
338493209
338495567
338517072
338517503
338546047
338555291
338557877
338567531
338571126
338573416
338644505
338651207
338657789
338662347
338662348
338677467
338677676
338693954
338697194
338702004
338726156
338740266
338758337
338759224
338760531
338765690
338790240
338800193
338809625
338820482
338825433
338836255
338837941
338845394
338851816
338861072
338870740
338876027
338878219
338879542
338881522
338884632
338888704
338893413
338904355
338913914
338961177
338967666
338968190
338968767
338975821
338978609
338996439
339004840
339019271
339058005
339082948
339100902
339103638
339169453
339186846
339189495
339198074
339240904
339244990
339246256
339263960
339327024
339344080
339345755
339345958
339354688
339360604
339367323
339371823
339372282
339374364
339409702
339425514
339442753
339454087
339457315
339458278
339462235
339464822
339469868
339509290
339511490
339514659
339518417
339531925
339555915
339570892
339571247
339571759
339580583
339614899
339631237
339635841
339674205
339674317
339675903
339698267
339720522
339759427
339760002
339764456
339774082
339791650
339795198
339879227
339880317
339892310
339895703
339896122
339915284
339919793
339923343
339932319
339942306
339952196
339962599
339980536
339989732
339989849
339991955
339994365
339999270
340008195
340023930
340035163
340035650
340037651
340071235
340075018
340080869
340083839
340089778
340092934
340098944
340098946
340114656
340175502
340177462
340202607
340216601
340230676
340239394
340248892
340278879
340293840
340294866
340301693
340323571
340323687
340360252
340363637
340375235
340387852
340391361
340392655
340393487
340405975
340424841
340426841
340428190
340441656
340442647
340444218
340447460
340450598
340455542
340473843
340474147
340478656
340486991
340492042
340500585
340535344
340538418
340539676
340556534
340576415
340617728
340621931
340639484
340640841
340675932
340679973
340685967
340688703
340693433
340697230
340698994
340717571
340721988
340737521
340738038
340753070
340769287
340795014
340795474
340831005
340835682
340848154
340856018
340864644
340899496
340917135
340918037
340928456
340932645
340934904
340955231
340955884
340998698
341003276
341011700
341019079
341054950
341089530
341096897
341105710
341118149
341125926
341145624
341150021
341167384
341171483
341171759
341173286
341177702
341181752
341182491
341184545
341185164
341187028
341201732
341206062
341220488
341247947
341257223
341262903
341269626
341270647
341278840
341284429
341295409
341302504
341324777
341329660
341358974
341361176
341368652
341374466
341374589
341381868
341386860
341401779
341401817
341403303
341408022
341411056
341414931
341417126
341420196
341425466
341435595
341445368
341456085
341472583
341483928
341486136
341504065
341511818
341512788
341514476
341532320
341555638
341586823
341611688
341621717
341621888
341645744
341650929
341653906
341654874
341655393
341683516
341708122
341710219
341712860
341715827
341720553
341721467
341748329
341749646
341750814
341757451
341786250
341803330
341813224
341830481
341837128
341838314
341839227
341858479
341867026
341877840
341884888
341907568
341911254
341912392
341935819
341938183
341957495
341967556
341970414
341973040
341976980
341979600
341989675
341997701
342016570
342035292
342040491
342060177
342095676
342101662
342104185
342113687
342123513
342134824
342137156
342140312
342147196
342147210
342150986
342156033
342182498
342197183
342220867
342236753
342241463
342249718
342252853
342263242
342264798
342283875
342290740
342314939
342315575
342330396
342371772
342383062
342400932
342405026
342406642
342409756
342417181
342418438
342421219
342427221
342442405
342447827
342458429
342458660
342459705
342479199
342486120
342524645
342527064
342527791
342530807
342544555
342549387
342565217
342596287
342602089
342608201
342643648
342647092
342656415
342659067
342659842
342676476
342680888
342681274
342682175
342694109
342713278
342729439
342734850
342738133
342742552
342758813
342782086
342789931
342814903
342830174
342830472
342844133
342849768
342862342
342863897
342866031
342874010
342886016
342891260
342933152
342934332
342941487
342965116
342969002
342982043
342987207
343021150
343021229
343022633
343037947
343042177
343053119
343072616
343084367
343086365
343091614
343093971
343109964
343112542
343132278
343137381
343143393
343148338
343166053
343174594
343176812
343190997
343203751
343215495
343220544
343232175
343237338
343245568
343247463
343264814
343289218
343292101
343310964
343342579
343357839
343358085
343373372
343385386
343394861
343403070
343406117
343407575
343409323
343414915
343434674
343442588
343451207
343457766
343473259
343494679
343516242
343528275
343528887
343530400
343536222
343544311
343544632
343544965
343555368
343555388
343570053
343576262
343576507
343589142
343592381
343604613
343617447
343625416
343626740
343636406
343641466
343642973
343658528
343686134
343688954
343693479
343693820
343709002
343720229
343766476
343774439
343794701
343798880
343807953
343810357
343813109
343826313
343840059
343841889
343854622
343862157
343863402
343877696
343879504
343881746
343885966
343894452
343899679
343903051
343924429
343936414
343945340
343952189
343984490
343992107
343996071
344007993
344010788
344019575
344019652
344045300
344051362
344062908
344084269
344092349
344121810
344124462
344143272
344151109
344179686
344205808
344216444
344224756
344230535
344233544
344235200
344238755
344241878
344262991
344288271
344304046
344305059
344306943
344316230
344320867
344346212
344349821
344370107
344376639
344382956
344407778
344420973
344424548
344428107
344437175
344454909
344476197
344477574
344494622
344498849
344509329
344531498
344536434
344548179
344551978
344560535
344595007
344619098
344641486
344664098
344670462
344674229
344683136
344688038
344702880
344703191
344762854
344763340
344764303
344766373
344780916
344823822
344827934
344829929
344830294
344847218
344849248
344863658
344875328
344887915
344891890
344901850
344902719
344905396
344915656
344921710
344924967
344926912
344928956
344940167
344947120
344964634
344964916
344973756
344974417
344974868
344987069
345009353
345019582
345032599
345036804
345037863
345052848
345066637
345082176
345103193
345114311
345139937
345142728
345150880
345151140
345152131
345194691
345198273
345199398
345200237
345222821
345230841
345237221
345253948
345275010
345275323
345279502
345300741
345313062
345313680
345315306
345316652
345324446
345329225
345339348
345346100
345347264
345347294
345350314
345385187
345393547
345395564
345398459
345399949
345432502
345437066
345476528
345489019
345496925
345520857
345532149
345532972
345540319
345559238
345567210
345571671
345577883
345588061
345607648
345610931
345628089
345630841
345640193
345644226
345646544
345652869
345687979
345710913
345719017
345723013
345723481
345728428
345731066
345734263
345743328
345761417
345779410
345782117
345788146
345796034
345807466
345808357
345816063
345817973
345827981
345834882
345838399
345846710
345853862
345860712
345893499
345893560
345905178
345916114
345916443
345932970
345937304
345962859
345972363
345989567
345992438
345997560
346003498
346008833
346015293
346022918
346028412
346031633
346057160
346057559
346070316
346071486
346085771
346092041
346107044
346108532
346116884
346120196
346128516
346146696
346184189
346195445
346202679
346211212
346215470
346227853
346241380
346244027
346247738
346250316
346285921
346287634
346296236
346306564
346310730
346313045
346328916
346332560
346333203
346333777
346340259
346342517
346346602
346349632
346376870
346398914
346408614
346418764
346422899
346423461
346429141
346442938
346447756
346448378
346469545
346470654
346470965
346471814
346480164
346490043
346497252
346528100
346535629
346540827
346541651
346552200
346571181
346606257
346611616
346619247
346622286
346626775
346638384
346642424
346649129
346652768
346652882
346656667
346662422
346686259
346691203
346693275
346700848
346720319
346731582
346745244
346751355
346751931
346756121
346763625
346771695
346773149
346781214
346794574
346805924
346808331
346808554
346809580
346809645
346825861
346837223
346858051
346861978
346896693
346933748
346943298
346944959
346951414
346953772
346967553
346973710
346983461
346985695
346999205
347000404
347016815
347060235
347061840
347068482
347081818
347088468
347094786
347096959
347100006
347117256
347118471
347119626
347132297
347143733
347177459
347187685
347190285
347191235
347217574
347225262
347244066
347265398
347273143
347281074
347282309
347287282
347288734
347292314
347304748
347305393
347305652
347307269
347327049
347362474
347369279
347387564
347387906
347426359
347426881
347434152
347451588
347472884
347473789
347481774
347488363
347489650
347493901
347501935
347511614
347512171
347530563
347574503
347582400
347592636
347605245
347611357
347629707
347637671
347654414
347660174
347663414
347676629
347676676
347677093
347699304
347715418
347721471
347735946
347745922
347757496
347771533
347783952
347806206
347836839
347847561
347877563
347879094
347885601
347886653
347889687
347908213
347947474
347959781
347968726
347970010
347973608
347998500
348002859
348005483
348009440
348020205
348073145
348081164
348094939
348107152
348113252
348116413
348148880
348165325
348175509
348176523
348202574
348204642
348230437
348240287
348286660
348290036
348295890
348306435
348324447
348331076
348361459
348377266
348378782
348394636
348400345
348403634
348431982
348448951
348451549
348452294
348471656
348479139
348494712
348496912
348505565
348520120
348521300
348523766
348528688
348529335
348540836
348558475
348560939
348564308
348565775
348570104
348581113
348606663
348616837
348617408
348622613
348622639
348633755
348635453
348659713
348661432
348674101
348677315
348686647
348697467
348701700
348709900
348709901
348712428
348718892
348738765
348744523
348749321
348762311
348785291
348799305
348800879
348806402
348815572
348845805
348871892
348893695
348904094
348921693
348924368
348948824
348952110
348968102
348980466
348988131
349006671
349013385
349023652
349024485
349053569
349069756
349074982
349083976
349097194
349098027
349099086
349121165
349123415
349126333
349130071
349142518
349143873
349143901
349152446
349166892
349177333
349177514
349179612
349179767
349183398
349191616
349197679
349217558
349219954
349225605
349237278
349248250
349252970
349258197
349261062
349270735
349290613
349291634
349307318
349312035
349318289
349323692
349343590
349343751
349367909
349368908
349389845
349400456
349405065
349415707
349423570
349423814
349424222
349425444
349498940
349509123
349512963
349519433
349539694
349544915
349558406
349572846
349576039
349604376
349622647
349626081
349644578
349651941
349659299
349660917
349670155
349680096
349693745
349695539
349727414
349745807
349752353
349781881
349789329
349790247
349791671
349826125
349848231
349866872
349868512
349876645
349884304
349901850
349908969
349915876
349919236
349939149
349949845
349962859
349966840
349980945
349991679
349994565
350024527
350030638
350036699
350042571
350060270
350060595
350089023
350097332
350105239
350111009
350124053
350125027
350142641
350146193
350182333
350190881
350194780
350207178
350229403
350264803
350281701
350288188
350337297
350337592
350344423
350344581
350359293
350361588
350365977
350370553
350371799
350395568
350396491
350404844
350422900
350430979
350431831
350433859
350446901
350457928
350474091
350479668
350481589
350486745
350487022
350490109
350501233
350501875
350502127
350518284
350538670
350544350
350546447
350553830
350556321
350561221
350572130
350577720
350597027
350615781
350636074
350645558
350647899
350681544
350688696
350699983
350721962
350732530
350734651
350740070
350748526
350754861
350760856
350771781
350785715
350790978
350797606
350798144
350821842
350838472
350844014
350851785
350863794
350869700
350872302
350877203
350886085
350887524
350893835
350914535
350915581
350918963
350931756
350997721
351002845
351011820
351049441
351056995
351061441
351084635
351085911
351088228
351094238
351101454
351104239
351120052
351123356
351126929
351135130
351137679
351151551
351160313
351174140
351189217
351218404
351234224
351258945
351276155
351276740
351295802
351300613
351317022
351321971
351323220
351344072
351355482
351400011
351408180
351419259
351427771
351429687
351459515
351462439
351475283
351478302
351480707
351490655
351492351
351497213
351500232
351510134
351516219
351564385
351600680
351635368
351651525
351651874
351679876
351683448
351689985
351716811
351717883
351719335
351721734
351726246
351730409
351733802
351737533
351742723
351752806
351753238
351766710
351772031
351776375
351782969
351797063
351798254
351798942
351811555
351816002
351823899
351825398
351841801
351847780
351856572
351869452
351890575
351894463
351900244
351907544
351926420
351932545
351936895
351937923
351939736
351943771
351943802
351955927
351966853
351969181
351985547
351990274
351992974
352012137
352047628
352049972
352079385
352088274
352100136
352133076
352142090
352151261
352155940
352157521
352158346
352182157
352184083
352190347
352190936
352200307
352241708
352251585
352264826
352268761
352269605
352274473
352278917
352282953
352290118
352311412
352321692
352353909
352382313
352440751
352459812
352474357
352484095
352500755
352530218
352534172
352536501
352554128
352571386
352576409
352586583
352593602
352607441
352616735
352621103
352623843
352626481
352628275
352642664
352659362
352665922
352675753
352696872
352704825
352734760
352743083
352743385
352763092
352765073
352806267
352815025
352852043
352855380
352857749
352871893
352890494
352906689
352928177
352947013
352949422
352979608
352994885
353014369
353044100
353049236
353074615
353076726
353078442
353114438
353138424
353183126
353207763
353216883
353219350
353223514
353245051
353251662
353277745
353286527
353290698
353292564
353302474
353339800
353352522
353354268
353376421
353387632
353392756
353395178
353400967
353418861
353424759
353427984
353452832
353454178
353469222
353469460
353485450
353500005
353513429
353523949
353534961
353541270
353550285
353560127
353561861
353569008
353569145
353579406
353595990
353618603
353627390
353659087
353673761
353691439
353696606
353724012
353739196
353739934
353746851
353748236
353761473
353764136
353771428
353778357
353786203
353792406
353800673
353820397
353822983
353830051
353830390
353844746
353852008
353888868
353899447
353900661
353940659
353946033
353975091
353976934
353977278
353990211
354019997
354025068
354037745
354045566
354054597
354061445
354068807
354082949
354083081
354086522
354091616
354093867
354103084
354118704
354131601
354136830
354154930
354159203
354163918
354200028
354222393
354222783
354237047
354254677
354258773
354258913
354260096
354261935
354268852
354274374
354277592
354290556
354290742
354293224
354294686
354300865
354306089
354316362
354321651
354337465
354359528
354360696
354382784
354389965
354392640
354436133
354463014
354465107
354478244
354488450
354500062
354500126
354520555
354534574
354535419
354539535
354560089
354590947
354621908
354625272
354630824
354641115
354641418
354674830
354704987
354711680
354721783
354740763
354763573
354776373
354791865
354863207
354865581
354875111
354888396
354889056
354902065
354906728
354907725
354908901
354917435
354918206
354927896
354929766
354932895
354965142
354974253
354977173
354991321
355013635
355019636
355019706
355028123
355029438
355041327
355042062
355046814
355050100
355066374
355074916
355079425
355087845
355096611
355100270
355115588
355150828
355156688
355158295
355166470
355192243
355201640
355210319
355216372
355218013
355221536
355228646
355230236
355232136
355269426
355280860
355284608
355294539
355323723
355333166
355337012
355337422
355416104
355422047
355423653
355447968
355449175
355455461
355460759
355461266
355464261
355477675
355478243
355481287
355483041
355486118
355488389
355502793
355508385
355520087
355533171
355533372
355543056
355543991
355559097
355576445
355577854
355579258
355608158
355635438
355646187
355663940
355684781
355698884
355704128
355760860
355771961
355772972
355776998
355787647
355788637
355790890
355793265
355799085
355802245
355811692
355821970
355837561
355837804
355849693
355866232
355874937
355879513
355885472
355901319
355902321
355903405
355912773
355934430
355936647
355937340
355943335
355956915
355975471
355979654
356010700
356013930
356030945
356032091
356043869
356047175
356061888
356098168
356109981
356112245
356112522
356118927
356125410
356157433
356158114
356172758
356201537
356224625
356231754
356232884
356235890
356241031
356272868
356274154
356274973
356276284
356284277
356344672
356350472
356366168
356367901
356377527
356407937
356408678
356413742
356420231
356433149
356445186
356452278
356458138
356507218
356508518
356520750
356531713
356534655
356534990
356550159
356551760
356555256
356557186
356571562
356589300
356627983
356642168
356645261
356654870
356694712
356713729
356718133
356724053
356733164
356757227
356763169
356768314
356786452
356791308
356798041
356804862
356811581
356821597
356827254
356837199
356857869
356874373
356880734
356893132
356900105
356903302
356910535
356911024
356916400
356924765
356934933
356962025
357025799
357038383
357075727
357103108
357122778
357135068
357136776
357155354
357165552
357175601
357179489
357194796
357203254
357217420
357239288
357252717
357260063
357280244
357285100
357286704
357289578
357295963
357298895
357303588
357307929
357310647
357312028
357321757
357331209
357337183
357355252
357368920
357370922
357373672
357377927
357384245
357387959
357402470
357406581
357410278
357423932
357433092
357444075
357445605
357477671
357480921
357496978
357515082
357527818
357555405
357557325
357559552
357563117
357568430
357573236
357573444
357573901
357579772
357584574
357587463
357588504
357590868
357606029
357610225
357614284
357616579
357619109
357643549
357669008
357672130
357676552
357676619
357719939
357730188
357732582
357734375
357745375
357745648
357750228
357767285
357769123
357777237
357778036
357790544
357794274
357794919
357799645
357801425
357802264
357809089
357814811
357820890
357821724
357831926
357848263
357853394
357862141
357876410
357883329
357928130
357928797
357929918
357937376
357943660
357952770
357961535
357975219
358016101
358021289
358031581
358046668
358052353
358053635
358069055
358092280
358100223
358102303
358104888
358105700
358110038
358118239
358121879
358130816
358133439
358139529
358161926
358165226
358180358
358188770
358189175
358198330
358200879
358232498
358245636
358262223
358274323
358275031
358285942
358301724
358311970
358312776
358314228
358315306
358329646
358334546
358341500
358345081
358354519
358375489
358392276
358410469
358414704
358422003
358424148
358425180
358427654
358436153
358443055
358446983
358455833
358469843
358483949
358493933
358516486
358540797
358541796
358548231
358551035
358556622
358580379
358584094
358596315
358597004
358614777
358615710
358626203
358641116
358653852
358654081
358655068
358660104
358662683
358694702
358702872
358729264
358733696
358747685
358748578
358748966
358787315
358824629
358859541
358860521
358863013
358870188
358877628
358883810
358888570
358894402
358942666
358945578
358955488
358971159
359022579
359032633
359049277
359054859
359055656
359061023
359081839
359087054
359098523
359116607
359158187
359195167
359197084
359207107
359211744
359234393
359241509
359243818
359247536
359251408
359255539
359262596
359269961
359270328
359319215
359332740
359344569
359355905
359386447
359387746
359403141
359409975
359417217
359424694
359439927
359453358
359455757
359458732
359460709
359462746
359472524
359475730
359481040
359486696
359494225
359496846
359518365
359520357
359530448
359540876
359543941
359546813
359548965
359561143
359566980
359578424
359578532
359592910
359596627
359620543
359623604
359624536
359634996
359638600
359644828
359666840
359686710
359689277
359700348
359710227
359711909
359714504
359740221
359743825
359769279
359785931
359790210
359794689
359799899
359801852
359809960
359823306
359846571
359853869
359855269
359855302
359859115
359861247
359889698
359899327
359931764
359933940
359946840
359947710
359969482
359971072
359991184
360003009
360006245
360014457
360020925
360022668
360024018
360025962
360036682
360066985
360069827
360083148
360092829
360093911
360094771
360116676
360125845
360132030
360154098
360166681
360173558
360185286
360187489
360193304
360198551
360211288
360225783
360229377
360237900
360247775
360262048
360265553
360278452
360307626
360315803
360316911
360319482
360323936
360325136
360326449
360330019
360330300
360350488
360373175
360377756
360385419
360392168
360405101
360417583
360429508
360433859
360470475
360477608
360492366
360508708
360511820
360511952
360521115
360528936
360528944
360548116
360559794
360566489
360572282
360589597
360606285
360613555
360618517
360624328
360647084
360649158
360661525
360662662
360667171
360671834
360673896
360677159
360689555
360690619
360724450
360736114
360762887
360765110
360769133
360791656
360796129
360814167
360815231
360821364
360858878
360867244
360872967
360876432
360920086
360924244
360940376
360943186
360961060
360970690
360973318
361004984
361019024
361020421
361030855
361050074
361081388
361092376
361101466
361102460
361112078
361112529
361118073
361126745
361148874
361151349
361156349
361178124
361197665
361200523
361206294
361231177
361254799
361260985
361266997
361274045
361279143
361303723
361314923
361316607
361321626
361349674
361368417
361374639
361383444
361395308
361403714
361404302
361408244
361409051
361424883
361430238
361436756
361450954
361458075
361487694
361509165
361515503
361520854
361535406
361539608
361549446
361550516
361582183
361597699
361614067
361622512
361629553
361641428
361645242
361652488
361662532
361665035
361692991
361701576
361711797
361712822
361713253
361745862
361746088
361748977
361774045
361798293
361803390
361809277
361810796
361816837
361819694
361829381
361836208
361851212
361873087
361876174
361894349
361914117
361920004
361926576
361935345
361937333
361946622
361989230
361991896
361995008
362038390
362045005
362046656
362047394
362051684
362056401
362068039
362068568
362070459
362071976
362079612
362082684
362085036
362088319
362089801
362093453
362093695
362096262
362101932
362129338
362135132
362139719
362147481
362157367
362161482
362174216
362180146
362189480
362224987
362260913
362266962
362292848
362307598
362308131
362320765
362326650
362326912
362341175
362360370
362370689
362377005
362377993
362380638
362385382
362400594
362404105
362405172
362420509
362429360
362446867
362453892
362459778
362477549
362502271
362502454
362504477
362542888
362542960
362563282
362572622
362572943
362578601
362578640
362582292
362582726
362593123
362606893
362611624
362622817
362626168
362634241
362639031
362650599
362694297
362696850
362698781
362721210
362724424
362725868
362733940
362747192
362762004
362775725
362780688
362787780
362811657
362814982
362820955
362821961
362823120
362836750
362855512
362859939
362876412
362880282
362881058
362897346
362908225
362915658
362929362
362942993
362975884
362992051
362997417
362999372
363010473
363017200
363030887
363037303
363053118
363058485
363075518
363084168
363089902
363102518
363115328
363121830
363122714
363125615
363127657
363129387
363138000
363138338
363162306
363169767
363182402
363189592
363209008
363238316
363257155
363259000
363282669
363282964
363289492
363311598
363311812
363319637
363327834
363328157
363330492
363338623
363351099
363360649
363369571
363376331
363379013
363393714
363400485
363402787
363413940
363416797
363440014
363463071
363474346
363477868
363481862
363499050
363531647
363550255
363550943
363585831
363617868
363620034
363628814
363632676
363633669
363635389
363651605
363651980
363656759
363661974
363671090
363692583
363693351
363711898
363717151
363740550
363742468
363783054
363787135
363790432
363790990
363793066
363801767
363821181
363825661
363852879
363881398
363882221
363892621
363893280
363894919
363895286
363916885
363917539
363918254
363919414
363922438
363926029
363933883
363955984
363956324
363963469
363968397
363969500
363977498
363983841
363984305
363986582
363995935
364007963
364009749
364039438
364047003
364058008
364058043
364119455
364123074
364129938
364138464
364151043
364184013
364200738
364213018
364217613
364220154
364249159
364257411
364260650
364274458
364285089
364293692
364319875
364343542
364344592
364351805
364359722
364375083
364401937
364413595
364425116
364431802
364433836
364452658
364465127
364477530
364479631
364480044
364494864
364495578
364512567
364524254
364537623
364539626
364543038
364554279
364562414
364567026
364570649
364574383
364589635
364591030
364615191
364616176
364621926
364626408
364627325
364636402
364702943
364707319
364736985
364743046
364748924
364757749
364770923
364772399
364775127
364790088
364802192
364803603
364822369
364832167
364851383
364853278
364853467
364857452
364869310
364876448
364882866
364886938
364914087
364926842
364931305
364933014
364945137
364952249
364956776
364964889
364981665
364988938
364994446
365000187
365015805
365018862
365032275
365032767
365038943
365065825
365076669
365077947
365079555
365080038
365080244
365080831
365083639
365091410
365108541
365110141
365123469
365135196
365144097
365145262
365151025
365171684
365173840
365175484
365191666
365214199
365217837
365227308
365231871
365245178
365261871
365274611
365302711
365335521
365337678
365339987
365350053
365376510
365377281
365389547
365391969
365407422
365431630
365446114
365464803
365471235
365472134
365519016
365519022
365523538
365530460
365532634
365536489
365545347
365550857
365556227
365561811
365589802
365594982
365623198
365645033
365656834
365657755
365679059
365714375
365721963
365723812
365729457
365755324
365758500
365765778
365778515
365778946
365795244
365813970
365833524
365840561
365844911
365846036
365855314
365864206
365867482
365874508
365876017
365881705
365886833
365902534
365906367
365943042
365945350
365954791
365965566
365967626
365967668
365978247
365986234
366003001
366011750
366013616
366015962
366016077
366019560
366046066
366049353
366068838
366068862
366081550
366082638
366083808
366099399
366104045
366114028
366116106
366121911
366125721
366127780
366130301
366134537
366144991
366153566
366173981
366181658
366185165
366196917
366206571
366209385
366216527
366222497
366226927
366262425
366265147
366274661
366274863
366281219
366292380
366331403
366332178
366360366
366364837
366368907
366386218
366390446
366394969
366397199
366416556
366429352
366441241
366467828
366476189
366482723
366504351
366526487
366532359
366558825
366566437
366568762
366594161
366595323
366598864
366612480
366617081
366621670
366624075
366654671
366689990
366695929
366697951
366734622
366738061
366754174
366756877
366760052
366786637
366807547
366823744
366830836
366836441
366841188
366852030
366860049
366872517
366903905
366904178
366923246
366925199
366933391
366941273
366996713
367009697
367012817
367017864
367026825
367031767
367032140
367037962
367042981
367043471
367048033
367050728
367057445
367061515
367071495
367116384
367128379
367128479
367149026
367171224
367198840
367199465
367218153
367224044
367238930
367250569
367253313
367253668
367256423
367259047
367260027
367263517
367263707
367282631
367283908
367308088
367320104
367334155
367339679
367349324
367351605
367352037
367405872
367408429
367431088
367442887
367456407
367461374
367466219
367497896
367514470
367547005
367564066
367626466
367638261
367641224
367647265
367656859
367683804
367710500
367732546
367739800
367756082
367763246
367770830
367780283
367793184
367796601
367807154
367807387
367822666
367834105
367834779
367838567
367844947
367852974
367859225
367859399
367865974
367882006
367891644
367895662
367904361
367907344
367928825
367931177
367947155
367956679
367968929
368076040
368079254
368092278
368101293
368105444
368129582
368132422
368136232
368138051
368140445
368144929
368157750
368161696
368178856
368193261
368209319
368222724
368255671
368260420
368277101
368278010
368278913
368282907
368289538
368289984
368299302
368300602
368322534
368340986
368345006
368354339
368359901
368365782
368379180
368380833
368381691
368410527
368436056
368452283
368462337
368467543
368477971
368512563
368517160
368519695
368521494
368522880
368526649
368532107
368535494
368536290
368564163
368569488
368584402
368597693
368601236
368610466
368627533
368636552
368642088
368657468
368675912
368678884
368685070
368687502
368697430
368701938
368702428
368716577
368719831
368744574
368748232
368755403
368760202
368765996
368775890
368792071
368793157
368795388
368806937
368811508
368841411
368845582
368845594
368850856
368852639
368863878
368864989
368883971
368885777
368888415
368891090
368903713
368912771
368915923
368922407
368924346
368934248
368948612
368986080
368986220
368987022
369007650
369012915
369022902
369026064
369028679
369037297
369038681
369042767
369055079
369071745
369082521
369095459
369095874
369114621
369115019
369139869
369151243
369176168
369176799
369180409
369198871
369203867
369209849
369209868
369215067
369223501
369231278
369249153
369260152
369264262
369266709
369270983
369283450
369297107
369301370
369303374
369318478
369335082
369344947
369355479
369364246
369366316
369382499
369385438
369401342
369414660
369422570
369423874
369434349
369440520
369454437
369491423
369493178
369521597
369526167
369544632
369558129
369569923
369586352
369591660
369595504
369618291
369619178
369628490
369643082
369689721
369692192
369693203
369722847
369743251
369750443
369754176
369770316
369775329
369788069
369789315
369795960
369803622
369817142
369820063
369849560
369866957
369872864
369898163
369941611
369949999
369957147
369962514
369968461
369974710
369979367
370005414
370010444
370015835
370037507
370041865
370050054
370051713
370069069
370077136
370080855
370083240
370084447
370085894
370091449
370103846
370108972
370122950
370123008
370123735
370139723
370144847
370151128
370158471
370170083
370175857
370203874
370206306
370216593
370247525
370247873
370255240
370262204
370283663
370297957
370301503
370305504
370317625
370334446
370347787
370363304
370376313
370380409
370383144
370383206
370386516
370388809
370393424
370397992
370413627
370434720
370434793
370450757
370460004
370470106
370480409
370493034
370509885
370511792
370545058
370546199
370554088
370557502
370563987
370567740
370572925
370592574
370595077
370609118
370621800
370625887
370630177
370630744
370630877
370642048
370646428
370648969
370675356
370688116
370688299
370691107
370694490
370710861
370711313
370715958
370726200
370729762
370732329
370747115
370767410
370769553
370782622
370784138
370786575
370799949
370802383
370802863
370809450
370827094
370833240
370839887
370877826
370894645
370899529
370901251
370903871
370941849
370952879
370975301
370993920
371004717
371009483
371027651
371029613
371033454
371036884
371062344
371062559
371065483
371067301
371074068
371077303
371090783
371100495
371101158
371104305
371111852
371120125
371121257
371140871
371147850
371148169
371153291
371176710
371182546
371187883
371215537
371222148
371229267
371235126
371249142
371263513
371274968
371276256
371283896
371299006
371301789
371313085
371314426
371321429
371323574
371335807
371341126
371344494
371379578
371384530
371402018
371414128
371432780
371437485
371439496
371447533
371485445
371495930
371510705
371516967
371529431
371534518
371536400
371546459
371599230
371617797
371624668
371646813
371656528
371677149
371677942
371679645
371681625
371689923
371690876
371697531
371728130
371749044
371775809
371813014
371833287
371843847
371861971
371865171
371878709
371884419
371885973
371887681
371902993
371905731
371918388
371923285
371925825
371940962
371951735
371953166
371977862
371987657
372013204
372016838
372017088
372027296
372029569
372036303
372039539
372041566
372088500
372097423
372101960
372107531
372111849
372148808
372149471
372167449
372175171
372175408
372181132
372197669
372198427
372219832
372222752
372238599
372242363
372262033
372280346
372290043
372294899
372331821
372347976
372350179
372363040
372405144
372406079
372411355
372411630
372424699
372431212
372435093
372446247
372450298
372475669
372478335
372486978
372506451
372552196
372564944
372568523
372572338
372604569
372604811
372623598
372628254
372646181
372655663
372657731
372721058
372736554
372751724
372765078
372766385
372771543
372802024
372808697
372828691
372829517
372840969
372852498
372863008
372885837
372898877
372905377
372907862
372919311
372925179
372935456
372937591
372954211
372960770
372976393
372979282
373013955
373017006
373027114
373027520
373029924
373033680
373033988
373061467
373064272
373065467
373082559
373092859
373093035
373095587
373108479
373124018
373132404
373146491
373148603
373160464
373175058
373216646
373217252
373218821
373255219
373262684
373269807
373281084
373293251
373293467
373308430
373317440
373328711
373342210
373347213
373349772
373352197
373358818
373371026
373377941
373382456
373384384
373400854
373401305
373430083
373437954
373450221
373456754
373477185
373478893
373484647
373513084
373513723
373520078
373529522
373541232
373544624
373554867
373561110
373565097
373565208
373578549
373583104
373588523
373591074
373600528
373603884
373605600
373605672
373644360
373647358
373676837
373688448
373715592
373735436
373764381
373765643
373775818
373776937
373777303
373778093
373781472
373796180
373815889
373822315
373824396
373825694
373826981
373845249
373876774
373879398
373883524
373884286
373888369
373892994
373895497
373900405
373900627
373910678
373911274
373925061
373930907
373937383
373942867
373977332
374000136
374002489
374019095
374019151
374021212
374053678
374055617
374056344
374071456
374101805
374114086
374126970
374128421
374143417
374150325
374150720
374155122
374156039
374174735
374176555
374182916
374186264
374189570
374192749
374218871
374227517
374236009
374249322
374249903
374263937
374276367
374293504
374300383
374313677
374323701
374329215
374333249
374357643
374375120
374381641
374399432
374412491
374441886
374447567
374453977
374482426
374486482
374493734
374501515
374510018
374539619
374539981
374542468
374548835
374565685
374591043
374616416
374625430
374636462
374637716
374638766
374640876
374651852
374668547
374670434
374671608
374678911
374686552
374694257
374697799
374733511
374739812
374750660
374759956
374763854
374780364
374781153
374789991
374793093
374797320
374801545
374803478
374835713
374869855
374873263
374873279
374893583
374918852
374920947
374925574
374933982
374960171
374961770
374969409
374978402
374981205
374993551
375035100
375060190
375063002
375073736
375079078
375094700
375106067
375157155
375176170
375194693
375195862
375204613
375213592
375222643
375249391
375263816
375279111
375285821
375296028
375296915
375303588
375310627
375316544
375319179
375334802
375338106
375354541
375370965
375376718
375418910
375427936
375431401
375432766
375436838
375457855
375471555
375478001
375492398
375506467
375524742
375545438
375595486
375615187
375618802
375620242
375621175
375639502
375664801
375699321
375723047
375744584
375750209
375766805
375772568
375796475
375849965
375865061
375873468
375882793
375884422
375891586
375904356
375907249
375907289
375907626
375911766
375925134
375939074
375944293
375960171
375971197
375990626
376001050
376014380
376018386
376023486
376038806
376039763
376052606
376062272
376094832
376096224
376131692
376132367
376141929
376146219
376147880
376175991
376184913
376191964
376194908
376197355
376214017
376217399
376238441
376246644
376264341
376266662
376268048
376269784
376272079
376285242
376308140
376317448
376322953
376323258
376335628
376336404
376338979
376365023
376365118
376367707
376373741
376377897
376395681
376398151
376445757
376465221
376470689
376474474
376492574
376492676
376493146
376511796
376518033
376553307
376553794
376580032
376587162
376620040
376635671
376649451
376658499
376683431
376699759
376702709
376722107
376729112
376738626
376745048
376758344
376761382
376778860
376779413
376787325
376790369
376800272
376809269
376840803
376842303
376845083
376862640
376888759
376897050
376899970
376920937
376924541
376933673
376953046
376973642
376973752
376974372
377007226
377008450
377010697
377020507
377029751
377033681
377037385
377045288
377057129
377077969
377078514
377084401
377119477
377129994
377176853
377180404
377185901
377212224
377217377
377224263
377233261
377239185
377244801
377265903
377266012
377272276
377282558
377289960
377296078
377296269
377299794
377302451
377306815
377314052
377317073
377324483
377345410
377345891
377357237
377358849
377368346
377378230
377404571
377409666
377428064
377428603
377428970
377458119
377478377
377484542
377497852
377501684
377502716
377507107
377511118
377539042
377550459
377558137
377573259
377590681
377607464
377614749
377628948
377634032
377641794
377648736
377653242
377679660
377683419
377690728
377722252
377724424
377737802
377742434
377752972
377757708
377769265
377799685
377801613
377824525
377830871
377839178
377846134
377859727
377868049
377901366
377907346
377910178
377921924
377997820
378016800
378052540
378057910
378064375
378071126
378081057
378086129
378087460
378088297
378109698
378131060
378159163
378166971
378215979
378229285
378235065
378250282
378261155
378268423
378307902
378311573
378330774
378344810
378346868
378347037
378347375
378356037
378381081
378391450
378392777
378399021
378400281
378404777
378406212
378447581
378455947
378457526
378471427
378475107
378478964
378479905
378481159
378497558
378502615
378504247
378509088
378516137
378525813
378544631
378559220
378574931
378580218
378584475
378588544
378603146
378608413
378614668
378619347
378639298
378641683
378643459
378643896
378659904
378683847
378714364
378722687
378725146
378725235
378726317
378732547
378733415
378734351
378740939
378755044
378772580
378778168
378784377
378814662
378818084
378845334
378875708
378886298
378905189
378931123
378962327
378987145
378987284
378990131
378990703
378992149
379002696
379004547
379008382
379013871
379016118
379023585
379025754
379041729
379057184
379068186
379080670
379098989
379134347
379144430
379151153
379154025
379159354
379162415
379164503
379203024
379217518
379220804
379225168
379232143
379240831
379241898
379249894
379251420
379257506
379257639
379267345
379268007
379286953
379298673
379308679
379337635
379339712
379357176
379366022
379367111
379377648
379394348
379395970
379400816
379423512
379439588
379451636
379454173
379464702
379465281
379485877
379498445
379510957
379514885
379519142
379519635
379521606
379543736
379553933
379560728
379561764
379566165
379577514
379598802
379599379
379601799
379609738
379617404
379633168
379643379
379672514
379677539
379698971
379731343
379734909
379736253
379739873
379746722
379754311
379760882
379775788
379776251
379820673
379821987
379842768
379848992
379866705
379868015
379870228
379874582
379876897
379886393
379893609
379910061
379925357
379939429
379945017
379947204
379954077
379960238
379962738
379969908
379972955
379982826
379989469
380003468
380031985
380036827
380036965
380041591
380050305
380057353
380058581
380075879
380081715
380112139
380115761
380124437
380125266
380126353
380131592
380148481
380152837
380173484
380177965
380179974
380190479
380195662
380196898
380198327
380217429
380254277
380275270
380284301
380291816
380293850
380335990
380355598
380369233
380369565
380396982
380410003
380411904
380413420
380422791
380428247
380458132
380460109
380477876
380508106
380540777
380542094
380554571
380558533
380602612
380626358
380640994
380646632
380703682
380714274
380764276
380769831
380795467
380801609
380836241
380848109
380901457
380905749
380927665
380929340
380930458
380973725
381002945
381007529
381011234
381015211
381025509
381038180
381042663
381053540
381063069
381077201
381079668
381104811
381132472
381140040
381159281
381168912
381195340
381202077
381202511
381207291
381207733
381209738
381218384
381227056
381231432
381247615
381268132
381269482
381298019
381305614
381306615
381314008
381314485
381355009
381376800
381386166
381392797
381414771
381415715
381427451
381428390
381431821
381443771
381443995
381447254
381451720
381462891
381477922
381482068
381487167
381487705
381491607
381504108
381506366
381508569
381508687
381526776
381534825
381548740
381566473
381570767
381580440
381588700
381589148
381608933
381612475
381632879
381640397
381655167
381656416
381660712
381666336
381673654
381675845
381679430
381683051
381691130
381715236
381721318
381726804
381729503
381748643
381763639
381776989
381787920
381809863
381834403
381838673
381848919
381854244
381865878
381871867
381897459
381901719
381904541
381907238
381908707
381915671
381924083
381932075
381951470
381956589
381976350
381986973
382000539
382001627
382035012
382061386
382064607
382066996
382086292
382100212
382118711
382119423
382124279
382128817
382131665
382138444
382141244
382144316
382147433
382154835
382157624
382166219
382166363
382182150
382185795
382186683
382188066
382189296
382194329
382220925
382229113
382240606
382279133
382279262
382292739
382297889
382300997
382304012
382304430
382315410
382316127
382362128
382370918
382393028
382412647
382419645
382461434
382462487
382475068
382479681
382485599
382489095
382492765
382505307
382508584
382524229
382557135
382561014
382563490
382565467
382606143
382612864
382615693
382628106
382637628
382644524
382650848
382657412
382665908
382679961
382680465
382683272
382685977
382686028
382687478
382707344
382732879
382734691
382750124
382760824
382768803
382774274
382775349
382775517
382781625
382800632
382809992
382812766
382832585
382836539
382843529
382846784
382849121
382857444
382859651
382871529
382888274
382906003
382926033
382929106
382967156
382973189
382994562
382998335
383009394
383037394
383051034
383053100
383073357
383116208
383130858
383135286
383136083
383155651
383187849
383225152
383234480
383237083
383246200
383276608
383282406
383288194
383291772
383306912
383313694
383324728
383353506
383371499
383377485
383402959
383404581
383405009
383411352
383424297
383428184
383435407
383439132
383458610
383458970
383463959
383468527
383471242
383475483
383485617
383487127
383489133
383492291
383498836
383500157
383506498
383510003
383515546
383516754
383524780
383555244
383577083
383581267
383599929
383603879
383607112
383617704
383630157
383630447
383631111
383638467
383640203
383641369
383651021
383652267
383658376
383662345
383681797
383694940
383714485
383723184
383730426
383732072
383742509
383751432
383759956
383760291
383768173
383778515
383779486
383794656
383809015
383822320
383833150
383834723
383838243
383845181
383869223
383894335
383896157
383907159
383909380
383915191
383919863
383922748
383925757
383947614
383951540
383957631
383957899
383958130
383978476
383984540
383989489
383994283
384003930
384039427
384051986
384057862
384065521
384066909
384080296
384081346
384084179
384103319
384110830
384111546
384118750
384150611
384168398
384169873
384174466
384174598
384179896
384189364
384199130
384204084
384205995
384220687
384228085
384232738
384234668
384246145
384254127
384276488
384276996
384282871
384294680
384301611
384307249
384325147
384344746
384346026
384365743
384370402
384385929
384390122
384391558
384402373
384402699
384406872
384415998
384417821
384423273
384437071
384450692
384452640
384466465
384480531
384481098
384490653
384498174
384512688
384554787
384583931
384601761
384629955
384635279
384641134
384650280
384650663
384651529
384677757
384683526
384685973
384707390
384708489
384723082
384726359
384727530
384731004
384740052
384745934
384756235
384760697
384762167
384765310
384770287
384783194
384794215
384798920
384809870
384846929
384851679
384856712
384872575
384875135
384876687
384877169
384881731
384882720
384913434
384919765
384925388
384932087
384945885
384951645
384972787
384976675
384986053
384993678
385020281
385054788
385072517
385078250
385092916
385116804
385121520
385125239
385126571
385132863
385137135
385142308
385143634
385145058
385181412
385209155
385213736
385237959
385239386
385239875
385244130
385252326
385265435
385304179
385311445
385312075
385328623
385333156
385334029
385341650
385364378
385369753
385378777
385385382
385408276
385408473
385421933
385422674
385427431
385430223
385431283
385436124
385453708
385488273
385530726
385535602
385544345
385554731
385557366
385564595
385567999
385570386
385572339
385592943
385602342
385602666
385631381
385658906
385675370
385681840
385735126
385754314
385760576
385801951
385807311
385816417
385829523
385837501
385839329
385859049
385862152
385880919
385895172
385901856
385902125
385903623
385936430
385978751
385984526
386005110
386012433
386029138
386031479
386039637
386048616
386061005
386068512
386082102
386093093
386096045
386105530
386111270
386127636
386130342
386150035
386151473
386160804
386166638
386188819
386200584
386201894
386208678
386227672
386229316
386250182
386251522
386277175
386289168
386309457
386311386
386316772
386341301
386358214
386359236
386369499
386376679
386380231
386391262
386393262
386403189
386407972
386408380
386437077
386448946
386450857
386452264
386455215
386463272
386484916
386484996
386487394
386504207
386511636
386514267
386518107
386523422
386531888
386599501
386600134
386604591
386614074
386634344
386652494
386665458
386666276
386692989
386696997
386717988
386721397
386723726
386728152
386729140
386734663
386740070
386753893
386761575
386766127
386768343
386789462
386791302
386807480
386813389
386815326
386819503
386835238
386835705
386848645
386861025
386861606
386873523
386907205
386926284
386928196
386929465
386933380
386945842
386958838
386972432
386983627
386993119
386997814
387003015
387019405
387021114
387029904
387037863
387041350
387043715
387069670
387087580
387095250
387110004
387123191
387131053
387135821
387148231
387150107
387156888
387162266
387171550
387173065
387191014
387195649
387198333
387206130
387213307
387216947
387228277
387230434
387233786
387256779
387261793
387265250
387269582
387293358
387299287
387304048
387316560
387317763
387355668
387360611
387370172
387376413
387386702
387391313
387406563
387424375
387425657
387437291
387438239
387455631
387455773
387468524
387482953
387484465
387492018
387492033
387507743
387529913
387541947
387546974
387555801
387560863
387571936
387572802
387585797
387595491
387602433
387612299
387612354
387612577
387614325
387662074
387693433
387698999
387701826
387726938
387740876
387741573
387757063
387769976
387774429
387785661
387787645
387792242
387793754
387814699
387815800
387818098
387830016
387849141
387851332
387854049
387854499
387867492
387869680
387885501
387888540
387904724
387910838
387942305
387952743
387957029
387980388
388000818
388038260
388043200
388043947
388064387
388065410
388065845
388074195
388075606
388082575
388106548
388173061
388182082
388185167
388186267
388223896
388226321
388255177
388259626
388265648
388267880
388285532
388286072
388289951
388289974
388314172
388326736
388331182
388352934
388360504
388376188
388377786
388382653
388392001
388392172
388393824
388404132
388437209
388447396
388459388
388465768
388478102
388479714
388491402
388494254
388515506
388522095
388526129
388526666
388560149
388565584
388572210
388578157
388578204
388595116
388601761
388628088
388636544
388639925
388650028
388654861
388666532
388678712
388683742
388688416
388698589
388707249
388709318
388710212
388713960
388723680
388743717
388756687
388759275
388770498
388771828
388780120
388787411
388796915
388800006
388804071
388806619
388811524
388823116
388825774
388857674
388866197
388876391
388889419
388902535
388906043
388913631
388915515
388917366
388951900
388955764
388956805
388966289
388979027
389039997
389044073
389050135
389053878
389065432
389078071
389080686
389086633
389103934
389106955
389112183
389123438
389125913
389134985
389142243
389142717
389152934
389161095
389166238
389172258
389178554
389199232
389203534
389216202
389233782
389235246
389240052
389242586
389250343
389260150
389264335
389266562
389266795
389282797
389307358
389312604
389356394
389372898
389393857
389396189
389415598
389416017
389430991
389446047
389447764
389450143
389456663
389457026
389457323
389477182
389483126
389512549
389519312
389555356
389558970
389560280
389561405
389607411
389609888
389648015
389652543
389666394
389679867
389686037
389711959
389733442
389739540
389754280
389758890
389776080
389780570
389784643
389789742
389797223
389798554
389798855
389803558
389804889
389807163
389838800
389845594
389859263
389864580
389887223
389913371
389920987
389953669
389955052
389960842
389991514
389994397
389996590
390008000
390009876
390019882
390024867
390025160
390025615
390027771
390027783
390045372
390046136
390049357
390049662
390050941
390076385
390089958
390101772
390107137
390113948
390126970
390168698
390173778
390182290
390192747
390223298
390226049
390247179
390249899
390255773
390268337
390282292
390290982
390293476
390303060
390304171
390311531
390338859
390342620
390343262
390344641
390351636
390372035
390383826
390390631
390398456
390403915
390410330
390410918
390410962
390411731
390413401
390414049
390419439
390426214
390435540
390445486
390453571
390456918
390458681
390464178
390473401
390489617
390492281
390497557
390498292
390503276
390508957
390524247
390526627
390532915
390543632
390563889
390571269
390577591
390586070
390592253
390609905
390615494
390616362
390631605
390639829
390650959
390662656
390676352
390688010
390695473
390698665
390704601
390707136
390709899
390711175
390712816
390721429
390725511
390736845
390746236
390773509
390779628
390787702
390810062
390819676
390825689
390833070
390853566
390857747
390857893
390879794
390880931
390890177
390908930
390911429
390923809
390939088
390948210
390966710
391004418
391010357
391054980
391066727
391074407
391107419
391113287
391136684
391160157
391179487
391187575
391196556
391197100
391204980
391216700
391227337
391235202
391249031
391250553
391252194
391255890
391264850
391266226
391286852
391305601
391320621
391330663
391359355
391374912
391374963
391392139
391407945
391409508
391419421
391426863
391426921
391436272
391443745
391478717
391479625
391483999
391488337
391516468
391529397
391537608
391542415
391543412
391545274
391551197
391558163
391583226
391614838
391616879
391635596
391639096
391639274
391660058
391677657
391680224
391704692
391705967
391709501
391712670
391735716
391748966
391780376
391786163
391831858
391832387
391849100
391886022
391888139
391897123
391902111
391902715
391919602
391927395
391935205
391937753
391945450
391950362
391971821
391973500
391983956
392003770
392008831
392013517
392014275
392026392
392033873
392062309
392062813
392073257
392076675
392094608
392142436
392146432
392155079
392156426
392168697
392172411
392177146
392182639
392188482
392198141
392235692
392247022
392247166
392253048
392258372
392266386
392268636
392279140
392287498
392306495
392315884
392324152
392324288
392331737
392335419
392340567
392368019
392371712
392373208
392393147
392393818
392403035
392405020
392405908
392409387
392462790
392465231
392477788
392479843
392480173
392484866
392512461
392517693
392521119
392534143
392544417
392546419
392560043
392562270
392567443
392575326
392607434
392623931
392629469
392645819
392651518
392654396
392664613
392690153
392690786
392694496
392699270
392703061
392723274
392740206
392750322
392750849
392760723
392767722
392770736
392775744
392796811
392800259
392822262
392833141
392835460
392836249
392849654
392855176
392859147
392871062
392871772
392903960
392905296
392910005
392915517
392916168
392923414
392927069
392938177
392939946
392945283
392951717
392955473
392968216
392997622
393001329
393003182
393009508
393040926
393044413
393070016
393105037
393109417
393119061
393128973
393130718
393130918
393133925
393139296
393143878
393153359
393155489
393159500
393173107
393177978
393196747
393204353
393205706
393243043
393251458
393255602
393260761
393261769
393269837
393278778
393280030
393313190
393317156
393323786
393333371
393334903
393350198
393351563
393352586
393368054
393373769
393377510
393380932
393386057
393389891
393406600
393426140
393426836
393428506
393451466
393462303
393489613
393495079
393501782
393504588
393511441
393523019
393524096
393528352
393534897
393563042
393563371
393570881
393578856
393593252
393598071
393599165
393607311
393619805
393631148
393643399
393669382
393675232
393690184
393691306
393693075
393709074
393713029
393718780
393723864
393732848
393738893
393743042
393757072
393779044
393807102
393821023
393836080
393849974
393882818
393890903
393896866
393902120
393911385
393914654
393931952
393941924
393954362
393992234
393993845
394042265
394058676
394068452
394091696
394096624
394114408
394115275
394124215
394127529
394132318
394154616
394172918
394206313
394236084
394237270
394261111
394281932
394283146
394298550
394306248
394311537
394321024
394321188
394321299
394339043
394355106
394358190
394370800
394379350
394401146
394411130
394416995
394445663
394474528
394478935
394488370
394498011
394502685
394522352
394538543
394550452
394554357
394588688
394591115
394596293
394603944
394637532
394649204
394676720
394677458
394688139
394689904
394691080
394720782
394725544
394727257
394729518
394747460
394764820
394770050
394777954
394789631
394795547
394801818
394806237
394825749
394844923
394845993
394848317
394851426
394873938
394878171
394879984
394893099
394896556
394896659
394897932
394921468
394952645
394958224
394958995
394968047
394983686
395003632
395008649
395013059
395044389
395051558
395059378
395062239
395073000
395079842
395091372
395092432
395092692
395094955
395097732
395101195
395116263
395121061
395145574
395164036
395194372
395198848
395200631
395201939
395206027
395208157
395223894
395257212
395284001
395294562
395313260
395319965
395354979
395356314
395361259
395364028
395364988
395386941
395387507
395389686
395402822
395403082
395411038
395412339
395454356
395480529
395493052
395521061
395523235
395524877
395529441
395572194
395581375
395595878
395604150
395604821
395607172
395618429
395620144
395653663
395654269
395673758
395676312
395685584
395688426
395694104
395694113
395717164
395720554
395721353
395735735
395753156
395758893
395762873
395766642
395769764
395790117
395824261
395824584
395829289
395833310
395845070
395850009
395855908
395860732
395866412
395872524
395908289
395916858
395923344
395939819
395975239
395988243
395992051
396010508
396012832
396015324
396019160
396020633
396039156
396061803
396082581
396100322
396101436
396118697
396129365
396139922
396142862
396142933
396198124
396198208
396210422
396219618
396228564
396228770
396254120
396264451
396276951
396288769
396295988
396297717
396311557
396318333
396323607
396324478
396338133
396343371
396363610
396370067
396379148
396382092
396386092
396393075
396402329
396408644
396410019
396426888
396429906
396439067
396460933
396468310
396499584
396520007
396525351
396527128
396541691
396555650
396570067
396582666
396590266
396591160
396597711
396612179
396613718
396624410
396633608
396652757
396657318
396684393
396716270
396725779
396733872
396736818
396747807
396758610
396761858
396789401
396792558
396802377
396812124
396842514
396860999
396877182
396881077
396883612
396914965
396917045
396925832
396927929
396932254
396942860
396953518
396961097
396981763
396985412
397001602
397009183
397012197
397017289
397018247
397026727
397029048
397048022
397087193
397107663
397131075
397134754
397152409
397174214
397174861
397175749
397182294
397195089
397212941
397218462
397226329
397231177
397231561
397239324
397264169
397274185
397274186
397278735
397291499
397305913
397316133
397325764
397362304
397380572
397385338
397405897
397419249
397426931
397429887
397433607
397450636
397455514
397482762
397497995
397513604
397524878
397526309
397531941
397556288
397556330
397560678
397565558
397578473
397583292
397599723
397620084
397625287
397642471
397663442
397707352
397725552
397756559
397756938
397766405
397797820
397808067
397834974
397847906
397861054
397867044
397871217
397901616
397908546
397911759
397924445
397929390
397941295
397944221
397971198
397973590
397974564
397982989
398001811
398012133
398014490
398022128
398036099
398054687
398081041
398085374
398088921
398095882
398110614
398114425
398132540
398138809
398141780
398147765
398177355
398177859
398179830
398189639
398192275
398203182
398204207
398204935
398205005
398211287
398238222
398267342
398283172
398285569
398287760
398300620
398301673
398313860
398319542
398336688
398341503
398357694
398362556
398374262
398378932
398379111
398383429
398398873
398409576
398427729
398431555
398434421
398445136
398446405
398449763
398451448
398454126
398482310
398482843
398497807
398503146
398512233
398512285
398512960
398530943
398532129
398540631
398542160
398543455
398581864
398596841
398601680
398618430
398621648
398632704
398636508
398650559
398673429
398676863
398681136
398685806
398689506
398710533
398717561
398722200
398724359
398725299
398790470
398805037
398816039
398820578
398821417
398824488
398829513
398838552
398838601
398851073
398853202
398859433
398877032
398895445
398914305
398926054
398942923
398946547
398950153
398962392
398974618
398979387
398979871
398993050
398994868
399013163
399014765
399021773
399035890
399045469
399058237
399059333
399082009
399091632
399099009
399104620
399108217
399124009
399124347
399148898
399156486
399161203
399163067
399164266
399172024
399172799
399177776
399178746
399201440
399201497
399211301
399213056
399219611
399227202
399237858
399252574
399253613
399269313
399269993
399275728
399298945
399301960
399312329
399313192
399314439
399327632
399341606
399345616
399374572
399376258
399427110
399432342
399456302
399464975
399493179
399495033
399525179
399528586
399540354
399560124
399572004
399577872
399587174
399599579
399601244
399603245
399603704
399605964
399608565
399611174
399621154
399629517
399643605
399676941
399694819
399701664
399705263
399715610
399722169
399742699
399776336
399793851
399798658
399818773
399821165
399827936
399831544
399878058
399882208
399882753
399893784
399913176
399914873
399925185
399925201
399932996
399943810
399957857
399968969
399968979
399970773
399974058
399975414
399980025
399981059
400002346
400005954
400009038
400015567
400016954
400029269
400042878
400051096
400058648
400089992
400098675
400115538
400163520
400170026
400176687
400193275
400198448
400220125
400222669
400230001
400237248
400254640
400255376
400275449
400282925
400288557
400290099
400294483
400303909
400312189
400325867
400329753
400331916
400346344
400350924
400353347
400358795
400388072
400388148
400395941
400401046
400406365
400416242
400425411
400427780
400429809
400432594
400448896
400478449
400489113
400491700
400514995
400533804
400540159
400545323
400550970
400560417
400564071
400570300
400582205
400601807
400607343
400622874
400636608
400640889
400645076
400671932
400686011
400691950
400694946
400719903
400722021
400724336
400741684
400757471
400766129
400777635
400777999
400795689
400820628
400823686
400827529
400828899
400836636
400842760
400895456
400905761
400919836
400931568
400939214
400939280
400943915
400946989
400953973
400982295
400995193
401006441
401020214
401028830
401034796
401036664
401048612
401067479
401077210
401083575
401096365
401098211
401105370
401110050
401114199
401128895
401159007
401167818
401199475
401201988
401220893
401225324
401236965
401249111
401259896
401263519
401263919
401273660
401284282
401298810
401304981
401316944
401327777
401333740
401341453
401341737
401379514
401388076
401408883
401417835
401438959
401443821
401452070
401483110
401494413
401524870
401555966
401571212
401602501
401615698
401617154
401634175
401635195
401645694
401661878
401669675
401692732
401718755
401723040
401731506
401735648
401737940
401748015
401780406
401799475
401806928
401819988
401823219
401833182
401861346
401862572
401877537
401890921
401905887
401906769
401910395
401920500
401922640
401936260
401939191
401944932
401966603
401979094
401995699
402006878
402015099
402039916
402044413
402048330
402056277
402056992
402059283
402072550
402073012
402089639
402094485
402105406
402108824
402125163
402130347
402146830
402152823
402158419
402181025
402211284
402235129
402238953
402249412
402250000
402253013
402276512
402287080
402300310
402304459
402320369
402320660
402330553
402337148
402348922
402369860
402399143
402399634
402403276
402404112
402414118
402420155
402428325
402438209
402463975
402481300
402484845
402488523
402491593
402505494
402506918
402515284
402529734
402531405
402542873
402545011
402552748
402565303
402587362
402617936
402629613
402633377
402654704
402657692
402664253
402669617
402678109
402678624
402688823
402696604
402703294
402710383
402710421
402722998
402724133
402734257
402734341
402738781
402760168
402769422
402774354
402787255
402792668
402814634
402817028
402821071
402838018
402869881
402880569
402894879
402912497
402915054
402920721
402923685
402927880
402934022
402942752
402945009
402963707
402986196
403009552
403009727
403010251
403029467
403053626
403070115
403071481
403079899
403121798
403127922
403140911
403152151
403161501
403171323
403203115
403220156
403245217
403247985
403256364
403261345
403279975
403296052
403327324
403332040
403344562
403346601
403357223
403369500
403374471
403383536
403433212
403457265
403463141
403464383
403484342
403490022
403515022
403522830
403523187
403531592
403557341
403559324
403560142
403561710
403561944
403595417
403611633
403614586
403615242
403618626
403635784
403640952
403645625
403659945
403661518
403665255
403668438
403675977
403683074
403686234
403695688
403701490
403709104
403734730
403738826
403748895
403759465
403824433
403829219
403844900
403854148
403869447
403871278
403875440
403889283
403905381
403909134
403927628
403942875
403955010
403955384
403989969
404004686
404005084
404009657
404023413
404025142
404028634
404035793
404042354
404070080
404078409
404088711
404113228
404115532
404127884
404145693
404166186
404169033
404187733
404197881
404208911
404210250
404222904
404232334
404244184
404254883
404256323
404276606
404316584
404329736
404356062
404363926
404370040
404386068
404388814
404388903
404406176
404420980
404435543
404443085
404450945
404503019
404514954
404520806
404523135
404526569
404541691
404577717
404578112
404599783
404609522
404625840
404637202
404643426
404655124
404663584
404673855
404679740
404691024
404719151
404737659
404750456
404763818
404777555
404779523
404787323
404815983
404816649
404818471
404822707
404828051
404846573
404848573
404853709
404863299
404880936
404885602
404888528
404894196
404906971
404922500
404945321
404957488
404963742
404965591
404978256
404985754
405004394
405014183
405027620
405071408
405072751
405087603
405087947
405090273
405102518
405124868
405137922
405233111
405246887
405253141
405256245
405261457
405277808
405279527
405309372
405329693
405339063
405341641
405369283
405372108
405372683
405387945
405390094
405396091
405403850
405406331
405419231
405429797
405447511
405464745
405470077
405471594
405475165
405475701
405478036
405489090
405489772
405499200
405518416
405523252
405523293
405535671
405539719
405561901
405565392
405576744
405609027
405613283
405620708
405642141
405653299
405671546
405672807
405702262
405723550
405730907
405731807
405752393
405754406
405782104
405783524
405790684
405795861
405797996
405805213
405807536
405810378
405824301
405829319
405831326
405836379
405836920
405844365
405846098
405856237
405880832
405887397
405890943
405903312
405903370
405905989
405941590
405962528
405964205
405976185
405979517
405997793
406000682
406005305
406005561
406009511
406047029
406063150
406071949
406089991
406095723
406105096
406116757
406162460
406173327
406174323
406183007
406183552
406185100
406187200
406201780
406228733
406257455
406267988
406276735
406283286
406291691
406297913
406325938
406333508
406351485
406352096
406355164
406357027
406359900
406362169
406364827
406379500
406408943
406413179
406439630
406446759
406447580
406468186
406477310
406489237
406494876
406497859
406499510
406504385
406528696
406541644
406552123
406575039
406581218
406584335
406602560
406614659
406617616
406623539
406625686
406642550
406649737
406657718
406660929
406674147
406677363
406699073
406710754
406737316
406749080
406752100
406770505
406799617
406813527
406826394
406831297
406840042
406846195
406849774
406853218
406877670
406881799
406903033
406905091
406917362
406922037
406926851
406932883
406933754
406933921
406934350
406954971
406969972
406970827
406976446
407023902
407033534
407066451
407070044
407073766
407094285
407094376
407094434
407099695
407103279
407132276
407134977
407140407
407147612
407160019
407192270
407194441
407204671
407205604
407208208
407224946
407225281
407250135
407256357
407317912
407330721
407332136
407337448
407338744
407359520
407364058
407378291
407382048
407399898
407408235
407411470
407417637
407424176
407457982
407468931
407472796
407478069
407479110
407492105
407499012
407508996
407512273
407522576
407536893
407543946
407590624
407595838
407601821
407602332
407627035
407628258
407641297
407649634
407649693
407663682
407670811
407675353
407681330
407691980
407719638
407745526
407755099
407785025
407797816
407804006
407812711
407815987
407820312
407841301
407863576
407870460
407892910
407922996
407926727
407938576
407965613
407974589
407974838
407983797
407985088
408002994
408027953
408040101
408041616
408051059
408071774
408078271
408081193
408096504
408104098
408120526
408145004
408147128
408157399
408160128
408173302
408178820
408182292
408189478
408193432
408195828
408224541
408228809
408244838
408254178
408257970
408260588
408267570
408272247
408277966
408279678
408312047
408343511
408359813
408372882
408403713
408407916
408412061
408423522
408426220
408430145
408464157
408471938
408492798
408501808
408507789
408531485
408570835
408582719
408586404
408594001
408602338
408607087
408612817
408615263
408624521
408640038
408641194
408643981
408645916
408647385
408650558
408662594
408662757
408684425
408698609
408698658
408706620
408713962
408731869
408737921
408738762
408747441
408768171
408773017
408799382
408801204
408813602
408822495
408823340
408827784
408830826
408831568
408836363
408848238
408851783
408853355
408857384
408861877
408872953
408875387
408903985
408907717
408921766
408938333
408940880
408944235
408958010
408968005
408983824
408999316
409002671
409012947
409013018
409018882
409026498
409033427
409036756
409053290
409062155
409068855
409070370
409119661
409154223
409181469
409190933
409196832
409205065
409227137
409251210
409253662
409257343
409260032
409279197
409283192
409290253
409293366
409296037
409304565
409305368
409327901
409343917
409357666
409366026
409374020
409410847
409412010
409427156
409431336
409442764
409462506
409470752
409477549
409486892
409492009
409493261
409495339
409512880
409519364
409529708
409535330
409541098
409542064
409542313
409547086
409553905
409554136
409557341
409560825
409575783
409585347
409585389
409587025
409616509
409625575
409632389
409638670
409679293
409683322
409688291
409696340
409701891
409716877
409721553
409722169
409724924
409725694
409728073
409738875
409763964
409767074
409772040
409784990
409790165
409799155
409803877
409807483
409814309
409814702
409846087
409847517
409859494
409859785
409865115
409869544
409880190
409898860
409903417
409913792
409915992
409916832
409917119
409925526
409930873
409946876
409957264
409961881
409967793
409974189
409978256
409981648
409997988
409998337
410008145
410010612
410030690
410035730
410037573
410056030
410110867
410116921
410126640
410127609
410143150
410146785
410153324
410153484
410155902
410165590
410168039
410170575
410185798
410198267
410225025
410238374
410247512
410251590
410264633
410267066
410278656
410280138
410282339
410283345
410287323
410311458
410313463
410314181
410333738
410344986
410354009
410357323
410367094
410367856
410370646
410377738
410380131
410383019
410386886
410388500
410393211
410400632
410406779
410422863
410424433
410437121
410456268
410460945
410467254
410478541
410499073
410499863
410572423
410596242
410597936
410602582
410614589
410633691
410634203
410637846
410640000
410647490
410677218
410677413
410692394
410697516
410698157
410705123
410727140
410768565
410786118
410800262
410805170
410806130
410826741
410831221
410836985
410837606
410861467
410872037
410879641
410897683
410919484
410928938
410948311
410953310
410970534
410976135
410987642
411001312
411061162
411062059
411066097
411075979
411084986
411092365
411099432
411099517
411102816
411105656
411118265
411124325
411126685
411139515
411149679
411176291
411182792
411195611
411201771
411202210
411205698
411229287
411236905
411237280
411238221
411258891
411277255
411301983
411307740
411323494
411328854
411337823
411339975
411343165
411371636
411385359
411387315
411391770
411394028
411395316
411401544
411405347
411411315
411416068
411439033
411446212
411452833
411500232
411502686
411513205
411514500
411519620
411522837
411528335
411530370
411546640
411566290
411571446
411579849
411633061
411639059
411649936
411656892
411659807
411667170
411696572
411704087
411704146
411713222
411719619
411744064
411746794
411767236
411793959
411821992
411831156
411832275
411833608
411847004
411852769
411856295
411870189
411887143
411889650
411892975
411904984
411920017
411930364
411952355
411955456
411969791
411978120
411989334
412016266
412028034
412031811
412034432
412038776
412051412
412067099
412076883
412096540
412114555
412116267
412145907
412151039
412160536
412161171
412161528
412177410
412186182
412205404
412213705
412240364
412244112
412251177
412257146
412258629
412281232
412285519
412318272
412330630
412338040
412340106
412344954
412350194
412350369
412361341
412376471
412397728
412435553
412435800
412444646
412447248
412457038
412458927
412472496
412511391
412526731
412542994
412552752
412559307
412560542
412567030
412571224
412571654
412573768
412583295
412622958
412623750
412627865
412628874
412718559
412723352
412726548
412747126
412775671
412782908
412884350
412889274
412896535
412899187
412900089
412902855
412916196
412916970
412920149
412925380
412929937
412934969
412942080
412958369
412964026
412986815
413033554
413037052
413089843
413094577
413100336
413100528
413113316
413114243
413142430
413146509
413147973
413157925
413184308
413190843
413202117
413208478
413209731
413220136
413236579
413257358
413257380
413285801
413296887
413296954
413306752
413316961
413327146
413335668
413354947
413368547
413377081
413412461
413430705
413431849
413438609
413441922
413443641
413448687
413456489
413459718
413477011
413518314
413521629
413525944
413534618
413538347
413540967
413542350
413544939
413545026
413549775
413560564
413564909
413571925
413590862
413597747
413604184
413619291
413648026
413662351
413666058
413668736
413674000
413674082
413679852
413709487
413709808
413750372
413761609
413774753
413819475
413824817
413830107
413833576
413856434
413908111
413915374
413933635
413957261
413959961
413967540
413970836
413987248
413992363
414000664
414008915
414018983
414028018
414034354
414035499
414044404
414049756
414051875
414059472
414068704
414083970
414085280
414099417
414100046
414101873
414120851
414128979
414130619
414140705
414152665
414162057
414196623
414197213
414198284
414200340
414213110
414228518
414239034
414242621
414260070
414279861
414286043
414290450
414316680
414325626
414327931
414330005
414342686
414365901
414368667
414369465
414374382
414381904
414402195
414409158
414416167
414461227
414463121
414480447
414482256
414493558
414496523
414500868
414508873
414514166
414517197
414518081
414518573
414544675
414547614
414557037
414563659
414581082
414599271
414605100
414609989
414625133
414631907
414632622
414647149
414651145
414660917
414680331
414680907
414712727
414713718
414720688
414727840
414736152
414754112
414772884
414852953
414860030
414866457
414867838
414880574
414886668
414920817
414933941
414959716
414977121
414983770
414993251
414995911
414996186
415000679
415004738
415029228
415029738
415032142
415045670
415052852
415054142
415075683
415081391
415083310
415095972
415107720
415128269
415157606
415159708
415161864
415192271
415196789
415216741
415225516
415237179
415247451
415250549
415252084
415279266
415290462
415297736
415302471
415322612
415341165
415350488
415367009
415377440
415384563
415403902
415411368
415424326
415439648
415440207
415462312
415474610
415489972
415502934
415507508
415508019
415541340
415545012
415548555
415552360
415564410
415575350
415579013
415585236
415588156
415592363
415598856
415599685
415616239
415625547
415627823
415647237
415669890
415704777
415714332
415714850
415717587
415722389
415738777
415761020
415761070
415765811
415771291
415784966
415798458
415799405
415817632
415832014
415833272
415840583
415857697
415858270
415863225
415876060
415876100
415879635
415886533
415895697
415967321
415974363
415982602
415989234
415997148
416006857
416018741
416035427
416050808
416057234
416061214
416064624
416070057
416075537
416080561
416094909
416099128
416134032
416138236
416146063
416169944
416171011
416179878
416182971
416187164
416191728
416205900
416223194
416230562
416235885
416250284
416257252
416274657
416280704
416291925
416303783
416311109
416314340
416321817
416342506
416347614
416360235
416363528
416364010
416374563
416406633
416409531
416421282
416436631
416448944
416465869
416467821
416480835
416482286
416495368
416501217
416502227
416514012
416516883
416520137
416539522
416541436
416542664
416549517
416593838
416597281
416612567
416681836
416681941
416685003
416699561
416710763
416732144
416748530
416757597
416758968
416769503
416771524
416777663
416795423
416797141
416801138
416813108
416841904
416857700
416858799
416859073
416875573
416876552
416890873
416898423
416898847
416902071
416938574
416941271
416953146
416965626
416972158
417018319
417021518
417031293
417039299
417043597
417050358
417063160
417066171
417079534
417102566
417102846
417103348
417110721
417119969
417122477
417126567
417157342
417176848
417194593
417210201
417212822
417217909
417242732
417244318
417245389
417247148
417269971
417279681
417285713
417312485
417312797
417312852
417316680
417329090
417348503
417350803
417357858
417360428
417364202
417365482
417380102
417386003
417403651
417422769
417428773
417429409
417439377
417477772
417504395
417512921
417522702
417523645
417546762
417552590
417554004
417582737
417631924
417636022
417638995
417650200
417656673
417675944
417679625
417684072
417686348
417691880
417705920
417707234
417721498
417729473
417733495
417738179
417753955
417754295
417771679
417794899
417798227
417841481
417846767
417848056
417880004
417909219
417916707
417921150
417955735
417973899
418001129
418014965
418037397
418040870
418046945
418073348
418074454
418075277
418090620
418091300
418124032
418129558
418140470
418151450
418159000
418160739
418167863
418186376
418203648
418211452
418213999
418232707
418234520
418247587
418271526
418273601
418275214
418287160
418289034
418298866
418301391
418329852
418329948
418330162
418345095
418349035
418350521
418351894
418371398
418381556
418390620
418394923
418399939
418412829
418416606
418417022
418425603
418442684
418510416
418513574
418548350
418559961
418562579
418580373
418586376
418594134
418604103
418606690
418606809
418614341
418638564
418640234
418701227
418701862
418716283
418719563
418752661
418759429
418760810
418790775
418808697
418811837
418811924
418840423
418849389
418860613
418863506
418888186
418890841
418917228
418921246
418925652
418945006
418955121
418965918
418971925
418989036
419007339
419027208
419029084
419032690
419033005
419033758
419035599
419040849
419052226
419057228
419066065
419137091
419138663
419143271
419179169
419189173
419189406
419196400
419214701
419229958
419233833
419255571
419266082
419272186
419273856
419274395
419293242
419293891
419318323
419320516
419331165
419331909
419336989
419364637
419368196
419376580
419387864
419395603
419400348
419405502
419406736
419412920
419422067
419425734
419426700
419437709
419455271
419458679
419460615
419466974
419475344
419492996
419496218
419497216
419501696
419507800
419543199
419545568
419563694
419573952
419579014
419581536
419583158
419592747
419610415
419619319
419635386
419637901
419643109
419645903
419651870
419655650
419660368
419688724
419693324
419695434
419700668
419703595
419715941
419721377
419762677
419763891
419796074
419796260
419820381
419831741
419833342
419842801
419869372
419870325
419881383
419921011
419934416
419946857
419948743
419962491
419972424
419979315
419981584
419982256
419984527
419989095
420006832
420024739
420025013
420032041
420035095
420048404
420054034
420063489
420064840
420080532
420096061
420103523
420105575
420108543
420118157
420134418
420143455
420143481
420146723
420150065
420174646
420174963
420179362
420180347
420187022
420216734
420233442
420235570
420236320
420268802
420274567
420288872
420298054
420313473
420322638
420330868
420334255
420352230
420358091
420386883
420389749
420422465
420464193
420471909
420499495
420509027
420527726
420546779
420548522
420563090
420598889
420612532
420615188
420622087
420638920
420646945
420650052
420653138
420654551
420677441
420682783
420683204
420687496
420688809
420693953
420702770
420708293
420721426
420731392
420746510
420747557
420748629
420750144
420752566
420756136
420764224
420766839
420774746
420804315
420810097
420811483
420812587
420830850
420849887
420865480
420878419
420879240
420887302
420891866
420900196
420901743
420902140
420909029
420930302
420941936
420946783
420956344
420959810
420990862
421008520
421036248
421044939
421045793
421052035
421065389
421080160
421080690
421082266
421090691
421135700
421136829
421145021
421146703
421147134
421152139
421161812
421220305
421258755
421267813
421272070
421314222
421323797
421325208
421341792
421355011
421357110
421399188
421403075
421410582
421416708
421420224
421429531
421429871
421435283
421437761
421499112
421525471
421526016
421535376
421535488
421539658
421556661
421578262
421598151
421602076
421612555
421622671
421625546
421633811
421638658
421643484
421646709
421653609
421681484
421697058
421698205
421705470
421708885
421744333
421775176
421776011
421793543
421793938
421803924
421822809
421837688
421846323
421847109
421850629
421852197
421861773
421869330
421893092
421897712
421908478
421909009
421920682
421920853
421933112
421942171
421946131
421949777
421955289
421961784
421968959
421973421
421982832
421996371
422009196
422031546
422032918
422043249
422059194
422070183
422091117
422096163
422100846
422121359
422148645
422162229
422195566
422202928
422203386
422212366
422240055
422259013
422298481
422317667
422318339
422346921
422348650
422348861
422364816
422368920
422372028
422379433
422390555
422391772
422421377
422447084
422474131
422474603
422484286
422491040
422531692
422536366
422545425
422563132
422570389
422570842
422571823
422578334
422594932
422615178
422659971
422670964
422685918
422693267
422698186
422706152
422713380
422722870
422754123
422755257
422771813
422788916
422789311
422790315
422791136
422826292
422845560
422845997
422862070
422862783
422876256
422879334
422880183
422885424
422886496
422895915
422918510
422935549
422942865
422972140
422988244
423006905
423021890
423028136
423036548
423055005
423100106
423103653
423115234
423120817
423121781
423127118
423203785
423206361
423207936
423212223
423219844
423223320
423224065
423226351
423282291
423287866
423294914
423302225
423312914
423316372
423337807
423346569
423348333
423350451
423370005
423379069
423404120
423410313
423423851
423440358
423461400
423465620
423498610
423522743
423524401
423525709
423535523
423547004
423556970
423557901
423573627
423573666
423576426
423578118
423579102
423594571
423595794
423624512
423626158
423635612
423640182
423653993
423685984
423687582
423692398
423708010
423735672
423738858
423743413
423747675
423750413
423752417
423764614
423777443
423788117
423790165
423792661
423815594
423866498
423871199
423943555
423956382
423966820
423974545
423986008
423993014
423996050
424011404
424049006
424053847
424084091
424084751
424117469
424132772
424135289
424137431
424148493
424151670
424165282
424197257
424201949
424205299
424207740
424222314
424223356
424240992
424245966
424254446
424285816
424318475
424326241
424329618
424346922
424348713
424351843
424366792
424367724
424395423
424405130
424418159
424438959
424458814
424470898
424481782
424496029
424514079
424528745
424531314
424533530
424535519
424538471
424544787
424565159
424588286
424599039
424611153
424614550
424614594
424626311
424628169
424634043
424638283
424643054
424646292
424666708
424674035
424674773
424683055
424690228
424697098
424698752
424703104
424712415
424716075
424725104
424731309
424733635
424750490
424772220
424780438
424793762
424800200
424814913
424816091
424823005
424832133
424844961
424845278
424870230
424871645
424878110
424879806
424884817
424891117
424895775
424907136
424915696
424918785
424940903
424954887
424960499
424974013
424980911
424994233
425001369
425007075
425010375
425013362
425022588
425032921
425040539
425053055
425066405
425067956
425079834
425082200
425087221
425089303
425100220
425118143
425120198
425127595
425134232
425151257
425153674
425156118
425180505
425181736
425182117
425196381
425197763
425200990
425217675
425219287
425224570
425244142
425246475
425266579
425270684
425284355
425286233
425309045
425314502
425315123
425324802
425362137
425362174
425366360
425434890
425469701
425473541
425490607
425498314
425503317
425505909
425514091
425539840
425563464
425566050
425571473
425571615
425579071
425585221
425587634
425595731
425598046
425602466
425605696
425610814
425632706
425649954
425658231
425665150
425665258
425670190
425679985
425699102
425705916
425736373
425743620
425749748
425753193
425757390
425763052
425775503
425783430
425785104
425831042
425846165
425887276
425903760
425907077
425910819
425920885
425927874
425938087
425952125
425955422
425956806
425967050
425968000
425992034
426026693
426030958
426035330
426065662
426067485
426112491
426127462
426139021
426149215
426178568
426191662
426192379
426196267
426205461
426206615
426217627
426225639
426234296
426234329
426242554
426244023
426251496
426264395
426267442
426280181
426284349
426312877
426334623
426343504
426348753
426379483
426408047
426422279
426427569
426440891
426480152
426486461
426497107
426512173
426519479
426534836
426550977
426564825
426571582
426596278
426599613
426602288
426651001
426652904
426700181
426713294
426725460
426729141
426731653
426737365
426738308
426742956
426751107
426763711
426768295
426773485
426786159
426791431
426802082
426813781
426821437
426823188
426831524
426862040
426871481
426877118
426878166
426879765
426888638
426894528
426922099
426929763
426934889
426943704
426948568
426962207
426975233
426979085
427002263
427005627
427010882
427048148
427068744
427069308
427069937
427074659
427092584
427095228
427117618
427118929
427134515
427139166
427166898
427170155
427180274
427210694
427211460
427212285
427227345
427248852
427254624
427263547
427269178
427271570
427284400
427312371
427315034
427355837
427363299
427367824
427368806
427372650
427388932
427391084
427393308
427395161
427395181
427396251
427412879
427414076
427422922
427433693
427440648
427450858
427461004
427461823
427488358
427500993
427509759
427514514
427524141
427528654
427552646
427560349
427575131
427579124
427589076
427621012
427626257
427634349
427636125
427636859
427640878
427652077
427654320
427656822
427665363
427672901
427674319
427676852
427681982
427686245
427707398
427707980
427728927
427737977
427746645
427751507
427771584
427783630
427790611
427792624
427838605
427847206
427847207
427853222
427857943
427858093
427880966
427892456
427904201
427920885
427926022
427941488
427943849
427952492
427961339
427998987
427999040
428015152
428026722
428060730
428086006
428103654
428111718
428119108
428155295
428157148
428159775
428165947
428168307
428171124
428179310
428210414
428212130
428215067
428221755
428222209
428237298
428244908
428284158
428293015
428298099
428304417
428333236
428338684
428341102
428351230
428358226
428363259
428366829
428377291
428413417
428424220
428431817
428436217
428439474
428457788
428472699
428477536
428481987
428493686
428496782
428512044
428536298
428542619
428556980
428578501
428581403
428587020
428595397
428608679
428612767
428624488
428629371
428646283
428648217
428685914
428687843
428689544
428708338
428715495
428724637
428737656
428741377
428793886
428804042
428839349
428850654
428851638
428852052
428859511
428889179
428892929
428897649
428909496
428913519
428915513
428918936
428920844
428920991
428937457
428963914
428983764
428987821
428993350
428993705
429014644
429015875
429019125
429057219
429065131
429065370
429078186
429102438
429105686
429120832
429121073
429127252
429147822
429173295
429175493
429178353
429183017
429188660
429195403
429200380
429202884
429208814
429223010
429271164
429278512
429297164
429314128
429321629
429322374
429326834
429340735
429353328
429363875
429383047
429392636
429405961
429406533
429413064
429421259
429436017
429444420
429448675
429455882
429460049
429500443
429502841
429503546
429521687
429530660
429540562
429547263
429561587
429599582
429611152
429624862
429629476
429636738
429643456
429654526
429657110
429664257
429667177
429673287
429675927
429684267
429685953
429701329
429709746
429721450
429732472
429733168
429741895
429754314
429781609
429791624
429833321
429834178
429848077
429851153
429866396
429904857
429906901
429938314
429948504
429950870
429963333
429969677
429991604
429991908
430002350
430004536
430005451
430011712
430027926
430036126
430060096
430062320
430068569
430082866
430082966
430090261
430110586
430137286
430145665
430149307
430152234
430154188
430168238
430179661
430190094
430192223
430193903
430195166
430210412
430213462
430217679
430227301
430236488
430241062
430241801
430270982
430273908
430292233
430296082
430304020
430316509
430317331
430321391
430329644
430342382
430382919
430387150
430390544
430425771
430433624
430461903
430464612
430488728
430506621
430526992
430554495
430576609
430581022
430632704
430654468
430667078
430686317
430691660
430691832
430701248
430711818
430713045
430737945
430752605
430765769
430783667
430788732
430802071
430808414
430812203
430813229
430823903
430840328
430843801
430860624
430861036
430879317
430902904
430904535
430905350
430909400
430918891
430920461
430924066
430931373
430935067
430952049
430952268
430964231
430967420
430983813
430991225
431015010
431016247
431029650
431037828
431070848
431084053
431101155
431109802
431111096
431146067
431162542
431166439
431169701
431188707
431190538
431193213
431211375
431220648
431237684
431250987
431262142
431264787
431265809
431281550
431283005
431284246
431291589
431329066
431342356
431349673
431352046
431362478
431371520
431374505
431384984
431400333
431406261
431411420
431419836
431422742
431444195
431451405
431472238
431480250
431499760
431504566
431509301
431527431
431527598
431554415
431555451
431571140
431593925
431608168
431617367
431632837
431636964
431643517
431646851
431652936
431657489
431670695
431675864
431681093
431702991
431707783
431708389
431712968
431728435
431758179
431760741
431763709
431769769
431770539
431770622
431810368
431832299
431833002
431838501
431845162
431883129
431892243
431896930
431900241
431943841
431959741
431961042
431964670
431965764
431975015
431989706
431990389
432001274
432010808
432022088
432027880
432072494
432075458
432084534
432101722
432106559
432110172
432118975
432143763
432147493
432157716
432158371
432168883
432177070
432177131
432184646
432187191
432195558
432198037
432200312
432202755
432205525
432232689
432235939
432260516
432266982
432277398
432278672
432287612
432292067
432300218
432312633
432316247
432317045
432325406
432371709
432379394
432393677
432400196
432401616
432417556
432434709
432441301
432443916
432457137
432476704
432490943
432513115
432513303
432527124
432528446
432529295
432540294
432550718
432551345
432551450
432552212
432561178
432576426
432577182
432589807
432599711
432601535
432608858
432610162
432615104
432621959
432626150
432635757
432638106
432661382
432681146
432682036
432687806
432697911
432709751
432722924
432739361
432763157
432793903
432807866
432818187
432829642
432843229
432844859
432857420
432899180
432906579
432949462
432981534
432992842
433024969
433025452
433043881
433053537
433058743
433059115
433094659
433103494
433104849
433108927
433139068
433141236
433151766
433179981
433209302
433221347
433229464
433238523
433248140
433252525
433261538
433300468
433309180
433310024
433353842
433354668
433356095
433358212
433371088
433421308
433442707
433448742
433463173
433464090
433465848
433469567
433488013
433509290
433510963
433518055
433533022
433548840
433550961
433551738
433551937
433571221
433580309
433593951
433595259
433600815
433606438
433606563
433612968
433617049
433622902
433657904
433671320
433679635
433698748
433711852
433720602
433720840
433722357
433732941
433733363
433733490
433740301
433754893
433765972
433767225
433787456
433798800
433800110
433800851
433831441
433836989
433847930
433851095
433858676
433876092
433881947
433882545
433888123
433896172
433915256
433935631
433937050
433952175
433985066
433994093
433995596
434019893
434031264
434037221
434112193
434112526
434117680
434143448
434148101
434163654
434174736
434176197
434195051
434210821
434219224
434229260
434251548
434252490
434255881
434260673
434267219
434280516
434282527
434291435
434298624
434319143
434319245
434321289
434321430
434340457
434361244
434370398
434393822
434394719
434397590
434419864
434422503
434437359
434471911
434473581
434476203
434484105
434500447
434501423
434509923
434523338
434534524
434541610
434542487
434542662
434554417
434561274
434568265
434570526
434576975
434579867
434591638
434602292
434604606
434611894
434622389
434622636
434634938
434661499
434698854
434715081
434723560
434724179
434724920
434727509
434732905
434735099
434741396
434770588
434776301
434779545
434792467
434797280
434807271
434807620
434810427
434828789
434833967
434852018
434858374
434862346
434864599
434875536
434894298
434896300
434904825
434917725
434919899
434935201
434946765
434952780
434970948
434976926
434984057
434999218
434999547
435002898
435063388
435070027
435079075
435094450
435109849
435114420
435114636
435117482
435141033
435149653
435149725
435153822
435160726
435160898
435171090
435203296
435208673
435213858
435240398
435259969
435275893
435280775
435299583
435344585
435354939
435364315
435376073
435378019
435383326
435385783
435396152
435400222
435413323
435416451
435418161
435420757
435444122
435444385
435448151
435448683
435474966
435477043
435484006
435501709
435517272
435518146
435529074
435531415
435555469
435569821
435579779
435603389
435604817
435607216
435623391
435639136
435643449
435655997
435660763
435663567
435664158
435686434
435694040
435695670
435709611
435727372
435736866
435738000
435748561
435765928
435772048
435776782
435791681
435797606
435799814
435801925
435805644
435815467
435878130
435897781
435915043
435924706
435948638
435962947
435963479
435984647
435985160
436002877
436009534
436012536
436013869
436019416
436026657
436027189
436030426
436045622
436063184
436082032
436082222
436082261
436086302
436099366
436105553
436110206
436111798
436120284
436136386
436148854
436211497
436262166
436262960
436266920
436270822
436274769
436275081
436287736
436291194
436302848
436316572
436332152
436338092
436364335
436367024
436382539
436388499
436393926
436420066
436456439
436469836
436474191
436492606
436493846
436506292
436516408
436520342
436527170
436550795
436555040
436571452
436583984
436584309
436591318
436594360
436597643
436606108
436624587
436629456
436641737
436662770
436675005
436677227
436677457
436703369
436716626
436718346
436731495
436743430
436760721
436775468
436778459
436791432
436802137
436816970
436822737
436832196
436835840
436854665
436858104
436859536
436868316
436869400
436884591
436888328
436927613
436930641
436944277
436952225
436963039
436969957
436989951
437044904
437045763
437050315
437082646
437093434
437098862
437107372
437130585
437157926
437185056
437186666
437198083
437206725
437209482
437210358
437236968
437237263
437237688
437255669
437258419
437265744
437276470
437289172
437296788
437297055
437298892
437303168
437303943
437328410
437331284
437359391
437380923
437384940
437386161
437397668
437403896
437445807
437455904
437487848
437506289
437507306
437532755
437541616
437543097
437545557
437546699
437561088
437571132
437594976
437605111
437614042
437617789
437621808
437642640
437649820
437665625
437706995
437707311
437714751
437719888
437727395
437732386
437765782
437767718
437788140
437792866
437808120
437826097
437841395
437851985
437853961
437856925
437869425
437879335
437886019
437890363
437904482
437930255
437934124
437947316
437966391
437967964
437970175
437970521
437987069
437998173
438000912
438001106
438003344
438004684
438008500
438013167
438038567
438041587
438042543
438047251
438085760
438087196
438094255
438107416
438124110
438129166
438146916
438147116
438153145
438155507
438157627
438181893
438183075
438193645
438208863
438217560
438223938
438250963
438260906
438277469
438295908
438309572
438312112
438313029
438344969
438355519
438360989
438370108
438384437
438393709
438395831
438397628
438398295
438408479
438421115
438467895
438484742
438496585
438499497
438511000
438521009
438529460
438533516
438544946
438579184
438583924
438584856
438607215
438634764
438637898
438646336
438650006
438671654
438686989
438687311
438690029
438692167
438695088
438697182
438704257
438732787
438734784
438740596
438744579
438744665
438751889
438760215
438762162
438788594
438794044
438799274
438816813
438829951
438858379
438865496
438881027
438881888
438899137
438918428
438925160
438927317
438938633
438942131
438953889
438963081
438972525
438976509
438977718
438998489
438999464
439001345
439004734
439009604
439041887
439074333
439076052
439076265
439098456
439116803
439141773
439155290
439166526
439181090
439189675
439193739
439196366
439197679
439198498
439200607
439211091
439240144
439254437
439264324
439270161
439274533
439285944
439301580
439315406
439327496
439333299
439341867
439352969
439364876
439371420
439373283
439386403
439389691
439404574
439416134
439423831
439434208
439447641
439498354
439504765
439516012
439520883
439538099
439565102
439566053
439596855
439598654
439604665
439606470
439613895
439646958
439654088
439654499
439654580
439657050
439661047
439662269
439662532
439670330
439684180
439687479
439687852
439688078
439690983
439693106
439720139
439732082
439738625
439752808
439761873
439775466
439782880
439800791
439815723
439818536
439826940
439829449
439845274
439845368
439921861
439922064
439933725
439977301
439986519
440008265
440012185
440012890
440020870
440025521
440027722
440056203
440078269
440078836
440106907
440123128
440125688
440140901
440154171
440159010
440163645
440176026
440180138
440186028
440187862
440193348
440194688
440198613
440209668
440214712
440216071
440224535
440227429
440234666
440237915
440239270
440240017
440265464
440289660
440290901
440329995
440348956
440372837
440417170
440428322
440436517
440437912
440448803
440455716
440462652
440481257
440517389
440518863
440526002
440529858
440547156
440549248
440558339
440560505
440560973
440585297
440591569
440597763
440603156
440604433
440607723
440609007
440617609
440619331
440638155
440663551
440666201
440706842
440723984
440728783
440729921
440739013
440748396
440752387
440757583
440776086
440816961
440822019
440825782
440839409
440842920
440866158
440869542
440876291
440900666
440904427
440909889
440912959
440945810
440972365
440983998
440990825
441005536
441008232
441011517
441021442
441028912
441043477
441045011
441053779
441057447
441073568
441082770
441095947
441096437
441102960
441119800
441125233
441127068
441133942
441140801
441142784
441143854
441153912
441154566
441178027
441184208
441190192
441204564
441210293
441217419
441234753
441250179
441251676
441262844
441265345
441266159
441266824
441281280
441282909
441282972
441304801
441304872
441324275
441326739
441329032
441329858
441345012
441353581
441358562
441360016
441363113
441372230
441375300
441382265
441390000
441391392
441401643
441409239
441418224
441453734
441460361
441468205
441476851
441514486
441515134
441519713
441529806
441542260
441549169
441551665
441571216
441580120
441583606
441622974
441638087
441640283
441643313
441662637
441680798
441684443
441694904
441695632
441699635
441714343
441715134
441719519
441722687
441733362
441739196
441743470
441757983
441800722
441809681
441834686
441834717
441848304
441861617
441867058
441867549
441892127
441896915
441937287
441949467
441957778
441958561
441975926
441984411
442030434
442057499
442073842
442085399
442110585
442111509
442112371
442123232
442129899
442131783
442163986
442171717
442172876
442184234
442192397
442214448
442225661
442255148
442257137
442268757
442282154
442283877
442304449
442307595
442308777
442314129
442315162
442323031
442343895
442377352
442382029
442384925
442395181
442398891
442400162
442401851
442412052
442419103
442423229
442432537
442438416
442441585
442464984
442495628
442527366
442527897
442536887
442552427
442580496
442604504
442619361
442625011
442645765
442659603
442663338
442726018
442730639
442732950
442743803
442747108
442754196
442757851
442762701
442767208
442778117
442786654
442804073
442810624
442818365
442823626
442825978
442826221
442836987
442854663
442865685
442869632
442870519
442877251
442884000
442890671
442900793
442909325
442922083
442928111
442928267
442935557
442967571
442974603
442974892
442975770
442978561
443004130
443006450
443030874
443049216
443063535
443066281
443076942
443088353
443101406
443108757
443114572
443131782
443154792
443160198
443177536
443201892
443203372
443227908
443251214
443257157
443276595
443282058
443282416
443296216
443304232
443305722
443318424
443320723
443327070
443330240
443376382
443386377
443391142
443411903
443418774
443419361
443443241
443443550
443462810
443464037
443479579
443490779
443507585
443507588
443520847
443527825
443545557
443553237
443559548
443575677
443579271
443616418
443619086
443641878
443659644
443665928
443685336
443692299
443699960
443706675
443723702
443733724
443739442
443742207
443746385
443753559
443765312
443828362
443839687
443847549
443847959
443848343
443869543
443870948
443871265
443888677
443901287
443922929
443926493
443962472
443986659
444002426
444013697
444017174
444041809
444041997
444049643
444054939
444055782
444066990
444069735
444074351
444077726
444105483
444134282
444139726
444149503
444165483
444176607
444177177
444181800
444184617
444200686
444208850
444236962
444238844
444262848
444276558
444322049
444357413
444384522
444388629
444402690
444403979
444449124
444469890
444472806
444513946
444514450
444516768
444526262
444533318
444537831
444564228
444577237
444579377
444581768
444588440
444598592
444611884
444618319
444619161
444637005
444643740
444650034
444659880
444682929
444684516
444687723
444696263
444709577
444712425
444732719
444735143
444738129
444759603
444764648
444784496
444798473
444826816
444836308
444837089
444854270
444865415
444880859
444905925
444907446
444918906
444924021
444932869
444932939
444960151
444975667
444980288
444980442
444989395
445000412
445027743
445047756
445051314
445051721
445089312
445096962
445102734
445107026
445108202
445112967
445114809
445138170
445142380
445147340
445150151
445154997
445166731
445173165
445182105
445182326
445188268
445210106
445226821
445227572
445232916
445257933
445264742
445288533
445295685
445301216
445304786
445310322
445321172
445326194
445330484
445337606
445345141
445352872
445423264
445478272
445480192
445490803
445491101
445493961
445508651
445518085
445543234
445546803
445560363
445567024
445583875
445601764
445605229
445612092
445615482
445617270
445644616
445653521
445662267
445678010
445693216
445695514
445705394
445715933
445720278
445726646
445729325
445733178
445751578
445752708
445795573
445796478
445810574
445814605
445849562
445899540
445899740
445904903
445914833
445921275
445940756
445942777
445953902
445959058
445970494
446002426
446012512
446021215
446035705
446037771
446041607
446049896
446050997
446078738
446079065
446079336
446080992
446084348
446093391
446106469
446116964
446117607
446130899
446161356
446190007
446204328
446229713
446244891
446259985
446270090
446280868
446281882
446290413
446316068
446326121
446363772
446373781
446375553
446381466
446387162
446406576
446408626
446419116
446421372
446453226
446455787
446479893
446486284
446489459
446508878
446510250
446520000
446531389
446542793
446559149
446561914
446573547
446582587
446603139
446605951
446622723
446622939
446627731
446629191
446629653
446632633
446633597
446646672
446656653
446664727
446672100
446673519
446677440
446682987
446690139
446709248
446710901
446714881
446716956
446723828
446747371
446793993
446794536
446834403
446895656
446896422
446896987
446897474
446899803
446903552
446904596
446912313
446920688
446924522
446933754
446944788
446950193
446952827
446961242
446961987
447006073
447053571
447057812
447061516
447103822
447126370
447152130
447163805
447168631
447177473
447186720
447214386
447232348
447233673
447235474
447241003
447243499
447245895
447258618
447282553
447286448
447309559
447309839
447315902
447317296
447337630
447339832
447341678
447349774
447354609
447355020
447379570
447402419
447405477
447426332
447427285
447437044
447441469
447441652
447444169
447446994
447449118
447449453
447494546
447500437
447509304
447514737
447531762
447581226
447586420
447594159
447595819
447597090
447598684
447616468
447626374
447652807
447674915
447683131
447685822
447686313
447688993
447691245
447745047
447753068
447755698
447780082
447788846
447801491
447809245
447825077
447854139
447858341
447891059
447906010
447909431
447910724
447919417
447928177
447934367
447944865
447948422
447970282
447979610
447981474
447982022
447996195
448004819
448017171
448018608
448018850
448020945
448028853
448031242
448039567
448049235
448056168
448059249
448084981
448097491
448115537
448120257
448120320
448121762
448136173
448141632
448143572
448146092
448148608
448177156
448184236
448195420
448198425
448211111
448228434
448302561
448312536
448328349
448344668
448351618
448359896
448371144
448379158
448382663
448399722
448405561
448412743
448416824
448421388
448425429
448435355
448435444
448440217
448456010
448463851
448494942
448503376
448509781
448525084
448528169
448539696
448546751
448557312
448557342
448578275
448592751
448598678
448603989
448611990
448612199
448636428
448636612
448648115
448655415
448660308
448662623
448672244
448700877
448707314
448725570
448751128
448755697
448786669
448793704
448796620
448814246
448828773
448838004
448845173
448849978
448857843
448862675
448864418
448870335
448883854
448891141
448891645
448893264
448894737
448949100
448957346
448966163
448993272
448998221
449001213
449005035
449017299
449039231
449056205
449064033
449068334
449071636
449076167
449096183
449103960
449104135
449106282
449110338
449126296
449127872
449137997
449150693
449164664
449169707
449192179
449193180
449197252
449203839
449204704
449205980
449207857
449236792
449244867
449249261
449250679
449269548
449270874
449298412
449326653
449350288
449353389
449380517
449381175
449391210
449392284
449406125
449413278
449419722
449425626
449433443
449452580
449468495
449471632
449497286
449506312
449507601
449509211
449519215
449521868
449530785
449533723
449542518
449559589
449562124
449563167
449622876
449627931
449631637
449639913
449646757
449651889
449661191
449666640
449681604
449691154
449718344
449718733
449723466
449724290
449730593
449735088
449741953
449747393
449758171
449767143
449768522
449777134
449778908
449802175
449839101
449851227
449869098
449882129
449883147
449903051
449907617
449942565
449963910
449979705
449984519
449987518
449991897
450008983
450024227
450029798
450032504
450034958
450038106
450041869
450052665
450052852
450056221
450063094
450064003
450065035
450065603
450072272
450085816
450091309
450104738
450112757
450116371
450142062
450146444
450156927
450196434
450202332
450211191
450232210
450237482
450241632
450264582
450276034
450279545
450285318
450300063
450323637
450329067
450363493
450372136
450378723
450389607
450393364
450397577
450398523
450404876
450408534
450424415
450424431
450436253
450439107
450445779
450451049
450452753
450455857
450470968
450482158
450483441
450527549
450528390
450529994
450549990
450572356
450586638
450603038
450603345
450616194
450620724
450623340
450635571
450646332
450650237
450659298
450675534
450685448
450691516
450696303
450699579
450702450
450703529
450706105
450717336
450717605
450719308
450730587
450747498
450763029
450778690
450795196
450804682
450806716
450813917
450816801
450839621
450853879
450866466
450883581
450902281
450915745
450917701
450922194
450934773
450952196
450953428
450976461
450985466
450986037
451014488
451018728
451039875
451057534
451060094
451067512
451077936
451081543
451094469
451097579
451125244
451133296
451135625
451144317
451150551
451168584
451172318
451178563
451190247
451193471
451220298
451221357
451225150
451230275
451234733
451258215
451259770
451262196
451283136
451286470
451318906
451334406
451349215
451352899
451355672
451358728
451407289
451413498
451421607
451447211
451450446
451457454
451474011
451474555
451475393
451508235
451512381
451513379
451544471
451545252
451554105
451565870
451584018
451584670
451595769
451603504
451614280
451617302
451621003
451632482
451666022
451671445
451672002
451676265
451681567
451686173
451691437
451705329
451710872
451729863
451737745
451749761
451760537
451767225
451770868
451820405
451824002
451839383
451842739
451847656
451854609
451856198
451886311
451892285
451895446
451917140
451922121
451962405
451967062
451973120
451983063
451993878
451995501
451996013
451998364
452002292
452014806
452018706
452024830
452025256
452057683
452064868
452067788
452089275
452130186
452154907
452163239
452187943
452208648
452216215
452225862
452227205
452240516
452245701
452247788
452260994
452264462
452289735
452290805
452294293
452308604
452315992
452318756
452347165
452356986
452369317
452371216
452373823
452391313
452396546
452403992
452410039
452413041
452413650
452422350
452427288
452445512
452445939
452487514
452502998
452515846
452530040
452544881
452551051
452553732
452581599
452590957
452607025
452607297
452632310
452655543
452660081
452665923
452667407
452674310
452682649
452695925
452704522
452711606
452723952
452724337
452739270
452744423
452746594
452748283
452761670
452774815
452781438
452792071
452798481
452811849
452821652
452839151
452840926
452851898
452860000
452871362
452873029
452896331
452899955
452903646
452907937
452911347
452929598
452941929
452942530
452947665
452953324
452993501
453004075
453007129
453014911
453028652
453048941
453104932
453106940
453113891
453120841
453136243
453138831
453139563
453150305
453163279
453164593
453175846
453177056
453206340
453212026
453212732
453231386
453231682
453259607
453262693
453266819
453270798
453276627
453280224
453310774
453319989
453325913
453327403
453331287
453334189
453335670
453335996
453348188
453357151
453371997
453374271
453413331
453424970
453426460
453458920
453459267
453464700
453465312
453477815
453485728
453488268
453489720
453491529
453498452
453514879
453542244
453546771
453556286
453561462
453567384
453576049
453583127
453588761
453593425
453595131
453600937
453612279
453612362
453614156
453623126
453656933
453682201
453687332
453691493
453705808
453706930
453727027
453729189
453759066
453766245
453768225
453770850
453776387
453777921
453778923
453780027
453782588
453799052
453801668
453804788
453810769
453825330
453829076
453834101
453852397
453872018
453879019
453891393
453903453
453918628
453923193
453933585
453934014
453940527
453944256
453946933
453977910
454007920
454012063
454014547
454017957
454029194
454030237
454058272
454060914
454067505
454075052
454079612
454090430
454096814
454141425
454144072
454185340
454185571
454189145
454189952
454205793
454230654
454238332
454244879
454260551
454273966
454281391
454285332
454286041
454302501
454313573
454316916
454339716
454351264
454359108
454360699
454381851
454389961
454400733
454419589
454437102
454446983
454448974
454455155
454466236
454471047
454485920
454489779
454493615
454499637
454533734
454551910
454617592
454636297
454657280
454673417
454676035
454684156
454693268
454700758
454713927
454716705
454742815
454767857
454770296
454772705
454772950
454781176
454809380
454814959
454817397
454820429
454826009
454843152
454861091
454884988
454886044
454891599
454934693
454957759
454970336
454973402
454975735
454988328
455003078
455005494
455006121
455041916
455047193
455057114
455078702
455093415
455093497
455126035
455129888
455134492
455164801
455174231
455181625
455186925
455194082
455195544
455202217
455211967
455230932
455240184
455248580
455250041
455265613
455276207
455296790
455302455
455309778
455343787
455353174
455388774
455412278
455424706
455481154
455491003
455494133
455494610
455499352
455506030
455511043
455515487
455517508
455518318
455525003
455532695
455544178
455544565
455546448
455550686
455559384
455562521
455586609
455590910
455635423
455642055
455657449
455675483
455682341
455698364
455717815
455753435
455767887
455786254
455789640
455796158
455809791
455855441
455866187
455873624
455874505
455879669
455882175
455907641
455911135
455919655
455936223
455946288
455958003
455962582
455969657
455988975
455990017
456017661
456027134
456027361
456033023
456050700
456061909
456078521
456080916
456081725
456096832
456143091
456147697
456152057
456159392
456159584
456166637
456180481
456182083
456198402
456215000
456220119
456230454
456258435
456263224
456281078
456281213
456288140
456292743
456314774
456320413
456362919
456368261
456371041
456384060
456420243
456429345
456455166
456468066
456475207
456486316
456501251
456522113
456535571
456557473
456560487
456563090
456583701
456593158
456596836
456601904
456612714
456627390
456636368
456651938
456656362
456679133
456689842
456690708
456701784
456702480
456706373
456709657
456720236
456725893
456730400
456744659
456744856
456745975
456768509
456775844
456781148
456802074
456805449
456806891
456818292
456819090
456844614
456846510
456853689
456860517
456874756
456885054
456890138
456894852
456902234
456903661
456907445
456917062
456933147
456944055
456957644
456958008
456994184
457001171
457018798
457022918
457025682
457034739
457061111
457072335
457111619
457113694
457117191
457122485
457124126
457128282
457138669
457149350
457155369
457175581
457176966
457189606
457192589
457192613
457224158
457236456
457240410
457256674
457304045
457304809
457307832
457324478
457326437
457331753
457333825
457336216
457336512
457344948
457357024
457362879
457387742
457392127
457394219
457402717
457404293
457409079
457410337
457419745
457421067
457427801
457428574
457437020
457470969
457507895
457511566
457520766
457523704
457559803
457560628
457569370
457593105
457597563
457609324
457639247
457645184
457655332
457659081
457660146
457675563
457677289
457678762
457701228
457704288
457722718
457738419
457758498
457782752
457785269
457793764
457822638
457823056
457830872
457837368
457853676
457855887
457865571
457881928
457896267
457906020
457915557
457936831
457936859
457944877
457952337
457962216
457973259
457975742
458000760
458016692
458018510
458033826
458037909
458041605
458048940
458053557
458066582
458071197
458109052
458120811
458122363
458127040
458130770
458133958
458135986
458155620
458178374
458188867
458193905
458225201
458244160
458254596
458272170
458290436
458312887
458314068
458319268
458319373
458319482
458331054
458340595
458350331
458351062
458389396
458424991
458434307
458444077
458446599
458454341
458455574
458460461
458464737
458464967
458465977
458473452
458478059
458486849
458488922
458500187
458528605
458531549
458532209
458532539
458533982
458563291
458564074
458586124
458592679
458594234
458639485
458661088
458671937
458691589
458703163
458705138
458713048
458715293
458733888
458735574
458739344
458763743
458769038
458772173
458796698
458805399
458839584
458851403
458854226
458862389
458872541
458881087
458881553
458897951
458920528
458925972
458938970
458941651
458968044
459010437
459012206
459030158
459038158
459044728
459045522
459053127
459060473
459067917
459069504
459082143
459112368
459122550
459124326
459125395
459126010
459143904
459148785
459150351
459157840
459159486
459171950
459197606
459198389
459199685
459209418
459230854
459243586
459249730
459252459
459260343
459269926
459275522
459275746
459276839
459279314
459285059
459302785
459306457
459332911
459351901
459367479
459379616
459417884
459442654
459452287
459453593
459457220
459474715
459490392
459520948
459528462
459542476
459560217
459600109
459600322
459605645
459606203
459612107
459617374
459628180
459635025
459635694
459662155
459662159
459667701
459677281
459683982
459688680
459692395
459693223
459695344
459760198
459767804
459769888
459772174
459774268
459792178
459792590
459803489
459807169
459824619
459826234
459831516
459831703
459834418
459864193
459867402
459871779
459885235
459901229
459923029
459926086
459927245
459927537
459931039
459932358
459933355
459936089
459962159
459979498
459985155
459985594
459997525
460030549
460036757
460036857
460042443
460050124
460060312
460068227
460069923
460071342
460074125
460093384
460113733
460122393
460128010
460142499
460149283
460154302
460157148
460164292
460174914
460175584
460179156
460181513
460198753
460200224
460209841
460224353
460228194
460237264
460239721
460245042
460251946
460295270
460296004
460304303
460305265
460309471
460311762
460322339
460328955
460330284
460343705
460352193
460356140
460367554
460372514
460402165
460402230
460413715
460425960
460438485
460439978
460452508
460453193
460470881
460491710
460493353
460494325
460496704
460505979
460515593
460526488
460535090
460540604
460556494
460621259
460626005
460638419
460646900
460651047
460657224
460674324
460678849
460679903
460679970
460685603
460686743
460691654
460691826
460702171
460711339
460715064
460722528
460725484
460737985
460753947
460759195
460764606
460765689
460777281
460779698
460786561
460796000
460805112
460818225
460822582
460825279
460832676
460852687
460885530
460888134
460919973
460921341
460925045
460925188
460932466
460933567
460940562
460957348
460977585
460977788
460984696
460994862
461001702
461012496
461016851
461018557
461042302
461057758
461063144
461066739
461076033
461082961
461086095
461107069
461116421
461123398
461130055
461131096
461144642
461161914
461163417
461168800
461171662
461173948
461196088
461243326
461247880
461285099
461288334
461316981
461327326
461339014
461340157
461350904
461407292
461409001
461414329
461415448
461423299
461426196
461449031
461456428
461471992
461499004
461509390
461532478
461536478
461549154
461556436
461562027
461599985
461608715
461612393
461640675
461668484
461670836
461681271
461689842
461692931
461709987
461714663
461725111
461746241
461751112
461757301
461765361
461770556
461786645
461787096
461808209
461820233
461829390
461836416
461855896
461877714
461915416
461935100
461936694
461956215
461964106
461965094
461972578
461994936
462010482
462024634
462065509
462074829
462082837
462088207
462088571
462093294
462095429
462104848
462107522
462112443
462165175
462174313
462184837
462195371
462205313
462211984
462225799
462232225
462232802
462238106
462238740
462243205
462266207
462290570
462296034
462302633
462302851
462308155
462314292
462329830
462337320
462344459
462347380
462352562
462368806
462372975
462374516
462399871
462408957
462421861
462437720
462453927
462461768
462480986
462487278
462498279
462512537
462546453
462550879
462553141
462558613
462600637
462604662
462611728
462618949
462623333
462626011
462627018
462629760
462642886
462660767
462663767
462692804
462702357
462703223
462704196
462704786
462706529
462707386
462736835
462737606
462744052
462781344
462784576
462792514
462796333
462796382
462803952
462809404
462812613
462825575
462829311
462860011
462866484
462867207
462876373
462881258
462908256
462914477
462941084
462952008
462968981
462980635
463018282
463052642
463098521
463107304
463130303
463152326
463154377
463164259
463192799
463194344
463197164
463202544
463213164
463213663
463223267
463225675
463234344
463238891
463242241
463246614
463247473
463257205
463258205
463265627
463280270
463288600
463295065
463298553
463304407
463310735
463317028
463318365
463319403
463346308
463348430
463378147
463381158
463391550
463395411
463395560
463395966
463404442
463407504
463419441
463419629
463422677
463429638
463441315
463449471
463466094
463469536
463489211
463531892
463533103
463533940
463541216
463546496
463560020
463576566
463583848
463596043
463613140
463615690
463725643
463731913
463745873
463749237
463754339
463772333
463775677
463781654
463785178
463825078
463832065
463843056
463843282
463843838
463848604
463851836
463857804
463858110
463863832
463870036
463880645
463881578
463902773
463907683
463932584
463936299
463941161
463952041
463964567
463997437
464003218
464015781
464022072
464044412
464062575
464085968
464097153
464105768
464130969
464132178
464144673
464150832
464165953
464177272
464199551
464206893
464210647
464216673
464221001
464234413
464250073
464260333
464260820
464265883
464272641
464283770
464288432
464315014
464335928
464340110
464343442
464360733
464361450
464372904
464384716
464387024
464396707
464399499
464400988
464424342
464443498
464467090
464467755
464468612
464473037
464474124
464498592
464548166
464590073
464597949
464598724
464608498
464611925
464613874
464621700
464628947
464655107
464660537
464660620
464668562
464674000
464682057
464695514
464696221
464703971
464703986
464714109
464731924
464732616
464733479
464772443
464772977
464781630
464807782
464809006
464817821
464842761
464848571
464866332
464868228
464871433
464874503
464908838
464914975
464923521
464923717
464924806
464926736
464932125
464955928
464961125
464993153
465016012
465021822
465034430
465037071
465064281
465076663
465120568
465142433
465144234
465155695
465173086
465174951
465194139
465195948
465202235
465221526
465223698
465224513
465224602
465229011
465229037
465244695
465260532
465271311
465304086
465305283
465315840
465316048
465321686
465322289
465353708
465376846
465391058
465395672
465426494
465428544
465434642
465440378
465443434
465460956
465476023
465477111
465485016
465487650
465496752
465502794
465510329
465513530
465518408
465526144
465527292
465539086
465564307
465573408
465573794
465583340
465591313
465620049
465623019
465641943
465643514
465646095
465672746
465676896
465683374
465684080
465684785
465704527
465729122
465752156
465761716
465765020
465768997
465774746
465832848
465845494
465865379
465866977
465868732
465891420
465896310
465901434
465901477
465902957
465963951
465987868
466000010
466015997
466028265
466041788
466045923
466048450
466067949
466068930
466076573
466095399
466100928
466102638
466145127
466167684
466174303
466181842
466202896
466235375
466238712
466259051
466261023
466267435
466292774
466296251
466298020
466328338
466362004
466377719
466390002
466395059
466411734
466425021
466435079
466437190
466444682
466458295
466470256
466475808
466478087
466522487
466523382
466541802
466548058
466549148
466553930
466575506
466580071
466612188
466643234
466664828
466673689
466678312
466683835
466706955
466708084
466713527
466743480
466743964
466746126
466748715
466751691
466754663
466765827
466775621
466797750
466805768
466819012
466826877
466833796
466853971
466923051
466958079
466964157
466984473
466986069
466991155
466996972
467001925
467002307
467012254
467031849
467060854
467070349
467074025
467078976
467081206
467081421
467082402
467084984
467101343
467121406
467125552
467135213
467135424
467143605
467147977
467156567
467162117
467195054
467196220
467214230
467222698
467228220
467229102
467240440
467240487
467253087
467308686
467329167
467329170
467337417
467337878
467343504
467345879
467360990
467375180
467400119
467401102
467407746
467409495
467411240
467413624
467438771
467468530
467477851
467482716
467492009
467493859
467502046
467504388
467519142
467524519
467527178
467527486
467529775
467595008
467610257
467614771
467620729
467621598
467631276
467633139
467635154
467636289
467647204
467652907
467671861
467674287
467679123
467681041
467692817
467707564
467732046
467737946
467746406
467748694
467760245
467761806
467765531
467771593
467787082
467790148
467807061
467830429
467839060
467841712
467847132
467859362
467860216
467863130
467876089
467876399
467881211
467893327
467933025
467954657
467962044
467976836
467986961
467996250
468015755
468020419
468029370
468049695
468084257
468090718
468093702
468105237
468105922
468150570
468154946
468168961
468170874
468178209
468195414
468207257
468215321
468220149
468231714
468260945
468308151
468321718
468323295
468354106
468360158
468370023
468370308
468382190
468400925
468405319
468409537
468424175
468425391
468426495
468429214
468432936
468436532
468513748
468514252
468515638
468562481
468572281
468572315
468576498
468581592
468625553
468643938
468648921
468661378
468672084
468680234
468680664
468693468
468702586
468735021
468753708
468755517
468756614
468759773
468781334
468790486
468803891
468818979
468824112
468830529
468831833
468858080
468859151
468877408
468881197
468881796
468883101
468885424
468917151
468921908
468924370
468926260
468947937
468951318
468960391
468975403
468980021
468986325
469014457
469024414
469031891
469056135
469068757
469071900
469073757
469092919
469101030
469107224
469119438
469123997
469153755
469155457
469211403
469227633
469250624
469283836
469289416
469297937
469302497
469304888
469319469
469324879
469351064
469354067
469385479
469390862
469415710
469424165
469447986
469467330
469511495
469526612
469526770
469560751
469561768
469566509
469573339
469585382
469589101
469608033
469608604
469609537
469610551
469611973
469616988
469623594
469625963
469650433
469665559
469670870
469675764
469678376
469710820
469725453
469728755
469735305
469744534
469744738
469755199
469758320
469795941
469809134
469825905
469833041
469837338
469846588
469848979
469850488
469890533
469892534
469897570
469905298
469912217
469913180
469914363
469928118
469942766
469944982
469955608
469959860
469960223
469960989
469964593
469973447
469989506
470004723
470026798
470027754
470032837
470046844
470062684
470069744
470081215
470086053
470107315
470111009
470112835
470128699
470144066
470144491
470144882
470154358
470154854
470161522
470171960
470186217
470203742
470208410
470210655
470223765
470238773
470240304
470256510
470257807
470310334
470314134
470314696
470314765
470347797
470351675
470358923
470371947
470379206
470395447
470396927
470407058
470415221
470436091
470450827
470469187
470482789
470492233
470511937
470516859
470528764
470541241
470582469
470589148
470596529
470599959
470614281
470616676
470623189
470646660
470650457
470686450
470694649
470700758
470711018
470711809
470712173
470712874
470715610
470784095
470816945
470830884
470840779
470849864
470865592
470874743
470877860
470901470
470902953
470904022
470929006
470930594
470937322
470938782
470941194
470941507
470942038
470945816
470949134
470949828
470963734
470966110
470969178
470974790
470987843
471005232
471007729
471008195
471012419
471032025
471034065
471035392
471062397
471073198
471073735
471080966
471108394
471116141
471116596
471119665
471134136
471137062
471137491
471144882
471151698
471151858
471152553
471154182
471159023
471173862
471189634
471191156
471194670
471216004
471226409
471267170
471267595
471276188
471280373
471281433
471287971
471302470
471310096
471311398
471331061
471332787
471342901
471395664
471430958
471439485
471444143
471444720
471458555
471480186
471489441
471511365
471519607
471519892
471554387
471559766
471595494
471598715
471604480
471606615
471632797
471636871
471639258
471669553
471676904
471679360
471682963
471692154
471714362
471715636
471731935
471751772
471754304
471756533
471772725
471776477
471789716
471811209
471811751
471824620
471841803
471844660
471850773
471862115
471863283
471872428
471876646
471878710
471880189
471883892
471892953
471897235
471903847
471916076
471916761
471923072
471926789
471932725
471937501
471996874
472001120
472005649
472010928
472018692
472023031
472032106
472046715
472048991
472064004
472066884
472080770
472086028
472105872
472130253
472142566
472170838
472174240
472198584
472202443
472205771
472212809
472213367
472230599
472250159
472289865
472300892
472306011
472308314
472309625
472310398
472315399
472346657
472359844
472361159
472361990
472383558
472406161
472410934
472417185
472430730
472431329
472450591
472465195
472468717
472476496
472484712
472487880
472498520
472504686
472509140
472511825
472512539
472516491
472539833
472556313
472560247
472577995
472600217
472612705
472613487
472622249
472634437
472662364
472673579
472686146
472710948
472732845
472734153
472738594
472741263
472743369
472766044
472769098
472779296
472797546
472820030
472820505
472825343
472826256
472831785
472839616
472862774
472869916
472871876
472899759
472914368
472916966
472929030
472929793
472930376
472941867
472960135
472963713
472970737
472970954
472999824
473020403
473020491
473022206
473033021
473033960
473045924
473061376
473068699
473080730
473096360
473110341
473123708
473129886
473131845
473141148
473148963
473177718
473181333
473186335
473194036
473195294
473196746
473205426
473215359
473247363
473255835
473266037
473280815
473287020
473306654
473327901
473337068
473357576
473378210
473378356
473379175
473410796
473456046
473457820
473458700
473471786
473472018
473472467
473478321
473488295
473489924
473510981
473512084
473525639
473547878
473581374
473596734
473603866
473614798
473615640
473616150
473633572
473639403
473665070
473676789
473684737
473697950
473711445
473714270
473720472
473727591
473737707
473746937
473768605
473772393
473781362
473791189
473801118
473806988
473813323
473826410
473833130
473838079
473840307
473880904
473892564
473902558
473918749
473928297
473939802
473942494
473942628
473954392
473968007
473972315
473982565
473989512
473993681
474002496
474007327
474008424
474011704
474019980
474040230
474079435
474098971
474108938
474114135
474115355
474131900
474139517
474140125
474162088
474189948
474190612
474195220
474195609
474222399
474243695
474246386
474254976
474258243
474259591
474270921
474273698
474305466
474305936
474306221
474353348
474365302
474370310
474374863
474377388
474414845
474415803
474420160
474437416
474455945
474472095
474489597
474503185
474503513
474543481
474584126
474606717
474618377
474633846
474645047
474662625
474664465
474668735
474685338
474689698
474711821
474716139
474717805
474724166
474728414
474737892
474746951
474749309
474758599
474770156
474780378
474783408
474789068
474791323
474796862
474797411
474808987
474813591
474823465
474824710
474832395
474846287
474847519
474849725
474851613
474872453
474874645
474880310
474906526
474910981
474913312
474914419
474915495
474916224
474941433
474944735
474948706
474961425
474971441
474978839
475010422
475013378
475021861
475026415
475036581
475045115
475050550
475055075
475061051
475083285
475087507
475098490
475114934
475125338
475128363
475157483
475163918
475222130
475229612
475262970
475264745
475276784
475276848
475280531
475283326
475285518
475297464
475299450
475327600
475358481
475363668
475377259
475395352
475395585
475414782
475436387
475438353
475440540
475441069
475446282
475449637
475454847
475455043
475467299
475501808
475505844
475506231
475512313
475514614
475525765
475528519
475529212
475531053
475535070
475541304
475552866
475559015
475566563
475577689
475587201
475626610
475630515
475644740
475659011
475661435
475668664
475669772
475671591
475679767
475683760
475688448
475690541
475693840
475709577
475718814
475741532
475742755
475750197
475750896
475763729
475783741
475834504
475868043
475868812
475873160
475883380
475884808
475892960
475901387
475910590
475916189
475920363
475929283
475934586
475938822
475951337
475962452
475964678
475964815
475983580
475984899
475996220
476009620
476020292
476021809
476040144
476047151
476052755
476052768
476068898
476074677
476087849
476099282
476100656
476136485
476176116
476176413
476187200
476215403
476216021
476218482
476236906
476243152
476260144
476274833
476287342
476310200
476314507
476316969
476326263
476333405
476343323
476348349
476349837
476360720
476396900
476401810
476410274
476416798
476418540
476441913
476442723
476452666
476454604
476462285
476479377
476480896
476498857
476501678
476503981
476504547
476512438
476517870
476519325
476545086
476547515
476555789
476598686
476606001
476628298
476630999
476642984
476645037
476659019
476674071
476690503
476702908
476756111
476765209
476788498
476798492
476803267
476805647
476821455
476827320
476842388
476884168
476898659
476900199
476923413
476929767
476931543
476932140
476936531
476942988
476956502
476957504
476959434
476962189
476981923
476989174
476999317
477025139
477031634
477032583
477035573
477035611
477036622
477055519
477089622
477094138
477124459
477127105
477127284
477130049
477137776
477137914
477141458
477145177
477169035
477192105
477200105
477209330
477216243
477233818
477235227
477250332
477250382
477251883
477257174
477269017
477275071
477289798
477309810
477318535
477320649
477359494
477376087
477387856
477407001
477420645
477436394
477447566
477449641
477457138
477467307
477476788
477511442
477531185
477537875
477541060
477558364
477575822
477576219
477589257
477601016
477621492
477633792
477641526
477652564
477654091
477673052
477678030
477679973
477699526
477702571
477705947
477714805
477729019
477729217
477738935
477743772
477745171
477775007
477776617
477776637
477776974
477792285
477815421
477820082
477826326
477864020
477870053
477891747
477906945
477908907
477916287
477922076
477929933
477933090
477935762
477943353
477951146
477981826
478000338
478010131
478016340
478022188
478028970
478048393
478064696
478065074
478084790
478105537
478114275
478137638
478145643
478145666
478155295
478165454
478175932
478180601
478195169
478196248
478223696
478235368
478242284
478257664
478271525
478295031
478295924
478299088
478312754
478328630
478332001
478339036
478371386
478374603
478391505
478397306
478420461
478432719
478441161
478461522
478477817
478493081
478493299
478494021
478497169
478504007
478504969
478508602
478512205
478547271
478576220
478581666
478584076
478598512
478600178
478602761
478606256
478613550
478633885
478648349
478674172
478682594
478690884
478706114
478709249
478710269
478723969
478724738
478731021
478733486
478741244
478744353
478748929
478756067
478757939
478792745
478798908
478808885
478808907
478817638
478822506
478823639
478826244
478831521
478840329
478841086
478841124
478887907
478910531
478911921
478919932
478942908
478946670
478950598
478961696
478968442
478970245
478991727
479001192
479016986
479030794
479036274
479037650
479045434
479066666
479074541
479079138
479096165
479105145
479114356
479124674
479124977
479125562
479159478
479163797
479166339
479169054
479183197
479183279
479189929
479200871
479229632
479231891
479245198
479247242
479253302
479257760
479259312
479266542
479271964
479304073
479327760
479336545
479337272
479350792
479374824
479390558
479393568
479397139
479398248
479410935
479417795
479455196
479503016
479505551
479513394
479516372
479527317
479539998
479545624
479549628
479565773
479567150
479586353
479601963
479604435
479608043
479625302
479632013
479649724
479650445
479655139
479657493
479665547
479675676
479679941
479685488
479693428
479694192
479708057
479726643
479745637
479759189
479762957
479769150
479772206
479783232
479788844
479790428
479791887
479823696
479833325
479845393
479856748
479894066
479900659
479903321
479911931
479923131
479923910
479946609
479953988
479959404
479960401
479964590
479975567
479981978
479990874
480003947
480004754
480005300
480033376
480038100
480038947
480050146
480057337
480062270
480067761
480075165
480102437
480106695
480121593
480136801
480143618
480162815
480179059
480179160
480182884
480189505
480201374
480202221
480211558
480232668
480238353
480238516
480238835
480240501
480250154
480253434
480256412
480265528
480267467
480292610
480297692
480299334
480322331
480324993
480328735
480338067
480344238
480368784
480380305
480389923
480402988
480404185
480416951
480419027
480430594
480431358
480433710
480435292
480447640
480459106
480484841
480494544
480497932
480517309
480531575
480533273
480540643
480542769
480550154
480561261
480562161
480578243
480580006
480585581
480590395
480600194
480606664
480613783
480638983
480665883
480692421
480695254
480702577
480720266
480723231
480730644
480755372
480761916
480766183
480768386
480784074
480794398
480806798
480808841
480809939
480814716
480821075
480821282
480822852
480827156
480838162
480855767
480863005
480884449
480888757
480889162
480892715
480910122
480942342
480949668
480957023
480963049
480965358
480974612
480981950
480983692
480993526
480993939
481009308
481041194
481042408
481042840
481043150
481059565
481065209
481065927
481099995
481100412
481101959
481105420
481113641
481115372
481120791
481147038
481151236
481156533
481163184
481163331
481184414
481213924
481218610
481223125
481236996
481237697
481238789
481242798
481248803
481263824
481265035
481265182
481303688
481304814
481327918
481329254
481342439
481345729
481350198
481361372
481372444
481392057
481394628
481412128
481416562
481420990
481442874
481445512
481446283
481495618
481500140
481502577
481511112
481512641
481512870
481530620
481561315
481590947
481598689
481601376
481611694
481612395
481614080
481624197
481644277
481653490
481655258
481668954
481678623
481686841
481689767
481703237
481707577
481747723
481757640
481759012
481760035
481760751
481761916
481765653
481767802
481773976
481787274
481798872
481799303
481806838
481824996
481838045
481845578
481861680
481882781
481888725
481891988
481908194
481916387
481937592
481943493
481964248
481980524
481986451
481988371
481995969
481998130
482020823
482030060
482041256
482045165
482058161
482069301
482073863
482116267
482123713
482132453
482142354
482169892
482179257
482186738
482198077
482199750
482201777
482214469
482221620
482254700
482267577
482271165
482286976
482287516
482288429
482297526
482318951
482324083
482336647
482361291
482369682
482370285
482374366
482376158
482385517
482411784
482422110
482432435
482435373
482445163
482447235
482469871
482480135
482498913
482503393
482514768
482523827
482526861
482548566
482550167
482569830
482592343
482629182
482630690
482632740
482647520
482650077
482651221
482667097
482679666
482717217
482733452
482735882
482738647
482752858
482753037
482760254
482770462
482771132
482785093
482808966
482813656
482823468
482824513
482830453
482839616
482848435
482860080
482878127
482879798
482881552
482928311
482933272
482967498
482990563
483009453
483036674
483042961
483049825
483078959
483079011
483088501
483095309
483101740
483111893
483118343
483119045
483128281
483154462
483155063
483159237
483179959
483185741
483254076
483261422
483280533
483293951
483294896
483327651
483356121
483388494
483416199
483419344
483423029
483440605
483446670
483466909
483484185
483489633
483490158
483493432
483493962
483513317
483524425
483532412
483551169
483558874
483567435
483567492
483577414
483579698
483585743
483617322
483623662
483634366
483645205
483651302
483661929
483671239
483673283
483682214
483703982
483705867
483717218
483728854
483739617
483742980
483750334
483781139
483802130
483826791
483831668
483839278
483859362
483871339
483874086
483880611
483880808
483886178
483887353
483907123
483911148
483916939
483941833
483944945
483954970
483957002
483964308
483970590
483975504
483982888
483992065
483998839
484000918
484004478
484009435
484038423
484049487
484073492
484074767
484087704
484109507
484120079
484126349
484135008
484141340
484143583
484147147
484157742
484165843
484183600
484183681
484201453
484227819
484228557
484241326
484249777
484250537
484265131
484273250
484292608
484303045
484308145
484315463
484316319
484322178
484336349
484349163
484368705
484369865
484371055
484389118
484403944
484407507
484415682
484418807
484419730
484432573
484439281
484448141
484462406
484470199
484496790
484514635
484540210
484558081
484558848
484560490
484582644
484584640
484600343
484602926
484609835
484612689
484629029
484691938
484694015
484701992
484709592
484715637
484716203
484726805
484730027
484735681
484757854
484763746
484787592
484822922
484825545
484829611
484831353
484846059
484861066
484874313
484874531
484919039
484923649
484942538
484959330
484969080
484985198
484988372
484994569
485007750
485016632
485023700
485033749
485034326
485051183
485055835
485056838
485063518
485065558
485080749
485087770
485091333
485097424
485117844
485126493
485128952
485154411
485158613
485163913
485166036
485166948
485177496
485183816
485189641
485205047
485222890
485244343
485248312
485263324
485277614
485290042
485294561
485312745
485341539
485349360
485349540
485354524
485360509
485369072
485381017
485381153
485386108
485396423
485412534
485430263
485436397
485464715
485468810
485469796
485484460
485519260
485522262
485527200
485528253
485529612
485534375
485543866
485547001
485559294
485563616
485563641
485567025
485567592
485578703
485599593
485602470
485614904
485615460
485625357
485640685
485642769
485646471
485647001
485648321
485670406
485693190
485696143
485697741
485724767
485731173
485732782
485745569
485781144
485788969
485791494
485792717
485818285
485828268
485832067
485845679
485852227
485853778
485854860
485865842
485872475
485872915
485891870
485894973
485896548
485901565
485901663
485907913
485910454
485941200
485942320
485950128
485952801
485953030
485960949
485970495
485970507
485970675
485976874
485988975
486013594
486048234
486050685
486051392
486058996
486078991
486083356
486087360
486094277
486106409
486117114
486124530
486128710
486129591
486165506
486181262
486182872
486184069
486198644
486200065
486213298
486216212
486222057
486237201
486240708
486257252
486318512
486349589
486351968
486373766
486380642
486446903
486447670
486457578
486458019
486462507
486481454
486501185
486510623
486517220
486531417
486544975
486550271
486562619
486612239
486627972
486650138
486662688
486672447
486677701
486679429
486680546
486681289
486691954
486701246
486718270
486720525
486722943
486727039
486728490
486771964
486778586
486781418
486782057
486782558
486784396
486790813
486791571
486823266
486834051
486841682
486843109
486847879
486849626
486856672
486857930
486861462
486872554
486883827
486907366
486908402
486911850
486913667
486914501
486921622
486926033
486938819
486939158
486947246
486969212
486980880
486998461
487006340
487009928
487022326
487023719
487037771
487049987
487088302
487090207
487099539
487102625
487103815
487104577
487109388
487109650
487112990
487117962
487123882
487124892
487141021
487144068
487146154
487153341
487164746
487172698
487173927
487177791
487183287
487191691
487202371
487203895
487222523
487223867
487229791
487238468
487241629
487284490
487294262
487295174
487295988
487302278
487314327
487343033
487351921
487374097
487387300
487399273
487411275
487418545
487427936
487431542
487436459
487445479
487453054
487457121
487467738
487471493
487483780
487498663
487515130
487521044
487543554
487562548
487575895
487576485
487578595
487599464
487613015
487619715
487624301
487630644
487635255
487652887
487655564
487665011
487667732
487670114
487688328
487693639
487695189
487697960
487700075
487717484
487721924
487730375
487731189
487738973
487756217
487765921
487770203
487770219
487803866
487808728
487836600
487840152
487866830
487883909
487887115
487887903
487890793
487897685
487898520
487909419
487912828
487922521
487928203
487955873
487979969
487981362
487981731
488050182
488053062
488054839
488099328
488104434
488111349
488122182
488148437
488152223
488159377
488166524
488188132
488199852
488206621
488209508
488210473
488213765
488221724
488242349
488248593
488255220
488257003
488267270
488281918
488284054
488286030
488312647
488324921
488327972
488349030
488356176
488381244
488384435
488391384
488396887
488414869
488417597
488419180
488424730
488425386
488441520
488446934
488481919
488491998
488505149
488511690
488514947
488554283
488563268
488565786
488565840
488566274
488570844
488585512
488589299
488593254
488635835
488639867
488643905
488647733
488666015
488669077
488699430
488704533
488705373
488712954
488725058
488746439
488753225
488768504
488805868
488811621
488815886
488819014
488822083
488831610
488839308
488857373
488869253
488869769
488881800
488887493
488905091
488909172
488909853
488928656
489004196
489012025
489048041
489067114
489070457
489082048
489094671
489098524
489150521
489167449
489174346
489185067
489197944
489199925
489200475
489201425
489213351
489221711
489231770
489236566
489250092
489250347
489254763
489263976
489272954
489291912
489292205
489303323
489310895
489313029
489327209
489329274
489334238
489362907
489371282
489376275
489394766
489408484
489410766
489411951
489412631
489438956
489443733
489483519
489487943
489489587
489492006
489506679
489549120
489571447
489572743
489582744
489584975
489597387
489608565
489609622
489629342
489643577
489655746
489656299
489657801
489677589
489683469
489710125
489714308
489720207
489738269
489740508
489759181
489759510
489768282
489775660
489790236
489795624
489798409
489833741
489847485
489850803
489850808
489855061
489879847
489886166
489909944
489910599
489913568
489925413
489925673
489931464
489935643
489937272
489950049
489952069
489958105
489959550
489963017
489965396
489973042
489978300
489986191
489987512
489991804
489997847
490002620
490030262
490051245
490052225
490054763
490061713
490073320
490075446
490079018
490081205
490083575
490087630
490091771
490106822
490107758
490116148
490127509
490129978
490139163
490144350
490147094
490150459
490154118
490162277
490176711
490192291
490200946
490212459
490216654
490230609
490240183
490254415
490276810
490285340
490289619
490310020
490320735
490331268
490335156
490337379
490345173
490364232
490374377
490376207
490376213
490414608
490442455
490465883
490473646
490474495
490484952
490489872
490491113
490528041
490542356
490543225
490560776
490562371
490574262
490579052
490581536
490596535
490606232
490613270
490613716
490614096
490641277
490644324
490678988
490679515
490690969
490718522
490721533
490733852
490736771
490745571
490761172
490761388
490772784
490802532
490807842
490823446
490824364
490831384
490854952
490856930
490861351
490868939
490873974
490885220
490890423
490895551
490896671
490915352
490922121
490941295
490950137
490956782
490981393
491016842
491017532
491035250
491036154
491052025
491064812
491106776
491107258
491178550
491213828
491233036
491237416
491249625
491250421
491256093
491280305
491283513
491285569
491293841
491295656
491300544
491315787
491329497
491355893
491363566
491364639
491376082
491387778
491396078
491416794
491418419
491430167
491443694
491449376
491457331
491475612
491481150
491495234
491524913
491531707
491563002
491593165
491612565
491620783
491642245
491653297
491657896
491663520
491674185
491674559
491714808
491719268
491729713
491730545
491733447
491736721
491740584
491757305
491760776
491778668
491788579
491805266
491832494
491834349
491841894
491853645
491857640
491882274
491885279
491895255
491898144
491912066
491997467
492005997
492009197
492011148
492043831
492069673
492080409
492085793
492100338
492118938
492140276
492141599
492157341
492160224
492190649
492218835
492230206
492236063
492256828
492266865
492306769
492317661
492343312
492356139
492356472
492388820
492393620
492399489
492402730
492407144
492407187
492407997
492410864
492426475
492435803
492441238
492442552
492483931
492499184
492517293
492522555
492527310
492531726
492548301
492555932
492568667
492588303
492602666
492605151
492605627
492607731
492622043
492641102
492642817
492657426
492667022
492669177
492671698
492696138
492702899
492710516
492717034
492724271
492733152
492748463
492769469
492775294
492788048
492805209
492809899
492814097
492837118
492844769
492858304
492861015
492861838
492867197
492870066
492883322
492899819
492911209
492930787
492933929
492998092
493008031
493011054
493021126
493034374
493041171
493049256
493054182
493055035
493058974
493059287
493080245
493081421
493099715
493099806
493106912
493113925
493116158
493126792
493131387
493174666
493180382
493184487
493188675
493193420
493193529
493195725
493231298
493243424
493270619
493275060
493275565
493277051
493283786
493291400
493297735
493300194
493305634
493314824
493338044
493352346
493382809
493393303
493414035
493429332
493440929
493454886
493459122
493479821
493497874
493498599
493519420
493530754
493547456
493548517
493548599
493553469
493557850
493562363
493574361
493585198
493586590
493586861
493601837
493622389
493625210
493635643
493637310
493637468
493641124
493642298
493667974
493668689
493668798
493676152
493677123
493680588
493682084
493691538
493698213
493698385
493714963
493737596
493738801
493746426
493753833
493756845
493783472
493786168
493791392
493803235
493835209
493841985
493843363
493898637
493900814
493900858
493904831
493910597
493911145
493915671
493943801
493954050
493967785
493980718
493990687
493996873
494000927
494001978
494005399
494008530
494010956
494051314
494055599
494063774
494093032
494109925
494115421
494123382
494123822
494136117
494140167
494151457
494151870
494163922
494166139
494167941
494171055
494178938
494182157
494184476
494196792
494199868
494229199
494267341
494276618
494283405
494285599
494295494
494306599
494317242
494331433
494334669
494346517
494380945
494412119
494412339
494418846
494426596
494428168
494437348
494444063
494449875
494454380
494507145
494532636
494545021
494552556
494561344
494567729
494569506
494594680
494602493
494606125
494628832
494660740
494669692
494670962
494677654
494697291
494699686
494720077
494730152
494730741
494747364
494754076
494755025
494778901
494779279
494815245
494818693
494819454
494822712
494835381
494851914
494868907
494875805
494886364
494887790
494888504
494897640
494919123
494924274
494929286
494933408
494950595
494954724
494958656
494964713
494984160
495009473
495016993
495019040
495021471
495029618
495046514
495048984
495058382
495060771
495082324
495084701
495088018
495095503
495103805
495107730
495110886
495152238
495161606
495206222
495209235
495210181
495212686
495216056
495249368
495256684
495259246
495267855
495338991
495356129
495360408
495368595
495376689
495385416
495389286
495392542
495395500
495402241
495402945
495421047
495478926
495481392
495487446
495493677
495494721
495497650
495499785
495504272
495517107
495526060
495540624
495547417
495563695
495563947
495566929
495574859
495595052
495603272
495606805
495609428
495612632
495617264
495618245
495631326
495662132
495678718
495685415
495691294
495693931
495699158
495726381
495730078
495733895
495765026
495817067
495820466
495825263
495840601
495844059
495845242
495852307
495855321
495881092
495881171
495897090
495907391
495909406
495921674
495928208
495947789
495959078
495971403
495978064
496002458
496005080
496029258
496041890
496045380
496069778
496089781
496092792
496101358
496102677
496107664
496115058
496139777
496142067
496143450
496162146
496173619
496196681
496214034
496225489
496227906
496228020
496240333
496254262
496263795
496273407
496280320
496288276
496300005
496302833
496306783
496309036
496310073
496317331
496346459
496362004
496377464
496405808
496414834
496462970
496495824
496501375
496533925
496546314
496555441
496566416
496579301
496611318
496619866
496623246
496630799
496647782
496649878
496655333
496658416
496676755
496690863
496698215
496707872
496723168
496725433
496739582
496740132
496754940
496755122
496755689
496763736
496763742
496772827
496776333
496787327
496788064
496818894
496836820
496847784
496852510
496885314
496885503
496893354
496907737
496909447
496919159
496927489
496932307
496940309
496956415
496985197
497006999
497018490
497027935
497053012
497061095
497063052
497070600
497073747
497093868
497094972
497098451
497106369
497112460
497130001
497140578
497141426
497146669
497159179
497160412
497177346
497177762
497208026
497220709
497227184
497242701
497250741
497262558
497265787
497277953
497287713
497294985
497297720
497307043
497311651
497334164
497341989
497343499
497343655
497348348
497364423
497391202
497409965
497411421
497417484
497428052
497437955
497468324
497469193
497471220
497479863
497491381
497507223
497549462
497558304
497566060
497574287
497578845
497608009
497616311
497618466
497619168
497619428
497629479
497630849
497657851
497685631
497696567
497709290
497730472
497745587
497780250
497797043
497797676
497802756
497819342
497822366
497831751
497834190
497836080
497850197
497860270
497860864
497862822
497863173
497869079
497887325
497889760
497895925
497907539
497921060
497935716
497942282
497961749
497962271
497973234
497991725
498006243
498006813
498052588
498066510
498068572
498068740
498078654
498080358
498081233
498083427
498104015
498117487
498138025
498167751
498181777
498190036
498194976
498213415
498228670
498251859
498254541
498260067
498277633
498283203
498284870
498299508
498325704
498338574
498382605
498409600
498420528
498432487
498445356
498455707
498484578
498502808
498543814
498552618
498569351
498573148
498615881
498622819
498630241
498667926
498688782
498708473
498710421
498716397
498716412
498717006
498723071
498728442
498738319
498751311
498755444
498780203
498793587
498803682
498818172
498833310
498833847
498870789
498873730
498877159
498898941
498902503
498916581
498922927
498933872
498951869
498955653
498961901
498972682
499007811
499009089
499009752
499012885
499018783
499022740
499052425
499064970
499075066
499075949
499091624
499092475
499096011
499104007
499115427
499141052
499143429
499164129
499164708
499189852
499191866
499199115
499202377
499212267
499218026
499234490
499256301
499294044
499296482
499302646
499308756
499321746
499329464
499329625
499330106
499334628
499337601
499338220
499364537
499365158
499373667
499393616
499405051
499409243
499414278
499416877
499425232
499433842
499445251
499446354
499451932
499464996
499466111
499487929
499504748
499523978
499540323
499553199
499564709
499568945
499574603
499586250
499595483
499611145
499615680
499627079
499629619
499631008
499638991
499652301
499658310
499667881
499671006
499717017
499721932
499722701
499741085
499761999
499777135
499781178
499790303
499797650
499805589
499829206
499845424
499859092
499869084
499907737
499913881
499927251
499961504
499995058
499999874
500000624
500013468
500014255
500025054
500026367
500026711
500027802
500074469
500084565
500105918
500106519
500114883
500115372
500118587
500118715
500125837
500159930
500160990
500173231
500175828
500189225
500192549
500205111
500234471
500242998
500247170
500248390
500251030
500258612
500262609
500263129
500271762
500274366
500279743
500290622
500303309
500323079
500334607
500347436
500359669
500386568
500400328
500405646
500406181
500422359
500424935
500440198
500454432
500466067
500493294
500508748
500546052
500562982
500573733
500574569
500576334
500583398
500586523
500590697
500597703
500619345
500619493
500622412
500626398
500628986
500633047
500636045
500651435
500656723
500661687
500671439
500682428
500702121
500702530
500702574
500706641
500710908
500718066
500734298
500742029
500749038
500758647
500760680
500773168
500787471
500796356
500813677
500820783
500856032
500871025
500885764
500887623
500888733
500889185
500930545
500949138
500950824
500959609
500968234
500969662
500981199
500983631
500984829
500996181
501010304
501010833
501023135
501033298
501036624
501040307
501045362
501053975
501091887
501103816
501140666
501152006
501155977
501163392
501164687
501185583
501188970
501200312
501211719
501214238
501226180
501237703
501247972
501248229
501248884
501263569
501268091
501311723
501312070
501330453
501335397
501346935
501366698
501367506
501376741
501378863
501398202
501399949
501408775
501409654
501413318
501415030
501419524
501435698
501441581
501453459
501474311
501481438
501483914
501506546
501519013
501525907
501533659
501535553
501539264
501558258
501565086
501568424
501578311
501578429
501580981
501582817
501597754
501599031
501601553
501614330
501642418
501659023
501664510
501668672
501669913
501682099
501697296
501700920
501703911
501708367
501714535
501716810
501743668
501745256
501748690
501755507
501766680
501767667
501767928
501796810
501813685
501837360
501840327
501854830
501856330
501857446
501866218
501872019
501897149
501899403
501927996
501963087
501972939
501977130
502011476
502016874
502021044
502023138
502046383
502050003
502053124
502053515
502054993
502057443
502061949
502074929
502085857
502086112
502098631
502101121
502104255
502106192
502111084
502124335
502130884
502135453
502136712
502143741
502157042
502169156
502172391
502195599
502202980
502204733
502206656
502219945
502243165
502249868
502266152
502277922
502306078
502310789
502313759
502317540
502319016
502334137
502353556
502386409
502386647
502387555
502414585
502421918
502430444
502452063
502482502
502492633
502493874
502510913
502527241
502528321
502536039
502541907
502575021
502582674
502587070
502590437
502592565
502601941
502612340
502615865
502632371
502642015
502651539
502655765
502656530
502699614
502729385
502750444
502780351
502808393
502818736
502850266
502852854
502870343
502873337
502930227
502945203
502994209
503003753
503010035
503018700
503025331
503029094
503047283
503060365
503082824
503083106
503095038
503097270
503098776
503127943
503130012
503143347
503152241
503152798
503174301
503190124
503192871
503267674
503293808
503294587
503295312
503309586
503316587
503317072
503330640
503349485
503357935
503364825
503387146
503396996
503402543
503413081
503424749
503436641
503491095
503491797
503499425
503510624
503511912
503518252
503537005
503541212
503543423
503549267
503563883
503568907
503570206
503596241
503597061
503612456
503623064
503650960
503651196
503654129
503654560
503662921
503688879
503703218
503734442
503745182
503755465
503757921
503770548
503780545
503787433
503808578
503824975
503827646
503829418
503834287
503846665
503853378
503884149
503884388
503885830
503903970
503906471
503922540
503940408
503948175
503963262
503966475
503980791
503987919
504009247
504010978
504038879
504045097
504049229
504068964
504092530
504100809
504109899
504130125
504132301
504134000
504149543
504153720
504158401
504167415
504189847
504190210
504210967
504228715
504244728
504258337
504267437
504284675
504284876
504300499
504306443
504310719
504311722
504314172
504316694
504323166
504332245
504353490
504353874
504371532
504380571
504391540
504396409
504401643
504407815
504452815
504453896
504463164
504466185
504467893
504492786
504493230
504499881
504506020
504517600
504529451
504547551
504580795
504590748
504617899
504653278
504654505
504665313
504681670
504688609
504690900
504694654
504714955
504728905
504730695
504749165
504775052
504775149
504777778
504782371
504783534
504786750
504788297
504805253
504817965
504843289
504849331
504867259
504869478
504873585
504883790
504885683
504889833
504889849
504902586
504908786
504935668
504936417
504939202
504967967
504971376
504972366
504975344
504984497
505000138
505001353
505005548
505008901
505018886
505018949
505026563
505046362
505052952
505054994
505056285
505076803
505082345
505090051
505090228
505094133
505099256
505099921
505103107
505103668
505125064
505125823
505135449
505141778
505146413
505147637
505149819
505184365
505195425
505211878
505225313
505230196
505244615
505275665
505278460
505279085
505279858
505287808
505305201
505316901
505317201
505318731
505326850
505329850
505340742
505349358
505372418
505377655
505385450
505403149
505418309
505427535
505431218
505439057
505441838
505441860
505463526
505464193
505476906
505477736
505504998
505510488
505551195
505564305
505564532
505573089
505578548
505578899
505596925
505609185
505610167
505614348
505619748
505625474
505642803
505643642
505645629
505662858
505673826
505677791
505695786
505697829
505709186
505714407
505718217
505721145
505744224
505764076
505798303
505809460
505818959
505820068
505840819
505852704
505857833
505862743
505869272
505870580
505892930
505898614
505908631
505932104
505957849
505966852
505981950
505997260
506004536
506006424
506006534
506018516
506052682
506069231
506073876
506092012
506103903
506138297
506138744
506152783
506153240
506178226
506189801
506200205
506225556
506248801
506250153
506269383
506279740
506335557
506367556
506369225
506373006
506373355
506376451
506386738
506392693
506418041
506433461
506464655
506505689
506511550
506533432
506545206
506563596
506565937
506568964
506586160
506608612
506612431
506614051
506615129
506632829
506635454
506639396
506644447
506644907
506647833
506655433
506670673
506673752
506675070
506685099
506701603
506710017
506713810
506721974
506730581
506735056
506757912
506759199
506763249
506781400
506784315
506784834
506788833
506795509
506849044
506849493
506858156
506866811
506871406
506876673
506884988
506888582
506893542
506894874
506938120
506946236
506957822
506979303
506983013
506999136
507005338
507030814
507043287
507051902
507062591
507063032
507078837
507084622
507087316
507097858
507098267
507101906
507108843
507136614
507137938
507158667
507160367
507172082
507173213
507191142
507197573
507216558
507224253
507250019
507253399
507263645
507268052
507277104
507295568
507331717
507356910
507358240
507371987
507401903
507404662
507407168
507414392
507416193
507440967
507441742
507456689
507463507
507463877
507482627
507484643
507492831
507493061
507505569
507533105
507536786
507542975
507555791
507560257
507564773
507566527
507586032
507587166
507603563
507676515
507687234
507705720
507707730
507730822
507743467
507762465
507763727
507779821
507784122
507793156
507801549
507803837
507808869
507814408
507814418
507846227
507848533
507855105
507915296
507915495
507919810
507922591
507927402
507963512
507966931
507975764
508018827
508029997
508034126
508045175
508053583
508064237
508064313
508075751
508087007
508087879
508103137
508114834
508122049
508126442
508128557
508141317
508165869
508198788
508206554
508207787
508244941
508247980
508252963
508253472
508257704
508266062
508272336
508281531
508289521
508302029
508303050
508308851
508310435
508324579
508334515
508336204
508346611
508358284
508373368
508376925
508379629
508384364
508388458
508392879
508403522
508420193
508422511
508431936
508458583
508462796
508474471
508485499
508486929
508501034
508509998
508514578
508527315
508532689
508539807
508547727
508547899
508552935
508553179
508563650
508570087
508580956
508585237
508586772
508621977
508635736
508644501
508657684
508674994
508678099
508686928
508697804
508705016
508712045
508730617
508754311
508789443
508790620
508797390
508798519
508805896
508807000
508808595
508813751
508814643
508820648
508826896
508831210
508831451
508840344
508843537
508843660
508853851
508858677
508862388
508868567
508883832
508897722
508916220
508931158
508932426
508935795
508948062
508957261
508967680
508969065
508971905
508971964
508985448
509023328
509024138
509035141
509041180
509041918
509080524
509084328
509084919
509086156
509098393
509102970
509103050
509108000
509112985
509115198
509116060
509124927
509147650
509188885
509193420
509219802
509223510
509232807
509237194
509251922
509279747
509282532
509288735
509301825
509305018
509322177
509349108
509352868
509359892
509378426
509386668
509392673
509392809
509414212
509436143
509452119
509452334
509457242
509479633
509496196
509496472
509519729
509558274
509558757
509560380
509565983
509586415
509589167
509598269
509613937
509624236
509644511
509644724
509661847
509673579
509680338
509691129
509697585
509698308
509709830
509759648
509773495
509803476
509826391
509828635
509841137
509853516
509857752
509862450
509865560
509867089
509875170
509884223
509888501
509900761
509936668
509943148
509950288
509961409
509966863
509972473
509980042
509988541
509988635
509995533
509995571
510006735
510006793
510030789
510044389
510049491
510063878
510065677
510071254
510076233
510092172
510092813
510093086
510100821
510101868
510106710
510118546
510119805
510124329
510133939
510152706
510164365
510179903
510185182
510198066
510202802
510210034
510213344
510236201
510261496
510310778
510329308
510335260
510338371
510347699
510347725
510375842
510406966
510407702
510409016
510414789
510428661
510446720
510453579
510462537
510464230
510477828
510481692
510494593
510516038
510524353
510526087
510533383
510556398
510556652
510558595
510560182
510564417
510574957
510581524
510585542
510602018
510620556
510627602
510656748
510672629
510672739
510683044
510691322
510717680
510726579
510744380
510751808
510770512
510780529
510794835
510796938
510806988
510823072
510824034
510827793
510828995
510837700
510840603
510842949
510853506
510866716
510883348
510889606
510894077
510901690
510926554
510935041
510937423
510937812
510941601
510961146
510979037
510980163
511004562
511035165
511036909
511048233
511074729
511086053
511091987
511126921
511128497
511131669
511142063
511144025
511151445
511160931
511163484
511170805
511200190
511237433
511238472
511259758
511268170
511273206
511299795
511328014
511338833
511355813
511357345
511357827
511384320
511394360
511402844
511406185
511416516
511429101
511436022
511459492
511462916
511463144
511500975
511512533
511514510
511526349
511541295
511558794
511563916
511567120
511572023
511572511
511603926
511619467
511621975
511624121
511627519
511632344
511633240
511635525
511640912
511668158
511684029
511698403
511726771
511761923
511770261
511770851
511775678
511790887
511800070
511816159
511821495
511834928
511838170
511844263
511849151
511850238
511891994
511903052
511920523
511923032
511925586
511934008
511950010
511956916
511957919
511965731
511971174
511991934
512004177
512009494
512026906
512032936
512037530
512043925
512045745
512061465
512066029
512066243
512066501
512086088
512100935
512101300
512116121
512127270
512151301
512151362
512157978
512170773
512185839
512188088
512203878
512237940
512238884
512268748
512270994
512275149
512286765
512291925
512295236
512297134
512301215
512305084
512314368
512329232
512335298
512371862
512406436
512415456
512435182
512440074
512456885
512461553
512463107
512476209
512486803
512486900
512496395
512509707
512510526
512518584
512522770
512575266
512618618
512619630
512622245
512651826
512673155
512677690
512684276
512690587
512693907
512715478
512732529
512734926
512738330
512743709
512770050
512779288
512781618
512814409
512835573
512875539
512883627
512884403
512894954
512901123
512916461
512923453
512943260
512945703
512955879
512962565
512985497
512990319
512997609
513013735
513013776
513016947
513028945
513033975
513034053
513046217
513057893
513069659
513070723
513083776
513111924
513112811
513120892
513121875
513130334
513147479
513147977
513149602
513151032
513171057
513188032
513192299
513193803
513198287
513201580
513214516
513222686
513241697
513248801
513257723
513263955
513273773
513274205
513292393
513298261
513308533
513311419
513349873
513358536
513372274
513383707
513393439
513415959
513436050
513473903
513477207
513480062
513484467
513485804
513491804
513492978
513498909
513500004
513504123
513513107
513530048
513545984
513553089
513565767
513595264
513606003
513641666
513650053
513651928
513656908
513680946
513684508
513687275
513687890
513713024
513728173
513738838
513744022
513746085
513757290
513761147
513774628
513802930
513815598
513824365
513826918
513857758
513860216
513903485
513908569
513914244
513924937
513925225
513950590
513974843
513978501
513984585
514005859
514012059
514013549
514013969
514019771
514021977
514043660
514050288
514055939
514087953
514093263
514094983
514097587
514111521
514146252
514154047
514166917
514174909
514212558
514219390
514264252
514288069
514291896
514296372
514300361
514308983
514312774
514320962
514414498
514427444
514435739
514436404
514440288
514442132
514454965
514458313
514472332
514483122
514486372
514499159
514510857
514517149
514524846
514538681
514548021
514557586
514596274
514598791
514601041
514602642
514618303
514626407
514643633
514644292
514673207
514715055
514719206
514723025
514730872
514762354
514775188
514775370
514801398
514808214
514818583
514863997
514865530
514868851
514894792
514906884
514907553
514907555
514913662
514915579
514923638
514935783
514944613
514945063
514986227
515013476
515039045
515040150
515045226
515047370
515050480
515086192
515086418
515091116
515105081
515113007
515117633
515132133
515132665
515168826
515177600
515242466
515262485
515263277
515267950
515300968
515324315
515334502
515347638
515374269
515419578
515431050
515494711
515544285
515551402
515557838
515577412
515582035
515592590
515600233
515607389
515614698
515662469
515662549
515681042
515682534
515686134
515691703
515701894
515712175
515726241
515727176
515760717
515764693
515796327
515806401
515808109
515820852
515823026
515833519
515843502
515867834
515888394
515905706
515906222
515915552
515916798
515965638
515978502
515991967
516001337
516002585
516011809
516035031
516044179
516060884
516069583
516095621
516104326
516106951
516114530
516127963
516138953
516156516
516173605
516179735
516180802
516196155
516207400
516211926
516242666
516243530
516263835
516286178
516296689
516298527
516308129
516315328
516319448
516338524
516341361
516346391
516352604
516358487
516360841
516380786
516413652
516433724
516456254
516459428
516463749
516465993
516467029
516509841
516522248
516523152
516529275
516533639
516538814
516557133
516560097
516561531
516563177
516566095
516572002
516574645
516615311
516622693
516655992
516670875
516674169
516681768
516705129
516707146
516711399
516717068
516735768
516752085
516757387
516762430
516807305
516839379
516852442
516889274
516895677
516970381
516972430
516983012
516990908
516995007
517001415
517007656
517008094
517017263
517034324
517053887
517067620
517079912
517095053
517097874
517113682
517136940
517138988
517144584
517148838
517164679
517179890
517185495
517225519
517226751
517234595
517238581
517249103
517265822
517277782
517345220
517352412
517352972
517353436
517365311
517373611
517374927
517389521
517405284
517409021
517411144
517438795
517450884
517456241
517461682
517477126
517482722
517494068
517514392
517515689
517536265
517541860
517550079
517556655
517556717
517559776
517560707
517569827
517572781
517576008
517596832
517600900
517611216
517613690
517616756
517618321
517631706
517645246
517658423
517666696
517667543
517700730
517719316
517726931
517735800
517741223
517753821
517755049
517766221
517784361
517814872
517820512
517835495
517843083
517846244
517848223
517853056
517857837
517877340
517891789
517903965
517929029
517940438
517947216
517951051
517957241
517958051
517971151
517976305
517997815
518001243
518024268
518028106
518032841
518072088
518073598
518101649
518105794
518117506
518145888
518152585
518157164
518173384
518175211
518179720
518181459
518182812
518184003
518187071
518193050
518194201
518207916
518217626
518233181
518252863
518253376
518263318
518284737
518291794
518319176
518328935
518342788
518343742
518352136
518363654
518367318
518368735
518378813
518388018
518390933
518407228
518412641
518420236
518428136
518443132
518443950
518460243
518460979
518462630
518470931
518474230
518474629
518489500
518489766
518502244
518502509
518507566
518514220
518514686
518519037
518548112
518567390
518571579
518594470
518613654
518624803
518635014
518646072
518658653
518663690
518664166
518672612
518675953
518725047
518735955
518753416
518775594
518785917
518792928
518793059
518800129
518807822
518815698
518833901
518837889
518851799
518877500
518883237
518891194
518891349
518910208
518929163
518937440
518940265
518967838
518988244
518988452
518990957
518993073
519004947
519007556
519008543
519045526
519048740
519051908
519055470
519057058
519071156
519073382
519078749
519102910
519115002
519119162
519124984
519144280
519150503
519151350
519156628
519165644
519167152
519170673
519171537
519172759
519186272
519187559
519189434
519218251
519221222
519223118
519228047
519229334
519245587
519247734
519255763
519257672
519289110
519298018
519315433
519318971
519332332
519335254
519336387
519338815
519354286
519363561
519371347
519371884
519377521
519379492
519383366
519386594
519390903
519393229
519402777
519409799
519452516
519461282
519462536
519464606
519466572
519467717
519475488
519485634
519503472
519504264
519509023
519514715
519521426
519528230
519539283
519549347
519554214
519561439
519574961
519577200
519594840
519623123
519647892
519653735
519665290
519672252
519682436
519682732
519689746
519691143
519693830
519695324
519698447
519705173
519709403
519720359
519721737
519724154
519725056
519744594
519751809
519756866
519759444
519770239
519777839
519778309
519779405
519801787
519803531
519804843
519814657
519833644
519834916
519835930
519852486
519855811
519861682
519880825
519886006
519906783
519915323
519928103
519929638
519942684
519980062
519980389
519984997
519987939
519991658
519994974
520018811
520019001
520022345
520042037
520051164
520053366
520061835
520078065
520120012
520142625
520144312
520145380
520154588
520181538
520190150
520192113
520206397
520214241
520222907
520227544
520249787
520295305
520295387
520299907
520309091
520318868
520320880
520355131
520359222
520364941
520365536
520374162
520374488
520379507
520387217
520392490
520393328
520402756
520404256
520418479
520419952
520423252
520424334
520431948
520451350
520453300
520457105
520471155
520479286
520484626
520492660
520502427
520514935
520529855
520545363
520546443
520548605
520571585
520586584
520659301
520662500
520671928
520674795
520689667
520697469
520714628
520715713
520737298
520765392
520771958
520773990
520783306
520787643
520804119
520806301
520814822
520835206
520838241
520840755
520853154
520859363
520873983
520885768
520903038
520921117
520937494
520948680
520956309
520961864
520964805
520973761
520985840
520988652
520990848
520992670
520993517
520998259
521000308
521002546
521030362
521032355
521033017
521056087
521059528
521061908
521082659
521086454
521090660
521100189
521106951
521116165
521136133
521140924
521149265
521159272
521165276
521168466
521205110
521215250
521227452
521230130
521234188
521271755
521278465
521286556
521287952
521294475
521308761
521312560
521317207
521319810
521347518
521351210
521357407
521359049
521374570
521380556
521385090
521388099
521390692
521403471
521414835
521423029
521437627
521440751
521445835
521463351
521472665
521478423
521489303
521490251
521535127
521535172
521541082
521544159
521565419
521567628
521576696
521583958
521589078
521590533
521598435
521610293
521623421
521625908
521637879
521641694
521665576
521666429
521670822
521691849
521705133
521711619
521717946
521735760
521749120
521768665
521781776
521785563
521785999
521793955
521804480
521813779
521822996
521862215
521870379
521881885
521917574
521947618
521972504
521974300
521977919
521978247
521979841
521981497
522013347
522025049
522039071
522045576
522055427
522059516
522062824
522068593
522069065
522076934
522102166
522117793
522125274
522132423
522134130
522146607
522151397
522165846
522168555
522174241
522175665
522182540
522188331
522191079
522192195
522199186
522210576
522213874
522245604
522270732
522286331
522290456
522293705
522302241
522304186
522307089
522321363
522325255
522328672
522337010
522337507
522341793
522342269
522352856
522362365
522366508
522367737
522385831
522397089
522402666
522407016
522419937
522442153
522471464
522505819
522515722
522520747
522538618
522545392
522552326
522554122
522556269
522556654
522561530
522562666
522578408
522589387
522594020
522605810
522615902
522618558
522643981
522650024
522655279
522668063
522674745
522684812
522684894
522720982
522721980
522725615
522732919
522741078
522742451
522747580
522748453
522773844
522785774
522820651
522848533
522860432
522883264
522889473
522906252
522912864
522938280
522957969
522984479
523011995
523034128
523037195
523070161
523078098
523102205
523121376
523130721
523135050
523135305
523141405
523141871
523157959
523174706
523178536
523186216
523222383
523222706
523232039
523235354
523243309
523254508
523256277
523266130
523268907
523269069
523295538
523326202
523332207
523350561
523373173
523373684
523374878
523399735
523402666
523403180
523405008
523408699
523408757
523460349
523474248
523498678
523500908
523515142
523515908
523516182
523522678
523526454
523527881
523536706
523554838
523562736
523564608
523571238
523588013
523588826
523594022
523612005
523622873
523624499
523631997
523633370
523661544
523662406
523666698
523671007
523696240
523709055
523717876
523736991
523776523
523808334
523809064
523819298
523819682
523841435
523860329
523872192
523891795
523893472
523895704
523895875
523911035
523912228
523915149
523924110
523956511
523975363
524006377
524015994
524031995
524038591
524039036
524053146
524054392
524056137
524067362
524078056
524093735
524101665
524108038
524119886
524130272
524130681
524146446
524155696
524158149
524168180
524184464
524196076
524234423
524242457
524248275
524261520
524284304
524309784
524311155
524323432
524326512
524339698
524350973
524351260
524353207
524386805
524396197
524397095
524397462
524453728
524462454
524484381
524486416
524500277
524504213
524510648
524524717
524526492
524533840
524544783
524558404
524571848
524579202
524583455
524602567
524622492
524623226
524629958
524631850
524634078
524635269
524651158
524656188
524658599
524683796
524717367
524720187
524734244
524737880
524745885
524755816
524756307
524776904
524779694
524782654
524790973
524791732
524793081
524797363
524811930
524828103
524850795
524852739
524852802
524853084
524855350
524858792
524868412
524881226
524886628
524886984
524891688
524896072
524901345
524908502
524909029
524919623
524927282
524929122
524937510
524945656
524955016
524963462
524979278
524993274
524995336
524996649
524999088
525015425
525057842
525085847
525088023
525095726
525122802
525128338
525131415
525147011
525148769
525185391
525199548
525199712
525206345
525218331
525231212
525256138
525264391
525281537
525283989
525294886
525308023
525316852
525318372
525336016
525347858
525349168
525365577
525376132
525396457
525397626
525408070
525431056
525434961
525450462
525457802
525476870
525480571
525481318
525483114
525489178
525492402
525507412
525541374
525542088
525561093
525566137
525569129
525569408
525577774
525586919
525588457
525612818
525616206
525635091
525638167
525642139
525650264
525651005
525652271
525656446
525656633
525666046
525667894
525674162
525714862
525722884
525755887
525757325
525759846
525770779
525773293
525797659
525802589
525811960
525830583
525850535
525866626
525885936
525895926
525934450
525946325
525961442
525967898
525975093
525980037
525988690
525989478
525997181
525997501
525998863
526022314
526042620
526049733
526089210
526121148
526134101
526147246
526149944
526154046
526163892
526223760
526224374
526228188
526236559
526256560
526274795
526277313
526289055
526291041
526295927
526307334
526320442
526321821
526349915
526355332
526361268
526392162
526400971
526408361
526447704
526450894
526455733
526458019
526472051
526490853
526491996
526515792
526543038
526548234
526562546
526588033
526600991
526603445
526623070
526630116
526634959
526637666
526639841
526641677
526658561
526680806
526685844
526699203
526700142
526700267
526720180
526721537
526730626
526738495
526756832
526770699
526774357
526776082
526807481
526824803
526845686
526847310
526851487
526865494
526889523
526901158
526926385
526931526
526940060
526953768
526960472
527008270
527015957
527033526
527038961
527054092
527067131
527069222
527072768
527075662
527089603
527089640
527097405
527099294
527119337
527133150
527151895
527157918
527173217
527177242
527193252
527201257
527222659
527238075
527241043
527252757
527257928
527297080
527305592
527308965
527317795
527317916
527323644
527335432
527366321
527369403
527373206
527381412
527402382
527405004
527405158
527405392
527421068
527428158
527446852
527492359
527504088
527504371
527515195
527551352
527559143
527581860
527581994
527585375
527589798
527607218
527613860
527619584
527619940
527637476
527641280
527651983
527666788
527669873
527674955
527677680
527679723
527689835
527710738
527713881
527715313
527757614
527815412
527853316
527854866
527875333
527881558
527885225
527889770
527925872
527927601
527934177
527946028
527957148
527970223
527973160
527983264
527994140
528001133
528009378
528016631
528016986
528025649
528032455
528068983
528090205
528099205
528109255
528123540
528134233
528153805
528183599
528202280
528207099
528219841
528221002
528238817
528249287
528261156
528264757
528275839
528277640
528280143
528280297
528309059
528319701
528341106
528350317
528357289
528365054
528397291
528397310
528397475
528412340
528433429
528435691
528441324
528454216
528483772
528484841
528485119
528485920
528497378
528498475
528506143
528526732
528575045
528590998
528593499
528599298
528606539
528620000
528629086
528638314
528664193
528677471
528679502
528687642
528699932
528722174
528722726
528723065
528737647
528740573
528742639
528773327
528794527
528794545
528809847
528833902
528835848
528842166
528845207
528847601
528863885
528877000
528883925
528886405
528891536
528895349
528897579
528909167
528925919
528930959
528944223
528954420
528954892
528962316
528984019
528986917
528999845
529010510
529040773
529050279
529065322
529066243
529068403
529068424
529071019
529082720
529098070
529105188
529109044
529109600
529126037
529126416
529134422
529149101
529155390
529175940
529177016
529206189
529217181
529236280
529254614
529274742
529276868
529301292
529327408
529338743
529346937
529361762
529373191
529381640
529398770
529423205
529430662
529430714
529431168
529434995
529451744
529452930
529454504
529461440
529468583
529484593
529498552
529499617
529537155
529541686
529545597
529564216
529570811
529572673
529574128
529590977
529603469
529620545
529626358
529633751
529635638
529648141
529678860
529679927
529686175
529691741
529698665
529721960
529742878
529748433
529750372
529771771
529798300
529798558
529802975
529809102
529824288
529829925
529830026
529858233
529859605
529863001
529884819
529886062
529891584
529907299
529923098
529935392
529949513
529970321
529978932
529981104
529982475
529995047
530028158
530033912
530043162
530047458
530084044
530093647
530150803
530156267
530159857
530161798
530169149
530171282
530181781
530205652
530209529
530210003
530214180
530223421
530225614
530230310
530239352
530243203
530262390
530282634
530295048
530297274
530310982
530321543
530323079
530323734
530326704
530342451
530385135
530395252
530396494
530403350
530407067
530429582
530444462
530465979
530465985
530473714
530491294
530494313
530511918
530521138
530522231
530522234
530546651
530547063
530548529
530550423
530554981
530576731
530599725
530607096
530610957
530654701
530666365
530670061
530676495
530692355
530694320
530708875
530716794
530724138
530726104
530728100
530735177
530738619
530753063
530762317
530762554
530815832
530820511
530834212
530843591
530845867
530846100
530866011
530866084
530870100
530878233
530890251
530901761
530910132
530910293
530928752
530934911
530941825
530948991
530956821
530965768
530993894
531007234
531037683
531066180
531076528
531093398
531095307
531114452
531121092
531126404
531139718
531158519
531163457
531169090
531170837
531170866
531193348
531202334
531203815
531204320
531206155
531220673
531223972
531224338
531231300
531235263
531280140
531294236
531301477
531312337
531352752
531359682
531360547
531373427
531381975
531387593
531399859
531403131
531425661
531432398
531443832
531449458
531465993
531491833
531512024
531520820
531535876
531543265
531550485
531561973
531580170
531587308
531589033
531603786
531608173
531619593
531624864
531629238
531641255
531670298
531677902
531680845
531685457
531697582
531700076
531711673
531721845
531732831
531733488
531737217
531746820
531769441
531777678
531811251
531817341
531819080
531823067
531835626
531842902
531849074
531856774
531857415
531857494
531861140
531879943
531891015
531927469
531938073
531948162
531965334
531974736
531975919
531983553
532006075
532006779
532046004
532059601
532060984
532065268
532070276
532074604
532100349
532101321
532105120
532118067
532137230
532140547
532148165
532151345
532155582
532169136
532174396
532198159
532228637
532229170
532231485
532231489
532233406
532241041
532261152
532272496
532276007
532277328
532291672
532307821
532318778
532330392
532336622
532343261
532351564
532354609
532356920
532372302
532408565
532411210
532413803
532429535
532460595
532461596
532466481
532466988
532476073
532487130
532491860
532492755
532501478
532503195
532544543
532559496
532566099
532570973
532607942
532650384
532661668
532671846
532698442
532703598
532707699
532709594
532712680
532745950
532762636
532773224
532778700
532786596
532807266
532813501
532824234
532836338
532836804
532870667
532877851
532880645
532908388
532908929
532931695
532938973
532943008
532949941
532958063
532969414
532971331
532975475
532976894
532980189
532997074
533028852
533048333
533069565
533069643
533072398
533078835
533107450
533124407
533126275
533127793
533128653
533134526
533140867
533142228
533144294
533178661
533180820
533200653
533234531
533260902
533284121
533299570
533309747
533312439
533318170
533322104
533322774
533344027
533345203
533359765
533360282
533384926
533404381
533409044
533415911
533419183
533434886
533437831
533465776
533488227
533489293
533490500
533498117
533510852
533519479
533528637
533541181
533551681
533559477
533562161
533564701
533576191
533597558
533612284
533627765
533634325
533660252
533683248
533737980
533742986
533760195
533760911
533761868
533804903
533805493
533812672
533814922
533834371
533846129
533850546
533860364
533862647
533873535
533873648
533878743
533879965
533886949
533892819
533895157
533899187
533909994
533913526
533919653
533921511
533947549
533955977
533958747
533977164
534004612
534012385
534028426
534044246
534083785
534095814
534121415
534128450
534134506
534147406
534164429
534179746
534190510
534193171
534203896
534207225
534217977
534225622
534262244
534268189
534274564
534280357
534281754
534289103
534324798
534327892
534329005
534331815
534334961
534350686
534351380
534367257
534376414
534386291
534395580
534403909
534404997
534458728
534458844
534463001
534468531
534506319
534508359
534524282
534529393
534529642
534531617
534571714
534573051
534581794
534582684
534594107
534619043
534628987
534657829
534666852
534674040
534687827
534694924
534698761
534709042
534709458
534718660
534725654
534726863
534734422
534740288
534780992
534807736
534811304
534815545
534821137
534827508
534851677
534866819
534877488
534882775
534905550
534913174
534929682
534933939
534935037
534940902
534949707
534953870
534986430
534993958
535000738
535003504
535012191
535035450
535039760
535057580
535058314
535081814
535101691
535104626
535107651
535122485
535148107
535151001
535164139
535186006
535190614
535191524
535238606
535255988
535262399
535275777
535280325
535289683
535297565
535326223
535328442
535334186
535348441
535348998
535354407
535354926
535355234
535376689
535391742
535411348
535418131
535425062
535432071
535448063
535458594
535462025
535482689
535491243
535499184
535509869
535510020
535516182
535518735
535528424
535554705
535557394
535562368
535563120
535565846
535565891
535568917
535576854
535582723
535585139
535593838
535614578
535628803
535646954
535655183
535660984
535701567
535719985
535723066
535728694
535739455
535744103
535758423
535760720
535765053
535765132
535769174
535772184
535793430
535815358
535816698
535818785
535819222
535838767
535849725
535849952
535854880
535868068
535877781
535882249
535915447
535923236
535924785
535953155
535954250
535960568
535964068
535969690
535983570
535996055
536003657
536020513
536026025
536028528
536032015
536045216
536053307
536055802
536057810
536065550
536119185
536123762
536128138
536134013
536162395
536207586
536217527
536235071
536235153
536237872
536244181
536244495
536248924
536249033
536256935
536258795
536279487
536283047
536285632
536296833
536303862
536304670
536310308
536312148
536343892
536382567
536391834
536406225
536427874
536433220
536437595
536438296
536448487
536450484
536457734
536457888
536466527
536472852
536477136
536499190
536509015
536509745
536516627
536522962
536549140
536577513
536583135
536594007
536600314
536606895
536612072
536619429
536627904
536630919
536631410
536633340
536645057
536650935
536655477
536671677
536676724
536710668
536713105
536719913
536735807
536742924
536763737
536766927
536772112
536777460
536803705
536803937
536824187
536842310
536856837
536874474
536879372
536888039
536893845
536907110
536907224
536917609
536931145
536955438
536960862
536963317
536975396
536978466
536980405
537000579
537000975
537034583
537038154
537080873
537108258
537128522
537132106
537134973
537153511
537154134
537167547
537172018
537243980
537259280
537259820
537265382
537289337
537297380
537334253
537345005
537365151
537393115
537398552
537417670
537422927
537423990
537435164
537436216
537444044
537482763
537487705
537488000
537492217
537510522
537511160
537520739
537568624
537571326
537578868
537583837
537589650
537597963
537599307
537600676
537605109
537613945
537629580
537644340
537653347
537673339
537673391
537674197
537681575
537683162
537687175
537698431
537702049
537712092
537715044
537716680
537716951
537724369
537741175
537754820
537758264
537787096
537796115
537798543
537806793
537822212
537824772
537842504
537844194
537846438
537851776
537854599
537859887
537862595
537868300
537892769
537895634
537925949
537926770
537927308
537927699
537932026
537932823
537948836
537950682
537958091
537989322
537990265
537993106
537997549
537999644
538005254
538016630
538038834
538040412
538044610
538049000
538050585
538057126
538068931
538071200
538107768
538122879
538122955
538130084
538141786
538146512
538160116
538169710
538173315
538181260
538185344
538191538
538192956
538197767
538243300
538246564
538253457
538262316
538267679
538272028
538272137
538302283
538304654
538312424
538316516
538328544
538345654
538368492
538368627
538404642
538410437
538416044
538425366
538441756
538447668
538448910
538495475
538502145
538502595
538502816
538510540
538529122
538530421
538534055
538551183
538578931
538580010
538586374
538588318
538636836
538657643
538698132
538703565
538729069
538758589
538765721
538766221
538796665
538807352
538833988
538839260
538847972
538883228
538887113
538898544
538924287
538945652
538948201
538954465
538958522
538977292
538983093
538991607
539007093
539019816
539071299
539079449
539079887
539095988
539111250
539116220
539130723
539148972
539152855
539159652
539170847
539174335
539179876
539180106
539184636
539189728
539200900
539215758
539261962
539266176
539271564
539297367
539298835
539303611
539324440
539327663
539330274
539351762
539357053
539358581
539370037
539402810
539420366
539431244
539431993
539432255
539442187
539448647
539462454
539488660
539494109
539518759
539544455
539555491
539568877
539593871
539596324
539621868
539624486
539644474
539647488
539656897
539671205
539672436
539679862
539680423
539681695
539691998
539694800
539704216
539711660
539729403
539746753
539749831
539752487
539766506
539782465
539791923
539794296
539803782
539814964
539830746
539834971
539876300
539881330
539881478
539881527
539888744
539896627
539901115
539906612
539907281
539934492
539940853
539944155
539946067
539967136
539968016
539972783
539982610
539990919
540023110
540043625
540056129
540063076
540085748
540102925
540122312
540122709
540156313
540163377
540164038
540166505
540167476
540172382
540185753
540188862
540196709
540205485
540210597
540233573
540239106
540249519
540252712
540254629
540258033
540274174
540281245
540289422
540292627
540294885
540317115
540319294
540322208
540340409
540361083
540380817
540388942
540404069
540411989
540412281
540419995
540427582
540434799
540437079
540450516
540452683
540461736
540463673
540472916
540490432
540514564
540523763
540534820
540583552
540593984
540604073
540639704
540644510
540646353
540656486
540673979
540694865
540706201
540706826
540719155
540735840
540741861
540744351
540750899
540754597
540764897
540768231
540784219
540801978
540803747
540813787
540862794
540866314
540868762
540893441
540906750
540910770
540915377
540932796
540946876
540957757
540958011
540971547
540980919
540983430
541011330
541019913
541036727
541058095
541117531
541118680
541131089
541140688
541141948
541142796
541155821
541156419
541162092
541179079
541188828
541194370
541226310
541247208
541259951
541266277
541286203
541286555
541297092
541298565
541305830
541321123
541329126
541330268
541344199
541345575
541347989
541348204
541360136
541372271
541376969
541385591
541390890
541409882
541434296
541442332
541443901
541460869
541461940
541482995
541490906
541501041
541501071
541509599
541519790
541531126
541533288
541536821
541541241
541544768
541556531
541564470
541566303
541567767
541569942
541571107
541581107
541606774
541614280
541622043
541630061
541636643
541647233
541666866
541667564
541669351
541671587
541683080
541695585
541699445
541742693
541766159
541768449
541777491
541792790
541792873
541801537
541805103
541818935
541829663
541843566
541846716
541851571
541862014
541869820
541871874
541872225
541880627
541892385
541896853
541909010
541915140
541917935
541920892
541935451
541943106
541946562
541963946
541981895
541982589
542001218
542004334
542019503
542022201
542025256
542038532
542039737
542064803
542082682
542084468
542087981
542103919
542105659
542128487
542181166
542201509
542203772
542209240
542211909
542219869
542226288
542247117
542250033
542255030
542281431
542286496
542287853
542292456
542297257
542298740
542309970
542319348
542373875
542385473
542401500
542403037
542419493
542421233
542432418
542436619
542447142
542453942
542475978
542482226
542487690
542493754
542502302
542511329
542511673
542512156
542517405
542546456
542562581
542564213
542577216
542581848
542593635
542598626
542599616
542621940
542652631
542687590
542699675
542702242
542706166
542706694
542711931
542736460
542772103
542773510
542790276
542792813
542822324
542839884
542840833
542840882
542841313
542856344
542869669
542872240
542872621
542904245
542904596
542916326
542944159
542948723
542960016
542971882
542990363
542994583
543005715
543024037
543026582
543087814
543099168
543102881
543108876
543110525
543113283
543139711
543145166
543170103
543183317
543185989
543187739
543210894
543227840
543229979
543244044
543274474
543284298
543290880
543291311
543296968
543330775
543367154
543372993
543375071
543380257
543382534
543393292
543394048
543394747
543406034
543417050
543440920
543450593
543461031
543478437
543512281
543524896
543527878
543530731
543543718
543582064
543586811
543590212
543596437
543607932
543610365
543611740
543629503
543648015
543650952
543679108
543684649
543698025
543702917
543707246
543719037
543723672
543733835
543746033
543751719
543761400
543766166
543767511
543782223
543795696
543799308
543808180
543821883
543837288
543844363
543847511
543866466
543866816
543882137
543887570
543904047
543905209
543906212
543916364
543935084
543940492
543948509
543952598
543956252
543965539
543988074
543992377
544000558
544002040
544008476
544033784
544044173
544091329
544095319
544095864
544096995
544100738
544106402
544116260
544133587
544143819
544179190
544186485
544233753
544243915
544250158
544262664
544322686
544324627
544351323
544406465
544409353
544426033
544426246
544445426
544467027
544488254
544492122
544495620
544496790
544506514
544509543
544533926
544538755
544541732
544548316
544556325
544557131
544557639
544563632
544570722
544578214
544581774
544587555
544600476
544605472
544607182
544611976
544632339
544636340
544636444
544652587
544670281
544674138
544678426
544682046
544684572
544687144
544694992
544700877
544702402
544704608
544710193
544711637
544715511
544726694
544746762
544755225
544765289
544765926
544767796
544780661
544792418
544795000
544797591
544798279
544800536
544801053
544807316
544809029
544821769
544822351
544835317
544837858
544849685
544895785
544910547
544910841
544911844
544944795
544945114
544945538
544968227
544981213
545000029
545009794
545030213
545038296
545039432
545063304
545064024
545064867
545076787
545084259
545091260
545092711
545099186
545101757
545117166
545124301
545125254
545135085
545195822
545212425
545213127
545217345
545248582
545261069
545272147
545276483
545306526
545341262
545342446
545349896
545365846
545370261
545376148
545387571
545447908
545450444
545454339
545457151
545480647
545494367
545510608
545512811
545528744
545529669
545572749
545605389
545615597
545618870
545638701
545638897
545686008
545690995
545703971
545705147
545707632
545721847
545729238
545734002
545740693
545742152
545746854
545756364
545764936
545766877
545771176
545771480
545778906
545779289
545782110
545803215
545821408
545826085
545829541
545831312
545845835
545852859
545861426
545867876
545870511
545903467
545908477
545913159
545937446
545959616
545973522
545988276
545992419
545995654
545998691
546009539
546018156
546020710
546021583
546022248
546031203
546044682
546046977
546060294
546072546
546074659
546075398
546080043
546091458
546096491
546103128
546112481
546117920
546133657
546141250
546154523
546155306
546156307
546157097
546178340
546181081
546202962
546204334
546230380
546235998
546236249
546242248
546260570
546265446
546268090
546283618
546304886
546328405
546331346
546341079
546347944
546349044
546352403
546358203
546372859
546407170
546422895
546433228
546440706
546454710
546458362
546459350
546472010
546474618
546482954
546499048
546506128
546512543
546517234
546527821
546576425
546577622
546586513
546587789
546597819
546610912
546616301
546649921
546660587
546666664
546690560
546696696
546706562
546708067
546721918
546739495
546757852
546766537
546794644
546797567
546798676
546811843
546813783
546814995
546821289
546835408
546869024
546872133
546872388
546877084
546900983
546902441
546903081
546926822
546928935
546935862
546938907
546953310
546954712
546956386
546968782
546983009
546991100
546995035
547002007
547020508
547020543
547033715
547053157
547070380
547072247
547081221
547085480
547094030
547156551
547164496
547201449
547201625
547203833
547224290
547228474
547233033
547241976
547243710
547255284
547259015
547276932
547285083
547289403
547304378
547319266
547338336
547341065
547347432
547379277
547392848
547413112
547429820
547436034
547447561
547466499
547468726
547471829
547472852
547478405
547481510
547496896
547505561
547508800
547517764
547537966
547541034
547553529
547561838
547567267
547576499
547597891
547606039
547615857
547643079
547664511
547675858
547688884
547704679
547709794
547723897
547737152
547738364
547741518
547741679
547746694
547762327
547780459
547780942
547799489
547812014
547816816
547820074
547825009
547834409
547842124
547885132
547886511
547889612
547891452
547916599
547922777
547926825
547933863
547934218
547934312
547935169
547936234
547950821
547968864
547986884
547993784
548000152
548009876
548013431
548023304
548031702
548039444
548052199
548056124
548063228
548071227
548073021
548114165
548117369
548137832
548155011
548158994
548164783
548189308
548194800
548212580
548219521
548265754
548311648
548321477
548332019
548332179
548363780
548407506
548410657
548421418
548441416
548443591
548469946
548480322
548484045
548501246
548516504
548541329
548549486
548549821
548568750
548592939
548598872
548601902
548602038
548613515
548616893
548626526
548629369
548630557
548650899
548668011
548699876
548708413
548718154
548743555
548782096
548790675
548812948
548872720
548874717
548880709
548898706
548899877
548912848
548913701
548926449
548939889
548942772
548945117
548961443
548971604
548988044
548994429
549003183
549011445
549027560
549034085
549041063
549041270
549042650
549080976
549085059
549087978
549088447
549108445
549110789
549113911
549114617
549118108
549130004
549136548
549159553
549162886
549163387
549173687
549181988
549189003
549222954
549224693
549227780
549229253
549231047
549234370
549243799
549268527
549277268
549297770
549303735
549322816
549328977
549331886
549357269
549370277
549393562
549394979
549396237
549401408
549406642
549408683
549418370
549434474
549441902
549449038
549471607
549484836
549485973
549509896
549524243
549524940
549525609
549538751
549552293
549553116
549603789
549628800
549629943
549660558
549720093
549727355
549733293
549756610
549764167
549769146
549792808
549794954
549795443
549804680
549814845
549816166
549844377
549847060
549866226
549875465
549877791
549888828
549895707
549919504
549951424
549972207
549978181
550001625
550002854
550014896
550022388
550029871
550035448
550049225
550068707
550070380
550070593
550084581
550089925
550103754
550106829
550114426
550126145
550135913
550137394
550143712
550143849
550146130
550150186
550171924
550180792
550180838
550199485
550232807
550247582
550250854
550258177
550262502
550263937
550271938
550274031
550282537
550286209
550292971
550302127
550307679
550313165
550317945
550327496
550330328
550341429
550345680
550357541
550368139
550369557
550386653
550387884
550388309
550393319
550398054
550398761
550402321
550403186
550412473
550417182
550420292
550427404
550435025
550437523
550454907
550463695
550469286
550473803
550479584
550485091
550507443
550511730
550514178
550538269
550563133
550568107
550574572
550589259
550589560
550589645
550591839
550596262
550626798
550629305
550637542
550650678
550651848
550661505
550667559
550669531
550682377
550686364
550696795
550710102
550717202
550719000
550721352
550727217
550760715
550765213
550766563
550774626
550778952
550797563
550802463
550806746
550813129
550817772
550818540
550843945
550845442
550868984
550905073
550913999
550939343
550949687
550953339
550967969
550968671
550970507
550998567
550999299
551000391
551006940
551011537
551043788
551044343
551052293
551057029
551057786
551100151
551105569
551125457
551130775
551139997
551143784
551144369
551144634
551148449
551210260
551211890
551213983
551216064
551224456
551230177
551230839
551238532
551259351
551261926
551265075
551269170
551269286
551280463
551287717
551287927
551288903
551322910
551346226
551355929
551358436
551361353
551362673
551367514
551377229
551380561
551383909
551397392
551411500
551442457
551449389
551473868
551486274
551500763
551513166
551519742
551529447
551539465
551567184
551572197
551621431
551647432
551661779
551678255
551690287
551702044
551709650
551714236
551721050
551740323
551745672
551784774
551802320
551805697
551808953
551821416
551821943
551853118
551858638
551862620
551862772
551876594
551887873
551906653
551911775
551912259
551927212
551935688
551980988
552008811
552018007
552019113
552053956
552057358
552063024
552065397
552083677
552110745
552111250
552118907
552130870
552137620
552146159
552153430
552154478
552182108
552187169
552188718
552192450
552193797
552198862
552215890
552226936
552242890
552246459
552252937
552253225
552258885
552268586
552270029
552274872
552300361
552308571
552329834
552343674
552346732
552360617
552362809
552384948
552394104
552406837
552432058
552473263
552481293
552481805
552485212
552492639
552494274
552508836
552512296
552540334
552547090
552555956
552557953
552598653
552635263
552647595
552661065
552683933
552722438
552733891
552736991
552749757
552752637
552756929
552760351
552766323
552778912
552791516
552796131
552796313
552796429
552796608
552796847
552803069
552807909
552814889
552835173
552846396
552858314
552859173
552862022
552864750
552868244
552881281
552882121
552895116
552913504
552937870
552961223
552970163
552971991
552975918
552984616
552987264
552988061
553035581
553042045
553042366
553051557
553061042
553070884
553070984
553076286
553079982
553096642
553108691
553115440
553115812
553121549
553123636
553123760
553147742
553158529
553182814
553186994
553200455
553200848
553208306
553208529
553232066
553232641
553249191
553249694
553252494
553255180
553258649
553286720
553324991
553339744
553347805
553358745
553382064
553401017
553409081
553417870
553417978
553432508
553433460
553445536
553445993
553446556
553452962
553457357
553458024
553471637
553478557
553510320
553511052
553529874
553538702
553541244
553547043
553568416
553580862
553585503
553587805
553590340
553600797
553619061
553638197
553643061
553646580
553651927
553653396
553672503
553674832
553716135
553728230
553729420
553751930
553772101
553776757
553783028
553787377
553855707
553858542
553861440
553866761
553870197
553872285
553883174
553890887
553896713
553898027
553922453
553922723
553934343
553964074
553988471
553990084
553993678
553998549
554005782
554011303
554018625
554027312
554038139
554042513
554046012
554046989
554050275
554076195
554078845
554082468
554085249
554095601
554102260
554114897
554130361
554136946
554143973
554150854
554161632
554166213
554168687
554173859
554181027
554196316
554205504
554219738
554226789
554273309
554278293
554286052
554295717
554297185
554299634
554314059
554317318
554320528
554324743
554346025
554362565
554366196
554368383
554372559
554389973
554416289
554438223
554440207
554443983
554501154
554511198
554512995
554518010
554526819
554529541
554540414
554563271
554568597
554600873
554605832
554608177
554610078
554619209
554632272
554644761
554658918
554660077
554666417
554670919
554675042
554685894
554686788
554688223
554689804
554693376
554706700
554732098
554734421
554734554
554739579
554739905
554744398
554745843
554751148
554751639
554812741
554854012
554879517
554893982
554896486
554911366
554929403
554951726
554959421
554981053
554986705
554991049
554995387
555011266
555034240
555050579
555060361
555087946
555099799
555110794
555114218
555136694
555143020
555163587
555170485
555180104
555180375
555193983
555199137
555202306
555211924
555215082
555218184
555239337
555260933
555267902
555267993
555273274
555275065
555289873
555306179
555309860
555314828
555316841
555323362
555329435
555330180
555335161
555336987
555338035
555344917
555346050
555347888
555361526
555371574
555371995
555373413
555376090
555377859
555396487
555422254
555442271
555447627
555448411
555449746
555449794
555479331
555484864
555489705
555512574
555541667
555554864
555565205
555569081
555577365
555580132
555613733
555613749
555626580
555637094
555668431
555673740
555681665
555690461
555692175
555692242
555696832
555706750
555717062
555723079
555726592
555746678
555753943
555758714
555759556
555780165
555802890
555805153
555807822
555822611
555825632
555826342
555833205
555845313
555860767
555863442
555871429
555882556
555891937
555897130
555964956
555986058
555998251
556026983
556030357
556039121
556044661
556079192
556080323
556080863
556085451
556086110
556087532
556093185
556094623
556096854
556112994
556120381
556143849
556144232
556150725
556158769
556161887
556166925
556211392
556216958
556225258
556226394
556232528
556233788
556244173
556247166
556247834
556249015
556260443
556274229
556288526
556290491
556303679
556305751
556314487
556334726
556339479
556355354
556360843
556371633
556386395
556411626
556415312
556417313
556424859
556439373
556455406
556469498
556479918
556494267
556498884
556500868
556501631
556501933
556553414
556570710
556612580
556615600
556618748
556644897
556648737
556691717
556705024
556709952
556723276
556725943
556749436
556763475
556764967
556768374
556777505
556778894
556779194
556790042
556794302
556802256
556812912
556818483
556818689
556819748
556823132
556850706
556851476
556858130
556864317
556870318
556876987
556880728
556897828
556907161
556909416
556923292
556959745
556971982
556980089
556980533
557006082
557021381
557029539
557037063
557055682
557075583
557076965
557077059
557096674
557118046
557138605
557144104
557156555
557193074
557209660
557222636
557224273
557230932
557236078
557239666
557245201
557245674
557258325
557259364
557298553
557325232
557329809
557344725
557378795
557382547
557388103
557389212
557394831
557396955
557407846
557415315
557417695
557430215
557433690
557439945
557462723
557470903
557475204
557476501
557488462
557531398
557536351
557542794
557553616
557579619
557602529
557611130
557618305
557621711
557623527
557632039
557655175
557674938
557695041
557706034
557759410
557760969
557770675
557782036
557786985
557789942
557797296
557799529
557806208
557806321
557821400
557832548
557833907
557856759
557864201
557878460
557898079
557927269
557934661
557934721
557946042
557949778
557959172
557972425
557975391
557978008
557995535
557998635
558016530
558034324
558042831
558046255
558046405
558050107
558052609
558054431
558064819
558078823
558079392
558079403
558083516
558083752
558090577
558110587
558118802
558142862
558160527
558162455
558169507
558194237
558206031
558222972
558238106
558246835
558249879
558254204
558266508
558277015
558278473
558284297
558289872
558308163
558311404
558343746
558344986
558345111
558369094
558376817
558381174
558382795
558386130
558389260
558405555
558419499
558424317
558432268
558448029
558464995
558466180
558475338
558478157
558503817
558513012
558514737
558519464
558520814
558546076
558561642
558573298
558577062
558583379
558593714
558595958
558599717
558606493
558608785
558617556
558639721
558655787
558660633
558668573
558668814
558674446
558699099
558703053
558703856
558712034
558713451
558726357
558760477
558770230
558776565
558782190
558820469
558821751
558822617
558826491
558826969
558827401
558832403
558858098
558858492
558869166
558882688
558906305
558937504
558943209
558983574
559023409
559026672
559029782
559035508
559042955
559048123
559049386
559049609
559079296
559083496
559097495
559112958
559114574
559140138
559150127
559153551
559164128
559167522
559180319
559182013
559192427
559195530
559198041
559200664
559230772
559235352
559238181
559262055
559264713
559266655
559267110
559270732
559317292
559321603
559335019
559339509
559360110
559373820
559378570
559385700
559411602
559423215
559428090
559448643
559452022
559473167
559475148
559477404
559479049
559491552
559500129
559504722
559543497
559547657
559551006
559557951
559560420
559568813
559579721
559583461
559584900
559601608
559625684
559626322
559638607
559642462
559660224
559662844
559665747
559685835
559689814
559719167
559724360
559724987
559730161
559731766
559738518
559742950
559753669
559753798
559756814
559759771
559782711
559801726
559818565
559824670
559852165
559854332
559859446
559894469
559901153
559930146
559932720
559937045
559945116
559979442
559980476
559993464
559998609
559999896
560005939
560033518
560052846
560056832
560060943
560063525
560070461
560073684
560096562
560117603
560118009
560128126
560134494
560158380
560159714
560162362
560174520
560177584
560201798
560216162
560228969
560239871
560251212
560257320
560265209
560270384
560274069
560301342
560302597
560326054
560335325
560340874
560343662
560343899
560355496
560356446
560363005
560366864
560370161
560406260
560413847
560443807
560446053
560448683
560455614
560456482
560461198
560466116
560487909
560503487
560536834
560551692
560573321
560576216
560578035
560598392
560599281
560604267
560605474
560644057
560650344
560672351
560688744
560701251
560712356
560720247
560734874
560742578
560742994
560747429
560758617
560765223
560778911
560780316
560810523
560827566
560842939
560848901
560866133
560879554
560913228
560914906
560915631
560928016
560957228
560974396
561064589
561095500
561112145
561123676
561181647
561182004
561191111
561214325
561262075
561263208
561279585
561286055
561301617
561303787
561317387
561320356
561333484
561350709
561383188
561393415
561397700
561403681
561417452
561418134
561427424
561431802
561439111
561441098
561450934
561455561
561473243
561485943
561492001
561508792
561530606
561552076
561563546
561563564
561571862
561574261
561581920
561591729
561606762
561609379
561611181
561632449
561646558
561647388
561666926
561667037
561674661
561685576
561685595
561697570
561713752
561727824
561729468
561749110
561763838
561780643
561784858
561826136
561827655
561834428
561848025
561850938
561869902
561874284
561894217
561907055
561915432
561927681
561934320
561935948
561936850
561959252
561968276
561971616
561988202
561993531
562042116
562047517
562052997
562064961
562073521
562073852
562074489
562083155
562084780
562094767
562111687
562129879
562130637
562148094
562152923
562169470
562172936
562179240
562234302
562237589
562244352
562253121
562254169
562260824
562263136
562303076
562306212
562309364
562315230
562318546
562319606
562333020
562333498
562336718
562337505
562349978
562410079
562419192
562448641
562466201
562474223
562491477
562516991
562529254
562548346
562552502
562558708
562559427
562562551
562573318
562579320
562586006
562586545
562601152
562609688
562609717
562618463
562618614
562621470
562637932
562645825
562646624
562675187
562677150
562680816
562681691
562684017
562691322
562705438
562721747
562730872
562736831
562737090
562742759
562762107
562779644
562787945
562793731
562813414
562814594
562827279
562828166
562875887
562894003
562894384
562902601
562905542
562909212
562921919
562946787
562962707
562973415
562984541
562986523
563003534
563018830
563021602
563024319
563038125
563050666
563051994
563065177
563066259
563073807
563104712
563111285
563141484
563145343
563150950
563167602
563188022
563195771
563196555
563209932
563216164
563233126
563252953
563267902
563268560
563292401
563324089
563328305
563349175
563353247
563358720
563394307
563413270
563461252
563465949
563479659
563481570
563483848
563491041
563495426
563507449
563510548
563527676
563552541
563569291
563573415
563575629
563588951
563599714
563607885
563621816
563631061
563640061
563649454
563660908
563712704
563717329
563718544
563722875
563736022
563751172
563765932
563768279
563770778
563774354
563797804
563798774
563803533
563808311
563813871
563822289
563850187
563852597
563854047
563897138
563899718
563901937
563908664
563914654
563914875
563956266
563983729
563983996
564000383
564017675
564025253
564028932
564058564
564065719
564066448
564072699
564076435
564111675
564112947
564113719
564116705
564118983
564122852
564125024
564128068
564151320
564176876
564178722
564187735
564189266
564210985
564212531
564212991
564225209
564230425
564248265
564274645
564302021
564306783
564306888
564312358
564321466
564334749
564351710
564352253
564377989
564381969
564384738
564426432
564432181
564437165
564443251
564464417
564469959
564473919
564481338
564486494
564491488
564495657
564499652
564502367
564505091
564521577
564525026
564531967
564534853
564582410
564590609
564609350
564622795
564634188
564649993
564656797
564664571
564677321
564678763
564681140
564692516
564711811
564737159
564794984
564828503
564835052
564835492
564835901
564838758
564840548
564844272
564845600
564847033
564850109
564860993
564922635
564936896
564946307
564948938
564965501
564987723
564993453
565003010
565007457
565025184
565039771
565055468
565067153
565081738
565109311
565117134
565129483
565129999
565130394
565153159
565168085
565196992
565210710
565214408
565225318
565235098
565270436
565290617
565298775
565311095
565319457
565323392
565326645
565336930
565338639
565348219
565378012
565378614
565409438
565413240
565416371
565418102
565418610
565422247
565428678
565433700
565434296
565440865
565453469
565457243
565470479
565471557
565491462
565496675
565497892
565502197
565539373
565559693
565575738
565576078
565579978
565584046
565603595
565621829
565624473
565652726
565668116
565668414
565685461
565695034
565696445
565699748
565702524
565721470
565724138
565747942
565764361
565773512
565777085
565777474
565781689
565794844
565803434
565818170
565859734
565865271
565865466
565869847
565880713
565882523
565889454
565927065
565937105
565940308
565944632
565946710
565961426
565977225
565984494
565990743
565994316
566008917
566051293
566058484
566099672
566102404
566144117
566193722
566195597
566196656
566201348
566225215
566225872
566235634
566238438
566243672
566256785
566259961
566261304
566284617
566304879
566306464
566312297
566314989
566325495
566328409
566329176
566331136
566332449
566333094
566333425
566333791
566336877
566338199
566358047
566358428
566372327
566386147
566395961
566411614
566413218
566418587
566425155
566428817
566429479
566441310
566456373
566474134
566479871
566489610
566490284
566510418
566525274
566533626
566585029
566602318
566610424
566614292
566621355
566635431
566636522
566643817
566655834
566660756
566688939
566704515
566707679
566736562
566747778
566750747
566755794
566761695
566771430
566787698
566788611
566808413
566808833
566809029
566835634
566840101
566848144
566849227
566853059
566860583
566871147
566898314
566917634
566921894
566922639
566934871
566945519
566972737
566976866
566979500
566983895
566999947
567007364
567012585
567013061
567032047
567037689
567039507
567041627
567045724
567053958
567067257
567072166
567087156
567096588
567105454
567126289
567132962
567134407
567141844
567161452
567178036
567200225
567204269
567213876
567222225
567228039
567228062
567232164
567234813
567262489
567279291
567294837
567302034
567306398
567314994
567318839
567334411
567350764
567363283
567388294
567389916
567402985
567422543
567426944
567437704
567437814
567442288
567447641
567448689
567454738
567462988
567487676
567513417
567522726
567524211
567531371
567562783
567572873
567579495
567588335
567592569
567592864
567618069
567630595
567631464
567631874
567642670
567654521
567680842
567682552
567687318
567689818
567696890
567716478
567717956
567718228
567734947
567747931
567748818
567758616
567768841
567769447
567773271
567773407
567775965
567822017
567824914
567826215
567835912
567836559
567849520
567858842
567879493
567881064
567894576
567954662
567959756
567975132
567982905
567984521
567990381
568015785
568021410
568024573
568033920
568035683
568035830
568038175
568040945
568042120
568044448
568050346
568083449
568091350
568106581
568136348
568155955
568164321
568174565
568248770
568265999
568270182
568286673
568286863
568288336
568297202
568297399
568321359
568326994
568329773
568361600
568363005
568368322
568379475
568384455
568386227
568393147
568400740
568408271
568411573
568411866
568420258
568428139
568438532
568442408
568451369
568474591
568483635
568504156
568547048
568552186
568557956
568558874
568560885
568563184
568568159
568576394
568588383
568589723
568615061
568623928
568629487
568638136
568654578
568655858
568670915
568676538
568701457
568710233
568710808
568711192
568730432
568743158
568759507
568765307
568777987
568785523
568797579
568813192
568822764
568823901
568824755
568841166
568873497
568892666
568897419
568919787
568926436
568934964
568942894
568944529
568947334
568953416
568956896
568960528
568966693
568986819
569012216
569017933
569026100
569026692
569031404
569077197
569085655
569098354
569114947
569121068
569127378
569131376
569131887
569133930
569164238
569194164
569204471
569205233
569212606
569228523
569239011
569240835
569253145
569269697
569277667
569279819
569290987
569292820
569295439
569328549
569336787
569341375
569342146
569348946
569353617
569362227
569369866
569381381
569399494
569401594
569419267
569445813
569451418
569457594
569463234
569465718
569467220
569478169
569496776
569497986
569498912
569520246
569529229
569536235
569539178
569565768
569571085
569573421
569580595
569593899
569608973
569643815
569643922
569654945
569656952
569661476
569675630
569675853
569678698
569680461
569685057
569701086
569707585
569713225
569742565
569742650
569758399
569788483
569791247
569804036
569804484
569820295
569827724
569837901
569838910
569856844
569858170
569863388
569866519
569872501
569874213
569874718
569876972
569878288
569883574
569885232
569886795
569895772
569903527
569918299
569935947
569940849
569946195
569966589
569991860
570025644
570045640
570058706
570068190
570070435
570077415
570082037
570102045
570114624
570116083
570131402
570156962
570168513
570169012
570169547
570172028
570191072
570191322
570191510
570207732
570209024
570210932
570228141
570242902
570243540
570247772
570253762
570271301
570272167
570287784
570293284
570319207
570322107
570328916
570330575
570346362
570360458
570361515
570363950
570383703
570385105
570385257
570394312
570397228
570407004
570413273
570418595
570428275
570428303
570432099
570433904
570434618
570440884
570441222
570450055
570460908
570475861
570484106
570488527
570502550
570506286
570525449
570532500
570541941
570546054
570561827
570574683
570600063
570603674
570604193
570606105
570617251
570639427
570645451
570650884
570686449
570710153
570718659
570729472
570760207
570769788
570770175
570781501
570792922
570796484
570809716
570810683
570822760
570838159
570849339
570854134
570858874
570888859
570890533
570900113
570903053
570913611
570925579
570929595
570954922
570956250
570966234
570971512
570975529
570994890
571003888
571004617
571008000
571017355
571021072
571029302
571053115
571054312
571063150
571065837
571085029
571085209
571086183
571094444
571103073
571133023
571140059
571196211
571197194
571246901
571297001
571310073
571340345
571340631
571341342
571354176
571368964
571376669
571377931
571378078
571378581
571403663
571415897
571429804
571432829
571441128
571441165
571461415
571489069
571499837
571507252
571510367
571511787
571524895
571534977
571546226
571554310
571555118
571573902
571581907
571596252
571631896
571638048
571641718
571661563
571661819
571664808
571693234
571697360
571700097
571706006
571708112
571716583
571730749
571733082
571756216
571787692
571788181
571804561
571806020
571809142
571812385
571815705
571820951
571828604
571859895
571861635
571867690
571868671
571869658
571874102
571876619
571885827
571892255
571897078
571905050
571922346
571922917
571939540
571950500
571956658
571969673
571995372
572024899
572026779
572032319
572040565
572044214
572055881
572059322
572067289
572088430
572089573
572090546
572112350
572114143
572133346
572145006
572150038
572153926
572165196
572167149
572203161
572220507
572224110
572235140
572247775
572254875
572254961
572276530
572278557
572281093
572289678
572312226
572314958
572325827
572329724
572330795
572337436
572337672
572339937
572341593
572344429
572345615
572358984
572363125
572365450
572382251
572395770
572397914
572398538
572407106
572426005
572429105
572441450
572454973
572487953
572490742
572496747
572505842
572524668
572541200
572549129
572555222
572556872
572567781
572571071
572583357
572584822
572596947
572604046
572623827
572628927
572636668
572653137
572653545
572658093
572659870
572674856
572681989
572693861
572718965
572720659
572729028
572730064
572739783
572749052
572773105
572779468
572784120
572788484
572792724
572799973
572801073
572803655
572810299
572837383
572851133
572878752
572881812
572899697
572929053
572944099
572953478
572975684
572981462
572984283
572987099
572991931
572994348
573003396
573003499
573027652
573029906
573039299
573041097
573050665
573051989
573055506
573072188
573074958
573077609
573086746
573096688
573124045
573142632
573146186
573147156
573152309
573161704
573178433
573188736
573196253
573199863
573207778
573222840
573226665
573263952
573269639
573285038
573297032
573303873
573319654
573323769
573334386
573336792
573352576
573366891
573391219
573400731
573411708
573418255
573429332
573449501
573456640
573458640
573459331
573465540
573487868
573488369
573502610
573506469
573509917
573513265
573532241
573549975
573562253
573577123
573587428
573613293
573615792
573618040
573622540
573623102
573623593
573629950
573641374
573663253
573666604
573694806
573701412
573703567
573711774
573717993
573722190
573732244
573740739
573742257
573758037
573780254
573794377
573874691
573879720
573879870
573888893
573891012
573898542
573935665
573940087
573958324
573975257
573975338
573989290
574024895
574029459
574031342
574044321
574046960
574083048
574088282
574154234
574164618
574171206
574180197
574186659
574192531
574229047
574235796
574238010
574268606
574269956
574282753
574290137
574290398
574300459
574310326
574326883
574340673
574348375
574358334
574358637
574378306
574398629
574398790
574427142
574428139
574435314
574436838
574447250
574448649
574456099
574462838
574479310
574486189
574495098
574532980
574568536
574570691
574582200
574589356
574590597
574595740
574602848
574605092
574619988
574635758
574651554
574666726
574685341
574693108
574703024
574717466
574719466
574722389
574724760
574725601
574741506
574752188
574754308
574760885
574765953
574774531
574814401
574837017
574845970
574849784
574857471
574857552
574859101
574864601
574868191
574882339
574903537
574908972
574910914
574914821
574917628
574921718
574922329
574926245
574950999
574951838
574962267
574979131
574982782
574986297
574992284
575001449
575006341
575009345
575021873
575025918
575044413
575074398
575085085
575085591
575108831
575110688
575112344
575115436
575118163
575120947
575123175
575139484
575174977
575177506
575187036
575189560
575204459
575205339
575207138
575214250
575237262
575276676
575281632
575286376
575292818
575298976
575319955
575356557
575358221
575383064
575401924
575406414
575409426
575409469
575411645
575424712
575436141
575443978
575452192
575453676
575453723
575453885
575467375
575472030
575493294
575511407
575522303
575570034
575574970
575598420
575608596
575616547
575628666
575645181
575715424
575752743
575759565
575782263
575787516
575804043
575839067
575839126
575860559
575876039
575889134
575908892
575922209
575932924
575944729
575963320
575986702
575997272
576030203
576036946
576067482
576073084
576090277
576097593
576110066
576112858
576121286
576132158
576145416
576151277
576167313
576173026
576196429
576211173
576215027
576217694
576229726
576236825
576242797
576251500
576275082
576283838
576284597
576305080
576306894
576359047
576375441
576379446
576389209
576415695
576423897
576432288
576432512
576434937
576440444
576455983
576460425
576479264
576481589
576488325
576491078
576495778
576501024
576522999
576533043
576555259
576557980
576570845
576578989
576586818
576610958
576611366
576625861
576646271
576669617
576675514
576678249
576681568
576682320
576692046
576708615
576729672
576739173
576751008
576754014
576771199
576786531
576788308
576792598
576801947
576810084
576810523
576822655
576826209
576834175
576843249
576848934
576875462
576889236
576930396
576932966
576938061
576947737
576957795
576961518
576971415
576986439
576990026
577011412
577012646
577014656
577029061
577068323
577072683
577074510
577110351
577111545
577121104
577136990
577139486
577140591
577144647
577165470
577175474
577180346
577185291
577195546
577217123
577244023
577247918
577250775
577274287
577275393
577278094
577294017
577305900
577315407
577324472
577347070
577388935
577401403
577421763
577430761
577433153
577445274
577454576
577464001
577464895
577475437
577479290
577480231
577486817
577486931
577536586
577551900
577555344
577555976
577571400
577593416
577607939
577611969
577616396
577633314
577637714
577637957
577643025
577644291
577657487
577665283
577674247
577705197
577727463
577731158
577732098
577735793
577740382
577756177
577771081
577781373
577783833
577792256
577813031
577813921
577827769
577857270
577869951
577871328
577882900
577890747
577896390
577902244
577911088
577922721
577926082
577937417
577950733
577950828
577959437
577976354
577992002
577999061
578003230
578010564
578016905
578022180
578026387
578031006
578066342
578081683
578083097
578086299
578097319
578101447
578128441
578133359
578139650
578150676
578151506
578194347
578195144
578216883
578227221
578230096
578247350
578259084
578273781
578289607
578290325
578296979
578323372
578324415
578359481
578363318
578376743
578391647
578392329
578394476
578415434
578420253
578447721
578459282
578460753
578466630
578478996
578490392
578495744
578508913
578519083
578522895
578525057
578533682
578534725
578537201
578554787
578555355
578556889
578567544
578567955
578592276
578595162
578607232
578618236
578634157
578635493
578648940
578651015
578656193
578661316
578676781
578683846
578684613
578684845
578693307
578699417
578742798
578743071
578748247
578762996
578767231
578785143
578790263
578794042
578803554
578806290
578829611
578831912
578836540
578856717
578860484
578864357
578868980
578876727
578889586
578892721
578897310
578900474
578911025
578911419
578924841
578927891
578962942
578980400
578984100
579008321
579014628
579027641
579075208
579076416
579077435
579103209
579140969
579151222
579153697
579157677
579177212
579211659
579214885
579215150
579215278
579247979
579255595
579261219
579271895
579293827
579297525
579308420
579309994
579321801
579329369
579334491
579366024
579367085
579374898
579391173
579398716
579398944
579417810
579425500
579427928
579436407
579441573
579457223
579465610
579481528
579483695
579495481
579508586
579512255
579532905
579547402
579550585
579554321
579559377
579563160
579565529
579604884
579622184
579633086
579634081
579637264
579650088
579676413
579690739
579703067
579704127
579717460
579726082
579727511
579734762
579738320
579746940
579755938
579760916
579768973
579775301
579789659
579796674
579804029
579823291
579829290
579841553
579850438
579856237
579882645
579915547
579921258
579922021
579922366
579931716
579934783
579977514
579986899
579996285
580002295
580003642
580005541
580012463
580013935
580014172
580021008
580021776
580028732
580057697
580057729
580065814
580077124
580099141
580103879
580109609
580110347
580133244
580147646
580169392
580195548
580205817
580214492
580232597
580237850
580245746
580263867
580279106
580289166
580289931
580296802
580326229
580357105
580365971
580375148
580403445
580428791
580436202
580438108
580452397
580470940
580480262
580485406
580495958
580499575
580507024
580543620
580562242
580565582
580578528
580581279
580614282
580614911
580625261
580645293
580645938
580660677
580678843
580683994
580690510
580693176
580695423
580714928
580729248
580731062
580740706
580760493
580794101
580809498
580841752
580842858
580862350
580868694
580917638
580922650
580941838
580946430
580965751
580968738
580970921
580987411
580990260
581026087
581060880
581065195
581071467
581072743
581093787
581106140
581120129
581131096
581132028
581161105
581161560
581163087
581169372
581170149
581171441
581177126
581186263
581219049
581221469
581223613
581236055
581255384
581259890
581265543
581280480
581287534
581313220
581342596
581359683
581381330
581383144
581402387
581409863
581437520
581450454
581460304
581465584
581475412
581487070
581494087
581494802
581504888
581523535
581525039
581526832
581531517
581539358
581569921
581576704
581586177
581617495
581624344
581661743
581666694
581670917
581702431
581703909
581708638
581730535
581732426
581736389
581739951
581758791
581780245
581780253
581782635
581799852
581803596
581818546
581833354
581845683
581861676
581885746
581887766
581893050
581911797
581920478
581939064
581946388
581958551
581960189
581986274
581990311
581993857
581999914
582004411
582005891
582015292
582015611
582032272
582048975
582049607
582058245
582069207
582093422
582098873
582111983
582117478
582120488
582126775
582145968
582156680
582166506
582172861
582180983
582181766
582195785
582198220
582221486
582224773
582239044
582263775
582285991
582286857
582291615
582296556
582320537
582326226
582334714
582336524
582368413
582375733
582382128
582382330
582387184
582403801
582422734
582439123
582462004
582470923
582472974
582473202
582477916
582481367
582483434
582492667
582503413
582520044
582544374
582546579
582551402
582555612
582579101
582587797
582588182
582588645
582621379
582645241
582651939
582654520
582665245
582674503
582693961
582699014
582714436
582722564
582727569
582733245
582733715
582750656
582755752
582765730
582776195
582786414
582787203
582810980
582824357
582835305
582835987
582838691
582839963
582859255
582865435
582872009
582889149
582902262
582916328
582930071
582934481
582937265
582947658
582959102
582974428
582974671
582991881
583013905
583014130
583024245
583027209
583033591
583036177
583036679
583064978
583090930
583093896
583110621
583111233
583116642
583118071
583128447
583160359
583165017
583173157
583189166
583196019
583196275
583223447
583233119
583256485
583262291
583302925
583310866
583334085
583346828
583348763
583358553
583401606
583402219
583402749
583405257
583408811
583411707
583427097
583492334
583493630
583499983
583520739
583528081
583528194
583538758
583545983
583558691
583561330
583562896
583592290
583594052
583600385
583601666
583616998
583618287
583629366
583657227
583660072
583661064
583662154
583662525
583664025
583671212
583678221
583681472
583707809
583709979
583716958
583758113
583765890
583794758
583797071
583803601
583864434
583867807
583874839
583884622
583984227
583986206
584004406
584020094
584023102
584055677
584066758
584089508
584090222
584097000
584118779
584145785
584155432
584155914
584183353
584187359
584201023
584213820
584214163
584220846
584236947
584238612
584240879
584241814
584243035
584253435
584261673
584262077
584273676
584295418
584298011
584306859
584317680
584320781
584325359
584375951
584384702
584440219
584447241
584477827
584479465
584481649
584491079
584532866
584553453
584561714
584595376
584631125
584631548
584635018
584649044
584692498
584709561
584725063
584728344
584733090
584737572
584752429
584757564
584770577
584782222
584787424
584792237
584812422
584824799
584841340
584842654
584845110
584865079
584866406
584871252
584876953
584910670
584935273
584940865
584948881
584955002
584970505
584979619
584985617
584994542
584999913
585015206
585017936
585023683
585037786
585047623
585052052
585068755
585077782
585090939
585097097
585104025
585135772
585139224
585152686
585162718
585164485
585172396
585172494
585189656
585199450
585219668
585226202
585264812
585269509
585269909
585279092
585293083
585297536
585313218
585319329
585360160
585360615
585364265
585365130
585395206
585401043
585411825
585413880
585443888
585463260
585478613
585485220
585489068
585489346
585495451
585496055
585498406
585498902
585506233
585516634
585529114
585535883
585543876
585560607
585562927
585577983
585583590
585585665
585585931
585593704
585615999
585628531
585656084
585688709
585689938
585695693
585702241
585702490
585710599
585713153
585716464
585716629
585718812
585736309
585743393
585746252
585749401
585752303
585769632
585775531
585783622
585793544
585832501
585846595
585847283
585856118
585886660
585900252
585905845
585918798
585924482
585929023
585944981
586021553
586036519
586039255
586042867
586045761
586056995
586062567
586081697
586088076
586089790
586091984
586154603
586164826
586176108
586178621
586194676
586216844
586224899
586225333
586232138
586242108
586249601
586258123
586295800
586322391
586354823
586369667
586379215
586420865
586433370
586435549
586438467
586455103
586477282
586505655
586511642
586512179
586539668
586548058
586550574
586551971
586552313
586557674
586570335
586572376
586583796
586584266
586585673
586598310
586599916
586640396
586641923
586661145
586661146
586664178
586666826
586667185
586706584
586706627
586709027
586711835
586718385
586727845
586733697
586745488
586761449
586795447
586817061
586844899
586911523
586916598
586930121
586930960
586936121
586960084
587001756
587003314
587008981
587012646
587019044
587021465
587041824
587065617
587094959
587102277
587112345
587125793
587128691
587128829
587163477
587169942
587185602
587188184
587240798
587242883
587243805
587246615
587264204
587274659
587297477
587301380
587301908
587317008
587329406
587333078
587334326
587337036
587343952
587347977
587349766
587382736
587385757
587390964
587413967
587443334
587466972
587477203
587493199
587495685
587496165
587496732
587497034
587501149
587506116
587526152
587553770
587563596
587571010
587587091
587589740
587604559
587605887
587609196
587609983
587619701
587623857
587639987
587656299
587660826
587689395
587691293
587701613
587717189
587725849
587730282
587760304
587776259
587806894
587812703
587815154
587821995
587833047
587833310
587833855
587856030
587869002
587880181
587900006
587903836
587908405
587934970
587944612
587952702
587963121
587972312
587997975
588006575
588009854
588028205
588028675
588031874
588055910
588061877
588063517
588074079
588075073
588080942
588093376
588098938
588105360
588107707
588116185
588128704
588145428
588154083
588165837
588188253
588188696
588193656
588201362
588215107
588219367
588226500
588238585
588256207
588257592
588258722
588264286
588289833
588297526
588315150
588316546
588324257
588335501
588351789
588359694
588376940
588382262
588393795
588398053
588401240
588402134
588404595
588437838
588447026
588448047
588450778
588458455
588468684
588482610
588487025
588505007
588536731
588565167
588570777
588588837
588589055
588592210
588601041
588605488
588606004
588606362
588611795
588617639
588623877
588634239
588685265
588698907
588699637
588710355
588715694
588729198
588743782
588756628
588776179
588776799
588778878
588804250
588815822
588827363
588831046
588840195
588859662
588876669
588885941
588902109
588907197
588907396
588939032
588942849
588948753
588955539
588958334
588969362
588981567
588996169
589008820
589012896
589030069
589060485
589061566
589105811
589105983
589120098
589132896
589134404
589146985
589147672
589159678
589181313
589195943
589201704
589216953
589217837
589228421
589242206
589289193
589291647
589305968
589316485
589331473
589334431
589353162
589360498
589360973
589361358
589368955
589384942
589389205
589404989
589410156
589417096
589431356
589445322
589445777
589454529
589482965
589496412
589505146
589520178
589526132
589534506
589538662
589546168
589549706
589573403
589594092
589597089
589598368
589607476
589640044
589698727
589703745
589714084
589715112
589716211
589721286
589740941
589754220
589754976
589768239
589780295
589782644
589787719
589803243
589814120
589815955
589820589
589841666
589843912
589858783
589862390
589892752
589894554
589895583
589908828
589914501
589946028
589946281
589979430
590009096
590026268
590026786
590052357
590052735
590079154
590083396
590115039
590120202
590121041
590159428
590160501
590179718
590185696
590192321
590201256
590201365
590206750
590228021
590249368
590249892
590264130
590287777
590295429
590317285
590319656
590384085
590391251
590392044
590410038
590440422
590441134
590454065
590455156
590462515
590481277
590482260
590533732
590543151
590554507
590583665
590586306
590594618
590595280
590596189
590600312
590602402
590617210
590618547
590648647
590677108
590678577
590679642
590694633
590702192
590718152
590719424
590744426
590749626
590753886
590769949
590782078
590783971
590799031
590811363
590813012
590816454
590861691
590874028
590890978
590894406
590894875
590899436
590901312
590914486
590915253
590917258
590951432
590953298
590960318
590962757
590966036
590969076
591008983
591020412
591022355
591022894
591024305
591037893
591041304
591042291
591044617
591051173
591068638
591070014
591072273
591076358
591093901
591094179
591100372
591125023
591149259
591149766
591163056
591184566
591190012
591192940
591198493
591205953
591222609
591223699
591223972
591228607
591235187
591247525
591269577
591302455
591306992
591307836
591319171
591327073
591330254
591333950
591345348
591351635
591352600
591356373
591362157
591382766
591385848
591386732
591390041
591399043
591404033
591417751
591431073
591439362
591470072
591474312
591475984
591476464
591478931
591482294
591487990
591553675
591561534
591572355
591574708
591583750
591603538
591617782
591622653
591631282
591650883
591713851
591726502
591728664
591749328
591761704
591778764
591792147
591792317
591796673
591797818
591818295
591823024
591826132
591829959
591835669
591841470
591864332
591868852
591877120
591879716
591894810
591903278
591912821
591914193
591924254
591962965
591963270
591969034
591971421
591977574
591990370
591995453
591999268
592040581
592044033
592049443
592053756
592077400
592107937
592112933
592119459
592121430
592130310
592134590
592138101
592139706
592158442
592180599
592181108
592185886
592188807
592193222
592198621
592203964
592205171
592206088
592216494
592231860
592234042
592258605
592272062
592278882
592279393
592305595
592311794
592319731
592340415
592363966
592365508
592370746
592374387
592375739
592394799
592403561
592404176
592409305
592412032
592415484
592424245
592438314
592459702
592479226
592479989
592480609
592504407
592517962
592523089
592540183
592556774
592559595
592561347
592564649
592575474
592579091
592581268
592590916
592594400
592594694
592624540
592649014
592711452
592712339
592715320
592732011
592744907
592773663
592777523
592793663
592810517
592829053
592870797
592882254
592884109
592900133
592910296
592915996
592929934
592959896
592962672
592970223
592974940
592986467
592990619
592999289
593003358
593008785
593015818
593023397
593024061
593040360
593045718
593053854
593057715
593064102
593071310
593072123
593083305
593085253
593093067
593097183
593100974
593109505
593114824
593120397
593138140
593170267
593170899
593177319
593186768
593188196
593191348
593214766
593216350
593240830
593276540
593282571
593283833
593288372
593298323
593304632
593308779
593320731
593368748
593373777
593382271
593396272
593402789
593419400
593484744
593486100
593504726
593517207
593520799
593521751
593522638
593529362
593538595
593547146
593554437
593559155
593561850
593562035
593569122
593569318
593584566
593595716
593603253
593622126
593631637
593635649
593642091
593643487
593648151
593699728
593719340
593719861
593720470
593723076
593728891
593736924
593740778
593745645
593745903
593746060
593751614
593772954
593787424
593846140
593861285
593881931
593883973
593951075
593953089
593976746
593984573
593985343
593987171
593998351
594000674
594019828
594052248
594060733
594061341
594088735
594107942
594121837
594132029
594150465
594181147
594187565
594190219
594193251
594194897
594195770
594204445
594205109
594206798
594215665
594226484
594235306
594235482
594242714
594247114
594254099
594255073
594258600
594275368
594279035
594287222
594291588
594305171
594311799
594315591
594320923
594326133
594335149
594335737
594343211
594349506
594355092
594373240
594385563
594399164
594401936
594454470
594461170
594497207
594501110
594501385
594501970
594515517
594516631
594517891
594518744
594529576
594539044
594541284
594548203
594556967
594557037
594585308
594597066
594607192
594615298
594626384
594627249
594653173
594680052
594691307
594713376
594723298
594725845
594734992
594738205
594743406
594746576
594773423
594775157
594779485
594795739
594823359
594833365
594835953
594847910
594858155
594862079
594882440
594895094
594896806
594910706
594921439
594926573
594972052
594989675
594998831
595021420
595044262
595046427
595056967
595060928
595073682
595087057
595093909
595114591
595130037
595134987
595136346
595147503
595159685
595166607
595178041
595187486
595197644
595197807
595203049
595224863
595225407
595227038
595239534
595257714
595266889
595279091
595279311
595281536
595299561
595300285
595325007
595338320
595352223
595352926
595356489
595365055
595369954
595384731
595408463
595442632
595449306
595467824
595470082
595483171
595485065
595485363
595486961
595494679
595508523
595516875
595521191
595526148
595544645
595555833
595561610
595567280
595589680
595595108
595598293
595605410
595626113
595629402
595642113
595647312
595653576
595676637
595676731
595687697
595690533
595709555
595713074
595713558
595719148
595730845
595741663
595751243
595753592
595759708
595781575
595786588
595791354
595824631
595826727
595827729
595831253
595833959
595834909
595842512
595844052
595856706
595857867
595861597
595877018
595890223
595890358
595890557
595892736
595897532
595897809
595897929
595899908
595907726
595913042
595940358
595954211
595959152
595968280
595968367
595976095
595978988
595979513
596022202
596043031
596057751
596059575
596063221
596068884
596077443
596099640
596103868
596104704
596119353
596125907
596130885
596147253
596147967
596155963
596156410
596165969
596166771
596187643
596187709
596193441
596196692
596210974
596232530
596233375
596240898
596249405
596261929
596271016
596282465
596295394
596311931
596326664
596333334
596338310
596348228
596357622
596396986
596398512
596416298
596423151
596424013
596426419
596442374
596442413
596453706
596457779
596487585
596488202
596506546
596510890
596512191
596519806
596520446
596524136
596528653
596529334
596538071
596561467
596587915
596590988
596618115
596674332
596684193
596686063
596688256
596691059
596692107
596707581
596713177
596716793
596725945
596729708
596777049
596793573
596799218
596815882
596866258
596869353
596874864
596885336
596950077
596960528
596973178
596976589
596980325
596985434
596988171
597020298
597028222
597035734
597061245
597066884
597112976
597119539
597122683
597144810
597148554
597150077
597171304
597174162
597183025
597206811
597212145
597224509
597250796
597278532
597294852
597322067
597337999
597338073
597367372
597376365
597385753
597426984
597447969
597449142
597450519
597461836
597485073
597507537
597515303
597516653
597528565
597533508
597543832
597545563
597550043
597570338
597611748
597613404
597625155
597633842
597635862
597642453
597660625
597663379
597669288
597671914
597678307
597691167
597692112
597694286
597694438
597708773
597740677
597744280
597754128
597780883
597788181
597801168
597807062
597811340
597814780
597837650
597855931
597860552
597864663
597874743
597941928
597945766
597977977
597979249
597979285
597992110
597996958
598006522
598014340
598036329
598045586
598048161
598055194
598068260
598071201
598079083
598079512
598092142
598107126
598122596
598125449
598147491
598151385
598186940
598186952
598203779
598214000
598253793
598258345
598278224
598290392
598293254
598331874
598335993
598338421
598352658
598356266
598356483
598359959
598368193
598374915
598389795
598425560
598476086
598495222
598502672
598502857
598510904
598515519
598519365
598529389
598529448
598534099
598541452
598551122
598583377
598601625
598608595
598615265
598623713
598656911
598657203
598681866
598682159
598699925
598707337
598710368
598733648
598734334
598740836
598743025
598778462
598779553
598806350
598834377
598838456
598861400
598863555
598876253
598883255
598910231
598917080
598930774
598986255
598988874
599006949
599036422
599046657
599052797
599065173
599101886
599103037
599114474
599129246
599132264
599143209
599152897
599158933
599178185
599212825
599221182
599245053
599249870
599274713
599291292
599294966
599309550
599313598
599319896
599320781
599320888
599323429
599340821
599342130
599354464
599365389
599374923
599387885
599408415
599422043
599430325
599431814
599435363
599484339
599499952
599523394
599575311
599580164
599582036
599604220
599637113
599653852
599662044
599670128
599670572
599683583
599690089
599701311
599715690
599732274
599738315
599746846
599747347
599764359
599767921
599781459
599818874
599842755
599847159
599870063
599880284
599892512
599909778
599916810
599946050
599948921
599979363
599979488
599984716
600010615
600014701
600034857
600036621
600095806
600105634
600124896
600165096
600181179
600182460
600189207
600189841
600191305
600219534
600232565
600233128
600234981
600243766
600252786
600260264
600261357
600273074
600279208
600290623
600292475
600304913
600322599
600330493
600335692
600342748
600350683
600351551
600378229
600379245
600380050
600381523
600393604
600406259
600406742
600407366
600413970
600424785
600452390
600463596
600465435
600479845
600501107
600513644
600528125
600530035
600530514
600539486
600559693
600571435
600580305
600588100
600602787
600606944
600607306
600617295
600620478
600632408
600632915
600636833
600639277
600649328
600651007
600652259
600652901
600659015
600677940
600686477
600691348
600691889
600696620
600707195
600717567
600729578
600739514
600753927
600768092
600768421
600787665
600800024
600814285
600818263
600822149
600826423
600826724
600828372
600835656
600838259
600847711
600864369
600864513
600888760
600905620
600908122
600920236
600921346
600922502
600932982
600936428
600936884
600958364
600962181
600963501
600965139
600994886
600996655
600999518
601011714
601014965
601031877
601041614
601046375
601061698
601063753
601067726
601071568
601072103
601098121
601115655
601127291
601127447
601130682
601135748
601146862
601147538
601169124
601172403
601177159
601184227
601192705
601193321
601199615
601236490
601239880
601251096
601272033
601275887
601300026
601300544
601306599
601316292
601338843
601340047
601386454
601419425
601441105
601445057
601447523
601457955
601472740
601475419
601476025
601483825
601486348
601489507
601491858
601512126
601514436
601532571
601534742
601543126
601555167
601568605
601571805
601590418
601602964
601605049
601616356
601621078
601625905
601634490
601642163
601649145
601676720
601677060
601694564
601704423
601709318
601719237
601735451
601747129
601755254
601774277
601776254
601776808
601783713
601791544
601792883
601801081
601806373
601810143
601811945
601820302
601822520
601832493
601839430
601840753
601848876
601854226
601855301
601855570
601861324
601870780
601901456
601902545
601913519
601917591
601924336
601927026
601942737
601944371
601960117
601961464
601966269
601969660
601976102
601976210
601986638
601990238
601994799
602006849
602027538
602046602
602069092
602091106
602094388
602112704
602127731
602128159
602179287
602179976
602180112
602189695
602194948
602203086
602206780
602214108
602221962
602225009
602229667
602236365
602252284
602300049
602331050
602344209
602358407
602361559
602377231
602405526
602413444
602420084
602425559
602430606
602433235
602443826
602444491
602461541
602462042
602466169
602493011
602505204
602532847
602537729
602548570
602560115
602563625
602571571
602590853
602591356
602594886
602623234
602643321
602650275
602673399
602681371
602706589
602719850
602727417
602753719
602754260
602760283
602775293
602793995
602796859
602822141
602823369
602839647
602850280
602863948
602867091
602870818
602877775
602880970
602887185
602906183
602910697
602922897
602953260
602980242
602990292
602998809
603014368
603027335
603028234
603031437
603034075
603042168
603046074
603049685
603054986
603073696
603074276
603085786
603091830
603096846
603109679
603111599
603119654
603130489
603141141
603146874
603155521
603155660
603161320
603164627
603208514
603225030
603225866
603229395
603234139
603238753
603242183
603257602
603268482
603287394
603290883
603296602
603313544
603315808
603322865
603325191
603331146
603370428
603373477
603381577
603392025
603397492
603402987
603407376
603411404
603437726
603440783
603454341
603494183
603496658
603510930
603513980
603519032
603543734
603550526
603554630
603556708
603588034
603593794
603637755
603651910
603690342
603695042
603703598
603709986
603720268
603723821
603731140
603731263
603755707
603761900
603806474
603855344
603863443
603878833
603888071
603893238
603903304
603909393
603913305
603924567
603926513
603933047
603935539
603945118
603960873
603964626
603977186
603980840
603983617
603987498
603987980
604021994
604042769
604053876
604065925
604067009
604068898
604086778
604092364
604096403
604096931
604110318
604115952
604131921
604137190
604145685
604161149
604162115
604172122
604193237
604203579
604204956
604206252
604217560
604230012
604230910
604245007
604249119
604259499
604267714
604285111
604305597
604314316
604314375
604315604
604346126
604385452
604400277
604406686
604407231
604417176
604426904
604438295
604448817
604468392
604472898
604475371
604479469
604481461
604484126
604511072
604511516
604512893
604543808
604545875
604546764
604552514
604553271
604565850
604569182
604578961
604579566
604587684
604597410
604635991
604638463
604645986
604646124
604654040
604656858
604665402
604680861
604685510
604695124
604706747
604709995
604712180
604713536
604715010
604717830
604718834
604721633
604734483
604747883
604777126
604792243
604817568
604865757
604872147
604894705
604909967
604911400
604913630
604914198
604925714
604952513
604954884
604960265
604960774
604978990
604989596
604997650
604998702
604998774
605010794
605029898
605035454
605047091
605050909
605057180
605072403
605083567
605084024
605093217
605099048
605104623
605117704
605120107
605152359
605158274
605165062
605184182
605185204
605188552
605193081
605197592
605200007
605205437
605210999
605211705
605213720
605217329
605218934
605231479
605233330
605242768
605251536
605291535
605292152
605299583
605300490
605323849
605357719
605364936
605374892
605385409
605386802
605444231
605458367
605470361
605475839
605487799
605501564
605535743
605551569
605556710
605563614
605579558
605598814
605603332
605603923
605629782
605636995
605653178
605668107
605669219
605670308
605671793
605685530
605690324
605717190
605718209
605733809
605758420
605761850
605768579
605769154
605806971
605812102
605819123
605821974
605848471
605851505
605858036
605864437
605869652
605875258
605884596
605890641
605896463
605900849
605908532
605913169
605921051
605927510
605930035
605938834
605954359
605955900
605956989
605982156
605988090
605993224
605993452
606001024
606009492
606032720
606034044
606040134
606045005
606057935
606080195
606082281
606097349
606098387
606130116
606131710
606153141
606163551
606165412
606172228
606183185
606186036
606191092
606191943
606201124
606201157
606210717
606222275
606240635
606242246
606248088
606257348
606272592
606273800
606286226
606290697
606298768
606362342
606362476
606366278
606368404
606373665
606403559
606404033
606410841
606416319
606417708
606430896
606430948
606434073
606435881
606439377
606447920
606464875
606467631
606475883
606481887
606492097
606493636
606514461
606517073
606521587
606545659
606546372
606549863
606554314
606572952
606576356
606585883
606589564
606609988
606621339
606622717
606625135
606629856
606659533
606665614
606675471
606676493
606687492
606702941
606721549
606721778
606755453
606758856
606771676
606780735
606791122
606798232
606817394
606832386
606844933
606860659
606864954
606876636
606884442
606886097
606897502
606905273
606948841
606953078
606963566
606969391
606976322
606981624
607007476
607012243
607023304
607035635
607062744
607063557
607067285
607079289
607092321
607094756
607095413
607100669
607112999
607116346
607123352
607123908
607127946
607145382
607146306
607148383
607161506
607165444
607177215
607179056
607184805
607200803
607206204
607208938
607214905
607230363
607230485
607231563
607244915
607245905
607248281
607268809
607283405
607293544
607307627
607311436
607317906
607320819
607327744
607335526
607341813
607346165
607354966
607367242
607370448
607388234
607389778
607413044
607416223
607418649
607433082
607458765
607459896
607472253
607473333
607479676
607483499
607493491
607503091
607504346
607528703
607535189
607535905
607540772
607541378
607572369
607581265
607587700
607634112
607639673
607641205
607642250
607659738
607683205
607692553
607712357
607712385
607723524
607755741
607768451
607768642
607775164
607779656
607781472
607789750
607801546
607802570
607817261
607817779
607824935
607850009
607855460
607856433
607882957
607890444
607910378
607910721
607914094
607926857
608005006
608005664
608015664
608027155
608032220
608040289
608045597
608062701
608098999
608118818
608127983
608139110
608171358
608179167
608183042
608212788
608214580
608218034
608220591
608223538
608229443
608236548
608238901
608240778
608244066
608246499
608250811
608269545
608280966
608291938
608296801
608298009
608324154
608344438
608346753
608358137
608358849
608365685
608367748
608398289
608453456
608479876
608480896
608495463
608498019
608520482
608526608
608533748
608551582
608564942
608579761
608605364
608624124
608626519
608655338
608660234
608685486
608689847
608696792
608702567
608707367
608745282
608748653
608749327
608788218
608803891
608816528
608821637
608826795
608850829
608873523
608875822
608884751
608891144
608893441
608904770
608910094
608914321
608916065
608920072
608920192
608920674
608930001
608933074
608940082
608974546
608980637
608994397
609002791
609004624
609015299
609042578
609045557
609045772
609052904
609066177
609071057
609085635
609090236
609095128
609113698
609129976
609147167
609149017
609154234
609156037
609166680
609176177
609216724
609244470
609260055
609263771
609288915
609296614
609302018
609302977
609305477
609337940
609345525
609347226
609384906
609471031
609472993
609474992
609475022
609513022
609519507
609530172
609542043
609550413
609555868
609563902
609574065
609579447
609585454
609590829
609595992
609603353
609616962
609624242
609632165
609638944
609642030
609658688
609659958
609664803
609670202
609672981
609682502
609687747
609699286
609704091
609706224
609708296
609718799
609729083
609729876
609744149
609759274
609760223
609784640
609797534
609801189
609808171
609818246
609818507
609829399
609833247
609856704
609870152
609871214
609921796
609943331
609948255
609956149
609963823
609981131
609982573
609989046
609995402
610006816
610010641
610013963
610019568
610021256
610027136
610032022
610054062
610064143
610064532
610081828
610089726
610092726
610095913
610101177
610114356
610117134
610131370
610132857
610137894
610141257
610162679
610163357
610164237
610176889
610204574
610207891
610208848
610212639
610223087
610228924
610235171
610247326
610247803
610271700
610294325
610325959
610330355
610331887
610335647
610367327
610369062
610397389
610403453
610405078
610417096
610421591
610424967
610433448
610440357
610447197
610453047
610468257
610478548
610481694
610506382
610519863
610529491
610538328
610543203
610544003
610565819
610567307
610580248
610581559
610591664
610597482
610599406
610607275
610656862
610662719
610680459
610698959
610703102
610711510
610714615
610725014
610748153
610748952
610752262
610781992
610786511
610803632
610810433
610820289
610827285
610850195
610860397
610885594
610890489
610950277
610953633
610955520
610984778
610991393
610995085
611007461
611012695
611017305
611065811
611083435
611084282
611087256
611091264
611107218
611124167
611128853
611186379
611186720
611191821
611204822
611208324
611216037
611220463
611228127
611229772
611249125
611249299
611254075
611262602
611262775
611272869
611324765
611325057
611325964
611343168
611344234
611347248
611359467
611362505
611370654
611373327
611403225
611417039
611420692
611421851
611423877
611436749
611445930
611450423
611466852
611467422
611478663
611482820
611501983
611510539
611520095
611530906
611571919
611573403
611597651
611611819
611621935
611634941
611651416
611660687
611663372
611684554
611726342
611737378
611741567
611747917
611750553
611761759
611793328
611793751
611794226
611797894
611816878
611834147
611844624
611856287
611867273
611887618
611900824
611910628
611913370
611918616
611927639
611953715
611985267
611989367
611993195
611996190
612023333
612024482
612026949
612040436
612042507
612043290
612063521
612070508
612071485
612072494
612072566
612079587
612093323
612105255
612117921
612121323
612130481
612162654
612162980
612164169
612189453
612206864
612220530
612242427
612268181
612286196
612288235
612305104
612310791
612313446
612326104
612326786
612339153
612339785
612340787
612341750
612351882
612372545
612392100
612403515
612411888
612415017
612415633
612420265
612440206
612448770
612474130
612481277
612486442
612487261
612488129
612489231
612489447
612502847
612543024
612547603
612548108
612548337
612572166
612575383
612580838
612589213
612597131
612598992
612600940
612601542
612605128
612609220
612617950
612649505
612675981
612684553
612687444
612695138
612698689
612713271
612713585
612718279
612719424
612724984
612728554
612738410
612744436
612760863
612765713
612775998
612786508
612789104
612796078
612803116
612812844
612823089
612826098
612827014
612828659
612841329
612844096
612852540
612853462
612876550
612883597
612884582
612896823
612913677
612922108
612955937
612958820
612959409
612965703
612967762
612976128
612976349
612977485
612982938
612986944
613019374
613029368
613039404
613049694
613057786
613100760
613103995
613112392
613134246
613140953
613154978
613162732
613186839
613186897
613196257
613200648
613243459
613245023
613245930
613292077
613305790
613306855
613309854
613319978
613341790
613407834
613435019
613454656
613456535
613469001
613486055
613493620
613496979
613511013
613523326
613541552
613563479
613585740
613601760
613601988
613618529
613623142
613627817
613631780
613631858
613647381
613650083
613653523
613658145
613664175
613671873
613678272
613680419
613697413
613706351
613714063
613720636
613722666
613736264
613744001
613745164
613777681
613777845
613788356
613793951
613800693
613820574
613825271
613830274
613833650
613849854
613861989
613863765
613867351
613867648
613893012
613907010
613926108
613933422
613941370
613942890
613957094
613957647
613962977
613974169
613988125
613998221
614032645
614035575
614044024
614044510
614045728
614057039
614088951
614098794
614119041
614127406
614129801
614132967
614136150
614143590
614146366
614150411
614169263
614171887
614172483
614184457
614197219
614200993
614217257
614218797
614243624
614251603
614258850
614266576
614271739
614275078
614294288
614303639
614313413
614325452
614326558
614330533
614340006
614347266
614366845
614374894
614382625
614391884
614408007
614410401
614431541
614433104
614444508
614452456
614454862
614476346
614480370
614525464
614527662
614535782
614539264
614539449
614544909
614549362
614583204
614590326
614594325
614631127
614648745
614652465
614666698
614688149
614695271
614705824
614712866
614717333
614735733
614737745
614762099
614770678
614844258
614854722
614869603
614909057
614913741
614933499
614937264
614952102
614968487
614984950
614991728
615028382
615034762
615037972
615042336
615051646
615060960
615065640
615075208
615095526
615119630
615120202
615120304
615122017
615131940
615137871
615141479
615154330
615174042
615179262
615187327
615195424
615198955
615225149
615237597
615250252
615265835
615281771
615292425
615326223
615332448
615341582
615370584
615384957
615398185
615399008
615402325
615404546
615409464
615409575
615410233
615414082
615421567
615424116
615437566
615454416
615461502
615468846
615479914
615479997
615490266
615539426
615576255
615584743
615589765
615624397
615629589
615635377
615672834
615682729
615686336
615687646
615687827
615689530
615705817
615720855
615737466
615739007
615749719
615750071
615757331
615777594
615788290
615819841
615820714
615837259
615850691
615856955
615873254
615890038
615890532
615903264
615903829
615906071
615919974
615926135
615935488
615935656
615935688
615951990
615954409
615966296
615969868
615977813
615982132
615982981
616006764
616007895
616030068
616063500
616071699
616076053
616086050
616087032
616088644
616105733
616114884
616131885
616141729
616148184
616154435
616160854
616173318
616187460
616189809
616195878
616195917
616204878
616213853
616220861
616223327
616225930
616227103
616245770
616246908
616260666
616281710
616290455
616291027
616295049
616299150
616300138
616306010
616308495
616316148
616325785
616329331
616356132
616358228
616372133
616375304
616387162
616389601
616421827
616437602
616438587
616445718
616483267
616505652
616528450
616556367
616561101
616563457
616566580
616584671
616590367
616597455
616605542
616642260
616647016
616647286
616685966
616691884
616728629
616744099
616767912
616820249
616829043
616835226
616850421
616853927
616882942
616894936
616925657
616938401
616940280
616943217
616944188
616977520
616978559
616982019
616996819
617000001
617024507
617033024
617045443
617060519
617082432
617089097
617090662
617091319
617101344
617114055
617129350
617137656
617137682
617160980
617218188
617233762
617236685
617241224
617272367
617279412
617288097
617293835
617300093
617315735
617341886
617366024
617382214
617389679
617391253
617398254
617412840
617428618
617429365
617434627
617436057
617463369
617463552
617487304
617491312
617531991
617532049
617533665
617549937
617570141
617585343
617585731
617588155
617616891
617626555
617631746
617676615
617706071
617717261
617736024
617776288
617789697
617794069
617794685
617795725
617807020
617807962
617811420
617819214
617833926
617836200
617840839
617845605
617851215
617857728
617868159
617870202
617873563
617874205
617882886
617898410
617918278
617941138
617944641
617950690
617967875
617976036
617981896
617984246
617985758
617987414
617989077
617992045
617998632
617999464
618000935
618005226
618006761
618010374
618012737
618023526
618024339
618044313
618052913
618086331
618102340
618107013
618112510
618121686
618128799
618135306
618175218
618179732
618190721
618196380
618205600
618212437
618212874
618217930
618221657
618221706
618222352
618225564
618241728
618245849
618252296
618253409
618253519
618280786
618294866
618297533
618313086
618323598
618327325
618331912
618339257
618340573
618355760
618357475
618379963
618382720
618413590
618431973
618432015
618437891
618443443
618472268
618472605
618472833
618475902
618477829
618485465
618486067
618490867
618492759
618503978
618506744
618506915
618510186
618548604
618549783
618561139
618563469
618575976
618597392
618603032
618608122
618609859
618611289
618620188
618627240
618639090
618642772
618665886
618686658
618690742
618713080
618718167
618719355
618742103
618752097
618786642
618791476
618799669
618811632
618815313
618820267
618836010
618837878
618850365
618886174
618888016
618889934
618901194
618908278
618928870
618948364
618968586
618983878
618985787
619000029
619010589
619025888
619033886
619080778
619083741
619094597
619132265
619145010
619145743
619149659
619154516
619164109
619164743
619169281
619170908
619176609
619178403
619183070
619184155
619222066
619225700
619238894
619270676
619289185
619290092
619291324
619291469
619296204
619296380
619299549
619301646
619302429
619308269
619309696
619324235
619325716
619333586
619352806
619355564
619379389
619385985
619412423
619413350
619415733
619416732
619429803
619439342
619447899
619458802
619464484
619496906
619497911
619527891
619535008
619577590
619581398
619588978
619598853
619625533
619630272
619636236
619644506
619653744
619659124
619677995
619700380
619710823
619717524
619727288
619733003
619734490
619757180
619759415
619765207
619775977
619782813
619795499
619806081
619807054
619807587
619808351
619825276
619848452
619858127
619858840
619868807
619868840
619872489
619892870
619903291
619912631
619918282
619919368
619935416
619957995
619959409
619963197
619974711
619978355
619985828
620009255
620016412
620021547
620039796
620044943
620045395
620053093
620064647
620070480
620074239
620082185
620093290
620104376
620109963
620111707
620111743
620123633
620135840
620135847
620140268
620144682
620152822
620154644
620159697
620181727
620223554
620226186
620227681
620246040
620266202
620286480
620329615
620346340
620381539
620381966
620391240
620414784
620427577
620439238
620440201
620442145
620449729
620450890
620456919
620485760
620502737
620506559
620517086
620544803
620583784
620584328
620584532
620601515
620614126
620621584
620644417
620679490
620687982
620691428
620692655
620697163
620697219
620700353
620705677
620733105
620741862
620742340
620745419
620745842
620750621
620775716
620783335
620791318
620795528
620797005
620802236
620807044
620811898
620827245
620829732
620835290
620836080
620849590
620875091
620879146
620884827
620886330
620899886
620912428
620916735
620917159
620918335
620940469
620943854
620950133
620954526
620959080
620961757
620976630
620978879
620979355
620987789
621000403
621001734
621015057
621018004
621054330
621056116
621081870
621093178
621099860
621110722
621114384
621151222
621160158
621170572
621175784
621216308
621223810
621229654
621232296
621233712
621235183
621243451
621277036
621284008
621284823
621286622
621287451
621298506
621306094
621306883
621322870
621338701
621341862
621344429
621351128
621372072
621374452
621376586
621377061
621393029
621393479
621401166
621412406
621418643
621419805
621426458
621432654
621459609
621459897
621489734
621494392
621496826
621518106
621544684
621545075
621564569
621566890
621582956
621590739
621596024
621597857
621611235
621618566
621631781
621643833
621646289
621647983
621693992
621704528
621707979
621725949
621728145
621728807
621737402
621742277
621749517
621752086
621757352
621760864
621772748
621773224
621773693
621776025
621789450
621806713
621809722
621822815
621893760
621908385
621912894
621915005
621918982
621925166
621948385
621959726
621961153
621963433
621965075
621972321
621977561
621990090
622002730
622012820
622013953
622019193
622041807
622042600
622043879
622087420
622092648
622098690
622100794
622150683
622154421
622164220
622174297
622199130
622206090
622206801
622237554
622245083
622252934
622255871
622257571
622291605
622293460
622315717
622327938
622330853
622338009
622347125
622363247
622369728
622377034
622383646
622407985
622411989
622426316
622431668
622435440
622436761
622454152
622463080
622465609
622490666
622508299
622524261
622528540
622538233
622548194
622550764
622555784
622556417
622569797
622626746
622645603
622651692
622679940
622686893
622705207
622708888
622718425
622720562
622742192
622744686
622759429
622767873
622779049
622801655
622817637
622818456
622823740
622825888
622828623
622831572
622852372
622863920
622866548
622884936
622904862
622911069
622924263
622935953
622937417
622940152
622953824
622960754
622974037
622976641
622981829
622986560
622995002
622998568
623000314
623039410
623041942
623046752
623046775
623049691
623059934
623062087
623074586
623077018
623086085
623094035
623095232
623110083
623110216
623111154
623117459
623124333
623132240
623137328
623153422
623159568
623160546
623167493
623199873
623204553
623206871
623210778
623214741
623218470
623233810
623238095
623247281
623277853
623295571
623295907
623297833
623301734
623314289
623324241
623336395
623339844
623360431
623367968
623371619
623375863
623391390
623393579
623395146
623395167
623399022
623404990
623409815
623451528
623467363
623467489
623467598
623471889
623485378
623514787
623515672
623526765
623529639
623530573
623539975
623540986
623542435
623568207
623581548
623635576
623657779
623671057
623681826
623692376
623708599
623725470
623730585
623776818
623779379
623779486
623815595
623872507
623899341
623904407
623913344
623918546
623919721
623936437
623937284
623938456
623938662
623942009
623942527
623957595
623958967
623992718
623999231
624026998
624027478
624048123
624073061
624079420
624080728
624081824
624086059
624088346
624091112
624119674
624143286
624159718
624167987
624190731
624195482
624197257
624214601
624223863
624225964
624235632
624244526
624259028
624269926
624274592
624276428
624292726
624292906
624376179
624386780
624389846
624394780
624436297
624444551
624447399
624453621
624466222
624469269
624474072
624478690
624499295
624509169
624522982
624528988
624551019
624556625
624561024
624564380
624575912
624589331
624590826
624599648
624601978
624607913
624619465
624628773
624645153
624646829
624651109
624661849
624693017
624705959
624721544
624728641
624737446
624740640
624747764
624780694
624799753
624807687
624820573
624858729
624859408
624863230
624864770
624870204
624879073
624884362
624884966
624903366
624915887
624922009
624934017
624941879
624951208
624968080
624968364
624971093
624975043
624980027
624988256
624994706
625014381
625025821
625028443
625041452
625058766
625068355
625072064
625081514
625082556
625144201
625144393
625170200
625170262
625172620
625175122
625179310
625179603
625182785
625185371
625205987
625215639
625224963
625231776
625254149
625272350
625275476
625279587
625286746
625288977
625291111
625299288
625303805
625313122
625326466
625329894
625360222
625362576
625367634
625370652
625372654
625377743
625379425
625399968
625404708
625407292
625407411
625407495
625411907
625418485
625432980
625448975
625463556
625468730
625480291
625489013
625504343
625511253
625511532
625541605
625565393
625575871
625592705
625597473
625636053
625646519
625652954
625665619
625666065
625670332
625705937
625706566
625707355
625713842
625717032
625725964
625734383
625749549
625751499
625754294
625796241
625800855
625800861
625803746
625821580
625852534
625868482
625870382
625879862
625881349
625905023
625907726
625910938
625919654
625930902
625934932
625951487
625955132
625997103
625997756
625999675
626014098
626019470
626089729
626094602
626097798
626103637
626105026
626106412
626115562
626115966
626134238
626134969
626144561
626148140
626149175
626159442
626163781
626172644
626183466
626184584
626202490
626206551
626219328
626226182
626238872
626262712
626267591
626278453
626300751
626323688
626324145
626328146
626378373
626413479
626413738
626415221
626423557
626424468
626459161
626467220
626505356
626505606
626516862
626526723
626531221
626533500
626542529
626544872
626557618
626566640
626582849
626608902
626614199
626651185
626669670
626680455
626682945
626685058
626699262
626707207
626729225
626733459
626754358
626763319
626793002
626801609
626803722
626809913
626817840
626823705
626835912
626845995
626854107
626855949
626865268
626867104
626882709
626902195
626930029
626935924
626952341
626974331
626979627
626989815
627072261
627077892
627078615
627097872
627109910
627113347
627113608
627117247
627139530
627141711
627154391
627173307
627181043
627183485
627192330
627199582
627203239
627208313
627211098
627213069
627229894
627239230
627241547
627249064
627276717
627277958
627313625
627330064
627331714
627332923
627337453
627338191
627358318
627362276
627364741
627379541
627380740
627405322
627408021
627408625
627408657
627422406
627436865
627438449
627440922
627442210
627442854
627444290
627451532
627478652
627490333
627495458
627503445
627507440
627513839
627528298
627560964
627611314
627616988
627617487
627638031
627641184
627651020
627660390
627662738
627677918
627678208
627687763
627689504
627695237
627727814
627741496
627748453
627755899
627756440
627756911
627759745
627761628
627769903
627789481
627798935
627808711
627823335
627824743
627831497
627849628
627852634
627855901
627859133
627876885
627886848
627895020
627904911
627913234
627914095
627916873
627932531
627937542
627939848
627943646
627953654
627954792
627956059
627976700
627978216
627978723
627994707
627997670
627998992
628011208
628029386
628031901
628035952
628043496
628053971
628056720
628075310
628108810
628123236
628131419
628143279
628184891
628186246
628197457
628204190
628249592
628250015
628265262
628280077
628292234
628300659
628319251
628352478
628355592
628398448
628404140
628416840
628424331
628426368
628427319
628428227
628434299
628438689
628441170
628463236
628466896
628483766
628484233
628506919
628524039
628547400
628570932
628583034
628600820
628602905
628658062
628659154
628667627
628670933
628681409
628699838
628740763
628744813
628757196
628757969
628770727
628786001
628793597
628807209
628808105
628811416
628817559
628824036
628831923
628870575
628877428
628890660
628893667
628898397
628920063
628942119
628948460
628969003
628984843
628985055
628997523
629032178
629040901
629057491
629063132
629068494
629081040
629085075
629086118
629092017
629092736
629124215
629125269
629127317
629132586
629155741
629196593
629205105
629208728
629224172
629235142
629235403
629263966
629266850
629280480
629287653
629296420
629314643
629345360
629348081
629352106
629358431
629358627
629360241
629361334
629401724
629412606
629418188
629447427
629453166
629459260
629471383
629486474
629493891
629509254
629533059
629550601
629561310
629580745
629586720
629586786
629591281
629596762
629599312
629603283
629607647
629615365
629634838
629658263
629665722
629673397
629700785
629700892
629709177
629722093
629724486
629731887
629734242
629735917
629762528
629763088
629765530
629765963
629768338
629782788
629810619
629822570
629834192
629859027
629898487
629906648
629921906
629959414
629972868
629976094
629981271
630001102
630020032
630024665
630038691
630058135
630059500
630065133
630065457
630086161
630091726
630096278
630107275
630123162
630126889
630155721
630159119
630197357
630236464
630245318
630252841
630256395
630276663
630282742
630285635
630307008
630315436
630315598
630333804
630351280
630355274
630381123
630390369
630390608
630401839
630405410
630413172
630435613
630446546
630481080
630485427
630486470
630489205
630493898
630496548
630513328
630527823
630533620
630535515
630538753
630543506
630591123
630605835
630610357
630614101
630631257
630637547
630646848
630688045
630719606
630729362
630784910
630786186
630787218
630797513
630800819
630815779
630837956
630840842
630865871
630884976
630897708
630921371
630928186
630931227
630937303
630967632
630970558
631000260
631000293
631002858
631011884
631019691
631021660
631022915
631042944
631075107
631075829
631078782
631100192
631107366
631110785
631114336
631143661
631145046
631157160
631158597
631166061
631174186
631181393
631184139
631191007
631204353
631227975
631232612
631232992
631250243
631252883
631255474
631286097
631289204
631314969
631318401
631319458
631328732
631339179
631340402
631346658
631356204
631371189
631378292
631381204
631382066
631386312
631393897
631411662
631425445
631432785
631438603
631454366
631462857
631466060
631468247
631471310
631499417
631525802
631526526
631543829
631561904
631565010
631572654
631575883
631590241
631604707
631622539
631629413
631653042
631666202
631673926
631676461
631695592
631724296
631725832
631739505
631743024
631768815
631776615
631783254
631785638
631788182
631846248
631861669
631869467
631891608
631900471
631903489
631909864
631913956
631920512
631921400
631924829
631942734
631960572
631966145
631968269
631991639
631994179
632001648
632004299
632031315
632051788
632054713
632058478
632065639
632068714
632087766
632088384
632111588
632120365
632120879
632132542
632137388
632165499
632185351
632214497
632223258
632237742
632240261
632245686
632246080
632256066
632257801
632260961
632262570
632267025
632279014
632280135
632293759
632297910
632309420
632321125
632355575
632356723
632364562
632381617
632403947
632404038
632411675
632415866
632418805
632434911
632435351
632439525
632449645
632463391
632495329
632497975
632519409
632522231
632533096
632534524
632583790
632598999
632603565
632611511
632617139
632625845
632636819
632639592
632642655
632649559
632652789
632664749
632671573
632681388
632698597
632734492
632736625
632742670
632746894
632765811
632793082
632795118
632811546
632817684
632861213
632864474
632872865
632880693
632882292
632888382
632892590
632910225
632917317
632923123
632937637
632954293
632965209
632977390
632998331
633012005
633020424
633022273
633035056
633039022
633039591
633043248
633046519
633055718
633070765
633080991
633081245
633099489
633111949
633112266
633115427
633120271
633126310
633157667
633170584
633177096
633178252
633197274
633215222
633237693
633242724
633250985
633255320
633265067
633272453
633288033
633294166
633304550
633309248
633310627
633324244
633333424
633340381
633359587
633361355
633363974
633393453
633400630
633410157
633438342
633442701
633492690
633506368
633511269
633515937
633517779
633534865
633539686
633549414
633591843
633599836
633599874
633611704
633629745
633630326
633630776
633632364
633637305
633668598
633711185
633746118
633762481
633769654
633771357
633782363
633792252
633801001
633808469
633812421
633815422
633819453
633850336
633877124
633889623
633911498
633916832
633928786
633942134
633953748
633959948
633978419
633981561
633983576
633996635
634010008
634015198
634019268
634019541
634027831
634059156
634059657
634064790
634065182
634083376
634102322
634102900
634126029
634130715
634137959
634176015
634189816
634225267
634251398
634269346
634281940
634285122
634288982
634297603
634345388
634348329
634351526
634384360
634386170
634391910
634400786
634407835
634408405
634410534
634427624
634430753
634450240
634459094
634466201
634467713
634473702
634473973
634489563
634489732
634490663
634496984
634498614
634524750
634552370
634554358
634562358
634572486
634573387
634575197
634575242
634580536
634585475
634618218
634633774
634642551
634658075
634695196
634716645
634730593
634738436
634749826
634766658
634799623
634810934
634816453
634820739
634846850
634851497
634869079
634896735
634907692
634916496
634921778
634922828
634937295
634956891
634959717
634967599
634982999
634990047
634998022
635001705
635046463
635051861
635055819
635086215
635092802
635108163
635109397
635112241
635118950
635127315
635129338
635139562
635144557
635210751
635216789
635224727
635240630
635256699
635265439
635275093
635294449
635299621
635303796
635310401
635331993
635336846
635342271
635348347
635382546
635384965
635386014
635391656
635405205
635413078
635436656
635464797
635492101
635495035
635530070
635544798
635547599
635553285
635554986
635565921
635566129
635570098
635592371
635595353
635632280
635638498
635659699
635693305
635694202
635695936
635699774
635704928
635707654
635712538
635713007
635729027
635740343
635743407
635754522
635756679
635758773
635771449
635775256
635782245
635790095
635796888
635804081
635812160
635817873
635827851
635836261
635837645
635845869
635870390
635901453
635924870
635931387
635952258
635958029
635960511
635971259
635976571
635985937
635991401
636018344
636043768
636057751
636060710
636065766
636065785
636068168
636071009
636089922
636102018
636124581
636124865
636133570
636136607
636140880
636156759
636167489
636175735
636178961
636180145
636181080
636196326
636196956
636215530
636219507
636230630
636234813
636235399
636236407
636237908
636240315
636249540
636253082
636255783
636283459
636287894
636296134
636309241
636321255
636333306
636338838
636340415
636345987
636356819
636380168
636396188
636403042
636407117
636431964
636448751
636469886
636476320
636476538
636484037
636493562
636501240
636508469
636520352
636543402
636553496
636566643
636566820
636578520
636582152
636583691
636595144
636598204
636601427
636619914
636621109
636631102
636647843
636661907
636667786
636680575
636684953
636686308
636699573
636704564
636711504
636719703
636719840
636726755
636732936
636748724
636751964
636763606
636764482
636773404
636799967
636803432
636807644
636817052
636817754
636818264
636844444
636863485
636869535
636899127
636904898
636925280
636928373
636932629
636945287
636947141
636951598
636956353
636965773
636971704
636973633
636977367
636984963
637008725
637021370
637023318
637028544
637045958
637056590
637098867
637129165
637129957
637134744
637135927
637167321
637170288
637189594
637195396
637213425
637213761
637215635
637226923
637235027
637237369
637241993
637250977
637265004
637270652
637271648
637288280
637305579
637308803
637318531
637322654
637324408
637332251
637339364
637341266
637341807
637347388
637357845
637373829
637375774
637382300
637396172
637414183
637419180
637420130
637437281
637463263
637463339
637464607
637481450
637511657
637512277
637525638
637527399
637590125
637609601
637612449
637612509
637616145
637617922
637622808
637638424
637668931
637686379
637690571
637705430
637716624
637720532
637726595
637737929
637744432
637745551
637779450
637791035
637792091
637793246
637795541
637813389
637815059
637827395
637828491
637829313
637833872
637842996
637845371
637856282
637882440
637883042
637884000
637891665
637893930
637902396
637920346
637944715
637957842
637962437
637970743
637979535
637981495
637983061
638003188
638011669
638085921
638100528
638100781
638111170
638125175
638140383
638149295
638152896
638155455
638160117
638161263
638167141
638179983
638182361
638182879
638188801
638191936
638210764
638216750
638227322
638234646
638236190
638241764
638245138
638246582
638249503
638257252
638262819
638263748
638272299
638286410
638290083
638291555
638296465
638306373
638308449
638313605
638321740
638333920
638360531
638372413
638378604
638382849
638390891
638425932
638430124
638451162
638454024
638461270
638474819
638481594
638495230
638505811
638535298
638543420
638550889
638553218
638561146
638599991
638602897
638631671
638640910
638643899
638652737
638655920
638669750
638674122
638715549
638720624
638724450
638735613
638735705
638749193
638771566
638790060
638799856
638829428
638831319
638834693
638847790
638869323
638871149
638872012
638879559
638899843
638904743
638920078
638935797
638941112
638945258
638948718
638980296
639007855
639022306
639056512
639058814
639065694
639080753
639087301
639089567
639112443
639125313
639159001
639171025
639190487
639206284
639239112
639260065
639260927
639274306
639300947
639316787
639323727
639331502
639349759
639355439
639367850
639379767
639388999
639389347
639393270
639400011
639405296
639413154
639422620
639428175
639437410
639461019
639470263
639470427
639480912
639486981
639497426
639499573
639502416
639504899
639531151
639538142
639540380
639545194
639546966
639553374
639560780
639571654
639591558
639605663
639609310
639612959
639643161
639647267
639652425
639658861
639664895
639672165
639687440
639697717
639700451
639706499
639734270
639753114
639756879
639772428
639775784
639789025
639794961
639801898
639810542
639815031
639817372
639828901
639850226
639868301
639874772
639877588
639887297
639922810
639940655
639941025
639945846
639953738
639955360
639983933
640001250
640011735
640017643
640018256
640026366
640037033
640083491
640083596
640086395
640111703
640117856
640125311
640128044
640128285
640135835
640144678
640149167
640163561
640171288
640176740
640195958
640207786
640216120
640228669
640240217
640255462
640265558
640273862
640275373
640275633
640290209
640367770
640401105
640424563
640430936
640451344
640465521
640482248
640501666
640509452
640533927
640549344
640565200
640596963
640607119
640651471
640653846
640657757
640679732
640684641
640695700
640723857
640742738
640748521
640758442
640759944
640801258
640817021
640843684
640846343
640849283
640851636
640889721
640912480
640926724
640927329
640929021
640933265
640937713
640939565
640970274
640980172
641028589
641033991
641056574
641059884
641065684
641068715
641082578
641135225
641147118
641151714
641165841
641175266
641182492
641184221
641184953
641196277
641208572
641210628
641225603
641227519
641241191
641264261
641271369
641284782
641297421
641298051
641319569
641326253
641327872
641337281
641340425
641344211
641352004
641360243
641363334
641380761
641381085
641391983
641392597
641417801
641458576
641478604
641501672
641503221
641516677
641519755
641520266
641521471
641523453
641523958
641544129
641559701
641562420
641593651
641600647
641601992
641614791
641617633
641627911
641638628
641642260
641674008
641675961
641685307
641686925
641689654
641689961
641696754
641697374
641710984
641721685
641730027
641762250
641768760
641778317
641779224
641791798
641808144
641808992
641831375
641831747
641837656
641839752
641839950
641845157
641856473
641857388
641892314
641911389
641914610
641914616
641925759
641927258
641931578
641940527
641941553
641965994
641989489
641992226
641996002
641996093
642008602
642009805
642023970
642033966
642047780
642078069
642083988
642086886
642100670
642102079
642140298
642143814
642170290
642184535
642193116
642201468
642212300
642213580
642234718
642237090
642242245
642252673
642267554
642275732
642279339
642282551
642283779
642285361
642286243
642313181
642334997
642350133
642352116
642358057
642365051
642369416
642385058
642392796
642393406
642397230
642418157
642422841
642436551
642443262
642473423
642480303
642487845
642494479
642501596
642508929
642516043
642525155
642544117
642561628
642563779
642586406
642607522
642626431
642633393
642636833
642653883
642674476
642683400
642699660
642716843
642720706
642727586
642730784
642739995
642790163
642800869
642805917
642826639
642839584
642844583
642845691
642907176
642907781
642914287
642919236
642938816
642946719
642966660
642983473
642990456
643000884
643009015
643021344
643036084
643040291
643049311
643084377
643091048
643094193
643095685
643105550
643108647
643129608
643131176
643133592
643134182
643143426
643155546
643169147
643172236
643180217
643189265
643222385
643245164
643276314
643284474
643297948
643317231
643320393
643321460
643336597
643344230
643357025
643364148
643397401
643401470
643405233
643433042
643435812
643473274
643473307
643489276
643499817
643499972
643537699
643538158
643545511
643559167
643568111
643568292
643580053
643582409
643584661
643594233
643598407
643602275
643621173
643686588
643687835
643690164
643691373
643692067
643696769
643703017
643714357
643714524
643717627
643740312
643767648
643768598
643774836
643788420
643788745
643788961
643795635
643806144
643812277
643823561
643825900
643835693
643839453
643847088
643855049
643924560
643933501
643949949
643950289
643950544
643955560
643988091
643992640
644015341
644017900
644032944
644033230
644050769
644055419
644069230
644075922
644083017
644095616
644102422
644114265
644115901
644123166
644127987
644154308
644173759
644180610
644186999
644200384
644214337
644230584
644242262
644244804
644256306
644271468
644281249
644298771
644311139
644337437
644343289
644347042
644362975
644375599
644395653
644395806
644417142
644423968
644433420
644435348
644436715
644437260
644443703
644445307
644456892
644458923
644475067
644479493
644484615
644484728
644497767
644499322
644500742
644509078
644520688
644538115
644552445
644557507
644577954
644579056
644580626
644588333
644589836
644594824
644597752
644599232
644601722
644623816
644629985
644632439
644635727
644647969
644653117
644664794
644671480
644676443
644677816
644687757
644692703
644695368
644707469
644711981
644756409
644773397
644774934
644780252
644789992
644809304
644815350
644817506
644841074
644842114
644895228
644901362
644913539
644923757
644928208
644930331
644956179
644956432
644959869
644960119
644960975
644966213
644998947
645021857
645026557
645033837
645036342
645046846
645064120
645076649
645089247
645097593
645118390
645179113
645181495
645196464
645210277
645217639
645218661
645232317
645234919
645252515
645275842
645314446
645319162
645331152
645343320
645355549
645358741
645376638
645378747
645384549
645386075
645392532
645399029
645403348
645406465
645465239
645467508
645473988
645482835
645495736
645513161
645525242
645537259
645546897
645555895
645563700
645584527
645597054
645609783
645623050
645623552
645623937
645645897
645665518
645685147
645696866
645713087
645723993
645749131
645753995
645760036
645767346
645804159
645820934
645834111
645834783
645845322
645849074
645876039
645881202
645895694
645899518
645900129
645907530
645943291
645945962
645946670
645950521
645962527
645969754
645983727
645991808
646025255
646030554
646050874
646053025
646057760
646062286
646070872
646077858
646110262
646135350
646150583
646159074
646163923
646194204
646195405
646199012
646201794
646205858
646216628
646219346
646239421
646257028
646266794
646275705
646292214
646305617
646305635
646308786
646309809
646336413
646363510
646366392
646374821
646384749
646389146
646400497
646409460
646409524
646475579
646522691
646533978
646543911
646547146
646548359
646566985
646569113
646575768
646581641
646582521
646587159
646589197
646593116
646602095
646604863
646631506
646633263
646649691
646660431
646661234
646662672
646675851
646678748
646685773
646708874
646720982
646762719
646774532
646796869
646798912
646810928
646816138
646830702
646831688
646844485
646847347
646861653
646868501
646869845
646882323
646883327
646888415
646890195
646900173
646902748
646922871
646927276
646933606
646934036
646934702
646944962
646948189
646953643
646965901
646972833
646995975
646999293
647001540
647003022
647012278
647016206
647040016
647074529
647085869
647089302
647106792
647116823
647118598
647122169
647130594
647140567
647141182
647142307
647146201
647177694
647247781
647255697
647257279
647272390
647285684
647305455
647324488
647325939
647335195
647347873
647366013
647383856
647402975
647410220
647417538
647423633
647457921
647474647
647476114
647483526
647485282
647488186
647527027
647528102
647543740
647548369
647566052
647566680
647573861
647594052
647599803
647605586
647612095
647675952
647686564
647714481
647719242
647729732
647731219
647744503
647746721
647750112
647753282
647759621
647770723
647828611
647844081
647846431
647846733
647867471
647874159
647885342
647889292
647898159
647898534
647913457
647926151
647926999
647927182
647943324
647948404
647993691
647996306
647998775
647999914
648003414
648003510
648013582
648028187
648030305
648048564
648055043
648061348
648088173
648103883
648137220
648142872
648171818
648172221
648173377
648175525
648193722
648195331
648197184
648229820
648250145
648263562
648264962
648266720
648276978
648289926
648290946
648296604
648296841
648317629
648328296
648332492
648343268
648344653
648347605
648353426
648370881
648376666
648377900
648394829
648412524
648431460
648469973
648478620
648508384
648510419
648530798
648532205
648548942
648558240
648567604
648568092
648575615
648577986
648578410
648579586
648602089
648606787
648624579
648633366
648656472
648664930
648672706
648713079
648715176
648722427
648744386
648758586
648761129
648781813
648789623
648795989
648797463
648798785
648808489
648831797
648850257
648854475
648900438
648905421
648921900
648922564
648937696
648966555
648973746
648990219
649006861
649014980
649024148
649032467
649032477
649033134
649064858
649073065
649096384
649115141
649125256
649127424
649147137
649153274
649176512
649177542
649181392
649233893
649242490
649243500
649260885
649275787
649280027
649284978
649292864
649293168
649293810
649296917
649301240
649307488
649325088
649325130
649338495
649347909
649355564
649356380
649367073
649379735
649382513
649383010
649397115
649410349
649410391
649411506
649411758
649428884
649434980
649445832
649469595
649486823
649489609
649501695
649517962
649518772
649518908
649518982
649522111
649524930
649542373
649556799
649568977
649576266
649583849
649606317
649607991
649629726
649638715
649642561
649643486
649650611
649652332
649670612
649678208
649686361
649692452
649697551
649699306
649704056
649732483
649739037
649759190
649772238
649809813
649853368
649859326
649880395
649888403
649900193
649920375
649921054
649938309
649940218
649950292
649951998
649956290
649994468
649998105
650051918
650055266
650066552
650073794
650079789
650105301
650109039
650111936
650155331
650165413
650175728
650180973
650181287
650182228
650184047
650184693
650193260
650205965
650208103
650209085
650220703
650232351
650239919
650242370
650251689
650263234
650280254
650290098
650298034
650299004
650308322
650310750
650315662
650316303
650319878
650319953
650336748
650353863
650357887
650358704
650370872
650377157
650394967
650400710
650401121
650406968
650408232
650411619
650417094
650420704
650420949
650451386
650461359
650476097
650477865
650484819
650490629
650500673
650520861
650546229
650546805
650569917
650577860
650579217
650587928
650595995
650598669
650608505
650631085
650636060
650661583
650669821
650688093
650704669
650711447
650715847
650721271
650731670
650743941
650759893
650770601
650778246
650781847
650819128
650819338
650821101
650841044
650869714
650874250
650877311
650884818
650897173
650906114
650911026
650916877
650955776
650968617
650977836
650978485
650982933
650989916
650997786
651015015
651026189
651034576
651034717
651045523
651060924
651084332
651147751
651150393
651152265
651157727
651194307
651199167
651203071
651234175
651263004
651275773
651280577
651284693
651308080
651317963
651346101
651372006
651427785
651428568
651443254
651447803
651474072
651478645
651489042
651502651
651504146
651520930
651550668
651553626
651559337
651559552
651562360
651565999
651572185
651591599
651600003
651603759
651617891
651626625
651655124
651656963
651667108
651675274
651678267
651696178
651700394
651713885
651738760
651774003
651774882
651792313
651798105
651814270
651838519
651842773
651863615
651880176
651891347
651891758
651895026
651905582
651911239
651927225
651935674
651938586
651955859
651956618
651974322
651990389
652030638
652094596
652099804
652113656
652138766
652143845
652147757
652149418
652152192
652165592
652184492
652187666
652188936
652189510
652191694
652193585
652215760
652219531
652253867
652254898
652256282
652277878
652283924
652330080
652341076
652362408
652364047
652371464
652375275
652385895
652409066
652414535
652416818
652419318
652419930
652425788
652433045
652436572
652459880
652464486
652468346
652468565
652476660
652489415
652504768
652521780
652536562
652554577
652560825
652561483
652561605
652561622
652586052
652603480
652612815
652618507
652629999
652652464
652655914
652668384
652668484
652676599
652694631
652696967
652725154
652731463
652772201
652802659
652829186
652832153
652838275
652850860
652863876
652866301
652891477
652912201
652929177
652929448
652943190
652960569
652965973
652973661
652979273
652982122
652985826
652999363
653003711
653011516
653032872
653053454
653069672
653071580
653074371
653086154
653091142
653115467
653131456
653138642
653139858
653144857
653145986
653149127
653155286
653199687
653206188
653217415
653248771
653252392
653264099
653266009
653279558
653282362
653285281
653346674
653356894
653368077
653369330
653374853
653376617
653393144
653397497
653405788
653420148
653420811
653432172
653432890
653443670
653475941
653490034
653492174
653495741
653518518
653527830
653550578
653554264
653561585
653563644
653563980
653581453
653583886
653593300
653599890
653614911
653626667
653671463
653680932
653702198
653706567
653751271
653765743
653774352
653788098
653790751
653791256
653839906
653862141
653878415
653881987
653884146
653886295
653912898
653931894
653939439
653942642
653945203
653946857
653947689
653966165
653977687
653980279
653985690
653987751
653995464
653999964
654000031
654001359
654006159
654031753
654063297
654065619
654066983
654078995
654080863
654090939
654098821
654100187
654105133
654152863
654171139
654193815
654206898
654250926
654252829
654291889
654303627
654352477
654357243
654373518
654389432
654392461
654420880
654436445
654443398
654446061
654459288
654475082
654484971
654507874
654519889
654522254
654529726
654579889
654587646
654607165
654634411
654638568
654644047
654679543
654700135
654717175
654727774
654728258
654736267
654760377
654766792
654779566
654781769
654811174
654812815
654822307
654861373
654863133
654868543
654877727
654885337
654901622
654909666
654911556
654918579
654922944
654935822
654944758
654947808
654970946
654995600
654998199
655003370
655005046
655013486
655034588
655047048
655076777
655087309
655099624
655101162
655115804
655123959
655129748
655130506
655131983
655137866
655140463
655150658
655155031
655177397
655178377
655178444
655184740
655187247
655189729
655200549
655202360
655203021
655211166
655233676
655246377
655269789
655277647
655323784
655325843
655330789
655334790
655341352
655353678
655353779
655357382
655360616
655368018
655379820
655381507
655383238
655383873
655399421
655424373
655439672
655446583
655452770
655477965
655484062
655491316
655501433
655503112
655538183
655542865
655548355
655559302
655564712
655567027
655570273
655585228
655586663
655627906
655643887
655666945
655681765
655709845
655740471
655748655
655753680
655754956
655755328
655761403
655762718
655779085
655780166
655784530
655791620
655804906
655813543
655825444
655833440
655847903
655851358
655852123
655861814
655868253
655872357
655892700
655896751
655902552
655912745
655917052
655924520
655932565
655939307
655963527
655981210
656017503
656035881
656041217
656041612
656053561
656054610
656058988
656067164
656087521
656088258
656097309
656105934
656121495
656137266
656154176
656156382
656158743
656166708
656210260
656214204
656220130
656232724
656237762
656244756
656246013
656264691
656285189
656294193
656302894
656312781
656313184
656315289
656320531
656333607
656333844
656354466
656355035
656358411
656365402
656388807
656389041
656400001
656403750
656414756
656418676
656428946
656446482
656458306
656460204
656478485
656493909
656494825
656502262
656515100
656518468
656527591
656573088
656593672
656624319
656646387
656651088
656665304
656669305
656679250
656687278
656696107
656724724
656741770
656742530
656758146
656769805
656770144
656782627
656785833
656800164
656803083
656804475
656817105
656823608
656826747
656843651
656856873
656868976
656870717
656887175
656907200
656907471
656907580
656925262
656936118
656939720
656967156
656980072
656987063
656994513
657018647
657020775
657023557
657036365
657040443
657044287
657080768
657087627
657089331
657096629
657101493
657114923
657142753
657173369
657189612
657190602
657207150
657208241
657208740
657214345
657223301
657223640
657226430
657230583
657264084
657268944
657282026
657297821
657316245
657322923
657334586
657351073
657358905
657390526
657393257
657420968
657425319
657432360
657459597
657474845
657479374
657487468
657507630
657518115
657519338
657524254
657533577
657548242
657584455
657587946
657588379
657590243
657590828
657592296
657593086
657593178
657609103
657611044
657626143
657635108
657647245
657672791
657693043
657697552
657753022
657755166
657759343
657781052
657801132
657803025
657820986
657823569
657824048
657831290
657833356
657836369
657838745
657841193
657844353
657861770
657862191
657865260
657866188
657868597
657871620
657878612
657881901
657906856
657921723
657926240
657928047
657947049
657949550
657986375
657990809
658010832
658013522
658024677
658038313
658038577
658043665
658049734
658053888
658058342
658068908
658074786
658096231
658097606
658103110
658104991
658112512
658113960
658138788
658145514
658163220
658179011
658187094
658214858
658223698
658232655
658233596
658255375
658261395
658261809
658293572
658323320
658330176
658359194
658361282
658367991
658368919
658374264
658391374
658393084
658401969
658406636
658422654
658423074
658433429
658447509
658487692
658512721
658553695
658567364
658570771
658577159
658584412
658625649
658643659
658649018
658667472
658673754
658697400
658710196
658713097
658718409
658731310
658734863
658750277
658752160
658783648
658800768
658803291
658817812
658823158
658849376
658858751
658867588
658869906
658907354
658923957
658935255
658936267
658941696
658965299
658987258
659015926
659027689
659064199
659077597
659088345
659090435
659116141
659120816
659137275
659167250
659169418
659195483
659198872
659199660
659200646
659214950
659254354
659277453
659285627
659288359
659295736
659317800
659349015
659358896
659363504
659384662
659393460
659396021
659406623
659415025
659424630
659434132
659437533
659442481
659444612
659454549
659463559
659475176
659488235
659491000
659500908
659510643
659519975
659522364
659523873
659538328
659542307
659546364
659548055
659553661
659553951
659561590
659571232
659610152
659616909
659647951
659652814
659673380
659677000
659679586
659688143
659696641
659697631
659702514
659724587
659739228
659742382
659743208
659769313
659783924
659800292
659812883
659819769
659835954
659848445
659862569
659873204
659886006
659891275
659892313
659905061
659905433
659907530
659919204
659923220
659927271
659933291
659951170
659952622
659953456
659958368
660002616
660026385
660054910
660055864
660058773
660088337
660105200
660129682
660152176
660153797
660164420
660179588
660182325
660184364
660198516
660210438
660213608
660214722
660217270
660217587
660223407
660231881
660240801
660243265
660265374
660268232
660274353
660316124
660326283
660337280
660353576
660358286
660360445
660364606
660376659
660378962
660381758
660390297
660398145
660400567
660407390
660416507
660418728
660425509
660435065
660436060
660444109
660444179
660454831
660461753
660477989
660483889
660495739
660576457
660576465
660589196
660597772
660597924
660626179
660627745
660631532
660650669
660661548
660664024
660679679
660714952
660718504
660718582
660728825
660762955
660801746
660805324
660810432
660820156
660844596
660871532
660884185
660890366
660903704
660925356
660926801
660931361
660951667
660957877
660959551
660961402
660965155
660971340
660973305
660979599
661022045
661029953
661030980
661036230
661068484
661070404
661071642
661077469
661113565
661131282
661134064
661135020
661138632
661162178
661164544
661181268
661195536
661205715
661213061
661219895
661224858
661232196
661245055
661290749
661303014
661329451
661333986
661335566
661356039
661361827
661367872
661373942
661379186
661395415
661424246
661431706
661436862
661447630
661457383
661459054
661469953
661471645
661472794
661493791
661506180
661511152
661512869
661537024
661538055
661548495
661557029
661557827
661558298
661565959
661600028
661611108
661619031
661638958
661646641
661658505
661663223
661682540
661727726
661728279
661732264
661740552
661742011
661742135
661748712
661752146
661752530
661756962
661781169
661787881
661809874
661809895
661821865
661822794
661832564
661836667
661857817
661859395
661867149
661867971
661885457
661887902
661893635
661912379
661915788
661924969
661950623
661953975
661959965
661969328
661971642
661988536
662009253
662021723
662027146
662051842
662076505
662083563
662095315
662096148
662097109
662102509
662115905
662128126
662129069
662149243
662167377
662176514
662182654
662196488
662203708
662222705
662229587
662237964
662241677
662248843
662249363
662251056
662252112
662288052
662305742
662307591
662324548
662337147
662356189
662356424
662360314
662366852
662399043
662429642
662436433
662448160
662450848
662453890
662483249
662489940
662492207
662494192
662501434
662505751
662508946
662524513
662531330
662531465
662535340
662564562
662572737
662597077
662613284
662621397
662634113
662638212
662666856
662676222
662680477
662682357
662701961
662712810
662731916
662742473
662748068
662748581
662748729
662753025
662766388
662775871
662788354
662789923
662801946
662815459
662838013
662850317
662857627
662890703
662895063
662895949
662934133
662944427
662948159
662965031
662972719
662978578
662988047
662989229
662989613
662998519
663005014
663008050
663012579
663027811
663030853
663048864
663073350
663089209
663100220
663102350
663107572
663110411
663118152
663124652
663127622
663136439
663170548
663173100
663175653
663203034
663221682
663222480
663227559
663247741
663262189
663267075
663276428
663280143
663288057
663348314
663357632
663362600
663367044
663368428
663373676
663376632
663381952
663383475
663384531
663389424
663396438
663401661
663408232
663425907
663456808
663477081
663489802
663503010
663510124
663522095
663532930
663550518
663573910
663610074
663616581
663626889
663632079
663633070
663643629
663647309
663664417
663665145
663671864
663678468
663687651
663693756
663697243
663710720
663719415
663719610
663739580
663754720
663762698
663783768
663790198
663823473
663828035
663844335
663850908
663855036
663864290
663866689
663868061
663870025
663874343
663879618
663889984
663897629
663898941
663912817
663933555
663978266
663991017
663995801
664002730
664026651
664035656
664039828
664047031
664054706
664061399
664061445
664065315
664078037
664083647
664089840
664096505
664130608
664135772
664141984
664155475
664156404
664157533
664159183
664168834
664172663
664178719
664191831
664193206
664193786
664195554
664198063
664202205
664210139
664226041
664227245
664227860
664227979
664229987
664233183
664239911
664266275
664285647
664329691
664331441
664331769
664342918
664350473
664360180
664364482
664395568
664397552
664408927
664423582
664425297
664436319
664440629
664440824
664448970
664460474
664464092
664468906
664506883
664522664
664532175
664566457
664575175
664575590
664577037
664593684
664598351
664617776
664632156
664644381
664720214
664729915
664730891
664734759
664740163
664741386
664769260
664770727
664813757
664818604
664820621
664825561
664846521
664857305
664894934
664925129
664932618
664932794
664946176
664957705
664958948
664974371
664985200
664994750
665019784
665020946
665022633
665043277
665045661
665056517
665070296
665085263
665088837
665088937
665098483
665112064
665152367
665158946
665174520
665175022
665177856
665190317
665197761
665205113
665205550
665210475
665236236
665269992
665274043
665281337
665284013
665289593
665290051
665305757
665305837
665310310
665321859
665333229
665338523
665357839
665359888
665360849
665363657
665366264
665372880
665374680
665377224
665384033
665402606
665407552
665410670
665426649
665429535
665439113
665450314
665458283
665460259
665460297
665464443
665467356
665469070
665472505
665512335
665523209
665524096
665531738
665532341
665552225
665583484
665601084
665629114
665657466
665662593
665669095
665673102
665678742
665684039
665684255
665684479
665696660
665707786
665713860
665714161
665726326
665726844
665736205
665738476
665750396
665767466
665771416
665772221
665780456
665785178
665785696
665793693
665797647
665803801
665813196
665815319
665822709
665841659
665842162
665863928
665876166
665887363
665902900
665912066
665914679
665921511
665932477
665949803
665957763
665978643
665979430
665984304
665984532
666000866
666013442
666015373
666016376
666021945
666052353
666058161
666063524
666067663
666101666
666104797
666110301
666117393
666121044
666136570
666144186
666169757
666178809
666199434
666203895
666214469
666217361
666219696
666225753
666228812
666241081
666241778
666247360
666315170
666331338
666355314
666360548
666368547
666393656
666396965
666410570
666419250
666424054
666425465
666432124
666440005
666444361
666460246
666472095
666473158
666475287
666484909
666494629
666496196
666498873
666501882
666507019
666511130
666512446
666520670
666543312
666545965
666549821
666555592
666577237
666589395
666593273
666609870
666611757
666621294
666633463
666635534
666639544
666639872
666659376
666661058
666677885
666694654
666713259
666743090
666772256
666789431
666791138
666815725
666855310
666860208
666872389
666919029
666919283
666945544
666954590
666961424
667023253
667058661
667069535
667087143
667110212
667111246
667166452
667177459
667210095
667214317
667221162
667233559
667247016
667251808
667258060
667259762
667262488
667264209
667264550
667285766
667289504
667310006
667331702
667342302
667343961
667372637
667373524
667411299
667428705
667435968
667438191
667440113
667441654
667441762
667447879
667449553
667459537
667462367
667479056
667483058
667497507
667498822
667506414
667514229
667520158
667521249
667524248
667530187
667535286
667540361
667577395
667591469
667594298
667598312
667613730
667629008
667638698
667644772
667654248
667654383
667662363
667663456
667688374
667710920
667721614
667730729
667752738
667758138
667759998
667770508
667784756
667794697
667819317
667824401
667827963
667838988
667851064
667851883
667863773
667865027
667866724
667876983
667882248
667885347
667910876
667917382
667934447
667943347
668015199
668022990
668027962
668070752
668078449
668089620
668131807
668168478
668169322
668179436
668182198
668200948
668208068
668210570
668217358
668219223
668219476
668231295
668232661
668234994
668240956
668254521
668259572
668261358
668270264
668323134
668327930
668333730
668337696
668355254
668356043
668368106
668396225
668401681
668422005
668429854
668438316
668444420
668447159
668467694
668475355
668485599
668486588
668489573
668505591
668514774
668517876
668531554
668571513
668583287
668589786
668612473
668616784
668618085
668632915
668635737
668640960
668652050
668655087
668706387
668710643
668713862
668722485
668727121
668730642
668736584
668750782
668766015
668769860
668774282
668791764
668797209
668850532
668853367
668854451
668880048
668880449
668885785
668886545
668898678
668923414
668941918
668943187
668943792
668966987
669024637
669030938
669033675
669036277
669037775
669048085
669060307
669063582
669087558
669104132
669108952
669148198
669148277
669154117
669177397
669196610
669199447
669233400
669236436
669244821
669262653
669277355
669297626
669298769
669305244
669312279
669314354
669362717
669384840
669392236
669392710
669408546
669408754
669456643
669472921
669479392
669479702
669484988
669497414
669510264
669558968
669558974
669561528
669576797
669587206
669594807
669595136
669606957
669619177
669642133
669644215
669660903
669684540
669697947
669718487
669736315
669760269
669770313
669788974
669791702
669839273
669843657
669847152
669847237
669847928
669853406
669854184
669864715
669864856
669868288
669876404
669877648
669904298
669904585
669904813
669912069
669912738
669914995
669916555
669918709
669919769
669948786
669976264
669978099
669993391
670003381
670009002
670061825
670076043
670089226
670089423
670105895
670111977
670125326
670152036
670167015
670171832
670173852
670183298
670206165
670225504
670234290
670235650
670264061
670282468
670284150
670284798
670301326
670315125
670322100
670326752
670352974
670358913
670367259
670372185
670408691
670412996
670415867
670415874
670425776
670429958
670431882
670446040
670457084
670467595
670471833
670478550
670498669
670501212
670511845
670514162
670532820
670549997
670560356
670567680
670583365
670585023
670593595
670595088
670595470
670599354
670609149
670611739
670614159
670640169
670642552
670651282
670663269
670697885
670714936
670728833
670734675
670771317
670778159
670781729
670784446
670808363
670814601
670816217
670823927
670870561
670888085
670890307
670909750
670913438
670932468
670933244
670957937
670966179
670979430
671000753
671004380
671016145
671021268
671027404
671028985
671036556
671038724
671041037
671046915
671058663
671062239
671068417
671083028
671102628
671104112
671132117
671140273
671148573
671156917
671195648
671209040
671210842
671218838
671231438
671232453
671265253
671270905
671282211
671286511
671287470
671301520
671344607
671345157
671357921
671365718
671366440
671384865
671386034
671393943
671401504
671411475
671416572
671417078
671423789
671424744
671440681
671458019
671474105
671483532
671484804
671485306
671505172
671534943
671581076
671594094
671594399
671599069
671635248
671640744
671643580
671650723
671656847
671663565
671679717
671680764
671682157
671684073
671687655
671688873
671693479
671697049
671707034
671725213
671744469
671744991
671782983
671798949
671802326
671816037
671861873
671870832
671884684
671893812
671904220
671910719
671915051
671918317
671928615
671932037
671934224
671944120
671966010
671973863
671993652
672001362
672008845
672019579
672030455
672033458
672037313
672049108
672052427
672053808
672063278
672068424
672074843
672079433
672079628
672080000
672088870
672096492
672098891
672101583
672117806
672118724
672127673
672133539
672144761
672165450
672169374
672176090
672187783
672188394
672192759
672193543
672205127
672214777
672219741
672221127
672228136
672229037
672230758
672230791
672237749
672238728
672242411
672245686
672266579
672268464
672289225
672290159
672296663
672299064
672312112
672314413
672325865
672335422
672351801
672370542
672372829
672373213
672374425
672375023
672377827
672382682
672386416
672416664
672441787
672454208
672461254
672467693
672484354
672485062
672498653
672503683
672505875
672522319
672555143
672571105
672599451
672600260
672610127
672681219
672689671
672689715
672705786
672714936
672717390
672721239
672724201
672734909
672754958
672766600
672783826
672786723
672808310
672869514
672888332
672896668
672896910
672897309
672900641
672915399
672951025
672958339
672966217
672978849
673026440
673056780
673067824
673070744
673077159
673082340
673088040
673118488
673129959
673145922
673159383
673179517
673189855
673191056
673195127
673204719
673209394
673217855
673232585
673237435
673239154
673246156
673267552
673269456
673278937
673286740
673330837
673342229
673350334
673353412
673361825
673379710
673383721
673391960
673393326
673394014
673396826
673411328
673414728
673419548
673428471
673435801
673437992
673457415
673459327
673467397
673498054
673506497
673508435
673514481
673514744
673524574
673532309
673553543
673563483
673572291
673572820
673573760
673595218
673595572
673635621
673658331
673663748
673668296
673670413
673675047
673678501
673688600
673695514
673703026
673732211
673734587
673760224
673783652
673787448
673789640
673798465
673801951
673811214
673839159
673847334
673894799
673924874
673938737
673941084
673944488
673949691
673957520
673965308
673967266
673976388
673985639
673992092
673993377
674001622
674018540
674028723
674037074
674048807
674055163
674084421
674087782
674096881
674114362
674119906
674124731
674151465
674166094
674168333
674177317
674181647
674204543
674206997
674212906
674215756
674222526
674225778
674231282
674257812
674259477
674261109
674266346
674280424
674292283
674297439
674305490
674307729
674316041
674336038
674338512
674339761
674343289
674351440
674352609
674354728
674359961
674373717
674386727
674387362
674394651
674397475
674400273
674400913
674421021
674426826
674440744
674443825
674447812
674449604
674466866
674488193
674499617
674502954
674514578
674514855
674516085
674517840
674521403
674535255
674550367
674581564
674600402
674627747
674631899
674635879
674648909
674654848
674689587
674691008
674692967
674751804
674774958
674800767
674806262
674825066
674827302
674829348
674861743
674866153
674884258
674888210
674902063
674904885
674936074
674942522
674948879
674956783
674962140
674977148
674978461
674982703
674999179
675001733
675050815
675077657
675080875
675092474
675102664
675121565
675138162
675153494
675154017
675190430
675194738
675212796
675247066
675250942
675264735
675299488
675299679
675311789
675327210
675330200
675342623
675362394
675373888
675395905
675406417
675408354
675429202
675433876
675468827
675491582
675505314
675510659
675535981
675549526
675572574
675579144
675594724
675610051
675615432
675628573
675644332
675664352
675690742
675696889
675711698
675713360
675722097
675727778
675744285
675752865
675791402
675792086
675799523
675799803
675802262
675807949
675818055
675830685
675842879
675859940
675909400
675909868
675914233
675920929
675929845
675941722
675955790
675957615
675968423
675986336
675986876
676000777
676003732
676022808
676030625
676053825
676074023
676076915
676091349
676100050
676108235
676113940
676114775
676122491
676140197
676148396
676173791
676189595
676203720
676203932
676225771
676239729
676264825
676276952
676279489
676286910
676292252
676303177
676355761
676357465
676371197
676378065
676385777
676412122
676428175
676430178
676430951
676440816
676449559
676461637
676489871
676490027
676498157
676517014
676525735
676526189
676550987
676569739
676574052
676602516
676615942
676626442
676628099
676636541
676639251
676641623
676641912
676647152
676660096
676664774
676667520
676671820
676672599
676673764
676674308
676691481
676700191
676715368
676746527
676750072
676765493
676767197
676790737
676801492
676803804
676806217
676813463
676816089
676817951
676818749
676831479
676837701
676863262
676863334
676867074
676878093
676888783
676889585
676903988
676919858
676931150
676945041
676951713
676973741
676979386
677000259
677001980
677018916
677020774
677032573
677042934
677048664
677050370
677052383
677060723
677068900
677075386
677082525
677095895
677099034
677133607
677140754
677162446
677166851
677175668
677186512
677219163
677262018
677271459
677319561
677330820
677333632
677348010
677369301
677371482
677379367
677390604
677391081
677395499
677397236
677405162
677426542
677428629
677432623
677433152
677435763
677436077
677454562
677459159
677479448
677480225
677487071
677490200
677531709
677533550
677536310
677541390
677550439
677569777
677572744
677597043
677606625
677609370
677614516
677654037
677656365
677662501
677664697
677692401
677699973
677702276
677710230
677738464
677740290
677741712
677743170
677743397
677760477
677792060
677794310
677801864
677815246
677824210
677842961
677869595
677891088
677904289
677920092
677920597
677931374
677933395
677942652
677949722
677950077
677979428
677982423
677996310
677997176
678002825
678003768
678028602
678048220
678050718
678052767
678055127
678078353
678079516
678087681
678093400
678112356
678116185
678136737
678146521
678147629
678158103
678162573
678171216
678171731
678176922
678192104
678194198
678199500
678211392
678234621
678249802
678261573
678279116
678301306
678317507
678330122
678343314
678348214
678349077
678353449
678358620
678367434
678382633
678409553
678416534
678455408
678455658
678459777
678467760
678469774
678471379
678476106
678488016
678506908
678516994
678523637
678523796
678523914
678534458
678574764
678587114
678603684
678608399
678609578
678627550
678628564
678629449
678632420
678634908
678636695
678655447
678664170
678677613
678683112
678691977
678700464
678704657
678707180
678708349
678713019
678718518
678721213
678722934
678723607
678733806
678734099
678745204
678789267
678790814
678800632
678823077
678834824
678859286
678869796
678876445
678877414
678895883
678907396
678924552
678937594
678955528
678955531
678959221
678965662
678992473
679027276
679033750
679050675
679074434
679100354
679105531
679105749
679112498
679128574
679129974
679139851
679164662
679175781
679188956
679191459
679203532
679205956
679210912
679217344
679251810
679253299
679260693
679260821
679299778
679302756
679302870
679311731
679315434
679323304
679359910
679393673
679401607
679413527
679418357
679439726
679463079
679473286
679480372
679502382
679516625
679538177
679544474
679548639
679551094
679553179
679568813
679610607
679617740
679618418
679619401
679634036
679636125
679658574
679659592
679674902
679698769
679699633
679737357
679738672
679751396
679752808
679785734
679786403
679791242
679792624
679806600
679811634
679830965
679831201
679843524
679850974
679853536
679856474
679858957
679881926
679891433
679893725
679908350
679931967
679934666
679951711
679961856
679980119
679981378
680020089
680037419
680046149
680057427
680080231
680084090
680089376
680099103
680111181
680112704
680114097
680118586
680126910
680138455
680141703
680171860
680175078
680178948
680185281
680186358
680187909
680195980
680202169
680225056
680227274
680233333
680255909
680257800
680259683
680269112
680270637
680276775
680318251
680322742
680322809
680355627
680361756
680393145
680402722
680418796
680419604
680434761
680468065
680472208
680476694
680490622
680506650
680537615
680542105
680548540
680551541
680560594
680567784
680570467
680572049
680573605
680578951
680596274
680620151
680624218
680641986
680659045
680676927
680681180
680684821
680697183
680698009
680701252
680707299
680713633
680730479
680733409
680736723
680739951
680742798
680744396
680780538
680789722
680799311
680806975
680810763
680825101
680826609
680850038
680875166
680883032
680898448
680911094
680912414
680927097
680942347
680956427
680959181
680966371
680973491
680976305
680982769
680992864
681023900
681024328
681024732
681070018
681081760
681087358
681097179
681107801
681122840
681143093
681161639
681209453
681222204
681222989
681233629
681234965
681246732
681276513
681281353
681285790
681294164
681302915
681307926
681311968
681312461
681337228
681341594
681347539
681348089
681362079
681365323
681373878
681381692
681403254
681415814
681426569
681434396
681462842
681469548
681483755
681492084
681494383
681506680
681512153
681516275
681519028
681522481
681541148
681541302
681542135
681547472
681559673
681564698
681574145
681600156
681605766
681628121
681630847
681636655
681647094
681650921
681664318
681677653
681691492
681696851
681697666
681705417
681715261
681721430
681723637
681731743
681741500
681750726
681758172
681767602
681797334
681809349
681819837
681835565
681856533
681859042
681862633
681892822
681898615
681899435
681902085
681921478
681922669
681942158
681953390
681953890
681957451
681959790
681996177
682002687
682006342
682024082
682029930
682032071
682051657
682057092
682076314
682085145
682086328
682104868
682112303
682125873
682158299
682164721
682182823
682190692
682195150
682199229
682199594
682203582
682244176
682245729
682266668
682268777
682272667
682283355
682287050
682296464
682313170
682322930
682343372
682349243
682363332
682371111
682395824
682397061
682417274
682420783
682456406
682457063
682460535
682464973
682489801
682499182
682525811
682556327
682559523
682562052
682566023
682576923
682594784
682620364
682630764
682640204
682645454
682651262
682651431
682673086
682676967
682694795
682697783
682701075
682704964
682732354
682737366
682754864
682756241
682761062
682770913
682777434
682781222
682783649
682784389
682787525
682787740
682789414
682789691
682798448
682808925
682929828
682932310
682939713
682962176
682967153
682982960
682989713
683004657
683010148
683013480
683016059
683029139
683029948
683044486
683063287
683066271
683068194
683071649
683095710
683100950
683119287
683134228
683143542
683149053
683154668
683157872
683164472
683169114
683178855
683179566
683185598
683191590
683204624
683220481
683225074
683233862
683242471
683258574
683263460
683264556
683266393
683271514
683284441
683285444
683300384
683314308
683314686
683339640
683340893
683342552
683346895
683360405
683366418
683369250
683379742
683382959
683388315
683390302
683395726
683404468
683407715
683409379
683416735
683432227
683439221
683440812
683442684
683449721
683452327
683463327
683464166
683467375
683488822
683552204
683565420
683596633
683596905
683598335
683603012
683614344
683617414
683628239
683635500
683654641
683660652
683663141
683671520
683672509
683678211
683706944
683712216
683750347
683752586
683764672
683779965
683785216
683791770
683798761
683826703
683837621
683841772
683860739
683878461
683887859
683891687
683905703
683934379
683938231
683963597
683970253
683997290
683999831
684000057
684000660
684007503
684008941
684010913
684032779
684034903
684035815
684035964
684037253
684045787
684050586
684053603
684058716
684080937
684089448
684091259
684099764
684108203
684111765
684162395
684163606
684176673
684178239
684190041
684211732
684228647
684229728
684245075
684253380
684254519
684263616
684301850
684303849
684304822
684313534
684313592
684334267
684363872
684365078
684367766
684399653
684401430
684401447
684406190
684409413
684409462
684442787
684447095
684463077
684482264
684488926
684489251
684489373
684492653
684507726
684523336
684524380
684538655
684545080
684553405
684553534
684565957
684578634
684589541
684595274
684598339
684601975
684604491
684635718
684639318
684655139
684666586
684668848
684675171
684704329
684706982
684729754
684784405
684792211
684801332
684858434
684872039
684877824
684878975
684884849
684885267
684891559
684903473
684904074
684911190
684921898
684921911
684932302
684939001
684950952
684970969
684983597
684992566
684999314
685019907
685030427
685040954
685043839
685064389
685069160
685087988
685105375
685106269
685158134
685161621
685165489
685167886
685168458
685171910
685180065
685199840
685209946
685212103
685219424
685256143
685263274
685272726
685281526
685293396
685296856
685307706
685318384
685325985
685334669
685340298
685346402
685357398
685374101
685376473
685381329
685401418
685428807
685452125
685453242
685455733
685469899
685477144
685483188
685488963
685492644
685508801
685522488
685544466
685549756
685553695
685557835
685565236
685574288
685575950
685577559
685591508
685601747
685619368
685628915
685636048
685645723
685646910
685656894
685660171
685710155
685716309
685725744
685743144
685775666
685790372
685808966
685809328
685812593
685814746
685834949
685835628
685845419
685845632
685860086
685860630
685865549
685870450
685871355
685897548
685904654
685906649
685945783
685946245
685962383
685997402
686002578
686006011
686017252
686021767
686029863
686031387
686042652
686055151
686059976
686074311
686075456
686076357
686086100
686090823
686098370
686101368
686101980
686106227
686123919
686140034
686149566
686154956
686185419
686194554
686196681
686200221
686204439
686216262
686217492
686221274
686251089
686274287
686274718
686276248
686296423
686303765
686306174
686308542
686349601
686357752
686367289
686368263
686373866
686374448
686383028
686385871
686391748
686393104
686414476
686421510
686421912
686433548
686441008
686462745
686466021
686482616
686500784
686503564
686519077
686525494
686568424
686579808
686585270
686587400
686602869
686612043
686654093
686658434
686665151
686677025
686687641
686697567
686723155
686735618
686753687
686754128
686765646
686778908
686810407
686826651
686829704
686851289
686868678
686884118
686886058
686890521
686896764
686903237
686951110
686963823
686974687
686977982
686992067
686993772
687015753
687038328
687045706
687049062
687074338
687077100
687082482
687087502
687121970
687124139
687133235
687151323
687154332
687155313
687181403
687184812
687208218
687212582
687220998
687228105
687234765
687234803
687238963
687248364
687255300
687255887
687261002
687268648
687291344
687309966
687319524
687330355
687337417
687342677
687359084
687408389
687416482
687431556
687447354
687450523
687463054
687467211
687491754
687501013
687509651
687545702
687567870
687593779
687595275
687597174
687619219
687637835
687649135
687649356
687658575
687671505
687687649
687698806
687705189
687709319
687720226
687734309
687743626
687747623
687748252
687761647
687767920
687774609
687784177
687826921
687836759
687844296
687862804
687868932
687907762
687923070
687924869
687934128
687937313
687955357
687968623
687971158
688026125
688050673
688072457
688073286
688086684
688100097
688102386
688106141
688108982
688111477
688111842
688121483
688124323
688133524
688152837
688158837
688164474
688171520
688177251
688187731
688202893
688213644
688216373
688217962
688225367
688226988
688247381
688253382
688282279
688287093
688328207
688330877
688360701
688361452
688404917
688406551
688412814
688450127
688460763
688474863
688485072
688503740
688513702
688516116
688527102
688537292
688540687
688585795
688597206
688607226
688608184
688611012
688617745
688632563
688643389
688647773
688671233
688686634
688702938
688709672
688710302
688715161
688722103
688723289
688737518
688743619
688769181
688769401
688781368
688787277
688794718
688799582
688819794
688826717
688832758
688838566
688845403
688853707
688859898
688863610
688865872
688912198
688943322
688945469
688953516
688955687
688956880
688961612
688970482
688978634
688988612
688990714
689002024
689002158
689028259
689038823
689042356
689047896
689050404
689054992
689074045
689103836
689126116
689137219
689155820
689170677
689176397
689188843
689189362
689191505
689211073
689214388
689238154
689244780
689245472
689262893
689264647
689272278
689273132
689277979
689311787
689319744
689346094
689358111
689362790
689367108
689382752
689385386
689389035
689394980
689398088
689402378
689402603
689432530
689443413
689466806
689478870
689493415
689493492
689515001
689519615
689524547
689525472
689550066
689582918
689583094
689583114
689595323
689608867
689609850
689609941
689614786
689623283
689626379
689637500
689644001
689652325
689658114
689659129
689661858
689668001
689672225
689692096
689694158
689699558
689710747
689722629
689722769
689724637
689728174
689729666
689738749
689747082
689751775
689784570
689789259
689804599
689814386
689818774
689829199
689842099
689860892
689866356
689868833
689875356
689889124
689893119
689901914
689908915
689914748
689944162
689946884
689947482
689949008
689953387
689973073
689975899
689980476
689992382
690019543
690024387
690035196
690039837
690054488
690061055
690065829
690075593
690096773
690105073
690120757
690133935
690152336
690159006
690184390
690193476
690194689
690202587
690237424
690243461
690248155
690258824
690287346
690294445
690296258
690298663
690310730
690314197
690317204
690327438
690345623
690348742
690352679
690359567
690360510
690364092
690368161
690373125
690387292
690393386
690417291
690418083
690430376
690431178
690448129
690448550
690450300
690452436
690467344
690467535
690471881
690479842
690480957
690494477
690504860
690548869
690552907
690555084
690567683
690579380
690607596
690650259
690672279
690694360
690714314
690761239
690774961
690776062
690781296
690790976
690803687
690811875
690822284
690823537
690824533
690832888
690834962
690838123
690848939
690895589
690920694
690934071
690937187
690945652
690948176
690951660
690952535
690959672
690974705
690996552
691010352
691022453
691040655
691046921
691059160
691126207
691132725
691141126
691155093
691161171
691170613
691179434
691194163
691208844
691213683
691213953
691262861
691274388
691276109
691289353
691292022
691314875
691317213
691322678
691329092
691383604
691393447
691424237
691447966
691458800
691470708
691482765
691485677
691486216
691508186
691538655
691539573
691539793
691541032
691554780
691560545
691597178
691601582
691616022
691621550
691629843
691635404
691636746
691636991
691643638
691657043
691658287
691746683
691755861
691756173
691759701
691767175
691781677
691785918
691788446
691802907
691841523
691846621
691865387
691875602
691878182
691882328
691891686
691895712
691901858
691908775
691924816
691929267
691931246
691933903
691946260
691952942
691966216
691985073
691989971
691991843
691992204
691995554
691995650
692000095
692003808
692010817
692020101
692022456
692030962
692042472
692042701
692068467
692072846
692082186
692090598
692092052
692123827
692126325
692141936
692143426
692167743
692173982
692179893
692180444
692194167
692197327
692206126
692219973
692236171
692237493
692245691
692247159
692251138
692293492
692305942
692314261
692320461
692336682
692354862
692358147
692363566
692375722
692377780
692412104
692420787
692436348
692443174
692452834
692468262
692485321
692485843
692491292
692513722
692516061
692598650
692601362
692625689
692630243
692634371
692637148
692641443
692646932
692664715
692676331
692679215
692680620
692699737
692700167
692706123
692727856
692755865
692758786
692781617
692784401
692791636
692798638
692810085
692828437
692856572
692864768
692882860
692893553
692896029
692914708
692914863
692936054
692948429
692951928
692972202
692975468
692982031
693014094
693021146
693027413
693028447
693042999
693058961
693061281
693079764
693094560
693110948
693116214
693139638
693144355
693155525
693160135
693167793
693189920
693195703
693209758
693218667
693222298
693231244
693237624
693238054
693256937
693286530
693290543
693293284
693294418
693301207
693339444
693345360
693350198
693358980
693362340
693367494
693372526
693393946
693398772
693405642
693405789
693431730
693438408
693439643
693451029
693456924
693468495
693469578
693478103
693498126
693505036
693536092
693540519
693557578
693559436
693567681
693579928
693588815
693617750
693626127
693626708
693641552
693645992
693660147
693665940
693676317
693682918
693715531
693726036
693741994
693783499
693791210
693807479
693809393
693818434
693821021
693825295
693830771
693839548
693854239
693858104
693862103
693867504
693868038
693875349
693883786
693925714
693934221
693951698
693963535
693974722
693976452
693983767
694009250
694027343
694027594
694028319
694036225
694061318
694081226
694086663
694106332
694114253
694134214
694152100
694152759
694153604
694169826
694212870
694262853
694272519
694282375
694282972
694284577
694286091
694293644
694319473
694320711
694329052
694334819
694341866
694347221
694347590
694360586
694381275
694383567
694412419
694414141
694428647
694438313
694443040
694445199
694459029
694472042
694510738
694517966
694526482
694534785
694560251
694593689
694606114
694670088
694693125
694718997
694730672
694741503
694742953
694746185
694749248
694762885
694773756
694777193
694784849
694794146
694805752
694805972
694817667
694823870
694829483
694881353
694893053
694903997
694916595
694924314
694945463
694952961
694962761
694997320
695016219
695029127
695050963
695066296
695096317
695124602
695132651
695133973
695143761
695150475
695182679
695187736
695193222
695197704
695204487
695204777
695249790
695251974
695257615
695271789
695284912
695294683
695299002
695316360
695323939
695335241
695336216
695353540
695357006
695362351
695373885
695374662
695391219
695401659
695415354
695428482
695440295
695445464
695455926
695465534
695479504
695480957
695481033
695482290
695484635
695495560
695498007
695503481
695503812
695521308
695523326
695525335
695530391
695533308
695549227
695553626
695553944
695554721
695585632
695600001
695605260
695605942
695614489
695619414
695646438
695651121
695660586
695684163
695685064
695693540
695709274
695710076
695717279
695728121
695744056
695749006
695749857
695753413
695760433
695766450
695775155
695783797
695788059
695794909
695806146
695812276
695816902
695825346
695829972
695854788
695881647
695894248
695904989
695921614
695932853
695954519
695964486
695971306
695972310
695994771
696000567
696017891
696036982
696038879
696046108
696079908
696090747
696096471
696097701
696110044
696113144
696113991
696121462
696157933
696162523
696189039
696205418
696215678
696231008
696243184
696265047
696281978
696284692
696285861
696300619
696303052
696307186
696311073
696314274
696339269
696347880
696379892
696391844
696392568
696406024
696413325
696416909
696420568
696448210
696455516
696512364
696534276
696538827
696562519
696580351
696586871
696640785
696652610
696682042
696713920
696727966
696733426
696738557
696749795
696758997
696773105
696778190
696781084
696781278
696783251
696799085
696819579
696819984
696862168
696872050
696879590
696890894
696893472
696909304
696926510
696932245
696936617
696949609
696950783
696985380
696993920
697033495
697074694
697075318
697086630
697139777
697157664
697161818
697170274
697178895
697182086
697185755
697186342
697199434
697214093
697221916
697254442
697265190
697272997
697273970
697282811
697285849
697306096
697310525
697312755
697313493
697320113
697346885
697364030
697368647
697376376
697382591
697391977
697421974
697429982
697464527
697468290
697468712
697476983
697484137
697485534
697489837
697494952
697506925
697513481
697516545
697523969
697525481
697548785
697551211
697551943
697560210
697569187
697569945
697570853
697579936
697581663
697587536
697597593
697600360
697602864
697605441
697606346
697614369
697619442
697620701
697626438
697629413
697631640
697632317
697648603
697651493
697658602
697660847
697661218
697700212
697706477
697731511
697733229
697736080
697758605
697763162
697767728
697772870
697779636
697793632
697799453
697808167
697815643
697818625
697819969
697821665
697822395
697847705
697853149
697862712
697866530
697868535
697909366
697918898
697950626
697956506
697995683
698022194
698022253
698027006
698036700
698046559
698052600
698057211
698063084
698071060
698072354
698098282
698113619
698123611
698126747
698138819
698141392
698149562
698157324
698161580
698162646
698171217
698176638
698177262
698200304
698201354
698208218
698220433
698245046
698246259
698247303
698254174
698279522
698280887
698286230
698309579
698314330
698317651
698341208
698356117
698365677
698372131
698373762
698385180
698390006
698396346
698416715
698457993
698471853
698473738
698476920
698480743
698486963
698495999
698503607
698518972
698528907
698533018
698540096
698546381
698548476
698653489
698654179
698658819
698658922
698659986
698661259
698662290
698668010
698669364
698691857
698702680
698708605
698718830
698760123
698761202
698786077
698800482
698809402
698827569
698827873
698833863
698834847
698835671
698837627
698847522
698858199
698860153
698898937
698899688
698904833
698916608
698917162
698918056
698952711
698957858
698994936
699003605
699008446
699020557
699023559
699029003
699049029
699065188
699069030
699072672
699103964
699124186
699126059
699133300
699156850
699189004
699206248
699207254
699233755
699245504
699257318
699296499
699299697
699326835
699352989
699361371
699365909
699373319
699384023
699401719
699402093
699403812
699422085
699423625
699448884
699461646
699464300
699488615
699489720
699490478
699500471
699510051
699512598
699518899
699532036
699554797
699555760
699560728
699576584
699577379
699584072
699586609
699590204
699592701
699622313
699624341
699640717
699644434
699646440
699649701
699660767
699663113
699684503
699685349
699687003
699687005
699713074
699720100
699727472
699744366
699755647
699762929
699776896
699788680
699795531
699798974
699803071
699810238
699811614
699814241
699815308
699816861
699849415
699860175
699863234
699898133
699909964
699915240
699921737
699929620
699929759
699930898
699934345
699939373
699940206
699948248
699950750
699963651
699968351
699970369
699972172
699979874
700004432
700011154
700014337
700015996
700016222
700028729
700039133
700041137
700044327
700047383
700061124
700082966
700095564
700095739
700096336
700102502
700102733
700104428
700112066
700112326
700119028
700146698
700175705
700204608
700208437
700213094
700219438
700246666
700248346
700258138
700262740
700269261
700276150
700277888
700299252
700342340
700358907
700373445
700400237
700406328
700406403
700420247
700421217
700424215
700431646
700448556
700469010
700479811
700485927
700495123
700506618
700510417
700521869
700526030
700562398
700574039
700578323
700579565
700580349
700582645
700582934
700589048
700593232
700600553
700607511
700609007
700612489
700617545
700621978
700627753
700628367
700633726
700636865
700641781
700657124
700685422
700698688
700701319
700702797
700705474
700723967
700738917
700766980
700778803
700783909
700836034
700837058
700853959
700859250
700886141
700887214
700901702
700918728
700934057
700953446
700960084
700976766
700991172
700997003
701002238
701037445
701039414
701046942
701053637
701059505
701060110
701069405
701089125
701092565
701125447
701142265
701144315
701165201
701177762
701188093
701194759
701203339
701222525
701236383
701239462
701239766
701243630
701262254
701288934
701292534
701296057
701326725
701339493
701344911
701345158
701352597
701355905
701364325
701385457
701397481
701400498
701459056
701462470
701463631
701474868
701478513
701498774
701505965
701519454
701526346
701539778
701540081
701562861
701568304
701577280
701588443
701608181
701616414
701636402
701638285
701642254
701646472
701652552
701671939
701690581
701701095
701708653
701738145
701745678
701754037
701761478
701789685
701812435
701812597
701855642
701871319
701876261
701909584
701918811
701923934
701926070
701949849
701955164
701968356
701975084
701990826
701993487
702001577
702006375
702013558
702041029
702052069
702052763
702056211
702068631
702079243
702092446
702100194
702106731
702111038
702120205
702145814
702184134
702195288
702199736
702201773
702205962
702216023
702216919
702218812
702244826
702245086
702245519
702274316
702289235
702290938
702294659
702296643
702302350
702303513
702315011
702325012
702363673
702373161
702390333
702401552
702411093
702419882
702424935
702462832
702470538
702472307
702481301
702491290
702507067
702512629
702515021
702526365
702529896
702565165
702568743
702569487
702572518
702574738
702576283
702582074
702594777
702599554
702612466
702620011
702627472
702629164
702629433
702630526
702633914
702640496
702654707
702656861
702690632
702701371
702723097
702736338
702740105
702752355
702782940
702783125
702783419
702789726
702798565
702822209
702826274
702835602
702837718
702838408
702849349
702861465
702868776
702874935
702907265
702929112
702961255
702964799
702973320
702980129
702997085
702997504
703014084
703030886
703049269
703052094
703060932
703062512
703062771
703067188
703106643
703114253
703115871
703128326
703146439
703159445
703161093
703208035
703208770
703214551
703218826
703239332
703243383
703247897
703265731
703282945
703298621
703306516
703318967
703321080
703328087
703335574
703380322
703398770
703412757
703415201
703418814
703451026
703460213
703474641
703507725
703509254
703514866
703515641
703524189
703535392
703535827
703575153
703602262
703615764
703627028
703639347
703683441
703687197
703711034
703756816
703764685
703772017
703793845
703804341
703832779
703833421
703840743
703840935
703846571
703869684
703882824
703893957
703902222
703903598
703910096
703912131
703927166
703972942
703982247
703983994
703988646
704008937
704034127
704039565
704039637
704040698
704042310
704060744
704071771
704076678
704078418
704080994
704098823
704099593
704106538
704108068
704113572
704130361
704133473
704144254
704157856
704160473
704168376
704177471
704182778
704185502
704192143
704204796
704221966
704225465
704251249
704268640
704269161
704276066
704276258
704284407
704294838
704296329
704307938
704310232
704320035
704349180
704353921
704369112
704384014
704395764
704397868
704402935
704419718
704419844
704423179
704430306
704442431
704477001
704490412
704505367
704507829
704511256
704521240
704525988
704530079
704535273
704572744
704578544
704618821
704634792
704642928
704651907
704655361
704656903
704661251
704668885
704671078
704684836
704687293
704691865
704692757
704711311
704718687
704721042
704724690
704756845
704771923
704777769
704782571
704828034
704832160
704843579
704847631
704854693
704874035
704903926
704907843
704911538
704922684
704935429
704937079
704938844
704963478
704970075
704978598
704986870
705012376
705028844
705036586
705056311
705064830
705084576
705098776
705115188
705130905
705141160
705153383
705159753
705162549
705172531
705181575
705194031
705195655
705205804
705209719
705226184
705227244
705250780
705275980
705282833
705288580
705294718
705304814
705327807
705331501
705340688
705357882
705383186
705385485
705386266
705390713
705416546
705429429
705439431
705453306
705456570
705468894
705476379
705494743
705502091
705516263
705526371
705529683
705550716
705557582
705557860
705578062
705579973
705587957
705598206
705608480
705618221
705618375
705640763
705656685
705662967
705688731
705740948
705765274
705778845
705788707
705801339
705809492
705810888
705817317
705831729
705840608
705843656
705857294
705888549
705889552
705889865
705910273
705911115
705911645
705922731
705946985
705949273
705953360
705961945
705962233
705976899
705982748
705984578
706016657
706033027
706033748
706038271
706048398
706100686
706107118
706115835
706131365
706146752
706149858
706154236
706154774
706155530
706156342
706161726
706195199
706223260
706223472
706224270
706231044
706233578
706235175
706244513
706253708
706262657
706267705
706278245
706279268
706310551
706314436
706314860
706317855
706319285
706322565
706326355
706327048
706350718
706355392
706357887
706362578
706362818
706363353
706389930
706394969
706396898
706405175
706406257
706415567
706432319
706439075
706447959
706469141
706474400
706481453
706495953
706501290
706502211
706507242
706507849
706512152
706515037
706582157
706615140
706631276
706636302
706637904
706641807
706673953
706735618
706737186
706765431
706775479
706781042
706823480
706827004
706841544
706859243
706861208
706868309
706878556
706878619
706912024
706919181
706938780
706942789
706954185
706959695
706973826
706975114
706978996
706985301
707004288
707005942
707030620
707044286
707052377
707060488
707066140
707069563
707081108
707082314
707085058
707087154
707099922
707123808
707137367
707140933
707144651
707145976
707161858
707166280
707172624
707179751
707194501
707202849
707203096
707206246
707227841
707231429
707238921
707246367
707289203
707329957
707339740
707339917
707341401
707344827
707345425
707355978
707362651
707366014
707366618
707399939
707423957
707435088
707437342
707445704
707461728
707463504
707471089
707474741
707481856
707483178
707496448
707551843
707552973
707567506
707573431
707578779
707579785
707594661
707597897
707600589
707609637
707611929
707618860
707619711
707626051
707630885
707640379
707646851
707660940
707684049
707709994
707712752
707718341
707718563
707721053
707739394
707742832
707765653
707776513
707788579
707823275
707861243
707887869
707890496
707897791
707912276
707912459
707949425
707966898
707973909
707981483
707993399
708023405
708036535
708038684
708047665
708053160
708115052
708117584
708133149
708153699
708156143
708159201
708161923
708183293
708193459
708194153
708208240
708216255
708222137
708224072
708224787
708237037
708243814
708252621
708254763
708258736
708263683
708274855
708283485
708287333
708338533
708349981
708354253
708361799
708375237
708392638
708395588
708421615
708447004
708452735
708454175
708460506
708462068
708466877
708471671
708505787
708517498
708535854
708536601
708568483
708569429
708593505
708625262
708632579
708635396
708661161
708673268
708688946
708708057
708727205
708727380
708732333
708741913
708744164
708781523
708783167
708785273
708791698
708798782
708811230
708818120
708819658
708831842
708857200
708878372
708902045
708904230
708905488
708911906
708918938
708925305
708949954
708956486
708961343
708974554
708985244
709007064
709015747
709024862
709027709
709037417
709037603
709048066
709048467
709086270
709094901
709101606
709115542
709121411
709137395
709141096
709142739
709196948
709217561
709236742
709247733
709296613
709297520
709297673
709344431
709352969
709358640
709366178
709376348
709376891
709382175
709393174
709394753
709399013
709422504
709444649
709444941
709460403
709469605
709470282
709471957
709474657
709480654
709489523
709498008
709500440
709503340
709518111
709531409
709536771
709557401
709573030
709577099
709579887
709586592
709597683
709602896
709611197
709613337
709657137
709670447
709675379
709703730
709706812
709709934
709714977
709750866
709751638
709759107
709759461
709769381
709775523
709780221
709787446
709788040
709834308
709834345
709856583
709872324
709894328
709895028
709923317
709933190
709981153
709983122
709990744
710017170
710028097
710034589
710035686
710057333
710060090
710082870
710088572
710095781
710099585
710118666
710118798
710122527
710129810
710132707
710134000
710140310
710154111
710159879
710160236
710168057
710176897
710191563
710213465
710216673
710219085
710227830
710247949
710249165
710268930
710280070
710283016
710302994
710305606
710311445
710314624
710350540
710354024
710357977
710363568
710366244
710368967
710392003
710397628
710398045
710398816
710424723
710451920
710453384
710459641
710459763
710460092
710471248
710472012
710481406
710510455
710517224
710526257
710528494
710541295
710568573
710570312
710571320
710596070
710600948
710610556
710618838
710658365
710664660
710665623
710691163
710696989
710702049
710709146
710760123
710768982
710775411
710785761
710794932
710794982
710795581
710811213
710814038
710872172
710872395
710880207
710926292
710942576
710943270
710960057
710964218
710999228
711005652
711011626
711033792
711038495
711042351
711053309
711069372
711073607
711075533
711077213
711097190
711102589
711117127
711128227
711128499
711143586
711148917
711152654
711155712
711160420
711162694
711183313
711188223
711192400
711192621
711207561
711209000
711234353
711239469
711242464
711266215
711276312
711284020
711291239
711298298
711304092
711332629
711345940
711378589
711382408
711383243
711383356
711385380
711397543
711411705
711438646
711444951
711448377
711449025
711474188
711479743
711489822
711493854
711527016
711527127
711530120
711531758
711537854
711552015
711568253
711570887
711579195
711594186
711596965
711619224
711619646
711621744
711632954
711638208
711645032
711659746
711670865
711687047
711705541
711714636
711724296
711731140
711735694
711738879
711741105
711742722
711749913
711757765
711767956
711789341
711809857
711825253
711831715
711833234
711843794
711859737
711866823
711868221
711873556
711882576
711890971
711891169
711903042
711910710
711913140
711928384
711939114
711951773
712004191
712014257
712019960
712069566
712069664
712070179
712071748
712074588
712082407
712088234
712090754
712102134
712105376
712110580
712137972
712157486
712157666
712160154
712170386
712174395
712200644
712205089
712207148
712207686
712208072
712209027
712219466
712219569
712230867
712231213
712246204
712272496
712290419
712305057
712314334
712335159
712344257
712346802
712347714
712380565
712403214
712406313
712449433
712449753
712498091
712500917
712503460
712518966
712530045
712534751
712541839
712542973
712545654
712553356
712560301
712565767
712568778
712578265
712580027
712592153
712611701
712619264
712630436
712634093
712670756
712673463
712710504
712711574
712712466
712741250
712749049
712790212
712800784
712811742
712812050
712812673
712819064
712822698
712842805
712888736
712898644
712911435
712948124
712955369
712999917
713006088
713009312
713018873
713028975
713029605
713053599
713090135
713090611
713096247
713096819
713123258
713162943
713165266
713169330
713175269
713177751
713186085
713193677
713195510
713214551
713214940
713221283
713237837
713241457
713245519
713249396
713255291
713255813
713265348
713267460
713277503
713308073
713309804
713324565
713328991
713355197
713363647
713379814
713394229
713415538
713415743
713428114
713432579
713445241
713460907
713475404
713491879
713492039
713500171
713501852
713521589
713521627
713530593
713537922
713561648
713570415
713594934
713606580
713610878
713623179
713657048
713680452
713682756
713701748
713708270
713714393
713720530
713722253
713726939
713742213
713754208
713771289
713775613
713794233
713839382
713862267
713865886
713880466
713883405
713905778
713919595
713920061
713937395
713951820
713960916
713991217
714006376
714029563
714032736
714042351
714059333
714068617
714069160
714078795
714103992
714116129
714120236
714134374
714161118
714161138
714170835
714172396
714173592
714186458
714191144
714204365
714254381
714259022
714267140
714269789
714285665
714299607
714307551
714315213
714323399
714325393
714331119
714336554
714337377
714346220
714359440
714366734
714395763
714406254
714437926
714439268
714446908
714466481
714470313
714473561
714482408
714483216
714489209
714498895
714500179
714541806
714542383
714545610
714556488
714568448
714588421
714600348
714601255
714623817
714629957
714652326
714688234
714704085
714712229
714720980
714721905
714733564
714734059
714737919
714739333
714741676
714746408
714753310
714757193
714769650
714770157
714770393
714778003
714789102
714792318
714797109
714807666
714812544
714815418
714821223
714823494
714830955
714844359
714850558
714860376
714867668
714902513
714922100
714942720
714966219
714967377
714976115
714985486
714993668
715011441
715016386
715036627
715060156
715065240
715074886
715077552
715079229
715084828
715085105
715090889
715093481
715117212
715123884
715138570
715140575
715162722
715170580
715175456
715177612
715183849
715216446
715222071
715248502
715261585
715263095
715267835
715294081
715295951
715301334
715303981
715337880
715397820
715401130
715406587
715407868
715447928
715471396
715514968
715531821
715535266
715550051
715555029
715561086
715565754
715578412
715587971
715592993
715602264
715608948
715615978
715642219
715646786
715647484
715655776
715676000
715678341
715679245
715688649
715705029
715710232
715710647
715711580
715723776
715728913
715729630
715732911
715751276
715755602
715760900
715770464
715770725
715772973
715785179
715787351
715787805
715812765
715827338
715836556
715858581
715872229
715907223
715916035
715924406
715932181
715947209
715971966
715972972
715976580
715988221
715989256
715993003
716002942
716007873
716012904
716031391
716064809
716123694
716138164
716157858
716176411
716201242
716220996
716231161
716250560
716269929
716274292
716275309
716275797
716281602
716291534
716303028
716303665
716320770
716326964
716330403
716337954
716353367
716359962
716369852
716373148
716375267
716375395
716383232
716386146
716437520
716448095
716450320
716452152
716481237
716493530
716513645
716514407
716521991
716532203
716555646
716558149
716618776
716624219
716644097
716671721
716689093
716694681
716728467
716731870
716749515
716757271
716790593
716797231
716797410
716821674
716833584
716841667
716841994
716843053
716850112
716850270
716854221
716860682
716872537
716873198
716887600
716889372
716906801
716914423
716922999
716929279
716933109
716938394
716944435
716962535
716980947
716981696
716990466
716993585
716996260
717000224
717021157
717022605
717028084
717040114
717043020
717043508
717066547
717075945
717079200
717087257
717096652
717097721
717105051
717109362
717117529
717125852
717167103
717169408
717170162
717175088
717180479
717190697
717202596
717215300
717257075
717260998
717261057
717262998
717265723
717271123
717272778
717274954
717296476
717296572
717303020
717311287
717333351
717333716
717335266
717337869
717342699
717379144
717379742
717383644
717389529
717399254
717402643
717412213
717417045
717432003
717434848
717435479
717438276
717447319
717483132
717496582
717502114
717513953
717530036
717533791
717554848
717590604
717592368
717594507
717597578
717601347
717636910
717681620
717683821
717689312
717697326
717706670
717725278
717726982
717732375
717742974
717747208
717790499
717794771
717794856
717800950
717806599
717845257
717854097
717871177
717881569
717886583
717903057
717905263
717947524
717955168
717959698
717971241
717974620
717984596
718002692
718024938
718029935
718034779
718042990
718045904
718049683
718060372
718062704
718069498
718074931
718096268
718146243
718167308
718174184
718179538
718194654
718230788
718272833
718275128
718280943
718282274
718295640
718303895
718322669
718328912
718334395
718342023
718343713
718344524
718356932
718361331
718370446
718377591
718394296
718395141
718398826
718410006
718421711
718452106
718462319
718472996
718474201
718496202
718517473
718521621
718530492
718533337
718533751
718547604
718569851
718571376
718573545
718582693
718582906
718583682
718607726
718609021
718628219
718630225
718634793
718635566
718637171
718638204
718657285
718660008
718660312
718665114
718673556
718682467
718686627
718696654
718703650
718712664
718726684
718730087
718735211
718743319
718764560
718776623
718777405
718782496
718784529
718797413
718812898
718816833
718816853
718829232
718833116
718854957
718870044
718888539
718897537
718897952
718898854
718912528
718913080
718917245
718918117
718951480
718962702
718964951
718965985
718978806
718985268
719012465
719022730
719030216
719035780
719062343
719085437
719093679
719107735
719131109
719141951
719144094
719149443
719163525
719166305
719182843
719185140
719190081
719194772
719202050
719205510
719208126
719224820
719233661
719284612
719284785
719285453
719289173
719291593
719319444
719320779
719322128
719322395
719329005
719342733
719350870
719351557
719370942
719432753
719437194
719445493
719446149
719470868
719476638
719478916
719482756
719514491
719518219
719526516
719532438
719533298
719537565
719544214
719554827
719568823
719570468
719573412
719604366
719641952
719654123
719670588
719692109
719695721
719724659
719755342
719765601
719786686
719787309
719790809
719791839
719826962
719834243
719840232
719840973
719867451
719878924
719901869
719912263
719914121
719920497
719932444
719959632
719998709
720022052
720049273
720055659
720058268
720066591
720068371
720068875
720071561
720100115
720100314
720101825
720125107
720148956
720152092
720157996
720175100
720178508
720179561
720183924
720197240
720198173
720199154
720206893
720227509
720237797
720249558
720283191
720331644
720333248
720345072
720372047
720375186
720399101
720409388
720418122
720430115
720432079
720441115
720444085
720460915
720465490
720489859
720500375
720503827
720525006
720537361
720574808
720576058
720637097
720651179
720651295
720663449
720678216
720694512
720701643
720702787
720709419
720710196
720725816
720745233
720760222
720765136
720766873
720769071
720790230
720798428
720800674
720804184
720814262
720848673
720849217
720857244
720871671
720883087
720891147
720905072
720934509
720941322
720944868
720949491
720951100
720952488
720954213
720968822
720992503
720992699
721002224
721019635
721060857
721088063
721109658
721113132
721138359
721146370
721152237
721191424
721198638
721219869
721254754
721260531
721264295
721286766
721286914
721303528
721322856
721331437
721343353
721367783
721399627
721447954
721466633
721491359
721511740
721515663
721539167
721555375
721575483
721592412
721634908
721656182
721675291
721716996
721718305
721737673
721755797
721759567
721762619
721766406
721771824
721775740
721802467
721804916
721830502
721855901
721863653
721873887
721898055
721906899
721929005
721929731
721937938
721940985
721947922
721953423
721977233
721977247
721981640
721981782
722052081
722056751
722057446
722060782
722070474
722076837
722077779
722090718
722101632
722103959
722107258
722108429
722115380
722126794
722138841
722141613
722143424
722190945
722194510
722203374
722203636
722230777
722231595
722237265
722238210
722243056
722244173
722249496
722259115
722271813
722283577
722299135
722305284
722317682
722319990
722321475
722323482
722334560
722346219
722352114
722353383
722357314
722379337
722386171
722391465
722395269
722415620
722428860
722432460
722432866
722433298
722451920
722455177
722456440
722462833
722494137
722510542
722523150
722523196
722526972
722534147
722542679
722548698
722549935
722583736
722587737
722592771
722595090
722606250
722627592
722637973
722644515
722647138
722656550
722661437
722671733
722690753
722703694
722706600
722729658
722732715
722733977
722747166
722761849
722768124
722788029
722803425
722854129
722859784
722865372
722872885
722891969
722911419
722923539
722924023
722933294
722954539
722959915
722967716
722968638
722985885
722987284
723004862
723005393
723013309
723018788
723051617
723061013
723061574
723076931
723080973
723082419
723088970
723097194
723121111
723123953
723132420
723174585
723180101
723189026
723211179
723219199
723233271
723241217
723250566
723283385
723305405
723325337
723327038
723327303
723338180
723342231
723343508
723368572
723386451
723395723
723397818
723398889
723408912
723419919
723421192
723422236
723480864
723484372
723495393
723513108
723524323
723547503
723564049
723576400
723586172
723590301
723595266
723599292
723609744
723611365
723615408
723616934
723617504
723629280
723633553
723649814
723685400
723690089
723690597
723697512
723707705
723730305
723730480
723732210
723735864
723745054
723755110
723794991
723796788
723799824
723816089
723820656
723821646
723822690
723829021
723840029
723844785
723863595
723883076
723916376
723918060
723919410
723922766
723935715
723945530
723947085
723953924
723954056
723959698
723965713
723972273
723994021
724012110
724045906
724053347
724053958
724054214
724069042
724077760
724102322
724103762
724106966
724136429
724151903
724157432
724194623
724205275
724206207
724221008
724236247
724242110
724253503
724256901
724265496
724281919
724288800
724293010
724293197
724302769
724324142
724329427
724332129
724337418
724344514
724348717
724351771
724366103
724369040
724369783
724382012
724399934
724403694
724411026
724411125
724412512
724429250
724429492
724437646
724440126
724446002
724474642
724501644
724545190
724549035
724552360
724558046
724562729
724567496
724616275
724623387
724634231
724644315
724652133
724658317
724658818
724659340
724661102
724675150
724676926
724680336
724681445
724691912
724702036
724713731
724714657
724740724
724747055
724748262
724756738
724768556
724769080
724793569
724797571
724802046
724808360
724811427
724816207
724817771
724819873
724841832
724843354
724843943
724851822
724852234
724864257
724886676
724922154
724932304
724942049
724942137
724951406
724957608
724960461
724964479
724978314
724997831
724998675
725004769
725017419
725024626
725028184
725030168
725061082
725064922
725100200
725101411
725102202
725118817
725133309
725136947
725143884
725185899
725215318
725223755
725230989
725251704
725259207
725288087
725288851
725313063
725317059
725334716
725354339
725354514
725356298
725361699
725363605
725364075
725373972
725390174
725393066
725405308
725429484
725430072
725430649
725450997
725466223
725466344
725475849
725482117
725484975
725490327
725499641
725515364
725534456
725535439
725563041
725568823
725569363
725577455
725585966
725592344
725608821
725637000
725640792
725649676
725652863
725671568
725692213
725716801
725717119
725740376
725744354
725746780
725756843
725758050
725760126
725774753
725779145
725783008
725792344
725809533
725830877
725844730
725846758
725847533
725850081
725872626
725920881
725921412
725933023
725955613
725956571
725963957
725974943
725981381
725982233
725984477
725987318
726006797
726011351
726016534
726018344
726053945
726084807
726099616
726127782
726137237
726159439
726177726
726179581
726194806
726222984
726224761
726240052
726242316
726247270
726247696
726284310
726285995
726303518
726315062
726317200
726319043
726326958
726333286
726346216
726369472
726373084
726377439
726378310
726378396
726396607
726430446
726435313
726439861
726441510
726444987
726456047
726465823
726492762
726515290
726516491
726537926
726539421
726550084
726551675
726556075
726559162
726583115
726587569
726588751
726604957
726618854
726626433
726628322
726630121
726631294
726638838
726642696
726647899
726676015
726680849
726681537
726695336
726698234
726705845
726710700
726722895
726724902
726731462
726734069
726737273
726764423
726770794
726775561
726778843
726794934
726798253
726810340
726841130
726843176
726852190
726854594
726861820
726868790
726872289
726881577
726904711
726909268
726912258
726921094
726925461
726935686
726947557
726952144
726963335
726979604
726993670
726995705
726996919
727003620
727017517
727030064
727036981
727042796
727065928
727083217
727091729
727112885
727118278
727129866
727161161
727163798
727167400
727186490
727186931
727194701
727204069
727205286
727208418
727209911
727216232
727223174
727229935
727235771
727241128
727250602
727252009
727257511
727282844
727284765
727287106
727293209
727301366
727314479
727319443
727322658
727354175
727359496
727360763
727384725
727386939
727407513
727409597
727413605
727456098
727464950
727477840
727488775
727492156
727499699
727500494
727502405
727504884
727507781
727551174
727553122
727562135
727564499
727568949
727598561
727603198
727630834
727640405
727652513
727677583
727687431
727689458
727692114
727702189
727751166
727760898
727776576
727779921
727784250
727788520
727789129
727815255
727839386
727844243
727864240
727868599
727869517
727880543
727924640
727935758
727945684
727952118
727972853
727974303
727975761
727995899
727998333
728001453
728005274
728005974
728017685
728037356
728047242
728047553
728116325
728120203
728123887
728135122
728140451
728150118
728152022
728164255
728202160
728208945
728218736
728221376
728222772
728227337
728232775
728237013
728238850
728248150
728260734
728264469
728264473
728274418
728279614
728329331
728337771
728348766
728379253
728380355
728401635
728405165
728422816
728447358
728448936
728449710
728469648
728489064
728495868
728521367
728541446
728559663
728589600
728628947
728630441
728640591
728642001
728648396
728652474
728658801
728663741
728669718
728689225
728714396
728717395
728723774
728724065
728742393
728744179
728796639
728797410
728815908
728835296
728840011
728878214
728887651
728896399
728906012
728909343
728909870
728914796
728959013
728971600
728985974
728988743
729012747
729032328
729046800
729087677
729089697
729103913
729104235
729134868
729141717
729146542
729177299
729184455
729216572
729222376
729237593
729274174
729275900
729306435
729316830
729322626
729330702
729343266
729368956
729374112
729376826
729380874
729408835
729411278
729436359
729453058
729473713
729477448
729498680
729517720
729530691
729536067
729547172
729575128
729576077
729579994
729586461
729587980
729605275
729606514
729612897
729627310
729634174
729634424
729655572
729655873
729660905
729674234
729683046
729692042
729719335
729738909
729741260
729745630
729747923
729750032
729768677
729784286
729787596
729792846
729799905
729806731
729806821
729858729
729877451
729886297
729894304
729903361
729904408
729909956
729939487
729948110
729948400
729965168
729965571
729985764
729989312
729999564
730014882
730017077
730039681
730045384
730046578
730066966
730072841
730088221
730092901
730102358
730105576
730105829
730122638
730136045
730170176
730170205
730179390
730186829
730201506
730209204
730242870
730276177
730285850
730286258
730286857
730314707
730366181
730384993
730391046
730400933
730401792
730402713
730421221
730438217
730446292
730462967
730466201
730488570
730490821
730498398
730528489
730540006
730551920
730553992
730567731
730573232
730577965
730602937
730608956
730610599
730620224
730621926
730631216
730645963
730655042
730656415
730661761
730664317
730686028
730686850
730687728
730689558
730709593
730712530
730732004
730739597
730748152
730753027
730799100
730800040
730809046
730809436
730823958
730834452
730835643
730841932
730853696
730880884
730900892
730908246
730912161
730912507
730946466
730972639
730978195
731000392
731012890
731012952
731032620
731040314
731050451
731084068
731102875
731120253
731121161
731125315
731137507
731151001
731157355
731158961
731160080
731175182
731194716
731200541
731203082
731215845
731225659
731236030
731238123
731238548
731240548
731264717
731274464
731286542
731325983
731332973
731332988
731335190
731336415
731341972
731344888
731345521
731357365
731357602
731362247
731364896
731372693
731387944
731393619
731432815
731437969
731453764
731459425
731459751
731461219
731468517
731468519
731475526
731479354
731489723
731491204
731499244
731534310
731554099
731561268
731610553
731610567
731664439
731668207
731683515
731707243
731707323
731714781
731728575
731730256
731753773
731759232
731768945
731792160
731797490
731802226
731803350
731804382
731826347
731828897
731868005
731873677
731892988
731894895
731901770
731921777
731924730
731931014
731936712
731946609
731977032
731980020
731997384
732017292
732017677
732033603
732038785
732047631
732062823
732068084
732097210
732100475
732107730
732109412
732121262
732123267
732128464
732131380
732140923
732157720
732171242
732175049
732177937
732178651
732185598
732189443
732195124
732231722
732234615
732259760
732262574
732271339
732288512
732310575
732311298
732314223
732343182
732364081
732365192
732385147
732417563
732424652
732425489
732433806
732435296
732437279
732443235
732444978
732458700
732488328
732489681
732494113
732518755
732550906
732564045
732564901
732571077
732591478
732652943
732661428
732684497
732695672
732700917
732708358
732715497
732716503
732721545
732730584
732734382
732740787
732745382
732750281
732762565
732763252
732785722
732792510
732804560
732804595
732827635
732834873
732843295
732844578
732858647
732862113
732863050
732868670
732871040
732880156
732883626
732896527
732900143
732925620
732934915
732937387
732956035
732965253
732968421
732969156
732980160
732981760
732983108
732996389
732996907
733024372
733030025
733045711
733078214
733078576
733091073
733093279
733110921
733118443
733123539
733125199
733127605
733127744
733140435
733142496
733143845
733144375
733146199
733153899
733166667
733185400
733212001
733222947
733242339
733247129
733250632
733265412
733288789
733291755
733292077
733294361
733308779
733309875
733316950
733323549
733325957
733328023
733336567
733348604
733358520
733360238
733361410
733375391
733390121
733409799
733413623
733418233
733418704
733431085
733445159
733454758
733458828
733466607
733468205
733482070
733500663
733503745
733509118
733512002
733512942
733516956
733535331
733570887
733586931
733594823
733608055
733645124
733656055
733656506
733687648
733704253
733717986
733736619
733784190
733790914
733820341
733824514
733830832
733848553
733853421
733866111
733877546
733886672
733892297
733923080
733924253
733927923
733933719
733943036
733944634
733980241
734017599
734026199
734027934
734034398
734045485
734053999
734054774
734066585
734087219
734087946
734118946
734129337
734137204
734139455
734147017
734153385
734162812
734173938
734186341
734188569
734213800
734226003
734243823
734253147
734263686
734278623
734278797
734319303
734328561
734333246
734335783
734348511
734370748
734379686
734431120
734440068
734445409
734447996
734451002
734465190
734471439
734477103
734480405
734497242
734501331
734565777
734588316
734591496
734603564
734614552
734621539
734637687
734652502
734672782
734696196
734700146
734725335
734728803
734730974
734762958
734763496
734771347
734777392
734785580
734791315
734793397
734793661
734804732
734822638
734839337
734852927
734861935
734864130
734905814
734917423
734936536
734948933
734960532
734962091
734963006
734965640
734968704
734972873
734980362
734989458
735007507
735015508
735018301
735033124
735071981
735085596
735095772
735102114
735129323
735134003
735134771
735145317
735152386
735158282
735159524
735160286
735165108
735171796
735184352
735184894
735190246
735194492
735199826
735200254
735225501
735264052
735275434
735281639
735288605
735299211
735310287
735322137
735324203
735334523
735355490
735358592
735363849
735385738
735388523
735399501
735403913
735406122
735438831
735447055
735451410
735457092
735462134
735462315
735463919
735469405
735473385
735477721
735483859
735491028
735513756
735514293
735515500
735517224
735536917
735546363
735549876
735551146
735553649
735576274
735600818
735606811
735607550
735618869
735621860
735630498
735630526
735652018
735664399
735696627
735701634
735702607
735727623
735741186
735750677
735752914
735759536
735790828
735791285
735810487
735815094
735834093
735843839
735862640
735880879
735880939
735884996
735885315
735912301
735915618
735922605
735929937
735960404
735980684
735997209
736022340
736030030
736030849
736047912
736058686
736061712
736065253
736066923
736069092
736102962
736108537
736154899
736159844
736160986
736162497
736163042
736166175
736173099
736176825
736179138
736179384
736187433
736204259
736221511
736232098
736238233
736259030
736270772
736280088
736290715
736290907
736307020
736311222
736314991
736315947
736321413
736341068
736382965
736395916
736397541
736413689
736417615
736428578
736430262
736443701
736446946
736457762
736479760
736512259
736514548
736547602
736579674
736589222
736597677
736612899
736613149
736619765
736629775
736634120
736644647
736668350
736672576
736682822
736708833
736726253
736736858
736738248
736765945
736791298
736792892
736797669
736798497
736803590
736804931
736817301
736819260
736820359
736821448
736826176
736852406
736859036
736899021
736904031
736916682
736926846
736949236
736965735
736982390
736987227
737000970
737013440
737016274
737017088
737049553
737061927
737073575
737086310
737095361
737105286
737115294
737131847
737150888
737181442
737193275
737195260
737209628
737217798
737248455
737260276
737283000
737293969
737314508
737315305
737316495
737323253
737344133
737351667
737363137
737364090
737364296
737370972
737372062
737378807
737378845
737395389
737403770
737452106
737469068
737476727
737478500
737484733
737486770
737489505
737492498
737493644
737497578
737506737
737512805
737516232
737543117
737551436
737568762
737574383
737578120
737580661
737587858
737591059
737599271
737600014
737610479
737616642
737639194
737652865
737657733
737659485
737663599
737672311
737689246
737692208
737704058
737705220
737717041
737725031
737738197
737765351
737770605
737783044
737797043
737801355
737801670
737827821
737842335
737866402
737879236
737888553
737904740
737905715
737911050
737915102
737918514
737923713
737925780
737933378
737960584
737971379
737979670
737995883
737997917
738017740
738023369
738038863
738056956
738061998
738075230
738085326
738089134
738092824
738123185
738124421
738125549
738126242
738128381
738143226
738153942
738154209
738157243
738160404
738184404
738187977
738190473
738202880
738218046
738232126
738239827
738245654
738272246
738273905
738274899
738279889
738291585
738300669
738300721
738310510
738311426
738311919
738322762
738327841
738346244
738358012
738363252
738381527
738386210
738390180
738400103
738405489
738415635
738418041
738418813
738421827
738427080
738437783
738442794
738445518
738500000
738511047
738511983
738521294
738522636
738545007
738576799
738594904
738612478
738628826
738651618
738652070
738662619
738667746
738669068
738671868
738687344
738694883
738695746
738715435
738721230
738737922
738739703
738781059
738787440
738813664
738818690
738850362
738854663
738857997
738878082
738892270
738902180
738907921
738917063
738921299
738922461
738949555
738958555
738962851
738966519
738966893
738972365
738972537
738996610
738999223
739005520
739014102
739023741
739028350
739029057
739032885
739044312
739044474
739073779
739095832
739100538
739105967
739122191
739137139
739146228
739148475
739160223
739162506
739163857
739171552
739175042
739177477
739189493
739192747
739202734
739204250
739218990
739239525
739245778
739250282
739251652
739267553
739270028
739274565
739313819
739317969
739337345
739345813
739366916
739373562
739378117
739385306
739422293
739430462
739440836
739446872
739483246
739490951
739502668
739513529
739516050
739516064
739527421
739538237
739551844
739552831
739555289
739575600
739578238
739615269
739630521
739633969
739652418
739657959
739658579
739665336
739669240
739674213
739705360
739719060
739730138
739733808
739744478
739759133
739818949
739819767
739836377
739841216
739844388
739860580
739870842
739879048
739886375
739918484
739943124
739945506
739945926
739946197
739970827
739970892
739975137
739992091
740013107
740014075
740015296
740017969
740035849
740055014
740060044
740068597
740076718
740081385
740097201
740111551
740116052
740117466
740122546
740133789
740148876
740152049
740153581
740194435
740195792
740197435
740228465
740229908
740234318
740239784
740260044
740315383
740320231
740344626
740346437
740352153
740354554
740378104
740406349
740418445
740419645
740433599
740436083
740436447
740443972
740475708
740485919
740487295
740491609
740504722
740520321
740539442
740547714
740554611
740569630
740575309
740610611
740612049
740621814
740623980
740630680
740639299
740643982
740650086
740666817
740690278
740710149
740715694
740715928
740717984
740737690
740747490
740767432
740782747
740784390
740811093
740822150
740837753
740837983
740838975
740863378
740882987
740884234
740889878
740892962
740906308
740909642
740910952
740912927
740914530
740916399
740928124
740935190
740935972
740970647
740976695
740981208
740995384
740996753
741001926
741002179
741016865
741018856
741032190
741037425
741040058
741084011
741084776
741103567
741106255
741107350
741121825
741126929
741129854
741133225
741134886
741139192
741144291
741148318
741176203
741183257
741214565
741216790
741229046
741231590
741236433
741243148
741283223
741306339
741307279
741327755
741328697
741359287
741360783
741364831
741376251
741424125
741442800
741454193
741454316
741457928
741461773
741484111
741497606
741511128
741513263
741535195
741540485
741561148
741561734
741580499
741588982
741596740
741601438
741623691
741632212
741639832
741645427
741670892
741692529
741692772
741698953
741705486
741714695
741717414
741729631
741742678
741757133
741758273
741759868
741767047
741821031
741836652
741841220
741842792
741848000
741901490
741912928
741943955
741974948
741981653
741983675
741984443
741990292
741993238
742002710
742003319
742018200
742021460
742027433
742028692
742030168
742036423
742054299
742056696
742058825
742058900
742059268
742089250
742115757
742133987
742134210
742149779
742158405
742161228
742162526
742163544
742164115
742164764
742174832
742200126
742207648
742214955
742231034
742236141
742246886
742252066
742254813
742280467
742289636
742309214
742311117
742312592
742353077
742353200
742363506
742381998
742402026
742402884
742415560
742428321
742446508
742453092
742470055
742473339
742486896
742500284
742503055
742503988
742507077
742509322
742525549
742525711
742528698
742538592
742541604
742543115
742554413
742563373
742563504
742566653
742589109
742602153
742607791
742615102
742615407
742619148
742628405
742633741
742649843
742659487
742695400
742719303
742745303
742758537
742773063
742790077
742795309
742807407
742815201
742827392
742851240
742865696
742873513
742891692
742895033
742902594
742911396
742927422
742940878
742949202
742952465
742993565
742997169
743004895
743008186
743008867
743018809
743042804
743055493
743063971
743069554
743077957
743086637
743088551
743118000
743123181
743137852
743141485
743144101
743144933
743177835
743188027
743193107
743210385
743228748
743243891
743244477
743278822
743291905
743292140
743318428
743329170
743337891
743348970
743358517
743376491
743378182
743379628
743392963
743395464
743398237
743407182
743411208
743421458
743428486
743448446
743460237
743473800
743475098
743489688
743502754
743504077
743514239
743517646
743540635
743564630
743569710
743577715
743596759
743599086
743626368
743649427
743651867
743675630
743689873
743714334
743716652
743741595
743747726
743788380
743810561
743817225
743834529
743839837
743844396
743852291
743856745
743886086
743888402
743892389
743915417
743927465
743935074
743954165
743954543
743957943
743970191
743986853
743990164
744015678
744020741
744031545
744057111
744084659
744089621
744096639
744097510
744106701
744114535
744118219
744157958
744174060
744183789
744184084
744185019
744185547
744191147
744208103
744212604
744214189
744214244
744230262
744233698
744237334
744250681
744256582
744261543
744278380
744296404
744335930
744346904
744350759
744354744
744360017
744369339
744371161
744374194
744379236
744390948
744394429
744400311
744431210
744433507
744439859
744463023
744464958
744472246
744482837
744482887
744483258
744490400
744496396
744502821
744522135
744525861
744538301
744550385
744551450
744552323
744565264
744567539
744568620
744576406
744595877
744595968
744599782
744609783
744643666
744654100
744656049
744657124
744668469
744676255
744688161
744702144
744711793
744727979
744732849
744737636
744783006
744788233
744791113
744804248
744804670
744812379
744814274
744827990
744830165
744841635
744851242
744862077
744875920
744879915
744881786
744893264
744910571
744925590
744933441
744935574
744945782
744948470
744949816
744951054
744968044
744988799
745000750
745029922
745041043
745057754
745065992
745087619
745088825
745096203
745096588
745130327
745142438
745157148
745172513
745186007
745186946
745197194
745218746
745220706
745238494
745238652
745243790
745250129
745253007
745262467
745273417
745275375
745283897
745292985
745302120
745317564
745323180
745324518
745334334
745366003
745370678
745380414
745399511
745407493
745417474
745436450
745437874
745451062
745483537
745487544
745499196
745499385
745511623
745532514
745537953
745577011
745583891
745593727
745600891
745615430
745615794
745639714
745665734
745667310
745668646
745684055
745698448
745699475
745719559
745723521
745755233
745763278
745770425
745773671
745775702
745776543
745804889
745805875
745818841
745827759
745839574
745839751
745857459
745919109
745924570
745938935
745942201
745945841
745946587
745960159
745982584
745996562
746004541
746014871
746015875
746024619
746025351
746025369
746037745
746048387
746050394
746056078
746058119
746068935
746105281
746110921
746118913
746122364
746134002
746172869
746184631
746195644
746200355
746205555
746211329
746218285
746218873
746224957
746233866
746246650
746250878
746260933
746268018
746273493
746281159
746284876
746289882
746298463
746326930
746327860
746340594
746354179
746363198
746376117
746379368
746382969
746395175
746406308
746410076
746440260
746450403
746458761
746478050
746488940
746504878
746507257
746514915
746532723
746552586
746568536
746570945
746582142
746589940
746590097
746600316
746601081
746616899
746625754
746628354
746631279
746643248
746647924
746663348
746666880
746673154
746691259
746697245
746725303
746729955
746754901
746767788
746777333
746781981
746782921
746790298
746806503
746817076
746824000
746824383
746825444
746844798
746873625
746876173
746883437
746884935
746891118
746898736
746926051
746934050
746934941
746938035
746965644
746966502
746969669
746982063
746985608
746986121
746993058
747010771
747027251
747032017
747032504
747034346
747076282
747095518
747108801
747116163
747130766
747149220
747161286
747171497
747172031
747173219
747178972
747181352
747183858
747198673
747202530
747218421
747219714
747220704
747238023
747247149
747259265
747275417
747286688
747287822
747297066
747304233
747306060
747344989
747361846
747362584
747372328
747384056
747385422
747396684
747397725
747398848
747403751
747448353
747455252
747457744
747457881
747458346
747472984
747486795
747488088
747489068
747493385
747509126
747544712
747556719
747563608
747563972
747571676
747584444
747621991
747645744
747652482
747675403
747687870
747693710
747718674
747720429
747741452
747744235
747746613
747756724
747763665
747764528
747776359
747806769
747807257
747808380
747834389
747836305
747838661
747854437
747873503
747876694
747885047
747885898
747886970
747898511
747904092
747904666
747927451
747930933
747985243
747987656
748003166
748012109
748040921
748050384
748084238
748089885
748090566
748121664
748134361
748165529
748167648
748200189
748204493
748234570
748239811
748267041
748277441
748281374
748281422
748283210
748284637
748286693
748301671
748307301
748312443
748313416
748326730
748360961
748366244
748368851
748387109
748400211
748402434
748403432
748403949
748409628
748413342
748431498
748431524
748437636
748444043
748454069
748455174
748458585
748459085
748460172
748486635
748492126
748534587
748542194
748550039
748550601
748562005
748583446
748586836
748594242
748597316
748613087
748632031
748648567
748684132
748686589
748712973
748719224
748727791
748736606
748737995
748743124
748747686
748775802
748828417
748834380
748853471
748885578
748896266
748909644
748941802
748957296
749005416
749010869
749012775
749026675
749028198
749033208
749063963
749093270
749101588
749106687
749116777
749123399
749137319
749143829
749167843
749201002
749206568
749213007
749214356
749217040
749256606
749275121
749281542
749293085
749294586
749295935
749315788
749316762
749320087
749324105
749335702
749342611
749357505
749365214
749378245
749392547
749392793
749397026
749404835
749408181
749422424
749431478
749435131
749435660
749439776
749445480
749449501
749452714
749454518
749459843
749462155
749481952
749483702
749491505
749499514
749509030
749510344
749516154
749535312
749554677
749554797
749556424
749560196
749564475
749565014
749569571
749618225
749621244
749625082
749651025
749664927
749669182
749672219
749678073
749678101
749683459
749686575
749695713
749704356
749721258
749734934
749739939
749741215
749741513
749755826
749756425
749757001
749759127
749771131
749776973
749782516
749807980
749836860
749843759
749847563
749852300
749868388
749868631
749873745
749899846
749904877
749909938
749920111
749929551
749932151
749950223
749961353
749962916
750006375
750007261
750027051
750032826
750052234
750064504
750064530
750092263
750094418
750094506
750118343
750119034
750119852
750127904
750129577
750144477
750161424
750164214
750178528
750178613
750178841
750188175
750190207
750212975
750227566
750272912
750290777
750303702
750307180
750308936
750311084
750324626
750337542
750349451
750351449
750365956
750399810
750409967
750410280
750417381
750421286
750429282
750451041
750462972
750464622
750468712
750478755
750489569
750492507
750520424
750602336
750606508
750609475
750619532
750630126
750631298
750637460
750639669
750657001
750658217
750694265
750714930
750715813
750725800
750725950
750727104
750736690
750737856
750760970
750781004
750782091
750786598
750797865
750802010
750818278
750835535
750844417
750850108
750862138
750874478
750876976
750887067
750890571
750894810
750907964
750927449
750929298
750935292
750941067
750954492
750959926
750961620
750974087
750974263
750979283
750994027
750996337
750999084
751004929
751010657
751027193
751027403
751036874
751043345
751059086
751061106
751062636
751085197
751090648
751105896
751110484
751129561
751135763
751149058
751160245
751160994
751172358
751195206
751219858
751233143
751251640
751264553
751267635
751268124
751272639
751275636
751278912
751287032
751300645
751304149
751307963
751335880
751352636
751366636
751367357
751369700
751370082
751390322
751444607
751456331
751485238
751559979
751568401
751574608
751578636
751585859
751630875
751632555
751640641
751655813
751667809
751670217
751686967
751686977
751698496
751716225
751721192
751723063
751727754
751728476
751739140
751746643
751765618
751765645
751773347
751777850
751785550
751787622
751790699
751791425
751791662
751798861
751800073
751804413
751825819
751833158
751833246
751838388
751840223
751840636
751865933
751871363
751872543
751875702
751878001
751888399
751892803
751893396
751895802
751902378
751909287
751914978
751918192
751924678
751926718
751929636
751929679
751932806
751952341
751953548
751964530
751965740
751984509
751987814
752005464
752017671
752027675
752028543
752037258
752041695
752062547
752069460
752083385
752085553
752088766
752093553
752101687
752104735
752124858
752140035
752141775
752150932
752175154
752176485
752177114
752180534
752186630
752236456
752258931
752260224
752286773
752287607
752291598
752316349
752330223
752359223
752362861
752367441
752371153
752374238
752378451
752384985
752391477
752410650
752419553
752420255
752425420
752425946
752435909
752442112
752479038
752492288
752493465
752494096
752495296
752502979
752517590
752520037
752525726
752572789
752592306
752594133
752596731
752599214
752608597
752624183
752638569
752642901
752645541
752649448
752653619
752655184
752668288
752683658
752695953
752708759
752726073
752754103
752766176
752783910
752805367
752824132
752825582
752837565
752855075
752857375
752884524
752890642
752892674
752895984
752906989
752908603
752913610
752942462
752954349
752982203
752991736
753000897
753003093
753007793
753011639
753012127
753014384
753046029
753047703
753050093
753050343
753051847
753056188
753062225
753066275
753068225
753087590
753095460
753102518
753103465
753115130
753125647
753129977
753133899
753143424
753166946
753192661
753195998
753206780
753251986
753252788
753258564
753270709
753271220
753271833
753295638
753305467
753305704
753306763
753309196
753316095
753329624
753333812
753351697
753352640
753353539
753361529
753362988
753363008
753364088
753377686
753378545
753395095
753404885
753405688
753418784
753419681
753422292
753423316
753427147
753440933
753448244
753451278
753455026
753474613
753479813
753481924
753493413
753493465
753498750
753502080
753536425
753540508
753542999
753555971
753577158
753594065
753618302
753620186
753622622
753623866
753643516
753647606
753655676
753698035
753699074
753705734
753707341
753708174
753713476
753726141
753756952
753757300
753765443
753768165
753778518
753779204
753796453
753806304
753820757
753832865
753835757
753841190
753853030
753857829
753874699
753883984
753886921
753887891
753919995
753922525
753923617
753942838
753955915
753968716
753971738
753975191
753980456
753981060
753982856
754000253
754034300
754040117
754051887
754058450
754077611
754079261
754084862
754089266
754092176
754103475
754104388
754116309
754133745
754142439
754171781
754192904
754197789
754211280
754228332
754254285
754271059
754294843
754327364
754360991
754381003
754384078
754399428
754400772
754414266
754424044
754428533
754428702
754439939
754443748
754447414
754482413
754483460
754491621
754498396
754538533
754543739
754546650
754576744
754578109
754588996
754589925
754590319
754590481
754591352
754591767
754592146
754596884
754602284
754622042
754624896
754629005
754633592
754640542
754651420
754676693
754678271
754678466
754681773
754702500
754706882
754713804
754718932
754719543
754727331
754727658
754748897
754756196
754773682
754820264
754823884
754831260
754848594
754862452
754867580
754871070
754891082
754895682
754898532
754898603
754908559
754911281
754912082
754915489
754921091
754932953
754951526
754958524
754977758
754979645
754983896
754995231
754995760
755025115
755027930
755044059
755048270
755055526
755067185
755078325
755090095
755099812
755102571
755105596
755116206
755124155
755126416
755133358
755137649
755156631
755172944
755184269
755187131
755203240
755214277
755230657
755246744
755276974
755277490
755278655
755305268
755306112
755321112
755342449
755357904
755378600
755381104
755387812
755407026
755448223
755473130
755510790
755511401
755522217
755523802
755531805
755556172
755558951
755572792
755578462
755589247
755647897
755666876
755671433
755691111
755696300
755714614
755742676
755788873
755795882
755797470
755798435
755810494
755811937
755813099
755815815
755820961
755853380
755857487
755861711
755865436
755878705
755884970
755894856
755904786
755910509
755917733
755918521
755942670
755944829
755952938
755986148
755988581
756019937
756043671
756078139
756082523
756085196
756087211
756105110
756109633
756127925
756131488
756146479
756154691
756181211
756186310
756187943
756207466
756208944
756222025
756225846
756239073
756240299
756255979
756301991
756304734
756326167
756328479
756330564
756346559
756347269
756353343
756381121
756383298
756391340
756422568
756424469
756433820
756483361
756490804
756520062
756530949
756532251
756565394
756570240
756573284
756577770
756590988
756600494
756618619
756625164
756627740
756637080
756648233
756691876
756696427
756697278
756700813
756704342
756717361
756718846
756735229
756739190
756739673
756748878
756751020
756766968
756790874
756840584
756845261
756860056
756863522
756866158
756880033
756911765
756922999
756933807
756962135
756970529
756978740
756978917
756978996
756982000
756999773
757022098
757023214
757040506
757040999
757042653
757053650
757053696
757054665
757067202
757106067
757120234
757146783
757150083
757157535
757158036
757178600
757187481
757191434
757196941
757204935
757208004
757212133
757218739
757231023
757240970
757243553
757248609
757260346
757283465
757298250
757315227
757319880
757320631
757326801
757352388
757376623
757387755
757422654
757440616
757448179
757452955
757455921
757475859
757483347
757484410
757497508
757511163
757523476
757530472
757541587
757543814
757544266
757549676
757557603
757559576
757599021
757609325
757609955
757627964
757629404
757649821
757658304
757659291
757661116
757664897
757671802
757691945
757694669
757702102
757726130
757752422
757795466
757813712
757830655
757834071
757844471
757846443
757853236
757856096
757856526
757857303
757865713
757869042
757878692
757879803
757883776
757884483
757895005
757897845
757898139
757910401
757921885
757932615
757938626
757940688
757989587
757996181
758003733
758004489
758019252
758023781
758034003
758035516
758062473
758077223
758080975
758085276
758089904
758093737
758120656
758126387
758134051
758138829
758143433
758153174
758179692
758185251
758188000
758198392
758201258
758227404
758233420
758260124
758274026
758274639
758280158
758308120
758316711
758343432
758346863
758347941
758349202
758355121
758362615
758381949
758383161
758383348
758393318
758398414
758399088
758401799
758411552
758416897
758428346
758432272
758433656
758436821
758458068
758466230
758468142
758480515
758521982
758522902
758532127
758548132
758548947
758562821
758579880
758589555
758620115
758623865
758646735
758684465
758688823
758693972
758717332
758718170
758741917
758745586
758749736
758754328
758762791
758764938
758779593
758784349
758787129
758798571
758803759
758824035
758829465
758838370
758840512
758843044
758845872
758853424
758857130
758858941
758869993
758878128
758891007
758897235
758913481
758915421
758922733
758932764
758941603
758942599
758963273
758964679
758966983
758971131
758980379
758981573
758984578
758990284
758997584
759011574
759013946
759033528
759045249
759046920
759087538
759112976
759132286
759147668
759164944
759179640
759185951
759202294
759203554
759204772
759219702
759224191
759233209
759237917
759287473
759308115
759334911
759356133
759357431
759358703
759362062
759370340
759372016
759378550
759391665
759411129
759422087
759435926
759439371
759455825
759494366
759495849
759526918
759533970
759540559
759543296
759544484
759547806
759560731
759598703
759609694
759618031
759627581
759628409
759663653
759701758
759708026
759717496
759747898
759749713
759756307
759765097
759794495
759801709
759802391
759822560
759827855
759837754
759842271
759859955
759882076
759883251
759895285
759895714
759901976
759911018
759916781
759942957
759952651
759954006
759954827
759961509
759967827
759971311
759981367
759981639
759981795
759991851
760030862
760042552
760065808
760075441
760086833
760087835
760089534
760153872
760162519
760180389
760186343
760233407
760252480
760265320
760274931
760280766
760281935
760282362
760312549
760326183
760332562
760339558
760347925
760352841
760354634
760406823
760407871
760424094
760440255
760441318
760445538
760451940
760452915
760472555
760495842
760500923
760504997
760521281
760543054
760551140
760553318
760588584
760599363
760601103
760605688
760613683
760630217
760632334
760636583
760656256
760657972
760676041
760685575
760703815
760713017
760728709
760744838
760754997
760763920
760779153
760782875
760798165
760820152
760822147
760828114
760844163
760857754
760858397
760870697
760884663
760891217
760898663
760929035
760934835
760942805
760945384
760961206
760991270
760999157
761011027
761020009
761024028
761050752
761059918
761080043
761091666
761104784
761120393
761128323
761129338
761131890
761154919
761161676
761167282
761173891
761176431
761188151
761193903
761214531
761217103
761220582
761225808
761234940
761249840
761265821
761274169
761275678
761308640
761316065
761317916
761325993
761362553
761391023
761391651
761402001
761415398
761440429
761449591
761453928
761469638
761502160
761512153
761527022
761533314
761561690
761562104
761562212
761574378
761598580
761602820
761623839
761650004
761657381
761676907
761682260
761690681
761705295
761705337
761719225
761738730
761738786
761753098
761790135
761791087
761792534
761811687
761811992
761846093
761848392
761852806
761897939
761916545
761921616
761929475
761956567
761961101
761980156
761985320
761996297
761996800
762005775
762027911
762028687
762031445
762047665
762049408
762054339
762069309
762077850
762080288
762082537
762089310
762091121
762131968
762148646
762154445
762156444
762173145
762187227
762205980
762215880
762233238
762238310
762238692
762255036
762270287
762271184
762276736
762285073
762295926
762305834
762307154
762313697
762323268
762352026
762372144
762376711
762379456
762382953
762391627
762398594
762408797
762426360
762454337
762460486
762460948
762463521
762492718
762514279
762526902
762533643
762551719
762568102
762568552
762570151
762583707
762615075
762616648
762619964
762645461
762653845
762664767
762676625
762678918
762686260
762691585
762693951
762699259
762704922
762705827
762712952
762717460
762719980
762724894
762735111
762735607
762759273
762769378
762869908
762871829
762874725
762878128
762878393
762883449
762884098
762935622
762941781
762942104
762945295
762951506
762958899
762964190
762969191
762972914
762981918
762984884
762985819
763004178
763008711
763022480
763057065
763059617
763064311
763066462
763075908
763096817
763102947
763109479
763120174
763140173
763141539
763170188
763180033
763184767
763195150
763212626
763249723
763275430
763297707
763305333
763330354
763338355
763342233
763345720
763368551
763372006
763375434
763378832
763387590
763414149
763444259
763475928
763483052
763484363
763497628
763504348
763520919
763540758
763549416
763555341
763562779
763582151
763605200
763607404
763609772
763619019
763637179
763647146
763654607
763668552
763687604
763689106
763712585
763724927
763730685
763753816
763757252
763771111
763783028
763807899
763811950
763818609
763820747
763839622
763849247
763850534
763854054
763857912
763868224
763884184
763894414
763904876
763913483
763954994
763971977
763978933
763990698
764016835
764073423
764074644
764087559
764090975
764098978
764136786
764150940
764159894
764176735
764179529
764179736
764181713
764189539
764192918
764196462
764205674
764221271
764235260
764236069
764243008
764243608
764250333
764253143
764267519
764275083
764309928
764312504
764316301
764325200
764325779
764337442
764352539
764364169
764393697
764409209
764413505
764426538
764435760
764440383
764449630
764470664
764488322
764488852
764497323
764523139
764527100
764540110
764544295
764545322
764547249
764551886
764561319
764566861
764573978
764584650
764591216
764609892
764611029
764611820
764629983
764633056
764645828
764650581
764656687
764684686
764685132
764713374
764736827
764741509
764742498
764748188
764763080
764767811
764787913
764816638
764830475
764848618
764850064
764855794
764864125
764865472
764873443
764876566
764878023
764891144
764901338
764929032
764964060
764979900
764980613
765003356
765018167
765019420
765038776
765041557
765053593
765065022
765074009
765098205
765101133
765121419
765138077
765171897
765178153
765181038
765187795
765199610
765236596
765240058
765245311
765251524
765259625
765269538
765316472
765318377
765329446
765339083
765357990
765360234
765370825
765370883
765396492
765397450
765451219
765453928
765456448
765468727
765477351
765482208
765511696
765513687
765537887
765543278
765553749
765562458
765579701
765609790
765616510
765629245
765646706
765659060
765661121
765671644
765672916
765699146
765700535
765719969
765734837
765743418
765781797
765783921
765813834
765819479
765826129
765852385
765870382
765892215
765900366
765919029
765951825
765953176
765967506
765967830
765968134
765971629
765977157
765981080
765988264
765992413
765992575
766001839
766002832
766005037
766007151
766010081
766014437
766019936
766022380
766038711
766039032
766079723
766093232
766093612
766114194
766123548
766132930
766137606
766139404
766139843
766143406
766155696
766157181
766183215
766190042
766200522
766205073
766205494
766221878
766239514
766252645
766258728
766271550
766275949
766285390
766286394
766311058
766319070
766326321
766336607
766345610
766348023
766360660
766361788
766366851
766398041
766398092
766427756
766443703
766454780
766457345
766468132
766481766
766514039
766528812
766540550
766541884
766554531
766565034
766592544
766601075
766636360
766636936
766672675
766675740
766701780
766706026
766708045
766720923
766732292
766747663
766772586
766776330
766789749
766792338
766796864
766800076
766810273
766817272
766830622
766842583
766844331
766857754
766879468
766881090
766883236
766886139
766891407
766920677
766928947
766977011
766977652
767008282
767018976
767020363
767024932
767041417
767044055
767050274
767050398
767055687
767059986
767078779
767097026
767117245
767122883
767128077
767131913
767133460
767133596
767141219
767144923
767151803
767162697
767174138
767196423
767211505
767211894
767229379
767229481
767236571
767244866
767249756
767252570
767253808
767258082
767285005
767303013
767332568
767336573
767361167
767361706
767412937
767425569
767446528
767447360
767454051
767476004
767526383
767541470
767550415
767574792
767582502
767583043
767586204
767589084
767590491
767607482
767615881
767622432
767631046
767646023
767647366
767655798
767672786
767676180
767679496
767699308
767717566
767735234
767736205
767758652
767763356
767768372
767768762
767781471
767802059
767844265
767848680
767853481
767853734
767864663
767882564
767884152
767888942
767889078
767892693
767902554
767904771
767905136
767908931
767917930
767920456
767920752
767925613
767928160
767944008
767949123
767961390
767966058
767966370
767967405
767976180
767990074
767997158
767998349
768003580
768009040
768013060
768018424
768037568
768079844
768079883
768091439
768097783
768107446
768110947
768117244
768119348
768123412
768132266
768148424
768152388
768152589
768192139
768192504
768221969
768238171
768247460
768261530
768275186
768280427
768282406
768282496
768305004
768332109
768356819
768362167
768366831
768371420
768374754
768398521
768402376
768411238
768413130
768423110
768431041
768440282
768459987
768474609
768475960
768476823
768482956
768494085
768503729
768520290
768520347
768566939
768576091
768576577
768582743
768586547
768611344
768631601
768654516
768655259
768660290
768663043
768663848
768697217
768717243
768728620
768735340
768747185
768749453
768750527
768788334
768797844
768800194
768807592
768821468
768843659
768855001
768861726
768867362
768888347
768908116
768914993
768918857
768927914
768955899
768963358
768977275
768980469
768990493
768994640
769003682
769014780
769040359
769044896
769069734
769097275
769103643
769107970
769137744
769165194
769177479
769183274
769197148
769233400
769242565
769246347
769275920
769283544
769284971
769285338
769287962
769294450
769311619
769326842
769327281
769339567
769345467
769398267
769419396
769419908
769423287
769427607
769438997
769443848
769447377
769454452
769458242
769462887
769476788
769496778
769506454
769535649
769552719
769565994
769570578
769579287
769581407
769583196
769587887
769595220
769605787
769608781
769610401
769610895
769631798
769633766
769644123
769667992
769668732
769679366
769686014
769687069
769690719
769729516
769730776
769734713
769739124
769756382
769757902
769758221
769760382
769760432
769773064
769777571
769791658
769808267
769819338
769830765
769849804
769872100
769875439
769889096
769895802
769910957
769913470
769915512
769917252
769930560
769935607
769941747
769960220
769968030
769976384
769979473
769986578
770003090
770004965
770010224
770015722
770118843
770137020
770149625
770158067
770162176
770162789
770165434
770170442
770183045
770184700
770187074
770190422
770212181
770213668
770233410
770234825
770239732
770251437
770258103
770261137
770270725
770290795
770299659
770308908
770317119
770356896
770360833
770374522
770411017
770415209
770425513
770431405
770479619
770490147
770500040
770503085
770508381
770539295
770547022
770571700
770580282
770594760
770596517
770615113
770660855
770679476
770697797
770698363
770707140
770709770
770713047
770713600
770726479
770740164
770749493
770751079
770788258
770790589
770793898
770801099
770809218
770828808
770832932
770848107
770852192
770864880
770869575
770876484
770886126
770891746
770899163
770934393
770959066
770981329
770990036
770991210
770993680
771016705
771037671
771041387
771045151
771055454
771082698
771086438
771097219
771111251
771125228
771132633
771145287
771164813
771165426
771168035
771178033
771186543
771194338
771197698
771197776
771206801
771218759
771233832
771238490
771260072
771264559
771284490
771303205
771312686
771328008
771344184
771354229
771372831
771391565
771393701
771395525
771398734
771406145
771417635
771442162
771442201
771442887
771447647
771457873
771461263
771462252
771466968
771486612
771508517
771509189
771513649
771515045
771516124
771543617
771560692
771562248
771562300
771570836
771579404
771590569
771591493
771598802
771605199
771612526
771620057
771628154
771653313
771660393
771670454
771680392
771694166
771701849
771715407
771716235
771743798
771744210
771753833
771767279
771809009
771852987
771856762
771869618
771873655
771875112
771878470
771904459
771917732
771922093
771926186
771944026
771953166
771955616
771980891
771993008
772002260
772010678
772021865
772030318
772034189
772034745
772036198
772036947
772051577
772065294
772072072
772072625
772079809
772087004
772112285
772146629
772151793
772158517
772173593
772177844
772180613
772208531
772220027
772226064
772226683
772238464
772238706
772238939
772250081
772253300
772256962
772269717
772293061
772293913
772301586
772313469
772320364
772373303
772381463
772387472
772392640
772394966
772395395
772416950
772446859
772453117
772466994
772482720
772489276
772495166
772501429
772510319
772512473
772519412
772529312
772533147
772548639
772554954
772565731
772574607
772608972
772621539
772651336
772651781
772671483
772671652
772694128
772694965
772714211
772717398
772737393
772746123
772750933
772753919
772765354
772770007
772774343
772804300
772847142
772861320
772871436
772888321
772895003
772913865
772928269
772964075
772966585
772974008
772976767
773002784
773012766
773023517
773034784
773040688
773047295
773049859
773060156
773080020
773084143
773095482
773115143
773122744
773147205
773184894
773186878
773222999
773231189
773241823
773243572
773243930
773244433
773259228
773271891
773280863
773285331
773289220
773292416
773296724
773305138
773316729
773361777
773365022
773395566
773403963
773466832
773477818
773480045
773481887
773500814
773543113
773543483
773543522
773546329
773556517
773564374
773577067
773608906
773611790
773611879
773618524
773625319
773642339
773663112
773663927
773682035
773714472
773726453
773747830
773749442
773753617
773755405
773756095
773769625
773780939
773793926
773794788
773800506
773800978
773806003
773832011
773853979
773856512
773856851
773865065
773867511
773872941
773878212
773879195
773890277
773890839
773902113
773915636
773924951
773928063
773931444
773932048
773955717
773979886
773983953
773984116
773988341
773990477
773994292
774013108
774045318
774049557
774050140
774053707
774054235
774083150
774083273
774085484
774094582
774103963
774115975
774144464
774178331
774178644
774224640
774248349
774248854
774255746
774273507
774278578
774284189
774297793
774304692
774334014
774334402
774336118
774354230
774359611
774365843
774378123
774396568
774402196
774420553
774428634
774432840
774446136
774465870
774482786
774501885
774512497
774532429
774546023
774562923
774586431
774594972
774618438
774624362
774630032
774634114
774663909
774687839
774688980
774692721
774729077
774732001
774739811
774739921
774742094
774744715
774746723
774752964
774765319
774766669
774793855
774803710
774814241
774815228
774828493
774831878
774832285
774835221
774837144
774837531
774843485
774865632
774874631
774884329
774888043
774915245
774923194
774929449
774932890
774947833
774952641
774963646
774980399
775007393
775019027
775019602
775026754
775035287
775037560
775038385
775051162
775061671
775065648
775079503
775083948
775092326
775097239
775104920
775116777
775121779
775127691
775133597
775142146
775151332
775153362
775161983
775163057
775165094
775174450
775176468
775178974
775181731
775214579
775218734
775220004
775245475
775253513
775260632
775290069
775290619
775301544
775303385
775306185
775317358
775324899
775325353
775337689
775362547
775367423
775372104
775384221
775412465
775414106
775432890
775480431
775482047
775495788
775497627
775499261
775542319
775542878
775545768
775547950
775551496
775562120
775562821
775578537
775580921
775584440
775600451
775668991
775683061
775692701
775709280
775714549
775718326
775723208
775725017
775733603
775739760
775748948
775761773
775794065
775795915
775808361
775828051
775835833
775861061
775884985
775909328
775926270
775932955
775935993
775937320
775940270
775950282
775951691
775957787
775962122
775974228
775984290
775984819
776003808
776005716
776014006
776023213
776024697
776043064
776046482
776046993
776047159
776048815
776066796
776088315
776096429
776097070
776097743
776169968
776177958
776189046
776193554
776199034
776242020
776244756
776250483
776262812
776290123
776301223
776303350
776303916
776323788
776323902
776328323
776335687
776342355
776356712
776360593
776362527
776363759
776371681
776372068
776396538
776396729
776410521
776412349
776415262
776415333
776426093
776432156
776437847
776450668
776472071
776473228
776488764
776497273
776498624
776501946
776502668
776512488
776512993
776519423
776520529
776524283
776533480
776541906
776563760
776571584
776573813
776574141
776584942
776590229
776594384
776596177
776599607
776614739
776619312
776626520
776632164
776633695
776658788
776679755
776694255
776713644
776728697
776741239
776753697
776767856
776769403
776785119
776786700
776796070
776800449
776834611
776851480
776856592
776874831
776885289
776892284
776893240
776901752
776910155
776962851
776986304
776992409
776993257
777007437
777021161
777037410
777041093
777064574
777071561
777071771
777073339
777076454
777109210
777121023
777134326
777142392
777156465
777158583
777180957
777183343
777183834
777190131
777193004
777195322
777212555
777227561
777236854
777252251
777253278
777257356
777262028
777269243
777298015
777316339
777326042
777415984
777417324
777418197
777425201
777428871
777478589
777486841
777510921
777529358
777552887
777558826
777560074
777582877
777603671
777606229
777635033
777644066
777656274
777662309
777672337
777677691
777677978
777695614
777696736
777709508
777712563
777771413
777779426
777783030
777786784
777787203
777790959
777791724
777807318
777822897
777824537
777842216
777858872
777865804
777876302
777881092
777892291
777923573
777932440
777954006
777958612
777961987
777976092
777977948
777979341
777982038
777987135
777996202
778004691
778017896
778054312
778110784
778125469
778126928
778150566
778152882
778220864
778239451
778249301
778251192
778254519
778281084
778282488
778283965
778288925
778294684
778303347
778319326
778335310
778339311
778388950
778394875
778402205
778409587
778452638
778464770
778478230
778498183
778509317
778512884
778538195
778544684
778558971
778559349
778562139
778599444
778605975
778613924
778615661
778621928
778645022
778672535
778692893
778701752
778704384
778723145
778724491
778724892
778728329
778741162
778759555
778774395
778776799
778785958
778813865
778818001
778827466
778828593
778829070
778830395
778830560
778835219
778845356
778847599
778851415
778876417
778889055
778905336
778911552
778938005
778941269
778956799
778957054
778973442
778974846
778985555
778999623
779006032
779008817
779015737
779033371
779039532
779041337
779044257
779050221
779068268
779079113
779081134
779083914
779091174
779098677
779101076
779111453
779113527
779117310
779119202
779126375
779142947
779144614
779157554
779158125
779164092
779189265
779198079
779199312
779204888
779220694
779225520
779227811
779232482
779268686
779272481
779278455
779284090
779295422
779299490
779313058
779339285
779351816
779354297
779362180
779372987
779384395
779386962
779389745
779407530
779407841
779413590
779417564
779463272
779470917
779490355
779501929
779509409
779515110
779529507
779565128
779581160
779582595
779597916
779605426
779608263
779615370
779633701
779641729
779663628
779678660
779694971
779708353
779720537
779722456
779743977
779746168
779753435
779773434
779786424
779809335
779833373
779836089
779876296
779881731
779885689
779905601
779912978
779936172
779938829
779953726
779981286
779996670
780007106
780014513
780026824
780028383
780047751
780054381
780056809
780065798
780070148
780077924
780078975
780105345
780109310
780112651
780120727
780146508
780152945
780155300
780175681
780189239
780189523
780190965
780193752
780216899
780217853
780226826
780227079
780240476
780243036
780245686
780260028
780262085
780269079
780290981
780299193
780301636
780308002
780320524
780323742
780335899
780349299
780369075
780374847
780380416
780387832
780397368
780413045
780415754
780416903
780417297
780429239
780442032
780442376
780453843
780458682
780487514
780490110
780493136
780504388
780506398
780516804
780517951
780518342
780518826
780533916
780566133
780577377
780597399
780602479
780602556
780611308
780613348
780618876
780649251
780656219
780657951
780662895
780667840
780668167
780677204
780679226
780682934
780688154
780688994
780690396
780691687
780698995
780709803
780744731
780756072
780759707
780769588
780777398
780778481
780782349
780793911
780804718
780818105
780822613
780830384
780848360
780852566
780859532
780876295
780896706
780931339
780934565
780938821
780952937
780957832
780980763
780984486
780992752
781018304
781024562
781025861
781038912
781056498
781067523
781067966
781075811
781076565
781078560
781086094
781093500
781094339
781113146
781121395
781124698
781134809
781167461
781172679
781200266
781215332
781244180
781251941
781263890
781281197
781285603
781287327
781322712
781328822
781333133
781350002
781350342
781360367
781365652
781375291
781378421
781384331
781428851
781430148
781442447
781443589
781451124
781457150
781457927
781476977
781481912
781484713
781491143
781498713
781512761
781526154
781534506
781535358
781543112
781545195
781550192
781563735
781567622
781574418
781575674
781584807
781598973
781602725
781613192
781620204
781629759
781636961
781643215
781652157
781658591
781664277
781670496
781671565
781684411
781712369
781737526
781745667
781758779
781805086
781814324
781821288
781829634
781836634
781842168
781847193
781867511
781882899
781893900
781900612
781903651
781919934
781927485
781928514
781971264
781972588
781990180
781999824
781999851
782014470
782019643
782020335
782039714
782044448
782048900
782082842
782083257
782096944
782112934
782127815
782150290
782191911
782201869
782227997
782233490
782235663
782255363
782258648
782277938
782292848
782309151
782323686
782327016
782333831
782335691
782340456
782367329
782385609
782390296
782431760
782447220
782463131
782482073
782492565
782521148
782541638
782562386
782581208
782594961
782600361
782604531
782610062
782611866
782615957
782632838
782642169
782678683
782688914
782727722
782728827
782744723
782746111
782756218
782763694
782768549
782797799
782798867
782816598
782825673
782831769
782838661
782868746
782875192
782894475
782903784
782908073
782918599
782922826
782924921
782928898
782941210
782960585
782965840
783015602
783024035
783029465
783031060
783036910
783041794
783044400
783048801
783066544
783087456
783091490
783099206
783115240
783129002
783131050
783138943
783155105
783180170
783194621
783200662
783213076
783232561
783238842
783254019
783260859
783264440
783264675
783271097
783273098
783287615
783289429
783293906
783314636
783349618
783355885
783386474
783402765
783408547
783411333
783413964
783417481
783419242
783425911
783432060
783432210
783435359
783453365
783457956
783470652
783473124
783501595
783563232
783579289
783585764
783587691
783587961
783643947
783644969
783647235
783649554
783681103
783689570
783698185
783726713
783742629
783763019
783785238
783789618
783802061
783822002
783838376
783841527
783874973
783875362
783881819
783923179
783923187
783929854
783942447
783944242
783952606
783957455
783958356
783959109
783961052
783970267
784032778
784034019
784044280
784057352
784060569
784090809
784098008
784099035
784104642
784109689
784110213
784133208
784152203
784154716
784164676
784182099
784194965
784208618
784227754
784233974
784261197
784266190
784277810
784285334
784286125
784304139
784312615
784340121
784345406
784348394
784361199
784366665
784367739
784375715
784376765
784376863
784380180
784389811
784393097
784393901
784418990
784431338
784456207
784457870
784476017
784481460
784504254
784506351
784518295
784545399
784572337
784598734
784610607
784611995
784644474
784672538
784688858
784692292
784701513
784704790
784709605
784731354
784756574
784786095
784787766
784790374
784795545
784798538
784800988
784802023
784808883
784810106
784831416
784837370
784846459
784884622
784888152
784890263
784893561
784900831
784902199
784913270
784914912
784921004
784925493
784926209
784952331
784967904
784971280
784975447
784988555
784995856
785000538
785030270
785039178
785058097
785058824
785067525
785068853
785081559
785089986
785090813
785095800
785104965
785125583
785130575
785159200
785174641
785180241
785186466
785188591
785198092
785207451
785216602
785225092
785235051
785235948
785256494
785273180
785275011
785285300
785299450
785308805
785328344
785333724
785338973
785344154
785347235
785348618
785379359
785382109
785384300
785388846
785404457
785409110
785418363
785432624
785439380
785441761
785452765
785461460
785472172
785484821
785487213
785510346
785513680
785534519
785537033
785544458
785589817
785594776
785600778
785606339
785607225
785610226
785631619
785655468
785657253
785666662
785688384
785690375
785693629
785693953
785700403
785717565
785727264
785737973
785750709
785750761
785751607
785772181
785782515
785793689
785818199
785820573
785823621
785856087
785869120
785872479
785872933
785874052
785882974
785884456
785888722
785891474
785908350
785927151
785930757
785960243
785978348
785981056
785988481
785990152
785995445
786021808
786041079
786048850
786061898
786063354
786068111
786075056
786108330
786115517
786145693
786146636
786147727
786158877
786159770
786163074
786165169
786171837
786198214
786199386
786226867
786232290
786255890
786262093
786268444
786275805
786311444
786312243
786317356
786331434
786336306
786341070
786353452
786363446
786373379
786404836
786413075
786424083
786434092
786442567
786448375
786449243
786456548
786475864
786476361
786500036
786501922
786538101
786546321
786555816
786561519
786562600
786583596
786599548
786612719
786626129
786649769
786653618
786659057
786669494
786673644
786687195
786690132
786691864
786709425
786709962
786719317
786719719
786740176
786752309
786755122
786759365
786759890
786762509
786764909
786780703
786815241
786822332
786828482
786829976
786850430
786861048
786896732
786925797
786925958
786929177
786942460
786964025
786982105
786986593
786997625
786997635
787036139
787038926
787046044
787046579
787047213
787050209
787057172
787067728
787071034
787104849
787106802
787107347
787129890
787132726
787152988
787184350
787198020
787199468
787200084
787209458
787236882
787277423
787300084
787305473
787318543
787324234
787329605
787339329
787341245
787343150
787378565
787385223
787397378
787400329
787404424
787404905
787436697
787438394
787441375
787441757
787453481
787457918
787460364
787465701
787469586
787503155
787505313
787519204
787533393
787535537
787559205
787576413
787577157
787579344
787586418
787605188
787609466
787643005
787647415
787647890
787649080
787661395
787661398
787662725
787668835
787672017
787682662
787696289
787711893
787723361
787738302
787744005
787755681
787755721
787760907
787761520
787766955
787777602
787790040
787793467
787812780
787824902
787832897
787845453
787857872
787866776
787890896
787892042
787894455
787899836
787903544
787911546
787918831
787922607
787944723
787948345
787969237
787970195
787985374
787997079
788005416
788012244
788012565
788017604
788021433
788049852
788079257
788093518
788110791
788121755
788150555
788156762
788163526
788173261
788181433
788182579
788184136
788187833
788205604
788240268
788245240
788252461
788278018
788284447
788287666
788294962
788325542
788340592
788340969
788386380
788436911
788441395
788449863
788468394
788522103
788540096
788556971
788558580
788577685
788580783
788580799
788581575
788589947
788591227
788593035
788606751
788615461
788617794
788618866
788623838
788632929
788633470
788643679
788645605
788658245
788665178
788666799
788667544
788667974
788681118
788688832
788691898
788705376
788708238
788734190
788759448
788761880
788764107
788777582
788779593
788791052
788799931
788800895
788825446
788844932
788849505
788860838
788862936
788864808
788872764
788905780
788907541
788908830
788936515
788939766
788945909
788967844
788978802
789018491
789023074
789032969
789042749
789044534
789046290
789049286
789053026
789062211
789077387
789112823
789135675
789137809
789139691
789145523
789182467
789186547
789192953
789196574
789232545
789237597
789243603
789259751
789285428
789287624
789296489
789304615
789307268
789307744
789308385
789330263
789338829
789341915
789353011
789379453
789402176
789403134
789404228
789419654
789441378
789453339
789460650
789491136
789495127
789508661
789520583
789527014
789528591
789535325
789535657
789554140
789556041
789560271
789571144
789581716
789587534
789589300
789596276
789617820
789628512
789633837
789634638
789650226
789664823
789690015
789693119
789697995
789714591
789743564
789747098
789775464
789775850
789806398
789817617
789819007
789821503
789822288
789844967
789871283
789877660
789881304
789886740
789899718
789904998
789907825
789944548
789960010
789969015
789987438
789990821
790021936
790049031
790050618
790056796
790070308
790109676
790134083
790142143
790160777
790172694
790175758
790207752
790209368
790216162
790235597
790242080
790269102
790278889
790285893
790299726
790313108
790316372
790322633
790345142
790359701
790362043
790370471
790386027
790402750
790408828
790409761
790414309
790415666
790426505
790434893
790471074
790473683
790490032
790499146
790521946
790536885
790540278
790549808
790558949
790562711
790570261
790585624
790590003
790611132
790611865
790623968
790647186
790659170
790678371
790688279
790705358
790707444
790719704
790766733
790774782
790778183
790787308
790792506
790830256
790832026
790833928
790834597
790845548
790847997
790855346
790890062
790894753
790900421
790903194
790916517
790919226
790920771
790926106
790946866
790955276
790964113
790988111
791006410
791008400
791014112
791015942
791020023
791026357
791032265
791032409
791043434
791057809
791064560
791069219
791069798
791078796
791081266
791083522
791117925
791129493
791166437
791172024
791182731
791184364
791191079
791212315
791235887
791249860
791258481
791258725
791259407
791263307
791270175
791271222
791279053
791287449
791296108
791298581
791306435
791312934
791324537
791325180
791330011
791332007
791367217
791386228
791395676
791407259
791411777
791418051
791426502
791446023
791452288
791468455
791472714
791473613
791497657
791501983
791517212
791526545
791526840
791533706
791537989
791538555
791539629
791540668
791549943
791555366
791555878
791557157
791591836
791597932
791599658
791613735
791626159
791632686
791640394
791643070
791650367
791662183
791681980
791695167
791707300
791710588
791715235
791729772
791737711
791752951
791760255
791760421
791770217
791772594
791785683
791797850
791801890
791804578
791833408
791836116
791846198
791849966
791857471
791898413
791917479
791923502
791933112
791944071
791945097
791954014
791961255
791961529
791973418
791976521
791982757
791986449
791989474
792029011
792029334
792049460
792068480
792071083
792090948
792108906
792126961
792128182
792135369
792139961
792177774
792178896
792183560
792197212
792200652
792218263
792235718
792248689
792255755
792261136
792267609
792272828
792284916
792291417
792296615
792316993
792331639
792334025
792336577
792364079
792381033
792383314
792391031
792406160
792407382
792407439
792420836
792428371
792428659
792434547
792464517
792465931
792468817
792492950
792520631
792529377
792563783
792574675
792591673
792592866
792605592
792621116
792623018
792629248
792642739
792672182
792706953
792709168
792719176
792765208
792802995
792818092
792824233
792851761
792869040
792891329
792931155
792939033
792942195
792948665
792963921
792966991
792975791
792976960
792990562
793033760
793050562
793061187
793076301
793129740
793130371
793130985
793136423
793166401
793188841
793225449
793235052
793235596
793242494
793285228
793289557
793289936
793295375
793299407
793314122
793339385
793369296
793379413
793394712
793419261
793424391
793430824
793433144
793433888
793443758
793445279
793478147
793492083
793493885
793497396
793499617
793510751
793529694
793541353
793550522
793551571
793559319
793561395
793578243
793580476
793592781
793608142
793657448
793668380
793672556
793677730
793737750
793739363
793740116
793745862
793751418
793757234
793762418
793763040
793767624
793792380
793793547
793799372
793800441
793802158
793810353
793814177
793827946
793831715
793845657
793846332
793879535
793908096
793912437
793927665
793941259
793949463
793960725
793974772
793977653
793987809
793989633
794021963
794027930
794038172
794043928
794045174
794059798
794068242
794068287
794072147
794078983
794126159
794131979
794133965
794144791
794148517
794153097
794158189
794172193
794176326
794177077
794182484
794187099
794187686
794188097
794202895
794214044
794214328
794237234
794238123
794239383
794242642
794250422
794269434
794279029
794293018
794300099
794302874
794305441
794321782
794342747
794347305
794363326
794368327
794380701
794383102
794403359
794408059
794410265
794427765
794444149
794448075
794480146
794480231
794481335
794482012
794489572
794493192
794507369
794518904
794531698
794536247
794542889
794549861
794574292
794579690
794582079
794586086
794646160
794647444
794666528
794673965
794679501
794685987
794688007
794689610
794695613
794720696
794739899
794759733
794771374
794772664
794780912
794781220
794785692
794787245
794798926
794814972
794815910
794821596
794838303
794840748
794843699
794846318
794869669
794881484
794891476
794895727
794904575
794933096
794943526
794943904
794953775
794989863
795021477
795024300
795027909
795039704
795065277
795088758
795098645
795114086
795121071
795135508
795155720
795157248
795159373
795175378
795209842
795226414
795241497
795268028
795276097
795297218
795320448
795349651
795350118
795357683
795363712
795365055
795365338
795386210
795387770
795406961
795414898
795419220
795422455
795427508
795438344
795439757
795441262
795443226
795456031
795460118
795465349
795473267
795474795
795475370
795483349
795488642
795496584
795505119
795505815
795560272
795565615
795575123
795589698
795615788
795634963
795645681
795652564
795702165
795702486
795711356
795724382
795728379
795735265
795755241
795757163
795759531
795764247
795776483
795782976
795815817
795822023
795835051
795837642
795866057
795870612
795872714
795875284
795880634
795881200
795888930
795891757
795893846
795897998
795911831
795915600
795926465
795961284
796006114
796010503
796029996
796030006
796052457
796062029
796073795
796079805
796097068
796101196
796103033
796126413
796136295
796145870
796149974
796153766
796164517
796170544
796180995
796193905
796197135
796217992
796240259
796244804
796259104
796264072
796270702
796302139
796305233
796322879
796327323
796332451
796337645
796337657
796342852
796360435
796372296
796387983
796405508
796407532
796423498
796449938
796454247
796458268
796485939
796486236
796501365
796513187
796540882
796547220
796547715
796553466
796584831
796586279
796587123
796599760
796602186
796622435
796631536
796633723
796634752
796637088
796638795
796679060
796695119
796696202
796722288
796725122
796732066
796759874
796763485
796788195
796798442
796802271
796802987
796813374
796814022
796830843
796836374
796866340
796873360
796892734
796906036
796907630
796919498
796926210
796952883
796985086
796998548
797010881
797031738
797038962
797052810
797053502
797054707
797055943
797064433
797089423
797105829
797128101
797132453
797139172
797139271
797155151
797160962
797163621
797172244
797193615
797214761
797225525
797238879
797255916
797260455
797272620
797298575
797301291
797324178
797324537
797330520
797335055
797338162
797339755
797357095
797387359
797392779
797423122
797426086
797431470
797474006
797476780
797477263
797510042
797517198
797517231
797519490
797520584
797553746
797556152
797556371
797582457
797585340
797592634
797654245
797654874
797660240
797671214
797673349
797675576
797687921
797690550
797719327
797724633
797730627
797744410
797768823
797778707
797800392
797848123
797850279
797863821
797878407
797887788
797890750
797892935
797894495
797896979
797902737
797908032
797918338
797927552
797936715
797950761
797974074
798004047
798005064
798006600
798008642
798030966
798032330
798039609
798041112
798041420
798044194
798049916
798069458
798081255
798083775
798099275
798130414
798138177
798151060
798153105
798188755
798190212
798190993
798193128
798211747
798220512
798256227
798258933
798266287
798271027
798277393
798284661
798286375
798293150
798294804
798319898
798338418
798344246
798358938
798393505
798397152
798413458
798424693
798458855
798461722
798467154
798479789
798496434
798506738
798507066
798516860
798523719
798523999
798534220
798555638
798576463
798588425
798597688
798598647
798641806
798654530
798657951
798659361
798673977
798675950
798675957
798678629
798713773
798721039
798741391
798744367
798759473
798773656
798776366
798781504
798793375
798807805
798815584
798825212
798845714
798847477
798863232
798870360
798874005
798883213
798906418
798956608
798957510
798959205
798961059
798963195
798976485
798996256
799012890
799014376
799039801
799084295
799089485
799101389
799110900
799115201
799117662
799121167
799130018
799132834
799142580
799148927
799153322
799160498
799167548
799173897
799191877
799196108
799210340
799216647
799219006
799229785
799231271
799253988
799275564
799286511
799295472
799340183
799346810
799351632
799367739
799372487
799373917
799392556
799395638
799408253
799409351
799419758
799463793
799469197
799470978
799490609
799493168
799519911
799536642
799537083
799537550
799544508
799550310
799555684
799588062
799599339
799603290
799615031
799621650
799642816
799643508
799668914
799682722
799699594
799703804
799712918
799722126
799722396
799724700
799737500
799749093
799770765
799778078
799798005
799838418
799868494
799868759
799875921
799886435
799894669
799942284
799967029
799970466
799971284
800005933
800011448
800014948
800017371
800018059
800027783
800029810
800036942
800042974
800064939
800066730
800077177
800100229
800120233
800130350
800141129
800147764
800154095
800163812
800189414
800194645
800200589
800200802
800203397
800205298
800211021
800236528
800241766
800244202
800244668
800274535
800280234
800281117
800293936
800298352
800312220
800324006
800330440
800341762
800344664
800348666
800363773
800374761
800374881
800383698
800384111
800391376
800416492
800419041
800427737
800430374
800441789
800465153
800472230
800476088
800503749
800521738
800523525
800529575
800535164
800548022
800550442
800551531
800557564
800563562
800581169
800591949
800625009
800632058
800634606
800639994
800651870
800676784
800677976
800684775
800685254
800698685
800706345
800713455
800752451
800752789
800776971
800780274
800781116
800801703
800827285
800846364
800853133
800856714
800860370
800864989
800871469
800896818
800898569
800901025
800910056
800946966
800950881
800971820
800976715
800984711
800994864
800997947
801007833
801012698
801020536
801021475
801034012
801042519
801053395
801088373
801096306
801096345
801118538
801123503
801127987
801169529
801174238
801186524
801205029
801215534
801222148
801231206
801232441
801241000
801248477
801258351
801264455
801278919
801283319
801303495
801334143
801359350
801376457
801380513
801390420
801392196
801410576
801416583
801417834
801422245
801434075
801437517
801443841
801445757
801459256
801463690
801508020
801522808
801524721
801568292
801568675
801573375
801581623
801586360
801612278
801613708
801627164
801627419
801630082
801630130
801643727
801647090
801649345
801650574
801656655
801657420
801660704
801668368
801723396
801725186
801754488
801757418
801758889
801780447
801782742
801787020
801799976
801820321
801821827
801826055
801831319
801837283
801862042
801870324
801872307
801894612
801900322
801910937
801926357
801943478
801960029
801962144
801975694
801991388
802001160
802001311
802027629
802038100
802040620
802041623
802044984
802057102
802060247
802080033
802080912
802094545
802103644
802131885
802138505
802151997
802181154
802183117
802201679
802219959
802225817
802232036
802236716
802246703
802277047
802308857
802347521
802366841
802368305
802372503
802392154
802396741
802402371
802402532
802405784
802410039
802416939
802425944
802426222
802436954
802461388
802470079
802482452
802502311
802513616
802514292
802528764
802540386
802552632
802570880
802582210
802590994
802594127
802618024
802634638
802643346
802653616
802654021
802655178
802657061
802658347
802659228
802691702
802715617
802715665
802739454
802749560
802775728
802784362
802790929
802795524
802799460
802822215
802823836
802826442
802838614
802850333
802859847
802863106
802884148
802904126
802909899
802917037
802926129
802930769
802932898
802938357
802942145
802948747
802978165
802991751
802997467
803008124
803019837
803020708
803020896
803032896
803034517
803055389
803056324
803059080
803069923
803070394
803073474
803075702
803079793
803080826
803091454
803103511
803106744
803137322
803152668
803160884
803198334
803203044
803220672
803228492
803240729
803242550
803276212
803304136
803304850
803315044
803321937
803339728
803340954
803361401
803363862
803382632
803398583
803399544
803410301
803414111
803421277
803426336
803441226
803488070
803489626
803493343
803512282
803541727
803552360
803553752
803565589
803569511
803570701
803592961
803593735
803598028
803627618
803631869
803633239
803635402
803640361
803642723
803648084
803681300
803725027
803738157
803742855
803743389
803751499
803759007
803759141
803765423
803768577
803773014
803789849
803799886
803800249
803822606
803826908
803840285
803860907
803889301
803890040
803901097
803904493
803905566
803915727
803926576
803940501
803942887
803950856
803954463
803954527
803965442
803973312
803981414
803991241
804006205
804026912
804029979
804030049
804036305
804045470
804054092
804072617
804076703
804087266
804127646
804138702
804148083
804156692
804173557
804179539
804180769
804200161
804200950
804205140
804249361
804276636
804283611
804287664
804303103
804307587
804313976
804330635
804338886
804357738
804360479
804396814
804409790
804416853
804416893
804433688
804439254
804462093
804468689
804479938
804494930
804517900
804524413
804550733
804555676
804556089
804594748
804596799
804614313
804630049
804658041
804659428
804665976
804674999
804740307
804741670
804753238
804769716
804772030
804774274
804809738
804819876
804846274
804855930
804860148
804861631
804875749
804914230
804916298
804916522
804917405
804930989
804932329
804938243
804954683
804956688
804971424
804985452
805001061
805007837
805024076
805024283
805034685
805048593
805063362
805067573
805081547
805092479
805101220
805108420
805109898
805121636
805122155
805128748
805130146
805137557
805153967
805167435
805172336
805173640
805175418
805176683
805185481
805195678
805197261
805200390
805216916
805219880
805226558
805232422
805234767
805238738
805242163
805266642
805274949
805275573
805294272
805301829
805301946
805328029
805330934
805337150
805350967
805353668
805358914
805361357
805362711
805389607
805429876
805452476
805454453
805464774
805465858
805467227
805487747
805504727
805514645
805522727
805523670
805527152
805541746
805585894
805596697
805597657
805606143
805626671
805626678
805647679
805648199
805668764
805669081
805674255
805682978
805694765
805701047
805711000
805722261
805722323
805725879
805731195
805751070
805758904
805769352
805773519
805780203
805780826
805793429
805797458
805813942
805815821
805830952
805831774
805846974
805856586
805863775
805873761
805897111
805908214
805909247
805916472
805916764
805924467
805929610
805955057
805958023
805958659
805964219
805972161
805996343
806013816
806033375
806044510
806047094
806049624
806069921
806088237
806092237
806124074
806124230
806138763
806138828
806154505
806180845
806186216
806198845
806210925
806221210
806227436
806275806
806281616
806294930
806310304
806321520
806360947
806363255
806374797
806379434
806383690
806396289
806409592
806412743
806433155
806446422
806446438
806459120
806464108
806469714
806480593
806490241
806514302
806519665
806531874
806544263
806559103
806580374
806595966
806606114
806610201
806614825
806618425
806621194
806621457
806625187
806626564
806628524
806640157
806643050
806646596
806665356
806672324
806681106
806689567
806692094
806692167
806707665
806713602
806715762
806731560
806731846
806736488
806738248
806742834
806750313
806758083
806790985
806797194
806799528
806812402
806824002
806827633
806848937
806851214
806854875
806877135
806887674
806924957
806931276
806934035
806942585
806942771
806947829
806969917
806992070
807004638
807004756
807011381
807017809
807022113
807025119
807036794
807050704
807060548
807068920
807072040
807076753
807098923
807102676
807104401
807117591
807127095
807127646
807130043
807151431
807157288
807178173
807196702
807201128
807205837
807216173
807216274
807216413
807220313
807273097
807279511
807286940
807296776
807299988
807307055
807321670
807335285
807370494
807387250
807396826
807407464
807410912
807422276
807437005
807438714
807440414
807472744
807489686
807490548
807493147
807536651
807573952
807577564
807600486
807618929
807625626
807647722
807650968
807655250
807663911
807666587
807679009
807705293
807707884
807708626
807711768
807729339
807774386
807788729
807792194
807797006
807824141
807841168
807846607
807926072
807936258
807936288
807940002
807951119
808002049
808017781
808029074
808029434
808041397
808044966
808053340
808063893
808086854
808089144
808100204
808104735
808106409
808110655
808145672
808146085
808157247
808161222
808175425
808203397
808207815
808220968
808225359
808230067
808230687
808233068
808248055
808271335
808278057
808285736
808306419
808306842
808319921
808338624
808343292
808358991
808359941
808362001
808362795
808364620
808391493
808404773
808407011
808410320
808410348
808449982
808459361
808471272
808478796
808507152
808516339
808516497
808522142
808533744
808546019
808552317
808557125
808580918
808581609
808593387
808612129
808614151
808614947
808640286
808642416
808642733
808651721
808654513
808660179
808661872
808663315
808687007
808725745
808727297
808738027
808759952
808782331
808788008
808793419
808818313
808819703
808829883
808836265
808854166
808855895
808863519
808871665
808872113
808874721
808931535
808933644
808938000
808938918
808940016
808952416
808974809
808982063
808982607
808988767
808989438
809016036
809025289
809042969
809048326
809068694
809087406
809091282
809091619
809100889
809102775
809107822
809108833
809135154
809167780
809170761
809172261
809172957
809185997
809192462
809201006
809210534
809218056
809238635
809242687
809248328
809249078
809252318
809253415
809266713
809276762
809283229
809284122
809284462
809295922
809299787
809307920
809332050
809344744
809344756
809347513
809357550
809362813
809363649
809367893
809380951
809388742
809393041
809405393
809427184
809443688
809461881
809462516
809468070
809468161
809515339
809523614
809533380
809541059
809553005
809561928
809567586
809575857
809581631
809593250
809596694
809606725
809689267
809710203
809728266
809733445
809733876
809743328
809759369
809774079
809774609
809783785
809799438
809807510
809810106
809834120
809849567
809854965
809882300
809906684
809914430
809932803
809976496
809992786
810005759
810009642
810029266
810048699
810064549
810070724
810104673
810113162
810115656
810154734
810157038
810157342
810157981
810163006
810193119
810197136
810213773
810221410
810226143
810227622
810268950
810270065
810279572
810283304
810309381
810347776
810355954
810366352
810372949
810373171
810381555
810397497
810398691
810401521
810424559
810431772
810432851
810434507
810449665
810451274
810452299
810452487
810465979
810473411
810478870
810484199
810491931
810497893
810508487
810528033
810533251
810535783
810536980
810538945
810541812
810549556
810553988
810558204
810559490
810589998
810590102
810601703
810617595
810635068
810636378
810658553
810666083
810668309
810684435
810688110
810695218
810698605
810703394
810708588
810716023
810738124
810741256
810761545
810768907
810781776
810782221
810824817
810827005
810829237
810849657
810861113
810861597
810863128
810866525
810877646
810887598
810914357
810927400
810937248
810953035
810962163
810967543
810976477
810980012
811002109
811002135
811013802
811025696
811040543
811055606
811069082
811095357
811126277
811134299
811150139
811153795
811175059
811175688
811176064
811189850
811243041
811245993
811250757
811262880
811266330
811280693
811287321
811297785
811312471
811331016
811349352
811356699
811390002
811398826
811414343
811418438
811448996
811457470
811461485
811470527
811476512
811477833
811478359
811487250
811506271
811511319
811520273
811529359
811586974
811600762
811609176
811628758
811644134
811644807
811674053
811694055
811694295
811696594
811698273
811707552
811721074
811733664
811735540
811750157
811752907
811773800
811775795
811777416
811792987
811824303
811843542
811857935
811871916
811882829
811888700
811895419
811918922
811919417
811944680
811952312
811985347
811995723
812005261
812006091
812012469
812018378
812035174
812042182
812052391
812055375
812056192
812063145
812063202
812065371
812081994
812082932
812085011
812095976
812096054
812107963
812122002
812211848
812215727
812222484
812226458
812250544
812260814
812278041
812282563
812322724
812327523
812339145
812369771
812371771
812386983
812397683
812418817
812423908
812430822
812435923
812445028
812467634
812470536
812511870
812533815
812564932
812573213
812589990
812625599
812633291
812635386
812645257
812648090
812669413
812671655
812675413
812675816
812755819
812806359
812814043
812814543
812817880
812831196
812840232
812883400
812889800
812894204
812894761
812903126
812910980
812926750
812945812
812971995
812979972
813007605
813007657
813024368
813040850
813043835
813058313
813062226
813092798
813097274
813098505
813102213
813104767
813112061
813129675
813130042
813135569
813138593
813141516
813144537
813147019
813158201
813168573
813172420
813185991
813205286
813209532
813219369
813222572
813224952
813231870
813262003
813267013
813275564
813284683
813287561
813294254
813300154
813304040
813307378
813307470
813307765
813367729
813370158
813374452
813380253
813400508
813437031
813440230
813440269
813441385
813464319
813470927
813477731
813493511
813518046
813523041
813526626
813531546
813548542
813565206
813568365
813572025
813576266
813590183
813598413
813598772
813602811
813622630
813635901
813643193
813660671
813666984
813682227
813685431
813697141
813698539
813702439
813707210
813707670
813708253
813721423
813748519
813753226
813753531
813756260
813757329
813782353
813785073
813785743
813786991
813809008
813813303
813824894
813851293
813869032
813876959
813894223
813934628
813935214
813950479
813955739
813957154
813959619
813964822
813965963
813967990
813969046
814027003
814039775
814045818
814062961
814119313
814134345
814135080
814150385
814165951
814197311
814203404
814203572
814217182
814243055
814245857
814289244
814330530
814337825
814343215
814349946
814350874
814372382
814392972
814395384
814400760
814401427
814401677
814413502
814415886
814448320
814449913
814463298
814467885
814496403
814543844
814555242
814567735
814594180
814609388
814614657
814615383
814615547
814623487
814636017
814651602
814675467
814684684
814708276
814709548
814711677
814716177
814726135
814736040
814742896
814743512
814744264
814771484
814782247
814815723
814818693
814832066
814835795
814837817
814839427
814840509
814856900
814871210
814872419
814873500
814876473
814887824
814904088
814905268
814913326
814917118
814959592
814967024
814977363
814981594
814996949
815013853
815015953
815025908
815065122
815074758
815081919
815089187
815097186
815100794
815110364
815111022
815123885
815145637
815156227
815210247
815214440
815234506
815266515
815266887
815310151
815331768
815332222
815336500
815359357
815362334
815365138
815371031
815372044
815381210
815398594
815410887
815415430
815417342
815426029
815435150
815437067
815449221
815451764
815454046
815459916
815459972
815469209
815474586
815476548
815478308
815489496
815500539
815509680
815509868
815514727
815537594
815556656
815585379
815586728
815596411
815598262
815600172
815609494
815610444
815610592
815614691
815627223
815638016
815659440
815665852
815701858
815734067
815749568
815752474
815759255
815779940
815795697
815799242
815800551
815804629
815813882
815817985
815835610
815857051
815868723
815896898
815908138
815923547
815925996
815945400
815946193
815950595
815952289
815957000
815965483
815988121
815990537
816010484
816021213
816027536
816039420
816047944
816089455
816103995
816115918
816121188
816133152
816154179
816155268
816156332
816165003
816207438
816207986
816232837
816238324
816244903
816249245
816253624
816268030
816272406
816279012
816284681
816290073
816294365
816305809
816317400
816335435
816338109
816338518
816355907
816365259
816368690
816398885
816399400
816403966
816404029
816406873
816447767
816460729
816467133
816476971
816498948
816499309
816501730
816507871
816522226
816531467
816552355
816559891
816562839
816591595
816592388
816593204
816610470
816613101
816634114
816660440
816660541
816669963
816676844
816688596
816689873
816695639
816697634
816700634
816706744
816734284
816748338
816756220
816757357
816759342
816782161
816791867
816803118
816805892
816817848
816821552
816827339
816839424
816842455
816849594
816854149
816872237
816874759
816876616
816903809
816921472
816932228
816939943
816973742
816974039
816979996
817001404
817034800
817046213
817047017
817084890
817101160
817111019
817114300
817119849
817138449
817151840
817170943
817175745
817187117
817187802
817200091
817202072
817203408
817205138
817212943
817220775
817224555
817234361
817239783
817241495
817241575
817275057
817278659
817284560
817294133
817304288
817367333
817370824
817374680
817387347
817388441
817401024
817405610
817409702
817421271
817431056
817459448
817466824
817471864
817515624
817520590
817522635
817551715
817556191
817562921
817564624
817567491
817568811
817577643
817579181
817582020
817588132
817607054
817613637
817618102
817619030
817639083
817676688
817682239
817720174
817722105
817722173
817728330
817732587
817742848
817777752
817778496
817790589
817808006
817826891
817829569
817843071
817857538
817874759
817876047
817894747
817907318
817908987
817913229
817926071
817931117
817935059
817942953
817945907
817962352
817965740
817969238
817978173
817988924
817991323
817993280
817998275
817999367
818025374
818060495
818067742
818071209
818077078
818089296
818097253
818097574
818100877
818117055
818127718
818146708
818146936
818180805
818183626
818194713
818276240
818335517
818344329
818344330
818353859
818355603
818366711
818369217
818388337
818390669
818403225
818418759
818421687
818437665
818448120
818459419
818464212
818546539
818559028
818572711
818572943
818600285
818614206
818621544
818630426
818652605
818657285
818658358
818667205
818673637
818681484
818737701
818738541
818746576
818747476
818752458
818774678
818776382
818798715
818808816
818829592
818839552
818841282
818849492
818865167
818872172
818882259
818883795
818887717
818902597
818916731
818931419
818933690
818960314
818962138
818964163
818968457
818977563
818981665
818985284
819008938
819013551
819026898
819049145
819062184
819077422
819080484
819082878
819098932
819111225
819111234
819118342
819128601
819145193
819147786
819147789
819151014
819152400
819160824
819178903
819188666
819210832
819219598
819252129
819317092
819323648
819331472
819352745
819388983
819419497
819430480
819439462
819459282
819470883
819486076
819496144
819499314
819517538
819519446
819530361
819531375
819534292
819545285
819555211
819559751
819562629
819564799
819567605
819622197
819655747
819662743
819665101
819675307
819678711
819682645
819692454
819699388
819702514
819725275
819736758
819745451
819747829
819750323
819754343
819757656
819762327
819778770
819805093
819814193
819822047
819843241
819855896
819880145
819886787
819891276
819942860
819972301
819984861
819996466
820000517
820020057
820033006
820037529
820041684
820042947
820061718
820062313
820067540
820079207
820096077
820100842
820118772
820123929
820151851
820154718
820162129
820165495
820185333
820192105
820196112
820199880
820213401
820218314
820223787
820226928
820233798
820248738
820277697
820291699
820295424
820298703
820299167
820314765
820330203
820332597
820332912
820354677
820361667
820372713
820391195
820408608
820417628
820447334
820464890
820467924
820487370
820495316
820503449
820508385
820537043
820538718
820540281
820557356
820560948
820584001
820587546
820610255
820610672
820655576
820659299
820663420
820677399
820691353
820693900
820697146
820697250
820702609
820725548
820731057
820739984
820742722
820757956
820763262
820787552
820790280
820790799
820798239
820803493
820804609
820805583
820812512
820818254
820822973
820856266
820861783
820867760
820868498
820871147
820875103
820881132
820886557
820889341
820904893
820906297
820919883
820921027
820925400
820937838
820960144
820961269
820963576
820968266
820974788
820976741
820987791
820996209
821011576
821011789
821015618
821021218
821023314
821024374
821040357
821048445
821049595
821053183
821068043
821070888
821073568
821080932
821090659
821113278
821117164
821133882
821149623
821158987
821176183
821184795
821196622
821207968
821237930
821256041
821256280
821259391
821263203
821278049
821297346
821301356
821316244
821318517
821322953
821327560
821340010
821358063
821361038
821367053
821369079
821370688
821373887
821375072
821387923
821391317
821408560
821409814
821411043
821412801
821442339
821452119
821457777
821460277
821462936
821469477
821474121
821489035
821494005
821502064
821516757
821524376
821525544
821532968
821551098
821551432
821552219
821554252
821556276
821583151
821595457
821624381
821629790
821645106
821659622
821683912
821691105
821708447
821727127
821771267
821777653
821799078
821808216
821811422
821827170
821829642
821837815
821841793
821843178
821857945
821869413
821888959
821905767
821908311
821915631
821928414
821937723
821949878
821957057
821971287
821973730
821997860
822007730
822028636
822032502
822037707
822069470
822079113
822085203
822088495
822093501
822108263
822125150
822139182
822140834
822153156
822161467
822170715
822170731
822179539
822207954
822227788
822228034
822233458
822243335
822244089
822248472
822249125
822255652
822263830
822278271
822297875
822301254
822386050
822387941
822394641
822398498
822402621
822406560
822419948
822427381
822435769
822438847
822439956
822452675
822460290
822461854
822504917
822509172
822510234
822514613
822525198
822527086
822533155
822536839
822540504
822556926
822592839
822602622
822603498
822623833
822639984
822652870
822653907
822661217
822669867
822678505
822685858
822694427
822735320
822736547
822741884
822746604
822747961
822752801
822767918
822778671
822784159
822789574
822794470
822807678
822814026
822814293
822830074
822830763
822834801
822834826
822840975
822855608
822862416
822876642
822904264
822908392
822933249
822987071
822998052
823017029
823026751
823038327
823053898
823055707
823063844
823069891
823072453
823078101
823078117
823084384
823094844
823107954
823122999
823137664
823147754
823159583
823161584
823164310
823164494
823167145
823168187
823184551
823185116
823190688
823196434
823202333
823210441
823210504
823217361
823224786
823229001
823249826
823252088
823264056
823266840
823272557
823300390
823308305
823321605
823342026
823349768
823355243
823362137
823362219
823366930
823371628
823383908
823394475
823410062
823412132
823425852
823434233
823439558
823450476
823456161
823468263
823473298
823530100
823530335
823531826
823536171
823546386
823565096
823570269
823572068
823580989
823585736
823589023
823608353
823631324
823631931
823637638
823671397
823676541
823687131
823692569
823715884
823736308
823743009
823745551
823754915
823764100
823774622
823775619
823781050
823789424
823804091
823812603
823815774
823830546
823841487
823862008
823896008
823902435
823902883
823914532
823919543
823919715
823927745
823940397
823953254
823970720
823976081
823977794
823983649
823995272
823995470
823997330
824017918
824041965
824053541
824056746
824061208
824071689
824073514
824089647
824097144
824104865
824141144
824152018
824170896
824171444
824179900
824182801
824189296
824194921
824201945
824202565
824205518
824224966
824229607
824232024
824238624
824240611
824256562
824278841
824281477
824304705
824306114
824318225
824319019
824320399
824357381
824374227
824381833
824413806
824418181
824440396
824467472
824479811
824484163
824507703
824528411
824536159
824549599
824554220
824565125
824570011
824575477
824580710
824587815
824590966
824602820
824606776
824607602
824622980
824630031
824641433
824644567
824647770
824649444
824657506
824662151
824683086
824691341
824694583
824700068
824706794
824712352
824713620
824714180
824723022
824732133
824752202
824754265
824765207
824772006
824786605
824803297
824812828
824822721
824832943
824839170
824841169
824854611
824859631
824865590
824879711
824889899
824892847
824895065
824898819
824921455
824933874
824943883
824947856
824956267
824963242
824968011
824977914
824983288
824987304
824991692
824994121
824995763
825006287
825031503
825031981
825070967
825092353
825105737
825120151
825125536
825134522
825141205
825158777
825164574
825179122
825199244
825200964
825202037
825210257
825218238
825220161
825222454
825227379
825242589
825246389
825257016
825280556
825313616
825341790
825342022
825352155
825374906
825378946
825402518
825415818
825418892
825431306
825433433
825435641
825456147
825459278
825486903
825492170
825501999
825504559
825510605
825512470
825520081
825523352
825526607
825528161
825544882
825575449
825592564
825607332
825617010
825622410
825631666
825648680
825663919
825664894
825691779
825695465
825721629
825723735
825739580
825773653
825778439
825805182
825811076
825814392
825822741
825823273
825831378
825841010
825852803
825855523
825863811
825896344
825899833
825938224
825952535
825955029
825957650
825961524
825976487
825982430
825987763
825990267
825992936
825995839
826003818
826009621
826019601
826028259
826048094
826076000
826085450
826086644
826100498
826102432
826109895
826110121
826131897
826135309
826142740
826143474
826146875
826151291
826166909
826186114
826195672
826232585
826238874
826241304
826246763
826254300
826255437
826263348
826269089
826277789
826290126
826291288
826305438
826305800
826313711
826316289
826317682
826330963
826332025
826336172
826362036
826368444
826370741
826379122
826380825
826385995
826415065
826415447
826422760
826427770
826434613
826440411
826452016
826453571
826457171
826482345
826483968
826491911
826492365
826497600
826507538
826508408
826520314
826525424
826558287
826563156
826563538
826589305
826589752
826590600
826594761
826598338
826600657
826641797
826666982
826671463
826686643
826702393
826708766
826723379
826724174
826748134
826760825
826764812
826767773
826770079
826771356
826773622
826778545
826803402
826823482
826825875
826842633
826846888
826861526
826861699
826879206
826917859
826918715
826929813
826967319
826972445
826997180
827003835
827009592
827023962
827038690
827042798
827051676
827055408
827058810
827082590
827088567
827096310
827126870
827127559
827133086
827144831
827147011
827163571
827176678
827218105
827223007
827255852
827276384
827285361
827285701
827286469
827293840
827297159
827297957
827308996
827310568
827317487
827355195
827355445
827370629
827373544
827384998
827387221
827427358
827437233
827445573
827453921
827455344
827465133
827479158
827496116
827502997
827515408
827528224
827528908
827534761
827548942
827561132
827561766
827562195
827569148
827576737
827577257
827577981
827583300
827620463
827625510
827627432
827645309
827654515
827684435
827687423
827712653
827719816
827729774
827730641
827780008
827780477
827791166
827796614
827797741
827804035
827830841
827843019
827856893
827858562
827860429
827881920
827886254
827898371
827916309
827926032
827927250
827953514
827964331
827980636
827984194
827987390
828009286
828012905
828022930
828038958
828041965
828042015
828049607
828055807
828092188
828098020
828113007
828116222
828116841
828125295
828133080
828136556
828153510
828160743
828172225
828173996
828186422
828207540
828223855
828258306
828269788
828273700
828274801
828288409
828295471
828309437
828332568
828332765
828340782
828345476
828352162
828373732
828374090
828374107
828380392
828381559
828383233
828390407
828407185
828486984
828510601
828515843
828523671
828526450
828533429
828562196
828567570
828579010
828590411
828593178
828600614
828608294
828621004
828622371
828625641
828626836
828662794
828664551
828674879
828683200
828694463
828698216
828699606
828700450
828727871
828740490
828745041
828745123
828747019
828758725
828783411
828787113
828789146
828796516
828824629
828864308
828884294
828885243
828893914
828906898
828923839
828923989
828947885
828962969
828963802
828969758
828971686
828972115
828972831
828986302
828991632
828992732
828996485
829001485
829012959
829028394
829032339
829055853
829061686
829080662
829088720
829092073
829104627
829116873
829119432
829134521
829146750
829171676
829174832
829182908
829190335
829192551
829213918
829223864
829239408
829246200
829250602
829251470
829254695
829257325
829268399
829270838
829278192
829281064
829294667
829296397
829316690
829320476
829320965
829342436
829342447
829354420
829377245
829390496
829393103
829393448
829395208
829406870
829409186
829409427
829411628
829435074
829440917
829447484
829450891
829475480
829475610
829477414
829479711
829485217
829507702
829508310
829525611
829545471
829550000
829554572
829565401
829573005
829591401
829595307
829599669
829600947
829610581
829627538
829642435
829645278
829658624
829686375
829695757
829697811
829711613
829735459
829750844
829769399
829789944
829796234
829829173
829830958
829835672
829836429
829836467
829844407
829855422
829864474
829871726
829878760
829883723
829898886
829907328
829917796
829936213
829941191
829948280
829966377
829970360
829976632
829982351
829987297
830012995
830020408
830020866
830063534
830065579
830070583
830074319
830080599
830098346
830102802
830108646
830121969
830127332
830169294
830200230
830204991
830207246
830207394
830213372
830227435
830245420
830250077
830253121
830254374
830256589
830257524
830261689
830273230
830321664
830327459
830329321
830333737
830345859
830361820
830362610
830365371
830369742
830396754
830397961
830400620
830403295
830416493
830429086
830439681
830443359
830445959
830456097
830458339
830461985
830467348
830479139
830488606
830489912
830525035
830534909
830543092
830559509
830567898
830574826
830576835
830577983
830596928
830605400
830609690
830614951
830625751
830654474
830659062
830683652
830688126
830690530
830694580
830705464
830715701
830718412
830734012
830783651
830789098
830791132
830806098
830810993
830814672
830837278
830846445
830852727
830866404
830892213
830897048
830929270
830933512
830945696
830948787
830963445
830975156
830976776
831014749
831017812
831023681
831025231
831031642
831058197
831070608
831072869
831078161
831101519
831101704
831102601
831105862
831106352
831132219
831152578
831158621
831160681
831168429
831171690
831186415
831188717
831205182
831235216
831239990
831242218
831269797
831273136
831276216
831285474
831293320
831296493
831317436
831339288
831361720
831370092
831388507
831398559
831424911
831441715
831442645
831448415
831449775
831460706
831482355
831487779
831495667
831497294
831500105
831501274
831510257
831514904
831522865
831539001
831561325
831562850
831565225
831570153
831570763
831571117
831575957
831578278
831581491
831607435
831618055
831624009
831639327
831639894
831644440
831682807
831687445
831690953
831692220
831696187
831722848
831737847
831742603
831746794
831748885
831770924
831772440
831791228
831795654
831797571
831797698
831801119
831806283
831817598
831825432
831854307
831892872
831915073
831921532
831927557
831933596
831938580
831949339
831960017
831981838
831999565
832012453
832028826
832029006
832043091
832054198
832061292
832086254
832110005
832132836
832149248
832163047
832163563
832190185
832209864
832217833
832239928
832260738
832268606
832277297
832279044
832280026
832290176
832297061
832312985
832313244
832330601
832333741
832335904
832350544
832370963
832375509
832416825
832430617
832435823
832447293
832463024
832481690
832513758
832517801
832530533
832573355
832610626
832616499
832629193
832631365
832634484
832634912
832645915
832649333
832655863
832666192
832681239
832692519
832696918
832713344
832726710
832731153
832736613
832738013
832740126
832757608
832777999
832780789
832806818
832810530
832814581
832822758
832840130
832841065
832855129
832858746
832867480
832867491
832870292
832883694
832891410
832893772
832901291
832942082
832945426
832947624
832955096
832958683
832960161
832961997
832965020
832965342
832967730
832968563
833015677
833017120
833018737
833102438
833112018
833124755
833131528
833145873
833149162
833195398
833197733
833203472
833211456
833228887
833238049
833243386
833244422
833253334
833255571
833268878
833281156
833297792
833304759
833330752
833338421
833360815
833436265
833449001
833467241
833468286
833468854
833508741
833526309
833534502
833545905
833549409
833559453
833561167
833561912
833593319
833597013
833611123
833632746
833633763
833639809
833642073
833647874
833651761
833656340
833671001
833686712
833688954
833716001
833716496
833717478
833735365
833747051
833767669
833775417
833786847
833788169
833804896
833806016
833831013
833850534
833851119
833869300
833871896
833925468
833938347
833942981
833945918
833996984
833997378
833999907
834007355
834007746
834009445
834022722
834032428
834046164
834072757
834076142
834089341
834118424
834121646
834129309
834130614
834142405
834158205
834166361
834188194
834201943
834241041
834244168
834261101
834266373
834277067
834280341
834293329
834303790
834303968
834314319
834326887
834349976
834364234
834364721
834378185
834380662
834403432
834405838
834408159
834431208
834441085
834455911
834489909
834496048
834514795
834516846
834526185
834558462
834629143
834645831
834648057
834656502
834664036
834666041
834682327
834707857
834709890
834712445
834713665
834717687
834728748
834745949
834748660
834767994
834774930
834775725
834798315
834800212
834803822
834804143
834810801
834816494
834818815
834820278
834847719
834853483
834860933
834872452
834879569
834885090
834890108
834906345
834950479
834960422
834975027
834979127
834982753
834995784
835012011
835013559
835033186
835037102
835050497
835056916
835058295
835068070
835107440
835110812
835134310
835143507
835157998
835165777
835172364
835187314
835189104
835200237
835225029
835227227
835240883
835247863
835251804
835264237
835271276
835297062
835299818
835303152
835333892
835374837
835378486
835382344
835386155
835407807
835410899
835421254
835434345
835439638
835446101
835456123
835518205
835536167
835538873
835552471
835561421
835586439
835599639
835618857
835622002
835627712
835644156
835665873
835672488
835673158
835692132
835692303
835706471
835707849
835719541
835738069
835738182
835747384
835772000
835778434
835783124
835783597
835790119
835792333
835833305
835833777
835839585
835846921
835859253
835879014
835885287
835933352
835936262
835954397
835964886
835990882
835999600
836001559
836010294
836016403
836019109
836064645
836074137
836116553
836130023
836140964
836164036
836174528
836182600
836184260
836202676
836211512
836226214
836234980
836261215
836261571
836269705
836277290
836292224
836323465
836340292
836358115
836372101
836431914
836446405
836463367
836471297
836477051
836480427
836494048
836496832
836520110
836521560
836526351
836545552
836545585
836546395
836549236
836561587
836575575
836576488
836578158
836580309
836651631
836684679
836702700
836711759
836712281
836714242
836727778
836728434
836728613
836728811
836736434
836768142
836817013
836821526
836824197
836827008
836840941
836850989
836851377
836858124
836866111
836878855
836880995
836889880
836911321
836916103
836928032
836933903
836941419
836942922
836943472
836953340
837019963
837021240
837025363
837049882
837058140
837058848
837058853
837064970
837066396
837073959
837079500
837109702
837111078
837115822
837127410
837154498
837157720
837171000
837177870
837179612
837181524
837195845
837216885
837244218
837251136
837260636
837269016
837273498
837281008
837331881
837342775
837345356
837405101
837412576
837420343
837427696
837437823
837464179
837464968
837470836
837484172
837485141
837504111
837549991
837552085
837555768
837606270
837613437
837627210
837632838
837639001
837650619
837663675
837666024
837668818
837675487
837676279
837681508
837685193
837693612
837696063
837699924
837720928
837735277
837747238
837752849
837781657
837782826
837783274
837788599
837791179
837794063
837808044
837817440
837821539
837837524
837842410
837857735
837858462
837858470
837862488
837872675
837877152
837880342
837885102
837902894
837916413
837937465
837944725
837960926
837963060
837971706
837973931
837996462
837997896
838002390
838010930
838010998
838019174
838056599
838056640
838064208
838095999
838097210
838112890
838116909
838128039
838141050
838143751
838151998
838154328
838184548
838185189
838188903
838194650
838203950
838204085
838210959
838246540
838248460
838252527
838258082
838262042
838270663
838273308
838274886
838285217
838289448
838303818
838316820
838341107
838352921
838353915
838364983
838365772
838368923
838369914
838371220
838375553
838375917
838406949
838420113
838426939
838427056
838439480
838442134
838443312
838446466
838450930
838452417
838454098
838463286
838473001
838481688
838481932
838488454
838514587
838520606
838532879
838534165
838551266
838559871
838561107
838562902
838604141
838611936
838612367
838620123
838634831
838662550
838668823
838670950
838673841
838681630
838681744
838688295
838725500
838731389
838740170
838744467
838747852
838761753
838762425
838775590
838838261
838838335
838861787
838869626
838875424
838887062
838912920
838920215
838928194
838930946
838951256
838955357
838958850
838965369
838965778
838968184
838971364
838981480
839000797
839002736
839022689
839023033
839031374
839045479
839056492
839073543
839088732
839090328
839092896
839095174
839095233
839098171
839112250
839115848
839119390
839149986
839156120
839177667
839200776
839202297
839212377
839222565
839222916
839235959
839244908
839266648
839296642
839313377
839313547
839316073
839334542
839351045
839357390
839366656
839392875
839410501
839443362
839446683
839451091
839454009
839487424
839505134
839507256
839521344
839540996
839547669
839563745
839603160
839615481
839617098
839631626
839639734
839650284
839666288
839675470
839676162
839678124
839680760
839681813
839683821
839710430
839712632
839722179
839726975
839743411
839747088
839747747
839773743
839774616
839795273
839799781
839801992
839812250
839822010
839829748
839834584
839835463
839858159
839861871
839866407
839870385
839873315
839882038
839884355
839895952
839919070
839927003
839927960
839946193
839965093
839970692
839978314
839982330
839986804
839987881
839992542
839993122
839993621
840000437
840003740
840007306
840030822
840044421
840081335
840118993
840122650
840125393
840128164
840130041
840147693
840153566
840164206
840164230
840172923
840175910
840187408
840194312
840195173
840196828
840210473
840228372
840232630
840238008
840248623
840269662
840275015
840278965
840288446
840293428
840321383
840323450
840352298
840383803
840391051
840406911
840410229
840412607
840415427
840415581
840419062
840424694
840426283
840436512
840440504
840440720
840447239
840466324
840496349
840524340
840532800
840546471
840573563
840577868
840584663
840593601
840616353
840633878
840635404
840659823
840664565
840670392
840672868
840680239
840687080
840699844
840706019
840710919
840713458
840714252
840754292
840763248
840769462
840783408
840796840
840801536
840808302
840822277
840822566
840823381
840846597
840872154
840876107
840889933
840892101
840893019
840899591
840918734
840941011
840942229
840949699
840951468
840954063
840974193
840975036
840978368
840979298
840998849
841001170
841003216
841009840
841025276
841028855
841038203
841044624
841074571
841079829
841142720
841166348
841166578
841200917
841205617
841209127
841223644
841233954
841236558
841241400
841265887
841277880
841278485
841279183
841286486
841289960
841290163
841309223
841312638
841318133
841345032
841353448
841370973
841375673
841381805
841382847
841388749
841399227
841409831
841411089
841411920
841415481
841429368
841441942
841446171
841463910
841466914
841470799
841475728
841477880
841488856
841504949
841506887
841527117
841538082
841574206
841579824
841588281
841588492
841600202
841619237
841633662
841648051
841660225
841670074
841685655
841689805
841693108
841696806
841698905
841715110
841731101
841738689
841742289
841755916
841762176
841788570
841797236
841804276
841809104
841813105
841835841
841836777
841842900
841845260
841854673
841868083
841870172
841878041
841887070
841891477
841905749
841916981
841921973
841936598
841948678
841949886
842002005
842008681
842010736
842027697
842046987
842049307
842049357
842063379
842071744
842076347
842133823
842137207
842141299
842162074
842173295
842184996
842194523
842205572
842205720
842205783
842241365
842242444
842245270
842276827
842304488
842307325
842309668
842317368
842321477
842323782
842335975
842337661
842344063
842345183
842358401
842381789
842390798
842394391
842410007
842412346
842430201
842462849
842468897
842486934
842491844
842498705
842514098
842515796
842520709
842529172
842547658
842552661
842571219
842598674
842600203
842611845
842621314
842628950
842637244
842649342
842666575
842685919
842688123
842697336
842723790
842731698
842747757
842785790
842788496
842805335
842822178
842829874
842858299
842866935
842875288
842882430
842891618
842898746
842920722
842925227
842952749
842969357
842969803
842978963
842986377
842988029
843001696
843004022
843014225
843026311
843038213
843041258
843077757
843093633
843101864
843110547
843115400
843120266
843130590
843132081
843150695
843158416
843160826
843180159
843180386
843181449
843195810
843202285
843207895
843210488
843216249
843245517
843246504
843247070
843252410
843255591
843256335
843263268
843263864
843277619
843279827
843300266
843341078
843355131
843360037
843371007
843385098
843392521
843407859
843409535
843415342
843419824
843419845
843431119
843441303
843449614
843451236
843460151
843468696
843476300
843493343
843511443
843522543
843527920
843546602
843548312
843548921
843551705
843555659
843561376
843563290
843575181
843582799
843589711
843595539
843596646
843598477
843616421
843626283
843636065
843637704
843659774
843665774
843666260
843672106
843681601
843685513
843707750
843711536
843726945
843733370
843740915
843745111
843749434
843755337
843755813
843761036
843765831
843774484
843784052
843796457
843799399
843824373
843844838
843868642
843868845
843879238
843881351
843891341
843913927
843916168
843917413
843921875
843925835
843935968
843940778
843951036
843951141
843959964
843963416
843965097
843983198
843992751
843998123
844016545
844034650
844047664
844050414
844058832
844079869
844083909
844084821
844087413
844091118
844097034
844102075
844109540
844122713
844123998
844133116
844134740
844141629
844149607
844164073
844168274
844170077
844173429
844176774
844183556
844190976
844193037
844205728
844212347
844216378
844252062
844255368
844266985
844269933
844282042
844296828
844296834
844315146
844316671
844335712
844348391
844402502
844409191
844419228
844426782
844454118
844458511
844475096
844482171
844502703
844510529
844518163
844518636
844526691
844529127
844538368
844539574
844541107
844551476
844561595
844563042
844563778
844567750
844571407
844572229
844575606
844586372
844595444
844597818
844602026
844613449
844638219
844656161
844659767
844660638
844661694
844661856
844669750
844703881
844709544
844710030
844717910
844718196
844718402
844772422
844774419
844798009
844804596
844814938
844826133
844835108
844838761
844849985
844873730
844875629
844889955
844901166
844904917
844983088
844990385
844994699
844998378
844999226
845008509
845013963
845018940
845021759
845035656
845058901
845069981
845085767
845098890
845107331
845145201
845160071
845175509
845176770
845199683
845222665
845225932
845229543
845255614
845259962
845264802
845267865
845269452
845288082
845291269
845305999
845307898
845316526
845320442
845332945
845339223
845365668
845368565
845372476
845394012
845399600
845411388
845425097
845434475
845446090
845473913
845477387
845511261
845532890
845533795
845541670
845556124
845562511
845574230
845583786
845583976
845587089
845611661
845625340
845635164
845636892
845637079
845637483
845655125
845680535
845684522
845715077
845738753
845740274
845747084
845753022
845787473
845787661
845799283
845820692
845824103
845825594
845839885
845844650
845861887
845863969
845883702
845891813
845895849
845905232
845910065
845913360
845915487
845926009
845935220
845936603
845939856
845940757
845949330
845949832
845981258
845986726
845988956
845998743
846010417
846019160
846032356
846053815
846059158
846060530
846068360
846078817
846087208
846092034
846097538
846097730
846115868
846117903
846129667
846137392
846202807
846205528
846209942
846221651
846223066
846244243
846310183
846315683
846319980
846336057
846351702
846358842
846360432
846366345
846369312
846369922
846378016
846382605
846388998
846398847
846414610
846421084
846421508
846444192
846451019
846458029
846489730
846501271
846510894
846536845
846539575
846546038
846563630
846582009
846593983
846599701
846608000
846622744
846627126
846642686
846646010
846660750
846667981
846675456
846725821
846733566
846746812
846751907
846764706
846820279
846821840
846826423
846826607
846832099
846856402
846859663
846861513
846893170
846898049
846903850
846918979
846922232
846923972
846926385
846932713
846941493
846952588
846964648
846977089
846980785
846982352
846988825
846994407
846998272
847002136
847004283
847021924
847022853
847039616
847041570
847060368
847132577
847132625
847135008
847139878
847141567
847163791
847177739
847200949
847206624
847220197
847229924
847237869
847243627
847256297
847262296
847264893
847280307
847292623
847297456
847300052
847302228
847314629
847317284
847317930
847339510
847343875
847359168
847365746
847373793
847376452
847389975
847394003
847394807
847400901
847410729
847414013
847422931
847424659
847443910
847456846
847464397
847474006
847479552
847482234
847491452
847492709
847512694
847521549
847592070
847611709
847612210
847617254
847621164
847622375
847635077
847644861
847655897
847666323
847675030
847698832
847711238
847715609
847738768
847746186
847768169
847780381
847788367
847797357
847824299
847826007
847828989
847875099
847884121
847889414
847908786
847918254
847919413
847943549
847971920
847984786
847989994
848000555
848006432
848013394
848021654
848057964
848061460
848087464
848091522
848095522
848100324
848101446
848102142
848107072
848112200
848113665
848120300
848122422
848125911
848137657
848142100
848144907
848173766
848185309
848209545
848219796
848228903
848258808
848260968
848267006
848275358
848279334
848292185
848300555
848313657
848314274
848353480
848379183
848383172
848390502
848398046
848405997
848408148
848414152
848422618
848437648
848443421
848454844
848458485
848473023
848499537
848504408
848507787
848514740
848516134
848540408
848541337
848561095
848581492
848585054
848596837
848599751
848601192
848606259
848621536
848621994
848628903
848648586
848651004
848665136
848685862
848693119
848706405
848710900
848719949
848734144
848767301
848770610
848776448
848783684
848796770
848796873
848819748
848835607
848865165
848872724
848872885
848911139
848912185
848918973
848932316
848947937
848960012
848978613
848980419
848993592
849021801
849039035
849051814
849055874
849056931
849062228
849062857
849089636
849094120
849103434
849117376
849138868
849187999
849225940
849253104
849255774
849263007
849270523
849298918
849302813
849332983
849337329
849344940
849349993
849372205
849374428
849398667
849403879
849444300
849448544
849452582
849500301
849504790
849522621
849537437
849541888
849543678
849549790
849550170
849563166
849576173
849585004
849594958
849601041
849629263
849636560
849641133
849642019
849644569
849665221
849692507
849692824
849706371
849723689
849727215
849740188
849759988
849770426
849776079
849820520
849835098
849836333
849840454
849842176
849848052
849872094
849880937
849892797
849895410
849916523
849927155
849932143
849932244
849949146
849951018
849957895
849962731
849967095
849968486
849973826
849974155
849977622
849981616
850003828
850031784
850056163
850061358
850066240
850066732
850066841
850067105
850070588
850071430
850076797
850082092
850105268
850129554
850140316
850147106
850148096
850149332
850155970
850164672
850175050
850176780
850177443
850177630
850182186
850196800
850206224
850219723
850226622
850227968
850232241
850235493
850245329
850250480
850267591
850274723
850279229
850289297
850290263
850294768
850295048
850295584
850310947
850314253
850330078
850346133
850361796
850365987
850377065
850447689
850457165
850461829
850469127
850472005
850477484
850493948
850521048
850564934
850566413
850579215
850589598
850605414
850627660
850639530
850641194
850642474
850644551
850652465
850657886
850661475
850663412
850683843
850684489
850688347
850692402
850721109
850727968
850762730
850778114
850780755
850787048
850794295
850807623
850821778
850824400
850824880
850825609
850834753
850834928
850837650
850856526
850865997
850873258
850890604
850893930
850905286
850929385
850938806
850981705
851002365
851014486
851016655
851021307
851024541
851028494
851044609
851046967
851068209
851081640
851091992
851116721
851130338
851135804
851150168
851177972
851178369
851236783
851251711
851260838
851262313
851275679
851303376
851315725
851342733
851397658
851400279
851405275
851413527
851419513
851423197
851470069
851472362
851472775
851473532
851476314
851485590
851488833
851519206
851521715
851525717
851533481
851535531
851545833
851580453
851624360
851633245
851643168
851671478
851693027
851696196
851697550
851701951
851703227
851733925
851736663
851752541
851775837
851777191
851791168
851795921
851801799
851803061
851811825
851834266
851862492
851866742
851872707
851882985
851887792
851892582
851921253
851930289
851949770
851950803
851953429
851964926
851974721
851979614
851984422
851985409
851997914
852001862
852016872
852031925
852043097
852055566
852058006
852074088
852077998
852084059
852084237
852114967
852123324
852142933
852147186
852151873
852159755
852162164
852204178
852216772
852238084
852260075
852269334
852273037
852275959
852277154
852281086
852289982
852317744
852321174
852323554
852334057
852355771
852363762
852365738
852382413
852396569
852399974
852400995
852406397
852408388
852408710
852424941
852446202
852480576
852485319
852503435
852515321
852517702
852524674
852546562
852547786
852550663
852558027
852577890
852605364
852618087
852621872
852640229
852644801
852645223
852646315
852693203
852720889
852737133
852739627
852749754
852757351
852761826
852777600
852793345
852802367
852809769
852816200
852826698
852834549
852850296
852853935
852855766
852857588
852861587
852899013
852906206
852912488
852913281
852921228
852938490
852940018
852976756
853024374
853059982
853090536
853102433
853105779
853109767
853123018
853128100
853132531
853133903
853154440
853165092
853165371
853167165
853169344
853177053
853178420
853188250
853196943
853197198
853199177
853201983
853228178
853228282
853238366
853242771
853248109
853249652
853253218
853257042
853268743
853274602
853295802
853303331
853313234
853317400
853318507
853335393
853348794
853351030
853354291
853359530
853393474
853397493
853411589
853412628
853424887
853433779
853447147
853449864
853451203
853464454
853474092
853479494
853485581
853492284
853510988
853526429
853534051
853536300
853539849
853550557
853551968
853561764
853566372
853571045
853574740
853586577
853589457
853592910
853606508
853606634
853619769
853634738
853658846
853684008
853691254
853699125
853701211
853706317
853725465
853750895
853762640
853788589
853822031
853835043
853860239
853884089
853894609
853901835
853902518
853907383
853912764
853915893
853923737
853928063
853942738
853973698
853977778
853983680
853988302
854012068
854015397
854029871
854030265
854039196
854039439
854045505
854063724
854064517
854070525
854074766
854080583
854089646
854131398
854173952
854183999
854185254
854187085
854190648
854195184
854196458
854212142
854224143
854229996
854230807
854234361
854249195
854294926
854311517
854315563
854317780
854322102
854348550
854368669
854373164
854376958
854390225
854401023
854405970
854425300
854448036
854469342
854470110
854502978
854530915
854536235
854542245
854546643
854555759
854593031
854596089
854596915
854603873
854606016
854628871
854634583
854641681
854644721
854647534
854666844
854685239
854693701
854715161
854726792
854727744
854741342
854756183
854768392
854771387
854774987
854778248
854796266
854808162
854816628
854818727
854833031
854833292
854837204
854845509
854849085
854865256
854868592
854869276
854876691
854877282
854879358
854882612
854899256
854901094
854901871
854906138
854918247
854931401
854950259
854967533
854974859
854990979
854992297
855026064
855027473
855041753
855060651
855071327
855077932
855098316
855103394
855132323
855135496
855135623
855138907
855150369
855155234
855171047
855181195
855181455
855187761
855191087
855192704
855205344
855227973
855240951
855248871
855254108
855262423
855266108
855276128
855292853
855307498
855360416
855362186
855369574
855382065
855385745
855388415
855401325
855410963
855423307
855428972
855439344
855439729
855447420
855459919
855463639
855464617
855470735
855482195
855485179
855509657
855513484
855519514
855521181
855538912
855549412
855561627
855574556
855582416
855606300
855608121
855629987
855634188
855648063
855648405
855662295
855679900
855680769
855688580
855692790
855697872
855699260
855704246
855781027
855781984
855785013
855787401
855799031
855803686
855836062
855863989
855867130
855872699
855874844
855888987
855895763
855903385
855903764
855927230
855931387
855935408
855949807
855958308
855980783
855995300
856024529
856027705
856033118
856046129
856052860
856087927
856090321
856096074
856103668
856110013
856144765
856165349
856165721
856175177
856179110
856196763
856198390
856199243
856199404
856209126
856215807
856228488
856242203
856252153
856261135
856273005
856275639
856276106
856278149
856285031
856294262
856296109
856302930
856331034
856344023
856354453
856374412
856379758
856380719
856390340
856425843
856451191
856457600
856460458
856471254
856474463
856475441
856483254
856499282
856515854
856521557
856527080
856533976
856537886
856550435
856554837
856555102
856581420
856588334
856591799
856602935
856605004
856625247
856626010
856627980
856629340
856632227
856632449
856656858
856666908
856674065
856691811
856721246
856726588
856728193
856733053
856761185
856780354
856785215
856799709
856822828
856836105
856841305
856842008
856843808
856846844
856864950
856899505
856901582
856902711
856925001
856959287
856973184
856979740
856980022
856992138
857057186
857059981
857065643
857069942
857083196
857120896
857121291
857137923
857140059
857236549
857252255
857270763
857280161
857287899
857312994
857315562
857326783
857340436
857344192
857352101
857360554
857361766
857372263
857373510
857377492
857377613
857379160
857391095
857396054
857403208
857419482
857426940
857427015
857433955
857442290
857449575
857467187
857475014
857499071
857509741
857521959
857527991
857531687
857546935
857549147
857558431
857562197
857562574
857563150
857584579
857584655
857587642
857595806
857609593
857613816
857623046
857641174
857652999
857653852
857665452
857671924
857701954
857720936
857732999
857734329
857787728
857791221
857795107
857817118
857817458
857827592
857829875
857846039
857856820
857863216
857894784
857905208
857913352
857919048
857919252
857925182
857927373
857939233
857943585
857944042
857976353
857980689
858002759
858007688
858017689
858022288
858023615
858023793
858063827
858076620
858086545
858087696
858106646
858116827
858123689
858126410
858128586
858131205
858144661
858147565
858147569
858179289
858185051
858186696
858192528
858198779
858204542
858211607
858230778
858233164
858237106
858240368
858242479
858280715
858285666
858293205
858293792
858294097
858294665
858310171
858310171
858324130
858345637
858349940
858350256
858356444
858381782
858385915
858388531
858406080
858411026
858418337
858431701
858432012
858443012
858444599
858453090
858489668
858504528
858512559
858520086
858525540
858530298
858537346
858575625
858591651
858608430
858611667
858641377
858657689
858670727
858679039
858688307
858693230
858697236
858703803
858716832
858753024
858764073
858781584
858787284
858787685
858816365
858823427
858829999
858833348
858834921
858844644
858852542
858854865
858893175
858896086
858902116
858930420
858949857
858966364
858975130
858979101
858984427
858988295
858999870
859010652
859033142
859054197
859070076
859073219
859080343
859086836
859104902
859136158
859153534
859182617
859187285
859202945
859212629
859212847
859214747
859217838
859218990
859234418
859241697
859276700
859280452
859284085
859294738
859296179
859303478
859319736
859320872
859323757
859331549
859333105
859342467
859382993
859390607
859396731
859404799
859418228
859430850
859430937
859434422
859435940
859449620
859451759
859455092
859455532
859471963
859472727
859476080
859480812
859485846
859490004
859496370
859521046
859530070
859530868
859553868
859557144
859561458
859574707
859609331
859610082
859620186
859629793
859637238
859657563
859664060
859668598
859669514
859684328
859700041
859731143
859740922
859745753
859746037
859747037
859759370
859768249
859788933
859790751
859812941
859823676
859827233
859828669
859852403
859877503
859882906
859883910
859885652
859894835
859905945
859921241
859923949
859959239
859959650
859973040
859978855
860010827
860015923
860019081
860019624
860046377
860050866
860051414
860060151
860072981
860077679
860086307
860100253
860108045
860109100
860130079
860157672
860168601
860183384
860211891
860217775
860242280
860246668
860248141
860254892
860256436
860259115
860263851
860265782
860267027
860268319
860284261
860298156
860301990
860321333
860333156
860335955
860380321
860401749
860404863
860419727
860429675
860432205
860454296
860454722
860457289
860469881
860470539
860472920
860475291
860475418
860476838
860484311
860492676
860496505
860498323
860503208
860511593
860539462
860556848
860586183
860588583
860590772
860605374
860616991
860627197
860627841
860638847
860640032
860656588
860659267
860659850
860668380
860671672
860678509
860679443
860687654
860715334
860730706
860737937
860756351
860757766
860767924
860814687
860841585
860849494
860854312
860856274
860857358
860858565
860877150
860881990
860884666
860911081
860911907
860956692
860962043
860986328
860999456
861020623
861040643
861044834
861051864
861060277
861069016
861097304
861141279
861151452
861154849
861173730
861189882
861198173
861208054
861210188
861212264
861246134
861250624
861264190
861264970
861269537
861271751
861273497
861274871
861290957
861291925
861295999
861304323
861325406
861335667
861340007
861344487
861360374
861390502
861391650
861403606
861417457
861429129
861440845
861446040
861456491
861461206
861470776
861492556
861516222
861534227
861542291
861549266
861558389
861589043
861604310
861613900
861617394
861625260
861627648
861627920
861633618
861650276
861652984
861665326
861667102
861681919
861688111
861722904
861728568
861730851
861742022
861753525
861766849
861766923
861770523
861782333
861810165
861827964
861852088
861864919
861877936
861879757
861898723
861899544
861923639
861930411
861931146
861957284
861974780
861983536
862009632
862012265
862020885
862021530
862025094
862028237
862031676
862032610
862035829
862046822
862062651
862071505
862081873
862108483
862110536
862114615
862122790
862136241
862155334
862164938
862167773
862175705
862180115
862181045
862183316
862213115
862223171
862269437
862305701
862306166
862316297
862324958
862325993
862349813
862379046
862382195
862391722
862407127
862407745
862437368
862439326
862439929
862451278
862473559
862485022
862498181
862501134
862504948
862508661
862514031
862514978
862515677
862538512
862541317
862557648
862568582
862568865
862570140
862575770
862583942
862593714
862602102
862605481
862627269
862643957
862644928
862668852
862682165
862685943
862699298
862702181
862721438
862733815
862742994
862743586
862750392
862750601
862752648
862754397
862778904
862779618
862802156
862811135
862812688
862816699
862819115
862858856
862860534
862867831
862874640
862889808
862901066
862908774
862912340
862920245
862969893
862972867
862979367
862981773
862982278
863010112
863030538
863039550
863048565
863048730
863053660
863066107
863074912
863083236
863084245
863089774
863102814
863110597
863123333
863137206
863151005
863154272
863156300
863160882
863161579
863180545
863216093
863224231
863244026
863256654
863264572
863265437
863274887
863291169
863295742
863298195
863315182
863318208
863320835
863324673
863346578
863385273
863402438
863403337
863417449
863439036
863445396
863462757
863462807
863476687
863483760
863485172
863495299
863501255
863511929
863541910
863562198
863602185
863603382
863608154
863610879
863615683
863627298
863630370
863631574
863634554
863647660
863652594
863657821
863666655
863666676
863668626
863676897
863677053
863684068
863684224
863730947
863732427
863733601
863739933
863790915
863806569
863827424
863842306
863860492
863865440
863869139
863878028
863880604
863883050
863886509
863894099
863910823
863914499
863915773
863915864
863943260
863944091
863952030
863960586
863980003
863998882
864016870
864036947
864075965
864077620
864087915
864110627
864111913
864120317
864121191
864160016
864165076
864170528
864202303
864227949
864230337
864238524
864274449
864281726
864313963
864317220
864339725
864344504
864348161
864364939
864366479
864376649
864390527
864391509
864391650
864391669
864400737
864406913
864416745
864427136
864428672
864450031
864452129
864477983
864478825
864484530
864484800
864491446
864518423
864518571
864518927
864532195
864543495
864549161
864550127
864555669
864557120
864559584
864571437
864588105
864592226
864601159
864617270
864639173
864639973
864653919
864669695
864682194
864698124
864701261
864718102
864723095
864723095
864723355
864731931
864756930
864787639
864802917
864803102
864811836
864818017
864822900
864831464
864836354
864836983
864843752
864882132
864895416
864899414
864913073
864918951
864919873
864923325
864932427
864938392
864954411
864960532
864965917
864966297
864970276
864986813
864992145
865006682
865007361
865055504
865072886
865084590
865093021
865101656
865107514
865117064
865125566
865125912
865145739
865162440
865175364
865189182
865234364
865244271
865246198
865259480
865268079
865288266
865289012
865290485
865302139
865302692
865308040
865352465
865357452
865374256
865375424
865379147
865398347
865398710
865411696
865416364
865435492
865444363
865446336
865467657
865475969
865478147
865501946
865528007
865546115
865566192
865572315
865586994
865614401
865626083
865682681
865706843
865719161
865726859
865730596
865755156
865762865
865770153
865782288
865799693
865825780
865826123
865829486
865839314
865843879
865855493
865865615
865917364
865919503
865941947
865968355
866001899
866003401
866009726
866023795
866025910
866033233
866041499
866048474
866051042
866053433
866063218
866081819
866130274
866162255
866163110
866167040
866192033
866215115
866225259
866230521
866260972
866264061
866273113
866279320
866300746
866305180
866308401
866355646
866371779
866386990
866407255
866409358
866431770
866452571
866455320
866461193
866461830
866482984
866504269
866506154
866511146
866514296
866518764
866563705
866581344
866587645
866593910
866597883
866600110
866613321
866621549
866625416
866626449
866627510
866644356
866646697
866661657
866662814
866673662
866675112
866684297
866692782
866694827
866705865
866709676
866709868
866714874
866766420
866767727
866778400
866783880
866786842
866794775
866801608
866804604
866807095
866815514
866823268
866825135
866836160
866844692
866864204
866866671
866876492
866903379
866920071
866922952
866923173
866925197
866925268
866931330
866938870
866944573
866946660
866949327
866952970
866970287
866979254
866999682
867017093
867033175
867033662
867068201
867072375
867092844
867093195
867114092
867123767
867134979
867144129
867163996
867169631
867180273
867194874
867195141
867200630
867216891
867224645
867232675
867249554
867267312
867282409
867306066
867308386
867318105
867329318
867338673
867341934
867356013
867357878
867367408
867369748
867399951
867402503
867412157
867412743
867423781
867430209
867436317
867442362
867449648
867469224
867471772
867474267
867474272
867491253
867494005
867504551
867506028
867532280
867538794
867540687
867576861
867604979
867621295
867623031
867625201
867634181
867640638
867658837
867670451
867684385
867687691
867692598
867710950
867733701
867750878
867757767
867758540
867768208
867780563
867796959
867804786
867815723
867816912
867866709
867867596
867928331
867936908
867948293
867953232
867954161
867957566
867958157
867965525
867993732
867994165
868004568
868014573
868023511
868025582
868045239
868046295
868053761
868060873
868066408
868069343
868069380
868075382
868100246
868118196
868124436
868125069
868139053
868141419
868150797
868155445
868155500
868163502
868171344
868183163
868188211
868198702
868198853
868206138
868215936
868231344
868231353
868237210
868243013
868253744
868263119
868277123
868289522
868294298
868295171
868306074
868307468
868313980
868347132
868360687
868380027
868386443
868392260
868418018
868423197
868436088
868443693
868452011
868466614
868467332
868470986
868483838
868492992
868504331
868525339
868539433
868540272
868573019
868575054
868576642
868596610
868601800
868602357
868602493
868619209
868627806
868631008
868638086
868640441
868647177
868647732
868678795
868679947
868684626
868687003
868698109
868701462
868709792
868714605
868717669
868737921
868768746
868771356
868772911
868775245
868815924
868823972
868833811
868836384
868837041
868841717
868849681
868854829
868855038
868856916
868905468
868920796
868926291
868932686
868943912
868972366
868993597
868995620
869018008
869018772
869019731
869024221
869027877
869047719
869049529
869087901
869099017
869104057
869106892
869126679
869135789
869147633
869176747
869179344
869188143
869193811
869195676
869214351
869236061
869248014
869262071
869298726
869310817
869322611
869325646
869341077
869343958
869354639
869356161
869362536
869363819
869382892
869385622
869398955
869414211
869419836
869431485
869448739
869463649
869469472
869475184
869476948
869510591
869510730
869522305
869544453
869578847
869591508
869591941
869607684
869611075
869612481
869633856
869634560
869638037
869642649
869654184
869668089
869678760
869680216
869703166
869707723
869721753
869724178
869737360
869738131
869750588
869767832
869771945
869773948
869779489
869788318
869801686
869831325
869836680
869850398
869856965
869875238
869888012
869889342
869897169
869898250
869898873
869924522
869930989
869938237
869943767
869955800
869963051
869967306
869968751
869972042
870001544
870010883
870012735
870018983
870019765
870022930
870025757
870056810
870059629
870095901
870104970
870111583
870116928
870120762
870121364
870124356
870141311
870146946
870163907
870178684
870182732
870184966
870194502
870222284
870226853
870228951
870240469
870243110
870243284
870261632
870263522
870266211
870271196
870295624
870305010
870314073
870317693
870339307
870345501
870379284
870407670
870421950
870434903
870448700
870456684
870458691
870460268
870474990
870483763
870485841
870493216
870499065
870515661
870524635
870561143
870564524
870589550
870589818
870596950
870630278
870638605
870645739
870651288
870652598
870655068
870656356
870658403
870671479
870675928
870703664
870704037
870717088
870719126
870726580
870730117
870785909
870787646
870795385
870799203
870804939
870807787
870815091
870834629
870852687
870873600
870878319
870913863
870926997
870933509
870953602
870959093
870972050
870975854
870985729
870986491
871004589
871008463
871021357
871021661
871027855
871032190
871034989
871036430
871046391
871048534
871051900
871059347
871072694
871078670
871082484
871087785
871094213
871094554
871108721
871128768
871134125
871149513
871161622
871165535
871218537
871230064
871242952
871255253
871257102
871274352
871291365
871297855
871299330
871307938
871317238
871320456
871323128
871325142
871329993
871342974
871348650
871364912
871369510
871391804
871396390
871399127
871411764
871412086
871415976
871417287
871462397
871465309
871474160
871485762
871506156
871541426
871562404
871564370
871576723
871602848
871631159
871631347
871654946
871656670
871657751
871682888
871693825
871731896
871765339
871769590
871779923
871782304
871788300
871808131
871808350
871809647
871810111
871829610
871833492
871837225
871842512
871845401
871846861
871855119
871862610
871868324
871883074
871927067
871927256
871934479
871952477
871956549
871959290
871972617
871977462
871990107
871992620
871998550
872012566
872038815
872055739
872060574
872062343
872066585
872068219
872076696
872084171
872091932
872098041
872110279
872120737
872123058
872135050
872169074
872170579
872176997
872200711
872216191
872220938
872231150
872233764
872237678
872243438
872252696
872274853
872279730
872298768
872302033
872302493
872319321
872322032
872339226
872348602
872382412
872382555
872405563
872434114
872435638
872439475
872446273
872451762
872466924
872496754
872504228
872507117
872509890
872570775
872581977
872600797
872620123
872631240
872636326
872641570
872644762
872656523
872666080
872685294
872690954
872713523
872725169
872729835
872736953
872749072
872771891
872772505
872789816
872814907
872820182
872829556
872835650
872839854
872840379
872842723
872872164
872877657
872885068
872914269
872933728
872939265
872961801
872980545
872994976
873017139
873017153
873019108
873023312
873041157
873042130
873078549
873088863
873090286
873103721
873122838
873129910
873132034
873135729
873162968
873170857
873185730
873187873
873205224
873206086
873215403
873230536
873235822
873236289
873236423
873241535
873246859
873248832
873250097
873266869
873279144
873295366
873320441
873334325
873345404
873348662
873355518
873356925
873359232
873363594
873365503
873365908
873380664
873387304
873397350
873403546
873413590
873436852
873440808
873449319
873458383
873458927
873472970
873473361
873503729
873513744
873522608
873528616
873538873
873540562
873547901
873548081
873549138
873551754
873560655
873562817
873589519
873606132
873619906
873621432
873645312
873651961
873657867
873659772
873682262
873719250
873743861
873752936
873762460
873763032
873793066
873794151
873794575
873794857
873795296
873809410
873813774
873817869
873832425
873840519
873841415
873842120
873850980
873865573
873868549
873877489
873893145
873901474
873946540
873947960
873951349
873958094
873961205
873976832
873980972
873999334
874006062
874020151
874037046
874044497
874048652
874081273
874088688
874093605
874093915
874130595
874154858
874164559
874166190
874170046
874177368
874182613
874190090
874209086
874212968
874218601
874235176
874248451
874260064
874266142
874279039
874283386
874286737
874303665
874311102
874317133
874318516
874320574
874320626
874334231
874338592
874360219
874384109
874408330
874410415
874412588
874415760
874421973
874437131
874440973
874487970
874490769
874493103
874498670
874499416
874513242
874515903
874529108
874530194
874542802
874554807
874558606
874583082
874600594
874601017
874611907
874619663
874621410
874625269
874642775
874647650
874655646
874696345
874701567
874710506
874712476
874732094
874738076
874741757
874772997
874776666
874813042
874817279
874819117
874834007
874839416
874844636
874846693
874933455
874944567
874964286
874968793
874982007
874984282
875007434
875017519
875022672
875024987
875035302
875044068
875056485
875059753
875091122
875092847
875107712
875127322
875159044
875191663
875207261
875213368
875227573
875232157
875238186
875245954
875247905
875252999
875255315
875259834
875276145
875278009
875284755
875302603
875304908
875321365
875326237
875331158
875342449
875351818
875377606
875383070
875398975
875402859
875407044
875432259
875450091
875458046
875480215
875485212
875491897
875529129
875536123
875538033
875539800
875562941
875571840
875601646
875624917
875629780
875637555
875638584
875650642
875658013
875670580
875675292
875680781
875694222
875700390
875700757
875700881
875701227
875727221
875729758
875764893
875766521
875768931
875770496
875773037
875773882
875774115
875777834
875786440
875794779
875814020
875825147
875843846
875869242
875878936
875883558
875893416
875916911
875922699
875946185
875954283
875964186
875964811
875970229
875974503
876003209
876005877
876005899
876010274
876013539
876025935
876026483
876032377
876032822
876039253
876048429
876050281
876050772
876059243
876073831
876073943
876075462
876082015
876085984
876086156
876098139
876099294
876100108
876100265
876112613
876113965
876117329
876127249
876132686
876136737
876139532
876150666
876151287
876185771
876186526
876201201
876203983
876211279
876218508
876224460
876229360
876241466
876279150
876294614
876304715
876310012
876321816
876325333
876325907
876354985
876380138
876384889
876386064
876414669
876430149
876440128
876456915
876457301
876464854
876468671
876473734
876480260
876495653
876531735
876539410
876545915
876552049
876579726
876604742
876605969
876636956
876659518
876672711
876692324
876694667
876703208
876723121
876725043
876739585
876739809
876743111
876744109
876746050
876756842
876760667
876769755
876770934
876771952
876776893
876786779
876787955
876819774
876824257
876848548
876853671
876862737
876864316
876885193
876899878
876903794
876904374
876912559
876930241
876933601
876967445
876971774
876981533
876990041
877013826
877033953
877048577
877049453
877053752
877058358
877062366
877078761
877087803
877100493
877107947
877118764
877148015
877150763
877161056
877171289
877172034
877179661
877188687
877189955
877200835
877247659
877248259
877250862
877256379
877261037
877266551
877284667
877294030
877310898
877314722
877323010
877328081
877333147
877339036
877371097
877380419
877384393
877434326
877448135
877451840
877455810
877465148
877481145
877486254
877494358
877505836
877513884
877515260
877519155
877541860
877543182
877553064
877560575
877574215
877583275
877601901
877604514
877623031
877629314
877641521
877643592
877647523
877662589
877664958
877667525
877692193
877706104
877729306
877731149
877732710
877734008
877747146
877756472
877772641
877778322
877782409
877787740
877805727
877822632
877850772
877883382
877883772
877887674
877920799
877927935
877941555
877942506
877955731
877960788
877967093
877991500
877997303
878008492
878021352
878058954
878063280
878082461
878085746
878086902
878122028
878131326
878132183
878140827
878141979
878143820
878146765
878151849
878174659
878174669
878175417
878183489
878192780
878202336
878225292
878238434
878261346
878265828
878268886
878305612
878310163
878323973
878342735
878388635
878397518
878415113
878429701
878433119
878443187
878453255
878481719
878482618
878489108
878490914
878507646
878548447
878551480
878576118
878585735
878596753
878597094
878597839
878620646
878628102
878646623
878647077
878654295
878655731
878655973
878660948
878682851
878692532
878695098
878715483
878735225
878745368
878780692
878791065
878794142
878795075
878800437
878838614
878850665
878860625
878864044
878868421
878915678
878916438
878929764
878930533
878938199
878943882
878970411
878976440
879029020
879044100
879047608
879049327
879050643
879071015
879080168
879095305
879105842
879112699
879128255
879131595
879145418
879151858
879170776
879176396
879192282
879202994
879210400
879232554
879240691
879258023
879270728
879281910
879297831
879298445
879313711
879326699
879326948
879348331
879348407
879352911
879361070
879395506
879400214
879406093
879409643
879414390
879430907
879447249
879453486
879454350
879460496
879462900
879486897
879528925
879536637
879537013
879538528
879539713
879545198
879552891
879570825
879574330
879579238
879584679
879601339
879612956
879614879
879617001
879628685
879633233
879635546
879635697
879642396
879650291
879663167
879675194
879675602
879696475
879710091
879710750
879713391
879724393
879726691
879743112
879745182
879747689
879758090
879764932
879792243
879809892
879814037
879836094
879843972
879850965
879862874
879887301
879887314
879906890
879907861
879910855
879911145
879917136
879920610
879930525
879960486
879968175
879984831
879987795
879994622
880009595
880047064
880071119
880073874
880078948
880092679
880107078
880117666
880142389
880150005
880151488
880158441
880188970
880215543
880236828
880254563
880261353
880269759
880272725
880272770
880287075
880287528
880315162
880326374
880343924
880350053
880351048
880361890
880363158
880371886
880383690
880385125
880389253
880401939
880420991
880449264
880463332
880469640
880472697
880473323
880474991
880506039
880516596
880519035
880550294
880558969
880573903
880577084
880595874
880601713
880604286
880619916
880624638
880624762
880655825
880659471
880671043
880681986
880694978
880715465
880749427
880756776
880765308
880776034
880781803
880783020
880787837
880804450
880822433
880839116
880855316
880864630
880887239
880899096
880902031
880908207
880915135
880930863
880934038
880934457
880936927
880939522
880984439
880992914
881001827
881014111
881023623
881044985
881052459
881061098
881068391
881073827
881080578
881081349
881083727
881097503
881108622
881135992
881171667
881199853
881236972
881257398
881264838
881272935
881283504
881315225
881328396
881328738
881336510
881343457
881351003
881363573
881368032
881397761
881426681
881440822
881443324
881453760
881462907
881473328
881476103
881478394
881479079
881485685
881491072
881493100
881505288
881545625
881547114
881560337
881566041
881570277
881578229
881579913
881599922
881607434
881611213
881634552
881641865
881643600
881659800
881667710
881669788
881669810
881678792
881710513
881711943
881724286
881724938
881768316
881768858
881770997
881793307
881803872
881824871
881833903
881840749
881879043
881882359
881884613
881913711
881921915
881951361
881982517
881997781
882009250
882020220
882020928
882026402
882026795
882028014
882032168
882040519
882046509
882057956
882064910
882065106
882073745
882076648
882091307
882097656
882098978
882125209
882126851
882129089
882142322
882170466
882185640
882196322
882200242
882205449
882211605
882212468
882223825
882231375
882246186
882263708
882270711
882272514
882283335
882294220
882300438
882305780
882315160
882319967
882361484
882365324
882366816
882376909
882377211
882386815
882417004
882454284
882498669
882516518
882530148
882535323
882535509
882540718
882557991
882563306
882566419
882615104
882619730
882645440
882673263
882675208
882682920
882693321
882695449
882695501
882698779
882701542
882705268
882708311
882732522
882741238
882769827
882777774
882813028
882835511
882851834
882852171
882871017
882876062
882877047
882879965
882896508
882901566
882910939
882917137
882935394
882950328
882957141
882966252
882967699
882968855
882975981
882980946
882986822
882994528
882998709
883023040
883034261
883034319
883061534
883088129
883117311
883123641
883131965
883135508
883146810
883149109
883149124
883153398
883173909
883178395
883186795
883189802
883216233
883224896
883228403
883231350
883269913
883272805
883280146
883283080
883286498
883289635
883307139
883311041
883317387
883333426
883352842
883356915
883375481
883379877
883380980
883408021
883417344
883435162
883446751
883466821
883467057
883479231
883483314
883504344
883511296
883515668
883527349
883531058
883549868
883552001
883555556
883558963
883560386
883575236
883582838
883588014
883637403
883637692
883642869
883643705
883651008
883668782
883669823
883670442
883683860
883709703
883711253
883740605
883742282
883752839
883756619
883769073
883778538
883833684
883846648
883852973
883865725
883867347
883871449
883880835
883903703
883906001
883933753
883936828
883957685
883962601
883973426
883990655
884033884
884052889
884069288
884070130
884074285
884075276
884084206
884102653
884114157
884143862
884150723
884154454
884163385
884213260
884217999
884221175
884228874
884249749
884252542
884254502
884262227
884283397
884285698
884285943
884299648
884335481
884342309
884359236
884365405
884376925
884408798
884409333
884410626
884453477
884455534
884460352
884500788
884522168
884549933
884575372
884579933
884611029
884652790
884654707
884662443
884669373
884694014
884707599
884707824
884711625
884728746
884749036
884758773
884764443
884781101
884781268
884783166
884794021
884806667
884826535
884832837
884858665
884872523
884872870
884877138
884915824
884922490
884939278
884939938
884945451
884975183
885006422
885024587
885034665
885066804
885073582
885076274
885083238
885102659
885105792
885112851
885114380
885128235
885129703
885129748
885130488
885132737
885133458
885145200
885151180
885155156
885167406
885184641
885210048
885212998
885221186
885230553
885232068
885233500
885242424
885274600
885281712
885283570
885291211
885294554
885330578
885333819
885363543
885365284
885380623
885405377
885408285
885409814
885449342
885459516
885482531
885485672
885488977
885522208
885523997
885527545
885543897
885555747
885562013
885570443
885595928
885617477
885632251
885665397
885692820
885726672
885747793
885759490
885771064
885782167
885787738
885793166
885798983
885801772
885803370
885828276
885830088
885850717
885862800
885866588
885866893
885867708
885870961
885877638
885879099
885882967
885888468
885905543
885932079
885969284
885981633
885991123
886012748
886027106
886033249
886039718
886050410
886055395
886060885
886070181
886076486
886082985
886113792
886120941
886127683
886138659
886154399
886170455
886177416
886186790
886189131
886195034
886200057
886214750
886216665
886218599
886229893
886253203
886271087
886274674
886277763
886282189
886286370
886303099
886307305
886321857
886338032
886351371
886365289
886374596
886389773
886440960
886452292
886465561
886468499
886470639
886496980
886539326
886564766
886570974
886576040
886597132
886603183
886603453
886621747
886622662
886627091
886642979
886653775
886655871
886661533
886662190
886677848
886688985
886691407
886696162
886696507
886706089
886706603
886742052
886752894
886759020
886759710
886766781
886768179
886773940
886774257
886774320
886776320
886784717
886787738
886824001
886825572
886841882
886858013
886871230
886874597
886878252
886918335
886919043
886931962
886941416
886949493
886955562
886981901
886997512
886997997
887016025
887017698
887020204
887027478
887028995
887032491
887041800
887047217
887056801
887065805
887067177
887076489
887083420
887090891
887093974
887119021
887119071
887139437
887142026
887154016
887158731
887168425
887190439
887202477
887214162
887242413
887243228
887251534
887254310
887255117
887260695
887261439
887278553
887279075
887295926
887302876
887314852
887318187
887332354
887336157
887344524
887347961
887358032
887377166
887390630
887392328
887396636
887423303
887424944
887428782
887432936
887437262
887478486
887493975
887520965
887524585
887552528
887562216
887568158
887609690
887615642
887624940
887638094
887654389
887680246
887692254
887693205
887701036
887701302
887729184
887735855
887767654
887793561
887796415
887802428
887804471
887809679
887817706
887822446
887822802
887844806
887852526
887869226
887870663
887891520
887899832
887906271
887907573
887931501
887944388
887945319
887963290
887974014
887980336
887987839
887989155
888048230
888090899
888093957
888103827
888140894
888143211
888144002
888144385
888162262
888175007
888178361
888201209
888218183
888237794
888239848
888240631
888243016
888256657
888263669
888264527
888274248
888290532
888292303
888303031
888313802
888342883
888358636
888362941
888370643
888380847
888393343
888407772
888416691
888444253
888451045
888462783
888483286
888488625
888504753
888514743
888539698
888539929
888540312
888540620
888552299
888554971
888573451
888591284
888599192
888618989
888632995
888643096
888650254
888656214
888667445
888684363
888689576
888690413
888690767
888691231
888705073
888728464
888734680
888739453
888746025
888778949
888784254
888788791
888796563
888809308
888813904
888814582
888824109
888828819
888832210
888832228
888836001
888908681
888953645
888960067
888961960
888979000
888983592
888994977
889004920
889031808
889051175
889058102
889074476
889077680
889090273
889113917
889119598
889132533
889137151
889141958
889153698
889217079
889238112
889239732
889243724
889252796
889286207
889286312
889297105
889298315
889303894
889305560
889320455
889322039
889354692
889364435
889368632
889380477
889391184
889399456
889405311
889415915
889430604
889433997
889438862
889460150
889464329
889464611
889480811
889482771
889487321
889490651
889492723
889503798
889530477
889541808
889541906
889552021
889558189
889561713
889573912
889594667
889616326
889624910
889633827
889639250
889675346
889688100
889707537
889712791
889725255
889768872
889780754
889797209
889798432
889801905
889806793
889828920
889839346
889846390
889861063
889871410
889905951
889957790
889972537
889974329
889995321
890073685
890090095
890093143
890125849
890127806
890129298
890132830
890132937
890148935
890154580
890159703
890163757
890174314
890179965
890183504
890191975
890196030
890254433
890262681
890266808
890282920
890289814
890301339
890310703
890311966
890332400
890334690
890336416
890338876
890340640
890387945
890426084
890442916
890448008
890456355
890456946
890461437
890466649
890471634
890483503
890494825
890522208
890528920
890538580
890539208
890547232
890565032
890588638
890597398
890598534
890605744
890605779
890630377
890633083
890639971
890652744
890654216
890662672
890667308
890679789
890685445
890686753
890687009
890696329
890707578
890736773
890752104
890753603
890758378
890764208
890770924
890771684
890772387
890774758
890785987
890786268
890816294
890826149
890832773
890833033
890878501
890891071
890904460
890933714
890976282
890993338
890999867
891012905
891012997
891015114
891032775
891042534
891043008
891068686
891086428
891088181
891098337
891107304
891122635
891127477
891147925
891168078
891169929
891201416
891208902
891212866
891216227
891236650
891244804
891248249
891250541
891255269
891269377
891278790
891281789
891288869
891302387
891304884
891309304
891321509
891329406
891342492
891365764
891367954
891370057
891372924
891385380
891396985
891404916
891416334
891434909
891438759
891450502
891479819
891493857
891501133
891512203
891525898
891526574
891538956
891547223
891569813
891610585
891611276
891636218
891639619
891647415
891679314
891729063
891733917
891742889
891763239
891773773
891775879
891777142
891785324
891799889
891803931
891821822
891824970
891829184
891890891
891905956
891907684
891916533
891920819
891941940
891950084
891950598
891967517
891998130
891998941
892016138
892023947
892028364
892038363
892046672
892050705
892059999
892061767
892077936
892087838
892093687
892117152
892128217
892136075
892137036
892139379
892175526
892176961
892177294
892183432
892204933
892214445
892230436
892258783
892285509
892287865
892288791
892305148
892306389
892311175
892317805
892328824
892331823
892340299
892346119
892375185
892383035
892387778
892390223
892390529
892403677
892420133
892436134
892443430
892446385
892468523
892476771
892477352
892480557
892483174
892486316
892491743
892492915
892494907
892513606
892514668
892516623
892525770
892543522
892548712
892554015
892568519
892580642
892584222
892588863
892591026
892591726
892606596
892619681
892621308
892623908
892631276
892643617
892646115
892673415
892674731
892698804
892730488
892746670
892746818
892750312
892754061
892766914
892789168
892796055
892799540
892807831
892814732
892835925
892837511
892844745
892848968
892858188
892859923
892861692
892870181
892870500
892872637
892890275
892944793
892945400
892947596
892952857
892953663
892958169
892959224
892962613
892978890
892990848
892994747
892994874
893038133
893042377
893043878
893046437
893065965
893079524
893079852
893085366
893089661
893099590
893103599
893144779
893159436
893163262
893176156
893179968
893190143
893195772
893198363
893200453
893210332
893227748
893233255
893239038
893259079
893264226
893274919
893284778
893296325
893301134
893309090
893315787
893324129
893393013
893402040
893418720
893423095
893441660
893457900
893487723
893498951
893502710
893506437
893516834
893530165
893560249
893585874
893589107
893589597
893608706
893614221
893616234
893620653
893650865
893660206
893668962
893686834
893713033
893743008
893748390
893775597
893776108
893783892
893788758
893791864
893808905
893824617
893833637
893834893
893865575
893868211
893887406
893912454
893914582
893919152
893922803
893924342
893928605
893936582
893939064
893940214
893942490
893948867
893970544
893970656
893991681
893998161
894010634
894013363
894019147
894021365
894037514
894079378
894099270
894104823
894109399
894115188
894118637
894120421
894125497
894129120
894135514
894136801
894137797
894149809
894150150
894151590
894161584
894194870
894197637
894202692
894217055
894243283
894273921
894292955
894304060
894312126
894321585
894346029
894368452
894369296
894388980
894391899
894392101
894397783
894398107
894434737
894438681
894440501
894461089
894469229
894485089
894486937
894495277
894512902
894520483
894526449
894533429
894536826
894542465
894548453
894555682
894565731
894577678
894581575
894595371
894596238
894599209
894605391
894635004
894637483
894643108
894647255
894668156
894673765
894682424
894698825
894699309
894706487
894708147
894721272
894724692
894725334
894735359
894747859
894749801
894759524
894761686
894762607
894779128
894779872
894782433
894785803
894795401
894828241
894847551
894848186
894860165
894863007
894884398
894897049
894903817
894921008
894924369
894929745
894957228
894964243
894969668
894975065
894977664
894987943
894993364
895000573
895029750
895055201
895055219
895057903
895073839
895075673
895080812
895090945
895092092
895094528
895096787
895113947
895174657
895175385
895200265
895205402
895226924
895229048
895229767
895244968
895245316
895246766
895248790
895262386
895269566
895287778
895301636
895304180
895323615
895360190
895364302
895373173
895391842
895396155
895401362
895402216
895411699
895411716
895454190
895461997
895466638
895488054
895495310
895509825
895510807
895530235
895531385
895535616
895542316
895548401
895549897
895563905
895571775
895583576
895585658
895599078
895608227
895612274
895653237
895654065
895656108
895657532
895678335
895685163
895686532
895689655
895691621
895695330
895698209
895706389
895721159
895736697
895761057
895777018
895784982
895795833
895801912
895805508
895819665
895881546
895892887
895926574
895933644
895960388
895969050
895984034
895999880
896007498
896033924
896038823
896044116
896045398
896046647
896055545
896068689
896073902
896074068
896087237
896090820
896108914
896124784
896126600
896147506
896158671
896170021
896197161
896211505
896216456
896226865
896230868
896246633
896248383
896264951
896272879
896273090
896275503
896304664
896307902
896310754
896321544
896337933
896369246
896371038
896375730
896381162
896389570
896393774
896399880
896402462
896409645
896430093
896438750
896466368
896468112
896468206
896484059
896511506
896513886
896547473
896576084
896586249
896593888
896595793
896598090
896601809
896650748
896688523
896693649
896708595
896717860
896722965
896728073
896731858
896738967
896763054
896786180
896800139
896814934
896866246
896869083
896887593
896887758
896889142
896908430
896908850
896923338
896964717
897002321
897005023
897015649
897024327
897029159
897034257
897041276
897063519
897071479
897077700
897080856
897083719
897087854
897104296
897135065
897139832
897142221
897150886
897154357
897160116
897161868
897179874
897183642
897202507
897212237
897214152
897222875
897226548
897227684
897239741
897244831
897267516
897318949
897323869
897324231
897328611
897329833
897334159
897465840
897495484
897495753
897498913
897503912
897508359
897530251
897536487
897548890
897571316
897573248
897583889
897602544
897610660
897654315
897654729
897663769
897670572
897688629
897692856
897704269
897707959
897710852
897714809
897717831
897728538
897733369
897736193
897745794
897751571
897760259
897761337
897763784
897766538
897773472
897774503
897787463
897789814
897789987
897791521
897801656
897804394
897812479
897824682
897834364
897842477
897868896
897893285
897901256
897931041
897942397
897955307
897955693
897957604
897958012
897967027
897978672
897979477
897983935
897985705
898005594
898007607
898011294
898014602
898016530
898019739
898024802
898039183
898046363
898061777
898073227
898077607
898109201
898112985
898133971
898138606
898161365
898165579
898166745
898167934
898170181
898196184
898201062
898204502
898208540
898223905
898227682
898242051
898262141
898262298
898269628
898289230
898301784
898316151
898316849
898340400
898348323
898353477
898356128
898373917
898381788
898388854
898391763
898424399
898453646
898464813
898476857
898490639
898498632
898499574
898500693
898519106
898521133
898527513
898537271
898541120
898545649
898556998
898557273
898559701
898582997
898583613
898585437
898621287
898634791
898648909
898657033
898658570
898659690
898660654
898664370
898667059
898678878
898707616
898715176
898724151
898741358
898743514
898743667
898754023
898758294
898772569
898806900
898812062
898820437
898823379
898849105
898851937
898859880
898904492
898917092
898918726
898930149
898938852
898943228
898966493
898982035
898991218
899009167
899022515
899029636
899048981
899090262
899091134
899091195
899091388
899093744
899125898
899202014
899213562
899224016
899224138
899229003
899229507
899236269
899236338
899244209
899247631
899258701
899291046
899317383
899323104
899328898
899349133
899366198
899374721
899437033
899459642
899463563
899552389
899561175
899565807
899570507
899592180
899609718
899631606
899639256
899689454
899698271
899698437
899722801
899725194
899725981
899729469
899758678
899767268
899768019
899780109
899802136
899812952
899820670
899858590
899871867
899875637
899918166
899924049
899930662
899930696
899937828
899948000
899948610
899982383
899985359
899985811
899986072
899990358
899992273
899993570
899993941
900005605
900031603
900045722
900057614
900057679
900061928
900067194
900073094
900077171
900085320
900102889
900107474
900112155
900114704
900116671
900128838
900136806
900160996
900176712
900182640
900191474
900201216
900201917
900203292
900207491
900209581
900211312
900243476
900248305
900261499
900294305
900294338
900310833
900314340
900316072
900323007
900345815
900350442
900424654
900440223
900467719
900476761
900478306
900480874
900484060
900489897
900497938
900502793
900525448
900576478
900601073
900609132
900609237
900613234
900619697
900633326
900636129
900648462
900650261
900655718
900663101
900685298
900701306
900711134
900714865
900724776
900742781
900744716
900760371
900773529
900787260
900795210
900827170
900829869
900830284
900847846
900850744
900862956
900867497
900886174
900895230
900904594
900904700
900906337
900909016
900914569
900935121
900939888
900943440
900956800
900962789
900969903
900982359
900996365
901001413
901011077
901034108
901064921
901079889
901082477
901085613
901086899
901088272
901098052
901101828
901110528
901112443
901114670
901115315
901121189
901146147
901160152
901163172
901177056
901177442
901200731
901202721
901209306
901213900
901223969
901230547
901239435
901298867
901299551
901320362
901324053
901369732
901378940
901405168
901411651
901448486
901470074
901476998
901479861
901485681
901488566
901492804
901495901
901523063
901549836
901554241
901555104
901558151
901559465
901581415
901592165
901600203
901601646
901604480
901605642
901605792
901608281
901608697
901618275
901633996
901634991
901640071
901667551
901681816
901683023
901684177
901688278
901692759
901703608
901704024
901708288
901709845
901719601
901731863
901734409
901748463
901748497
901750045
901759190
901788042
901788080
901794309
901794496
901801574
901825413
901831098
901839366
901854344
901867986
901892616
901895013
901899285
901903637
901924862
901926369
901946117
901956556
901990382
901996564
901997299
901998047
902000945
902005305
902014569
902035134
902038126
902096627
902096968
902112383
902116366
902118014
902132677
902134489
902137508
902143961
902156866
902158622
902159460
902162476
902168000
902169894
902170217
902185553
902193374
902194517
902202100
902215818
902217647
902220770
902222915
902239508
902241224
902241297
902242326
902251262
902260774
902264982
902270302
902279624
902296647
902306976
902308845
902340094
902343051
902345437
902365730
902368691
902372006
902381942
902424917
902448165
902449525
902449912
902458704
902491106
902496903
902502591
902504813
902510331
902531970
902546692
902551782
902577571
902579663
902580566
902582628
902606142
902619555
902627526
902634676
902636603
902658421
902664994
902671245
902679158
902713631
902744380
902772592
902794594
902802827
902812276
902831954
902840064
902844954
902850977
902870842
902872260
902880503
902893005
902903738
902907159
902911057
902937257
902942493
902945544
902947695
902965045
902976162
902981401
902990115
902998130
903008798
903012142
903014026
903027350
903029184
903035051
903037929
903039928
903045311
903077704
903086161
903087922
903103128
903103677
903109791
903120369
903121271
903130294
903132832
903158141
903161708
903166666
903169242
903188671
903191259
903207895
903209841
903212455
903219720
903267685
903269629
903280816
903292055
903308761
903327769
903342821
903352144
903358942
903389521
903392548
903396642
903403042
903411907
903418775
903432573
903435364
903445064
903453612
903459103
903460001
903483287
903492495
903510902
903512507
903530339
903548607
903563722
903570634
903587877
903592911
903593356
903621358
903630319
903632033
903636244
903637221
903650790
903664634
903692061
903698303
903700002
903723505
903743837
903770501
903772884
903774304
903786930
903791398
903793081
903801647
903808868
903814293
903816485
903818103
903818433
903826198
903848807
903870128
903874929
903890703
903891898
903899235
903921375
903933559
903935901
903949171
903956668
903957321
903968954
903975279
903977863
903992481
903994617
903995469
904027715
904058631
904090859
904122108
904124511
904133504
904145460
904151054
904165052
904168147
904170620
904171507
904182306
904191924
904192284
904201037
904258906
904282852
904284910
904290262
904296451
904298781
904309762
904311118
904327576
904333088
904334415
904354173
904377619
904379580
904400537
904401211
904404113
904406856
904409618
904418016
904418200
904419006
904448380
904458396
904473998
904474388
904481011
904482516
904490364
904495754
904503649
904518400
904533850
904551873
904561126
904587312
904611232
904627961
904640411
904690736
904711374
904723352
904748633
904751240
904787270
904787339
904787936
904789001
904798538
904817366
904833234
904838290
904864864
904874586
904880646
904886064
904886182
904892765
904901472
904925066
904925765
904927916
904928025
904936855
904961135
904973547
904986014
904994580
905002287
905030926
905050530
905079272
905086635
905090054
905101667
905104312
905105389
905107141
905108901
905118617
905127176
905129395
905132054
905148948
905149578
905152345
905154211
905156501
905191548
905197965
905201400
905214842
905219615
905224142
905227622
905229088
905230279
905235928
905253322
905263065
905270924
905283569
905293178
905298013
905299149
905300938
905310986
905311949
905312154
905316500
905326268
905333026
905333933
905341282
905354147
905360513
905385966
905399788
905403366
905418119
905420539
905429465
905437798
905439552
905444953
905460697
905502218
905505659
905507156
905510582
905530509
905536033
905537189
905538298
905550094
905569746
905587985
905591264
905603689
905605531
905615064
905656944
905660438
905663105
905665772
905666094
905672791
905672796
905681821
905683059
905700615
905703707
905708306
905709844
905711995
905716175
905717356
905766207
905785784
905803745
905825318
905833460
905837388
905839132
905849352
905850689
905865847
905897982
905898111
905906044
905906841
905914248
905920096
905926558
905935605
905961946
905967485
905970025
905989140
905992260
905992790
905995084
906011424
906026032
906060642
906078327
906079888
906081603
906082263
906093441
906110688
906121350
906131216
906132912
906138535
906144097
906148637
906183220
906192096
906192929
906203426
906215269
906242518
906250984
906261696
906268753
906269033
906271679
906295003
906297159
906307315
906327012
906327816
906335899
906341647
906370854
906372133
906373841
906382947
906390433
906395206
906409436
906411234
906425506
906435504
906440456
906443915
906455433
906475988
906483336
906487171
906499040
906510469
906517089
906522103
906527240
906546089
906549469
906550194
906563176
906605959
906626982
906653895
906671295
906686373
906698602
906699202
906701471
906723946
906794989
906798634
906803684
906806043
906807895
906812832
906816929
906839919
906843560
906850169
906856499
906857138
906860169
906860180
906879401
906893777
906913675
906915965
906930079
906944968
906955417
906958233
906961887
906965237
906990031
907003514
907024467
907028001
907031557
907033301
907045247
907045605
907061230
907065043
907068782
907088671
907095372
907097576
907112139
907113880
907116467
907131406
907134187
907142748
907145510
907173319
907182921
907186935
907193875
907217889
907218578
907225754
907242684
907256660
907271888
907279909
907286450
907318822
907329464
907337199
907356490
907362974
907382172
907399481
907400229
907413995
907427186
907437310
907448100
907467397
907470562
907474907
907505008
907524094
907528104
907534581
907544357
907545714
907551256
907555087
907571805
907572999
907585135
907586019
907591229
907593567
907599537
907602263
907602418
907603930
907639180
907652554
907672066
907672357
907683206
907687884
907708816
907712140
907724724
907735240
907750820
907753885
907754682
907764986
907769593
907794860
907804863
907831995
907844314
907871341
907876874
907876952
907882514
907893677
907905232
907908959
907926163
907945370
907947783
907957535
907972409
907975105
907975293
907977055
907990191
907999108
908002803
908022084
908023558
908026643
908038776
908053703
908057883
908072782
908082059
908082810
908084351
908127413
908145805
908148751
908169080
908179842
908184360
908201536
908208499
908215980
908217317
908220699
908224194
908233003
908241847
908242752
908258716
908283356
908284002
908310401
908319886
908323798
908326207
908330274
908335388
908341504
908342819
908352694
908359656
908376740
908381564
908403403
908415732
908416925
908417056
908422830
908435835
908445339
908470873
908499446
908507576
908523558
908566705
908566718
908569960
908581862
908585183
908585263
908589555
908593874
908597767
908619698
908649486
908664639
908678470
908683891
908707322
908710363
908716841
908724650
908736618
908749919
908776995
908815886
908823408
908834439
908838841
908861905
908884128
908884409
908886144
908893272
908907470
908927883
908936405
908977443
908977566
908981574
908992614
909004215
909009612
909015581
909019933
909028239
909029518
909030749
909032223
909045467
909081441
909092330
909093751
909095847
909114736
909117280
909119787
909121037
909123567
909130417
909130643
909157128
909199545
909206405
909216757
909220678
909224964
909235685
909237042
909249385
909250202
909255301
909271132
909277722
909289528
909298067
909308262
909310608
909312367
909320845
909322967
909323546
909329513
909340618
909349331
909383298
909396191
909411874
909417940
909423770
909435210
909436713
909443232
909450060
909469656
909472752
909479870
909496919
909503874
909505072
909511034
909528482
909529809
909532501
909544587
909544717
909545501
909547040
909570110
909594436
909633467
909636768
909647321
909690535
909699324
909705770
909710334
909724448
909746846
909747046
909748404
909759517
909766108
909778632
909782191
909803875
909810149
909829352
909842650
909879455
909886107
909892122
909897062
909899166
909904258
909935875
909952089
909952781
909957212
909958203
909966057
909974415
909976435
909981683
909984181
909988086
910001910
910002273
910005077
910014069
910031704
910034059
910041617
910051539
910092196
910107742
910108001
910110016
910113257
910115706
910119696
910123363
910142262
910157168
910158956
910167901
910171451
910172412
910186160
910209294
910218976
910228387
910254466
910286377
910302524
910308106
910309373
910309936
910314173
910337565
910352761
910441239
910463270
910484490
910487015
910504161
910516242
910522276
910524539
910527195
910534212
910545609
910552789
910559173
910564579
910565652
910595967
910629996
910631159
910667052
910671557
910676538
910715992
910721078
910728952
910733482
910743384
910770354
910799433
910800560
910802480
910813500
910840887
910863746
910876097
910878352
910893864
910905159
910918114
910920515
910944068
910946144
910946365
910949603
910959856
910961601
910974080
910977215
910986065
910991551
911002206
911004332
911011407
911018796
911021449
911023842
911037170
911053962
911057990
911060732
911064576
911065353
911066422
911079115
911087078
911106130
911110347
911110532
911111781
911147135
911151087
911157065
911177730
911181054
911185354
911194692
911195859
911198266
911199916
911204650
911205392
911210735
911211580
911212058
911213636
911218905
911233386
911248418
911252949
911297619
911304460
911313366
911323936
911338113
911361508
911398642
911399240
911406123
911406553
911411740
911429057
911444359
911444600
911456422
911458307
911506638
911528192
911529181
911541788
911564008
911579734
911590930
911602715
911621663
911639534
911641434
911649552
911657315
911662044
911669099
911670133
911671476
911673318
911704859
911711097
911720306
911724548
911742525
911753637
911760868
911761674
911768516
911771211
911793690
911794859
911807590
911809952
911810939
911811825
911823719
911854204
911867423
911880946
911883436
911885299
911893715
911893965
911897195
911897962
911899850
911912231
911914110
911927345
911929708
911935131
911938270
911947924
911964437
911981007
911983876
911985050
911986205
912032958
912033413
912073374
912074205
912081282
912085360
912092528
912147666
912162293
912171246
912180724
912182732
912186110
912187925
912190419
912221974
912241704
912256363
912256888
912282885
912294558
912304476
912320211
912324760
912324802
912325464
912340459
912368174
912370913
912386081
912393436
912409876
912441742
912444688
912452829
912463532
912493609
912517277
912531110
912540397
912559098
912573895
912577307
912580841
912600013
912608423
912610809
912637706
912641322
912732176
912757858
912780803
912784278
912795137
912798842
912810933
912815594
912831222
912831593
912847836
912848897
912852204
912887517
912898255
912904186
912941662
912946670
912955898
912956957
912959097
912979260
912980089
912984448
912994330
913004417
913006484
913016657
913018084
913033187
913033280
913036889
913040033
913053735
913054894
913057788
913059170
913065364
913069731
913071469
913072514
913073067
913095274
913098527
913119671
913128565
913137691
913147355
913147412
913147646
913149141
913156187
913201085
913210528
913225009
913228247
913232228
913234032
913243694
913245157
913246002
913251310
913265767
913283456
913286341
913289943
913320355
913353573
913387827
913395724
913406460
913418389
913426271
913434573
913435737
913464137
913470763
913492775
913514617
913516446
913525100
913534853
913545685
913547293
913555409
913561374
913561829
913562179
913586071
913593644
913595838
913601431
913610194
913619367
913648154
913661649
913669585
913688442
913704299
913715240
913744351
913758590
913760565
913773673
913803074
913817926
913821358
913823063
913826521
913827213
913853662
913859368
913873215
913892352
913914022
913914352
913915891
913923532
913927235
913967013
913975021
914003923
914020950
914048856
914064531
914068972
914074895
914125770
914134856
914146689
914177483
914177590
914179272
914215329
914222813
914240287
914246324
914248665
914259126
914261840
914266062
914269049
914300323
914300462
914306939
914308550
914317919
914323413
914347282
914356059
914356857
914360742
914373397
914377044
914390228
914401997
914407791
914419022
914438094
914439008
914448258
914459543
914476815
914479211
914521440
914529775
914535027
914542250
914552682
914561427
914564400
914577360
914597157
914602387
914608062
914608362
914609872
914617564
914630221
914653027
914659834
914696409
914697357
914712691
914743263
914743766
914744819
914758846
914759584
914771200
914782151
914829091
914840433
914844507
914846107
914853211
914865867
914880903
914884128
914890747
914894254
914902027
914905703
914905733
914908431
914923314
914925705
914943256
914951018
914967712
914970291
914985554
914986246
915002909
915014911
915018729
915026778
915034247
915038643
915054660
915055407
915060160
915062318
915069915
915114371
915136710
915145236
915145596
915150695
915154678
915158286
915190117
915198061
915204664
915204862
915212014
915220029
915240788
915265546
915267500
915272258
915295148
915300262
915301495
915307441
915314993
915320784
915333843
915367541
915399118
915409665
915425513
915427875
915429147
915430003
915436387
915446980
915453046
915462210
915467510
915478196
915488831
915494165
915517025
915520553
915524523
915544998
915545586
915546460
915565571
915578914
915596187
915604578
915613536
915622458
915642297
915646783
915653083
915656625
915660959
915688868
915729222
915774066
915785028
915788732
915798246
915800271
915833370
915837517
915840395
915840531
915840827
915841964
915845732
915872793
915882994
915883602
915899001
915940066
915965041
915973388
915976965
915976974
915999032
916008042
916012261
916018875
916030246
916032916
916074500
916152371
916153975
916155548
916190825
916190977
916201868
916212879
916227740
916237578
916238041
916254189
916278363
916323060
916324528
916345599
916359734
916369655
916376751
916385879
916385941
916391891
916395301
916406466
916414438
916423032
916435558
916440283
916448156
916451463
916464869
916472489
916485155
916489723
916502820
916528979
916529569
916548767
916553756
916557315
916567948
916590173
916590895
916623388
916624581
916644845
916661357
916678103
916697986
916704616
916710160
916746964
916747223
916751412
916759906
916779177
916789691
916790063
916796810
916799021
916806557
916807217
916816790
916852416
916855943
916868177
916871125
916873437
916874009
916880049
916900818
916903187
916929051
916949122
916955456
916959060
916959302
916962362
916985373
917002474
917004786
917010566
917027644
917032804
917045926
917053572
917123283
917137316
917138268
917139729
917173646
917184207
917189173
917197335
917201558
917202023
917229780
917229941
917238601
917280283
917295950
917301545
917307049
917309244
917320173
917327142
917332997
917341204
917354700
917384886
917399211
917412260
917435881
917463992
917473716
917488809
917505601
917512117
917514347
917514653
917526399
917556526
917557489
917560934
917604414
917624582
917625160
917631224
917639012
917705767
917711962
917754777
917759206
917773248
917774775
917776333
917816247
917826810
917828692
917851982
917857838
917886246
917894915
917902149
917915132
917928590
917944411
917944750
917945357
917957149
917975760
917977960
918023737
918051169
918064793
918065945
918080868
918100592
918107912
918110069
918125769
918143987
918144049
918149006
918151580
918178673
918179614
918196328
918203372
918234539
918247701
918261438
918267877
918282722
918284492
918325988
918329848
918332934
918355096
918357184
918373291
918374800
918381959
918383474
918388781
918413576
918416384
918434862
918438649
918449497
918465275
918484255
918484990
918499334
918527895
918532991
918536368
918572201
918623702
918646070
918658763
918665538
918706023
918706837
918708944
918721009
918729170
918741087
918755010
918763544
918779816
918785380
918790257
918816015
918816638
918849692
918854391
918868059
918878580
918892110
918910917
918914517
918915280
918919219
918933870
918934644
918954525
918957308
918969719
918973982
918976040
918976459
918978512
918990194
918996303
919008776
919009932
919027241
919028057
919033124
919034767
919064334
919076687
919083557
919084000
919114150
919133430
919133878
919159419
919170034
919177077
919184273
919201141
919202087
919212951
919216596
919217441
919229039
919231454
919232159
919248126
919248304
919256143
919258074
919264273
919275203
919286453
919303959
919328176
919333704
919337663
919345207
919350404
919380871
919387887
919389237
919393705
919403709
919438109
919465403
919477670
919507266
919511518
919515896
919516207
919518651
919520168
919520985
919522412
919522598
919531926
919546124
919553292
919569580
919571020
919574475
919577862
919586571
919589975
919605274
919605532
919610928
919615492
919632948
919642462
919643916
919660962
919671062
919677450
919689349
919697778
919703625
919706559
919707123
919713930
919714936
919715169
919725946
919749765
919777569
919788047
919790856
919793298
919800038
919806128
919807689
919809002
919810668
919814917
919819711
919821632
919852545
919855983
919858035
919861642
919892635
919916487
919923440
919940436
919955648
919957442
919976568
919980661
920002253
920004464
920004587
920007504
920017725
920024251
920030932
920032232
920042614
920058361
920066928
920077127
920081737
920116230
920117153
920156833
920171256
920181879
920182901
920187569
920198205
920218146
920243036
920245001
920256287
920264840
920266980
920269265
920272981
920275330
920293312
920296030
920308640
920356478
920359720
920367987
920371232
920380233
920383307
920383956
920408388
920421059
920433343
920442534
920443288
920444852
920452391
920461254
920461832
920470294
920491528
920501565
920501950
920514572
920525192
920529859
920548188
920602001
920646798
920650433
920672888
920687746
920699679
920706395
920717192
920734335
920736279
920747374
920754177
920759824
920791257
920795191
920801391
920809403
920813953
920818714
920828134
920856273
920862528
920879457
920885715
920891835
920910350
920918600
920919788
920927720
920941610
920964088
920986641
921013351
921016638
921019601
921021569
921030770
921034707
921042773
921064247
921104073
921111841
921130813
921141446
921142324
921151608
921154411
921156788
921158898
921187318
921189869
921195125
921196256
921196884
921198142
921204989
921205452
921212624
921232441
921236144
921270175
921292954
921304538
921307350
921317894
921334091
921339815
921351605
921352515
921354523
921361900
921373445
921383225
921410706
921422084
921465460
921470429
921478872
921480853
921481805
921495868
921512789
921518011
921539081
921542731
921552627
921561312
921581191
921581224
921585504
921604990
921610642
921628068
921683943
921688879
921689899
921699607
921704072
921732338
921733110
921737435
921743641
921756932
921757936
921758689
921761007
921763832
921764252
921790749
921792948
921797822
921826224
921838059
921850329
921854613
921863428
921873255
921876001
921876502
921881335
921881424
921883445
921914707
921915134
921932382
921933093
921935592
921944970
921973624
922000742
922011123
922050676
922055973
922060942
922071746
922073469
922088460
922099656
922116635
922128035
922132127
922143626
922151767
922153895
922163957
922172277
922194966
922203209
922237645
922272414
922275225
922295281
922301738
922336846
922342848
922346764
922363921
922367084
922376901
922379368
922401783
922413273
922417814
922435355
922437994
922463513
922463796
922470072
922510564
922514508
922527895
922540863
922541906
922546737
922563526
922563552
922570495
922574068
922585853
922600001
922608208
922615982
922616063
922618095
922622981
922623341
922631819
922647154
922653541
922655373
922663449
922670783
922724448
922731639
922748005
922750950
922757306
922758412
922787246
922802759
922803751
922806273
922808160
922808629
922839435
922852858
922856348
922879802
922882442
922882685
922885633
922886333
922894752
922912056
922921296
922927578
922937220
922944999
922946176
922954062
922956028
922956595
922993475
923001101
923011149
923021927
923022194
923029648
923042218
923047477
923060588
923075147
923089842
923092090
923096602
923097151
923110070
923123324
923123775
923125110
923134928
923135575
923147318
923149627
923152106
923185218
923186482
923195968
923214373
923237215
923248342
923248615
923248863
923263322
923274968
923279189
923287341
923290996
923299477
923300723
923306095
923315588
923329132
923335025
923340779
923409204
923425390
923442119
923450449
923478474
923490715
923504192
923523457
923529285
923534288
923541651
923541744
923544074
923562625
923567386
923585181
923600410
923603503
923610575
923610958
923615017
923616872
923633609
923638165
923648851
923651423
923652152
923652915
923659907
923663672
923665769
923668560
923670402
923670668
923677971
923682128
923687668
923728857
923737311
923757520
923782679
923803111
923804148
923811226
923814893
923820208
923830080
923832910
923835798
923841062
923879110
923901556
923909783
923921171
923931916
923933298
923949160
924015352
924048289
924048934
924058809
924080534
924084862
924097774
924122701
924129338
924161414
924162539
924166866
924177992
924179094
924187822
924188471
924195900
924199608
924199991
924239360
924242451
924279753
924283164
924288459
924293012
924332302
924345174
924364610
924370825
924394502
924396650
924399039
924407741
924413868
924419835
924421226
924427141
924440108
924455654
924467204
924469501
924470881
924473098
924480767
924484831
924501320
924503634
924509247
924529253
924530877
924542241
924559487
924581692
924584389
924586761
924603835
924618567
924623975
924624654
924645136
924654486
924663866
924667446
924684864
924694157
924700657
924714904
924722490
924727411
924739100
924749344
924751481
924753843
924762176
924762532
924771152
924774608
924782664
924789613
924812945
924817116
924823507
924829455
924851929
924859286
924885059
924887985
924899964
924904288
924916492
924916743
924927516
924929341
924939774
924945032
924958314
924963900
924985217
924990424
924991670
924994670
925001392
925005847
925020533
925033692
925041115
925074769
925085647
925129036
925136745
925142434
925159843
925161945
925166564
925171941
925213681
925233906
925233954
925261158
925267119
925267650
925298238
925301376
925303256
925313072
925314729
925353058
925366135
925403855
925407886
925424280
925437356
925441266
925450503
925458976
925466274
925473615
925491012
925499391
925509288
925515284
925515792
925533984
925547623
925550617
925553935
925572164
925578065
925594926
925606112
925639736
925642107
925642308
925649491
925687513
925701827
925718721
925736141
925737776
925754940
925781799
925792934
925813483
925827020
925831261
925849637
925853062
925864435
925877767
925885505
925890936
925891527
925899406
925912367
925919696
925926905
925934573
925939253
925945152
925946730
925960892
925979316
925980886
925988404
925989665
925995476
926005080
926008104
926013840
926069751
926092859
926100765
926105249
926109015
926115204
926144487
926147158
926148156
926148791
926155228
926160956
926179248
926195323
926204079
926209087
926226656
926230240
926269217
926270071
926270557
926278280
926279980
926283700
926289220
926322395
926349643
926350589
926358317
926358908
926365424
926366257
926366854
926370229
926372867
926382574
926385746
926409075
926416317
926422612
926429207
926430634
926435229
926454768
926458158
926466895
926472388
926474200
926487943
926506156
926509383
926519825
926529411
926534188
926538969
926541536
926548647
926562868
926565538
926565640
926575874
926611249
926633136
926651801
926662157
926667280
926673763
926679676
926722888
926732379
926740985
926747821
926769899
926777716
926778710
926798824
926807506
926826251
926831656
926833867
926845168
926855912
926864027
926870536
926882719
926896604
926900073
926915859
926920454
926925922
926935255
926975837
926977455
927008218
927021440
927032168
927040594
927055745
927079319
927083438
927100067
927106933
927113075
927116278
927119135
927137284
927159785
927180211
927187880
927223502
927229585
927242955
927247294
927264892
927265005
927267682
927269285
927273627
927275430
927285646
927297365
927300269
927314776
927333239
927361030
927375632
927379202
927389945
927390581
927401926
927407990
927426344
927426831
927455184
927465217
927470455
927490705
927495340
927504138
927525594
927534272
927541034
927541819
927571071
927580911
927582984
927602027
927629802
927630635
927637570
927658194
927661671
927662480
927669424
927675201
927689451
927698519
927702751
927718612
927726416
927770160
927779673
927782640
927798170
927803286
927808767
927809953
927838712
927838728
927864371
927877098
927895733
927908834
927914576
927918638
927933749
927934986
927937099
927959286
927983446
927989136
927990307
927992997
927997479
928007743
928048557
928049124
928049267
928051202
928061613
928063054
928064637
928066352
928076043
928095393
928096047
928097641
928104510
928152804
928162474
928166750
928167312
928176367
928195335
928198458
928214787
928220545
928221053
928239201
928246132
928254173
928266455
928295372
928300129
928300569
928320560
928324492
928326269
928329361
928340987
928343537
928362198
928362927
928380428
928382771
928383153
928389564
928398161
928399849
928401547
928414575
928426012
928436294
928445758
928452400
928456838
928462727
928464775
928475832
928483351
928489335
928501906
928519584
928519656
928527357
928542045
928558654
928559637
928587075
928589000
928591559
928612434
928621553
928626656
928644016
928664773
928673227
928682636
928688620
928707550
928716523
928731561
928732777
928736294
928743641
928760332
928809358
928816287
928817819
928824969
928830254
928832974
928845876
928863978
928869473
928890357
928891994
928897120
928902303
928903533
928906263
928907089
928928611
928934535
928944102
928944140
928959544
928961478
928994964
929026842
929052856
929062265
929073939
929077250
929085012
929096593
929103965
929111388
929114538
929131558
929144094
929162887
929171566
929181530
929191411
929192181
929212018
929213480
929215711
929224416
929252833
929257229
929259151
929263032
929265731
929273967
929278978
929295019
929316837
929324150
929337310
929357839
929393272
929412912
929419561
929424690
929429728
929431804
929451871
929452176
929452621
929454972
929468857
929473340
929502635
929536295
929540754
929545451
929572224
929586534
929591802
929599924
929599975
929610927
929632423
929637325
929647332
929664584
929668698
929690384
929700650
929710827
929718918
929722821
929727264
929742529
929757823
929758048
929758179
929776874
929779944
929783499
929789539
929809362
929821844
929849091
929850117
929862927
929872182
929883081
929896037
929911604
929919952
929926226
929958697
929990869
929997422
930007587
930007652
930009912
930019572
930029006
930044761
930058677
930062821
930067885
930077235
930088839
930093808
930096537
930102127
930102509
930104642
930112114
930128034
930130262
930140745
930144675
930144841
930145320
930155474
930162528
930170554
930187270
930187485
930199186
930238520
930243256
930250103
930254553
930256465
930273339
930299795
930320300
930329926
930334260
930344236
930345458
930353472
930358402
930361724
930364161
930387333
930389143
930396869
930408278
930408683
930413118
930446909
930448419
930454599
930480382
930482774
930486747
930504818
930515423
930516283
930524323
930531350
930542246
930553929
930558848
930562620
930572658
930572764
930585115
930588942
930612544
930618996
930655650
930657303
930658361
930658975
930665447
930676038
930681477
930683118
930683298
930697324
930705344
930726557
930733216
930743344
930762573
930778497
930778527
930785488
930790223
930793067
930807794
930824082
930858694
930889098
930895928
930904817
930905342
930912612
930913203
930922900
930923204
930929897
930932117
930935705
930943084
930945965
930981060
930988536
930999183
931013219
931019804
931022375
931044574
931053848
931053954
931066327
931088242
931093752
931114341
931117363
931134467
931150987
931173619
931196754
931232188
931235498
931244413
931253890
931291031
931297899
931299163
931301782
931308669
931313360
931322457
931334077
931348377
931355516
931355880
931358571
931362167
931363487
931373446
931376195
931382097
931391914
931395691
931395745
931397594
931399436
931403077
931405804
931436233
931449719
931456330
931470209
931471749
931479124
931482092
931489901
931530809
931555157
931565338
931576040
931582825
931583271
931604257
931622092
931643424
931653877
931664347
931667839
931697372
931724370
931734003
931752660
931756500
931777851
931778773
931786517
931789179
931803381
931841101
931845039
931851523
931858585
931868299
931899128
931900038
931903798
931906074
931932516
931940306
931952429
931959994
931966973
931975816
931983863
931992600
932003066
932025526
932040410
932043156
932070432
932082949
932092170
932104942
932110288
932144740
932145558
932148273
932157373
932157910
932159030
932171721
932173926
932181092
932181730
932190345
932197232
932198406
932220521
932274436
932275179
932276256
932277679
932286829
932296901
932301598
932303562
932322860
932341507
932343189
932344871
932363543
932367770
932378962
932402590
932412584
932417921
932418766
932426597
932430936
932434389
932455133
932456093
932461585
932462824
932470058
932473412
932491449
932493564
932515802
932531142
932534487
932539129
932545983
932596648
932637089
932644206
932661396
932662137
932669332
932671298
932673158
932688217
932690256
932695683
932696957
932698863
932699068
932729578
932731458
932810780
932824681
932850030
932852512
932871991
932888033
932896304
932916401
932924940
932945794
932947397
932964448
932994862
933002388
933047648
933047841
933051331
933060461
933078557
933084222
933084322
933093686
933106203
933111025
933112185
933123194
933124183
933125729
933149097
933166397
933171945
933190660
933195305
933198194
933217135
933229120
933232359
933239407
933252662
933262846
933271886
933286179
933289420
933305368
933327573
933330071
933330746
933332718
933333569
933345465
933354810
933382038
933394753
933396192
933413361
933422394
933425008
933451635
933452421
933457841
933475687
933484993
933486588
933495814
933514852
933519863
933522409
933523767
933540639
933546388
933549231
933556398
933562262
933585367
933604303
933624477
933626573
933637420
933678075
933683073
933706042
933715299
933722900
933740045
933744780
933770162
933775721
933776631
933796524
933809977
933817577
933819311
933830508
933832815
933842284
933842849
933861940
933883632
933897790
933906015
933917946
933933917
933961655
933965253
933973161
933990338
933992436
934003204
934012140
934022127
934046308
934048404
934066935
934073686
934084524
934090647
934102072
934104776
934116752
934135691
934164925
934168721
934168943
934172027
934180254
934196918
934200137
934209836
934225422
934232019
934272382
934285154
934286823
934290541
934306052
934313354
934325078
934343002
934344307
934348320
934357062
934363112
934386756
934402458
934407379
934410989
934416269
934422662
934429988
934443179
934449356
934462431
934468541
934468558
934541112
934556269
934626686
934641972
934650813
934672651
934685758
934688114
934690843
934696614
934699386
934711160
934715111
934732101
934732940
934733963
934742111
934764251
934777341
934780405
934796536
934827604
934834668
934836033
934894413
934895979
934908037
934927350
934928823
934932410
934941632
934955702
934971526
934982711
934987747
935001167
935003363
935028474
935056945
935076481
935093959
935126668
935128300
935146461
935155110
935156727
935159564
935184673
935202958
935224861
935234499
935246515
935252091
935260254
935285837
935295812
935296347
935299489
935309399
935393507
935405146
935414343
935437154
935464215
935472784
935482833
935501626
935531467
935542405
935549233
935553092
935557036
935581449
935606686
935610890
935631219
935647493
935647544
935651092
935654741
935666134
935676035
935680280
935697978
935699595
935712985
935738038
935741691
935757088
935862475
935872931
935890810
935894074
935897988
935927313
935929703
935939159
935941068
935944763
935945377
935970911
935978517
936014050
936014262
936025636
936030468
936035421
936069174
936069486
936069577
936085212
936150292
936154697
936158490
936160617
936173000
936177667
936190519
936194627
936212651
936239581
936280405
936288941
936301734
936327788
936327925
936352512
936355944
936362813
936364498
936367295
936367779
936382665
936396771
936417946
936422806
936434457
936450898
936456545
936466452
936488713
936496216
936504046
936511358
936513807
936524085
936528635
936529245
936557911
936564462
936565359
936580403
936584408
936597072
936604465
936605864
936640362
936653201
936667974
936673490
936676364
936708973
936719377
936720557
936737668
936737701
936741208
936757571
936766056
936768767
936775703
936780186
936786134
936792205
936793180
936799573
936809222
936810946
936817787
936829282
936833110
936864986
936869354
936883782
936887939
936895553
936896778
936907345
936921553
936922502
936948569
936949409
936950511
936971879
936981582
936999676
937002146
937002345
937008871
937009110
937011645
937048553
937067183
937068961
937078573
937096586
937104703
937141454
937162508
937164173
937164507
937172686
937177980
937199646
937207552
937231444
937237932
937239459
937245354
937253797
937287237
937296665
937339066
937342765
937353443
937358266
937358738
937361729
937369838
937369865
937375287
937403667
937434696
937468867
937471796
937481555
937498737
937509866
937510462
937511840
937522200
937527729
937528203
937533008
937533223
937534754
937554748
937556411
937580613
937597522
937613835
937615940
937654331
937658693
937663021
937670753
937677007
937680155
937684275
937730818
937746416
937757399
937763865
937782404
937791020
937792502
937803468
937812332
937815199
937823019
937825626
937846199
937863408
937914290
937925441
937928631
937940330
937949092
937958122
937977815
937984641
937997949
938011728
938023315
938026437
938028994
938029816
938040904
938052256
938056462
938063911
938069712
938070876
938081537
938087855
938132100
938134128
938137327
938150567
938210426
938220659
938234550
938238055
938240765
938269559
938296267
938297557
938320341
938368578
938369328
938380430
938387970
938390466
938393099
938398224
938404482
938406281
938424321
938435577
938454428
938457504
938457518
938499722
938515779
938526711
938537070
938543980
938561555
938582552
938587550
938627371
938632370
938645325
938647985
938649067
938658024
938693409
938703486
938708557
938710359
938720928
938736717
938751830
938764557
938779349
938793883
938817102
938818294
938840174
938850180
938872400
938890994
938895762
938915100
938915581
938918635
938926211
938927428
938931878
938946474
938952989
938955593
938987297
938995327
938999968
939005749
939029605
939034425
939036399
939037485
939044138
939060642
939064256
939084178
939110473
939121442
939125501
939126838
939134403
939143887
939145899
939160567
939182336
939203017
939256144
939275104
939293911
939307329
939325083
939327394
939332119
939337029
939350410
939353179
939367620
939369488
939373024
939375046
939376155
939386951
939398153
939402768
939402916
939410803
939433919
939443966
939479338
939488166
939489192
939492854
939506026
939523279
939542026
939544247
939551625
939569387
939572573
939580493
939594393
939598636
939634542
939644184
939649584
939672168
939676514
939684822
939692514
939721841
939737184
939743573
939769913
939810056
939824724
939831526
939845748
939861874
939866418
939875864
939878674
939882086
939883177
939887885
939889735
939896337
939904528
939908277
939911814
939914355
939932272
939939244
939945362
939969117
939988869
939996484
940004451
940017780
940023667
940040120
940043230
940054563
940068363
940088508
940089060
940090233
940100716
940103984
940110493
940137140
940139986
940164033
940181458
940181822
940225204
940248331
940264046
940282525
940291074
940303952
940305486
940314269
940320560
940339090
940393162
940397861
940408099
940427516
940435382
940451345
940453413
940456901
940461704
940465465
940481772
940488528
940488905
940489891
940506823
940506844
940553888
940569794
940600593
940605159
940632519
940668404
940670148
940674341
940690831
940696163
940698301
940701195
940710141
940712379
940714197
940724623
940726315
940726550
940728146
940734864
940739476
940741034
940750655
940771326
940806522
940810516
940812785
940822712
940825261
940843400
940857544
940859514
940867136
940867242
940867683
940880343
940885358
940905082
940917372
940924114
940926037
940927447
940943953
940945531
940946842
940972354
940983366
940987530
941031668
941035484
941035504
941038687
941040519
941040797
941046712
941081419
941109437
941160164
941168649
941168938
941187600
941200825
941207492
941243795
941248685
941248867
941267039
941275022
941283249
941287962
941292911
941294355
941300105
941313371
941317976
941329981
941335065
941342193
941347229
941355914
941368640
941370583
941370595
941395443
941414118
941420885
941449475
941452749
941463440
941469071
941480549
941483305
941483863
941484065
941499949
941512351
941517497
941526057
941531375
941552692
941553067
941559204
941585214
941588630
941599147
941620421
941642603
941652095
941663724
941665233
941671126
941674093
941678293
941747188
941767441
941795169
941800303
941804141
941813663
941818454
941860108
941870213
941879145
941881381
941889867
941895016
941895359
941898427
941903895
941920204
941927708
941928470
941941853
941953509
941968208
941969161
941982731
942016773
942026616
942031819
942034590
942043501
942044944
942057034
942060739
942080403
942087630
942100998
942104275
942117249
942120374
942141583
942148856
942176729
942177716
942194682
942198779
942256452
942260201
942263745
942265475
942271870
942273707
942277505
942278068
942304319
942317690
942353573
942361201
942365200
942392571
942395803
942406015
942412119
942439540
942445469
942450963
942459481
942480148
942492602
942495261
942509737
942523770
942530176
942541840
942563555
942568823
942568990
942604773
942612160
942619728
942627157
942654747
942676523
942699223
942709552
942713157
942717342
942724181
942738917
942740228
942754078
942757181
942774515
942776370
942777419
942781696
942792689
942796401
942797126
942814724
942830628
942836064
942861495
942871702
942878716
942879295
942884848
942933355
942947252
942968718
942969457
943007574
943034095
943039948
943040101
943085389
943096314
943100601
943101698
943103579
943123314
943152489
943161363
943176839
943178070
943188857
943191457
943207373
943207395
943269518
943291643
943294676
943296702
943298381
943302553
943326500
943332758
943346757
943363378
943368839
943408893
943408945
943414848
943415318
943429112
943434136
943434382
943437141
943438728
943440482
943453699
943454233
943488556
943517245
943526656
943535201
943544051
943546676
943562853
943566474
943571346
943592569
943594421
943601754
943603764
943663497
943670828
943680352
943688223
943690163
943712355
943719362
943728265
943748586
943760377
943767970
943770458
943770538
943799935
943808767
943810453
943813635
943817976
943845035
943847540
943849199
943852789
943867358
943872061
943882699
943882842
943886525
943887142
943893797
943901247
943908996
943932927
943934734
943952402
943965527
943979623
943980732
943992107
943996140
943999889
944019905
944029309
944059193
944085784
944093317
944116513
944118939
944140415
944149394
944149713
944150333
944153638
944158844
944159599
944163862
944189768
944190322
944195421
944231887
944255934
944265468
944278638
944319246
944327744
944344091
944345257
944348618
944356014
944357882
944368891
944388325
944389883
944418615
944437361
944452266
944453586
944465991
944473349
944506393
944516370
944525959
944552490
944553192
944568560
944575510
944582899
944597122
944598764
944605682
944608093
944609109
944631738
944656582
944690914
944700923
944723944
944724008
944726792
944738088
944744079
944744737
944766028
944793179
944796972
944810632
944812422
944818993
944825278
944826040
944831888
944857808
944870978
944883148
944897442
944929468
944947167
944954157
944969883
944979445
944979602
944981794
944989518
944992345
944996093
944997705
945004144
945027137
945027874
945032975
945037897
945042163
945048700
945052494
945059668
945091396
945098404
945099004
945101211
945104967
945157079
945164226
945168715
945179832
945197372
945214770
945233966
945237445
945252175
945287401
945296209
945327654
945366118
945417088
945443929
945454006
945460291
945480204
945488128
945495298
945507640
945511249
945534071
945539552
945546130
945554812
945577284
945586467
945587183
945601197
945610092
945614527
945648727
945649721
945733913
945735912
945739172
945746255
945779574
945797056
945805451
945814081
945819702
945826718
945845568
945852592
945884769
945889068
945899995
945902449
945904905
945914668
945925765
945933797
945936135
945941055
945944868
945967692
945975108
945977233
945998848
946020614
946040946
946044421
946058538
946066971
946105585
946110733
946118240
946139085
946175258
946186718
946191806
946206552
946219545
946231722
946239872
946254883
946263666
946268423
946270759
946291799
946295939
946324981
946339633
946343596
946402843
946405091
946413270
946417169
946418868
946427935
946434576
946437109
946442817
946444411
946451008
946453938
946465733
946465842
946490486
946495286
946496726
946503301
946522477
946523961
946528046
946567614
946580894
946582413
946582860
946598467
946618603
946623049
946640854
946654655
946656404
946664082
946685897
946687533
946721305
946726650
946728194
946734450
946756548
946761043
946764059
946774621
946775232
946784371
946787561
946792360
946799726
946801678
946812079
946815091
946820507
946828763
946833992
946836064
946843025
946847664
946859351
946870908
946887153
946905527
946909887
946937433
946950922
946951652
946960951
946976826
946979872
946986845
946995474
946999481
947002315
947008768
947032683
947042260
947047935
947147991
947158642
947173722
947173986
947180779
947186430
947193767
947203124
947209389
947218568
947254655
947264603
947267165
947273239
947274774
947303197
947367518
947379543
947395104
947395889
947399627
947416871
947419989
947428518
947432554
947436748
947449601
947449722
947460092
947465359
947467620
947482511
947567477
947575295
947575742
947583496
947588555
947589658
947608448
947634483
947664324
947678936
947685182
947694501
947727502
947734470
947734759
947746777
947748420
947778200
947778356
947780355
947787221
947787500
947789024
947814090
947815715
947830702
947869118
947871087
947872837
947909918
947931131
947932933
947952726
947955066
947962389
947962530
947970615
947970985
947977998
947984575
947996124
947998044
948029107
948037421
948043052
948045020
948056751
948066812
948071196
948095476
948107796
948114688
948142817
948146608
948152229
948179721
948191146
948209076
948209952
948214901
948234796
948240658
948251485
948262196
948263946
948266167
948268836
948270027
948270873
948275233
948276744
948291289
948295460
948303316
948304959
948305249
948312696
948312916
948313598
948320828
948325683
948335792
948371854
948384561
948429690
948430515
948440585
948451695
948456754
948466123
948479783
948487363
948530031
948532625
948536477
948545266
948549746
948551276
948555951
948565707
948566828
948581158
948600666
948601369
948603866
948619084
948620704
948622520
948638884
948651710
948662937
948684218
948685676
948693390
948700193
948710920
948713447
948755248
948764024
948783382
948788909
948793360
948797595
948812139
948819001
948823061
948836305
948851923
948852668
948854354
948855322
948864790
948872925
948876868
948879704
948888646
948900742
948903304
948919975
948925512
948929427
948940360
948944889
948959213
948960710
948975714
949029661
949031725
949042975
949048584
949072726
949090236
949112353
949151109
949193245
949208070
949213438
949226987
949233408
949244935
949250466
949255251
949255399
949293534
949306726
949317008
949321369
949341002
949348837
949369680
949370916
949379708
949380848
949419854
949420578
949434451
949442537
949454620
949467279
949477897
949480591
949487829
949489470
949501440
949510910
949512296
949531183
949533564
949549624
949559016
949563030
949571079
949578427
949583145
949589917
949599273
949606296
949638070
949652909
949657870
949690063
949697608
949711234
949732270
949735370
949740312
949751520
949757064
949765528
949783206
949786544
949790982
949804609
949832137
949833323
949835459
949838766
949846017
949846240
949857042
949857771
949861911
949863774
949872244
949876317
949878619
949880731
949919381
949922661
949934094
949941058
949942466
949947631
949950069
949956213
949956421
949969020
949986129
950005110
950017056
950041230
950062143
950065632
950089531
950095843
950130106
950136221
950137298
950147880
950158638
950160588
950169269
950178661
950180908
950192611
950213664
950225009
950233046
950254319
950262534
950278535
950305833
950311780
950316477
950328489
950331781
950335582
950346378
950355724
950364439
950371575
950383617
950384696
950391833
950392742
950409494
950410677
950443636
950458485
950463076
950470274
950472237
950496876
950508137
950509982
950516422
950520392
950522043
950527387
950529502
950545346
950555265
950560749
950569416
950574504
950586174
950596402
950599228
950599977
950612743
950613479
950635120
950641730
950648224
950658687
950679151
950681580
950690696
950690972
950696359
950735931
950745225
950750247
950754902
950776767
950781295
950784243
950803515
950806975
950832801
950846220
950852021
950894065
950904369
950906660
950910625
950917135
950919234
950919353
950929963
950930699
950933473
950989287
951001244
951002004
951009227
951020533
951048525
951056282
951065231
951081745
951083275
951096987
951097869
951110420
951124922
951139541
951159377
951183578
951209530
951224515
951261944
951283329
951283642
951285542
951291750
951318141
951331157
951336503
951347746
951358069
951360903
951364891
951368976
951404149
951416864
951460131
951466976
951473267
951489663
951492706
951506484
951513507
951573161
951612681
951635404
951636346
951647728
951676096
951679840
951681789
951689823
951696424
951697689
951703418
951719166
951720253
951728847
951733351
951741762
951750818
951764905
951768459
951770385
951793049
951813171
951817536
951866719
951868465
951877526
951878261
951885703
951897326
951906873
951907546
951931078
951936390
951953960
951963589
951967950
951976731
951995551
952014213
952017012
952024955
952025369
952038538
952043477
952051708
952060666
952076419
952087791
952091479
952100096
952104575
952105389
952113289
952121030
952121808
952141195
952146582
952163849
952167638
952190853
952214663
952230732
952232536
952233545
952235877
952246644
952259190
952259638
952262303
952299223
952302222
952321739
952324286
952328323
952337403
952342775
952386813
952388694
952392538
952396398
952398156
952404328
952408791
952427063
952431918
952444724
952453346
952461038
952461463
952468397
952476442
952488726
952489827
952498636
952499540
952503041
952507606
952509196
952515583
952520283
952539506
952543650
952547266
952554027
952557223
952557251
952567826
952588389
952589418
952601494
952606439
952612515
952618157
952622449
952647974
952658516
952676123
952677216
952677345
952677476
952697025
952711599
952732788
952756740
952759036
952784269
952786444
952791621
952801404
952807397
952809387
952810239
952833851
952834107
952847072
952847448
952850474
952852532
952857012
952857811
952865046
952883338
952888032
952893080
952899698
952952813
952960752
952983888
952990069
952995257
952998805
953009218
953009554
953036615
953086091
953087865
953102803
953127238
953133315
953142880
953146318
953168959
953191010
953197891
953211638
953250272
953269706
953274198
953284049
953320374
953369701
953376624
953377931
953388389
953394817
953395433
953413047
953422858
953442948
953445980
953461570
953463811
953476174
953476224
953482348
953482441
953482463
953491996
953493197
953506487
953514496
953517340
953520784
953525630
953537612
953539127
953546448
953553993
953562072
953603351
953613604
953613837
953614555
953627558
953634498
953648847
953659057
953667558
953674330
953679599
953732373
953743011
953767908
953770477
953774689
953775656
953776631
953778247
953808547
953828497
953830302
953858541
953861659
953875762
953917107
953923514
953959385
953963112
953968026
953975104
953992091
954008164
954023307
954050327
954050809
954059029
954077168
954077245
954081439
954086463
954088634
954094320
954108137
954109601
954127252
954144789
954148597
954155869
954167408
954167558
954169785
954175497
954177151
954189469
954190050
954193580
954204855
954208758
954214835
954218490
954226961
954231653
954235783
954240988
954242404
954264838
954283279
954306421
954314061
954314340
954319546
954326376
954327355
954327855
954337762
954354035
954358064
954374650
954378151
954396884
954407558
954425301
954425878
954426727
954429565
954444467
954446059
954454059
954474728
954481991
954495794
954501691
954503251
954507954
954508793
954509710
954528349
954529035
954545640
954550427
954563400
954566082
954566222
954576949
954585599
954593616
954599223
954662670
954669984
954671481
954680447
954685449
954690012
954691342
954696379
954698890
954706193
954715227
954717339
954720684
954726078
954728214
954741098
954750242
954758127
954761738
954793681
954820067
954826131
954827284
954837515
954842222
954858482
954859363
954861517
954872849
954880953
954881615
954900304
954915868
954936386
954966518
954973208
955030165
955039889
955044379
955075068
955076351
955106022
955132336
955145364
955148372
955164963
955175864
955187915
955198005
955198441
955200490
955201171
955208177
955210424
955216665
955232894
955235140
955269000
955271954
955275062
955309751
955313619
955321541
955340458
955348991
955350523
955359605
955363420
955364040
955372130
955373444
955393696
955425406
955450005
955453478
955463138
955467459
955476108
955501822
955504735
955507149
955513681
955540312
955540737
955543428
955555451
955567551
955583066
955584375
955587632
955593396
955599908
955601318
955605265
955605774
955610612
955614895
955628484
955633061
955637101
955644744
955646824
955649751
955650835
955658579
955665798
955674591
955736213
955750160
955756901
955757099
955774487
955776696
955776951
955784606
955819025
955819631
955825788
955836231
955871243
955877881
955892976
955893676
955906389
955914175
955915904
955924879
955958244
955961516
955994700
956043944
956067856
956070669
956090628
956090841
956095479
956107423
956117524
956119214
956127039
956131244
956135653
956153135
956153328
956173548
956195351
956197273
956216125
956239149
956246568
956248259
956267049
956268328
956275686
956277052
956280944
956293526
956305951
956310576
956345470
956346524
956350002
956352139
956374889
956376124
956378304
956388091
956397863
956406004
956411979
956426892
956432196
956439048
956444662
956459691
956463374
956463780
956470429
956477109
956477445
956530589
956537409
956547746
956550439
956552838
956574037
956607993
956623309
956628940
956638611
956649589
956672445
956686175
956725473
956729414
956732019
956733518
956736770
956740794
956742752
956750708
956764418
956766341
956770428
956778048
956780524
956780767
956786671
956786915
956814962
956819232
956833929
956863014
956870186
956873355
956879830
956894772
956922776
956942304
956947698
956970880
956984393
956994097
957005223
957017685
957030411
957030825
957031164
957059211
957061165
957078726
957082465
957083252
957089319
957123186
957123592
957143088
957147419
957148502
957161962
957187986
957208128
957214117
957225240
957243614
957257829
957270149
957284951
957287585
957292528
957293984
957294506
957304030
957306277
957308430
957309806
957329645
957343399
957349724
957356748
957364119
957374698
957386497
957399857
957413245
957429998
957435834
957473008
957476789
957480875
957486329
957488750
957492646
957498194
957508157
957524229
957533010
957533741
957535265
957537037
957540973
957549640
957555236
957570098
957576284
957604613
957609103
957621722
957630238
957647770
957663620
957672905
957686191
957686856
957712083
957712896
957718348
957725550
957757390
957775156
957787805
957798614
957802435
957805920
957806414
957807396
957813579
957823994
957831459
957841936
957852810
957854261
957860017
957869503
957876803
957884273
957900705
957908627
957936566
957941250
957962061
957969595
957971135
957988969
957997983
958004079
958007783
958010753
958021394
958048816
958062631
958065204
958075569
958078892
958080844
958092999
958101628
958106760
958110224
958115035
958134219
958139990
958142646
958164890
958171297
958173482
958204592
958219956
958222265
958222566
958227805
958233912
958253678
958255338
958256709
958271713
958276383
958280776
958299907
958301098
958303175
958308366
958335202
958335948
958348355
958360449
958408584
958412955
958414088
958414126
958422152
958432176
958443282
958444300
958445776
958478354
958478882
958490640
958494909
958497646
958498767
958550565
958564819
958587643
958602677
958605233
958624778
958644143
958655270
958670569
958679428
958684267
958686446
958750461
958820859
958825432
958825583
958830107
958848876
958849525
958881609
958888470
958903690
958944157
958950906
958954588
958958328
958961965
958964010
958969170
959013965
959018134
959022659
959039416
959059155
959066098
959081540
959087895
959088171
959090434
959096543
959105462
959110938
959126096
959146408
959176845
959179508
959188195
959192039
959194527
959196671
959220918
959223506
959241314
959244865
959263792
959267276
959272147
959283530
959297581
959317308
959322793
959364779
959379194
959429164
959450241
959451951
959470058
959501119
959508677
959515427
959523687
959540684
959568661
959580305
959587104
959594598
959608830
959613320
959615601
959626512
959639699
959642833
959649257
959658632
959665685
959668364
959674856
959688762
959696535
959697305
959706996
959708250
959713520
959731426
959731514
959733118
959738065
959771164
959797138
959801419
959817729
959821856
959853116
959853224
959859170
959862609
959872784
959883154
959890008
959893062
959893180
959905978
959920955
959975666
959979485
960038147
960049116
960049573
960050795
960054063
960064056
960097622
960117608
960129156
960141507
960157857
960170685
960171537
960177080
960180899
960184385
960196353
960196420
960206653
960212347
960247140
960250260
960274081
960282982
960300356
960304988
960305580
960338539
960347307
960360184
960366125
960369158
960374476
960389725
960403584
960432532
960441196
960448311
960455960
960461260
960487947
960493683
960506654
960508689
960510027
960513565
960557680
960559501
960571419
960578196
960588354
960595367
960595879
960598024
960627275
960629381
960630259
960635023
960647270
960649325
960655841
960657789
960697356
960704590
960735744
960743738
960757345
960759068
960765569
960767406
960783504
960784267
960792741
960794330
960810660
960836927
960844379
960845572
960845756
960888258
960911650
960931290
960954366
960957465
960976845
961011103
961032659
961039403
961045670
961094477
961100034
961100716
961101103
961129207
961160383
961160972
961165749
961166410
961176168
961190680
961193617
961203853
961212554
961213843
961215405
961221817
961223547
961257280
961258276
961274269
961291083
961292488
961295210
961301735
961309723
961318307
961324267
961330536
961362218
961375863
961377200
961402171
961406912
961430701
961472360
961478339
961486029
961494804
961498208
961519202
961543719
961599833
961600739
961605146
961628584
961631800
961641696
961648584
961657517
961673675
961692239
961710185
961712282
961727551
961774811
961783852
961786228
961796532
961796742
961813417
961813980
961829503
961846892
961863428
961889002
961900079
961901926
961902495
961907643
961925029
961929996
961940412
961943451
961960209
961977036
961977665
961986412
961997476
962017567
962039858
962047749
962086336
962095131
962116455
962117305
962123621
962126023
962141039
962144233
962154546
962164973
962167472
962179705
962193040
962205271
962214312
962260501
962262230
962346975
962366740
962366758
962386508
962387152
962406160
962409198
962410397
962412180
962433832
962481663
962509048
962530224
962531088
962533502
962550951
962569400
962572598
962583257
962601738
962613606
962640481
962651894
962655334
962657550
962668189
962675600
962677495
962690389
962696656
962708731
962713490
962728686
962729908
962739683
962751614
962757233
962783656
962800825
962821383
962833131
962842781
962843319
962859213
962892768
962894226
962908541
962910180
962917612
962926398
962944186
962951204
962973486
962982864
963002860
963032508
963034207
963037630
963039250
963050180
963052504
963070967
963083577
963102308
963117826
963125508
963158575
963160998
963163885
963167175
963170665
963170975
963184920
963194373
963195135
963200773
963202786
963203018
963204695
963217757
963233715
963252957
963278072
963289148
963302797
963313081
963326247
963328007
963331434
963331668
963333136
963346146
963349962
963355938
963356596
963364228
963372234
963382017
963383473
963390051
963428248
963457459
963462752
963465723
963483467
963491107
963501094
963524540
963527974
963534163
963536139
963537281
963538970
963546048
963577928
963606478
963627697
963630074
963635763
963637690
963690732
963700089
963710361
963738250
963749684
963758915
963771666
963779320
963791298
963801524
963802658
963809532
963817567
963828412
963834743
963835938
963837503
963838641
963850043
963854850
963862509
963866088
963899439
963900466
963905363
963916442
963925104
963928060
963930107
963954509
963964143
963989379
963999434
964001414
964007535
964021439
964023888
964025186
964032706
964041865
964064659
964065278
964077080
964081083
964081130
964081578
964112027
964135016
964139680
964152769
964157918
964183942
964195677
964206670
964237743
964242372
964253730
964320594
964334393
964391573
964396747
964399295
964408585
964426764
964434944
964435755
964467227
964482601
964487587
964496841
964509745
964516380
964517279
964535710
964545321
964547532
964550429
964551175
964554633
964575163
964611402
964663080
964700300
964702375
964706073
964727674
964761446
964805712
964807977
964813950
964815400
964823560
964826080
964827393
964831698
964837818
964869110
964869576
964874862
964911442
964935609
964964104
964988187
964989023
964992791
965016494
965033773
965043584
965044970
965046792
965056068
965090360
965101314
965115466
965117298
965129847
965132421
965132852
965140644
965143305
965149433
965157878
965183041
965183741
965186639
965196234
965196889
965213210
965215020
965229780
965264462
965270361
965276538
965283323
965287720
965289062
965295756
965298087
965305098
965312436
965321529
965329502
965351604
965356552
965361322
965362332
965381500
965384261
965385828
965407045
965411984
965415612
965428232
965448460
965462664
965466990
965477326
965491473
965497743
965501696
965503806
965509006
965509356
965509689
965511687
965512128
965521118
965566426
965572849
965575396
965579341
965580662
965626670
965630481
965646929
965653289
965655286
965671104
965676981
965677254
965709536
965738368
965749377
965755713
965790805
965814182
965829975
965836687
965838153
965850252
965860746
965884145
965893400
965906381
965920800
965923762
965928453
965937880
965944014
965945823
965954392
965990649
965996422
966004225
966004317
966009451
966020486
966029120
966040239
966041732
966043360
966058271
966062255
966078843
966081842
966085199
966090265
966103206
966104971
966108596
966109755
966111413
966120855
966125314
966129781
966149170
966150391
966154610
966156057
966159766
966179507
966181001
966214848
966215494
966220547
966220593
966226553
966227624
966244881
966244883
966262586
966277049
966285225
966298148
966310136
966315782
966336338
966344331
966346581
966350197
966350300
966355290
966359149
966363688
966372291
966386715
966398489
966407455
966426927
966448120
966450102
966455132
966455186
966469071
966469107
966478948
966499137
966558687
966560878
966571390
966593322
966614722
966627320
966666943
966717874
966739689
966758647
966758837
966771407
966781268
966785506
966789439
966791495
966817797
966836604
966837045
966847225
966860536
966895182
966904793
966926174
966926489
966931170
966950717
967023478
967028676
967043825
967046200
967050372
967052848
967054768
967059643
967064208
967075231
967087569
967104928
967121379
967123604
967126946
967129175
967131962
967131983
967136287
967140737
967141960
967147162
967156298
967158213
967159803
967170980
967180455
967215804
967235431
967282344
967303106
967311618
967311843
967323458
967329559
967335292
967337849
967343714
967360676
967371989
967382275
967385853
967393741
967405231
967414617
967414782
967423278
967423521
967463362
967463631
967477059
967478102
967484919
967542107
967547426
967564489
967571156
967575303
967605325
967606741
967610954
967620787
967636511
967647385
967656723
967696820
967728330
967734610
967735361
967739006
967747697
967785820
967787215
967791546
967812120
967815685
967826973
967834859
967843060
967844772
967857822
967881136
967910104
967918559
967921929
967954310
967962218
967965784
967975064
967984607
968010659
968018758
968021227
968043958
968052793
968074802
968082747
968105954
968126785
968152456
968177281
968213746
968238724
968244481
968257613
968265441
968273098
968278289
968288134
968301459
968302476
968305260
968307424
968311629
968332189
968343392
968354156
968357826
968372272
968387242
968389332
968392627
968394292
968448249
968459955
968463896
968477880
968491112
968493270
968501239
968512830
968514899
968517533
968519587
968549424
968559134
968561043
968563627
968588460
968599078
968600102
968604184
968606722
968617319
968623431
968635415
968645756
968679324
968680436
968684716
968706436
968717092
968717272
968731853
968732208
968744530
968745581
968756986
968759947
968760247
968771221
968773888
968781731
968803042
968806410
968810880
968820641
968830584
968836635
968842477
968866832
968872873
968892519
968900810
968917241
968923660
968929275
968932875
968938161
968948104
968971319
968973724
968987037
968991002
969000313
969008112
969016392
969044526
969051589
969069742
969076846
969095434
969101265
969104039
969113936
969133073
969133700
969142170
969175481
969181393
969185000
969185057
969198929
969201065
969222890
969225083
969226892
969242675
969277082
969286969
969297224
969318965
969329531
969333531
969335221
969340011
969353188
969363573
969365792
969372983
969400695
969406632
969411138
969423697
969453857
969466412
969481714
969486352
969491312
969500523
969503702
969516263
969544304
969545944
969547397
969570055
969571979
969575465
969604951
969623639
969637180
969651063
969653503
969671539
969673674
969687203
969689094
969692314
969725935
969729484
969733491
969739392
969744742
969748917
969757405
969760199
969779593
969802091
969806721
969817353
969826090
969834771
969844138
969853003
969860715
969869466
969874477
969905602
969919290
969928121
969945124
969950226
969974580
969992209
970047939
970049241
970059649
970064830
970073676
970087434
970098299
970142835
970149615
970152882
970163104
970180764
970192959
970200611
970210889
970232856
970244525
970248859
970260761
970274972
970299369
970304716
970311810
970325019
970326264
970327867
970365107
970366301
970373377
970384343
970395831
970408635
970418493
970422423
970433567
970456378
970468171
970470161
970494171
970506720
970507478
970517373
970561524
970590939
970595162
970615512
970618765
970670825
970723875
970785491
970796858
970808688
970811010
970826790
970827431
970842881
970876254
970876737
970879759
970886095
970903835
970916548
970933207
970937568
970944246
970957245
970977796
970978108
970979835
970988520
971004980
971008618
971015932
971016169
971030608
971049522
971052298
971059821
971060896
971064554
971064996
971082798
971083502
971115262
971128803
971133986
971143272
971151523
971190182
971200104
971201523
971221867
971229045
971230414
971233087
971238963
971255803
971280636
971289488
971297576
971298596
971298937
971314560
971317510
971340690
971370547
971372004
971376418
971377737
971384473
971386421
971426231
971431704
971447017
971449748
971450855
971451585
971459356
971461372
971462987
971465975
971469657
971472519
971475218
971476821
971476903
971477820
971493835
971494969
971497078
971499413
971502001
971521152
971536473
971551209
971551764
971554124
971568926
971575421
971619740
971622086
971622984
971637393
971645752
971663173
971666584
971675941
971684063
971698580
971707015
971739164
971740364
971749567
971756070
971764298
971776236
971782757
971783309
971783910
971787678
971798518
971799814
971810953
971821304
971865716
971880234
971932201
971945023
971951174
971965970
971989348
971994737
972029176
972050898
972069863
972070562
972084642
972095531
972098713
972101078
972102692
972106631
972121553
972135085
972139666
972146668
972155157
972166075
972167880
972181594
972186937
972189709
972190309
972193114
972199711
972207968
972232104
972268887
972281726
972282301
972294565
972295080
972305856
972315605
972323543
972336824
972350019
972384458
972414429
972424454
972432752
972436067
972477168
972493317
972493701
972501966
972518143
972538327
972566955
972577813
972579340
972585648
972597163
972598838
972606548
972621984
972623705
972627898
972629417
972635513
972636180
972636324
972638132
972643698
972646103
972647856
972660784
972664424
972705676
972713239
972729351
972743570
972754505
972757417
972768419
972794393
972802729
972864497
972869623
972871288
972880015
972880882
972889929
972905531
972909992
972914324
972918020
972921507
972925481
972929550
972935733
972943149
972944603
972946662
972950622
972956636
972983345
972986902
972990717
973005846
973011702
973017785
973022347
973034434
973038643
973038691
973053682
973060864
973067594
973079998
973101803
973106419
973118252
973130904
973161264
973173936
973190391
973190628
973195197
973200805
973204298
973206141
973211811
973213136
973230318
973251681
973273249
973279350
973286440
973291212
973303115
973309313
973316951
973320267
973320600
973348055
973365431
973367721
973396418
973412623
973414689
973419325
973432670
973458889
973467891
973510789
973513431
973516411
973526115
973530493
973531466
973542343
973544375
973545502
973569522
973593496
973597526
973598584
973601588
973632946
973683999
973693461
973705669
973716099
973720301
973733420
973750782
973773232
973776956
973779742
973799033
973809950
973822075
973833225
973839320
973853917
973875750
973887127
973889430
973891621
973902467
973903467
973904453
973906450
973911516
973915047
973915154
973916186
973917211
973918861
973929944
973936921
973939656
973957044
973962883
973964748
973992181
973993315
974000147
974007393
974010496
974014680
974027236
974032729
974056188
974058909
974060141
974085227
974087128
974088515
974089405
974108102
974111125
974125533
974128542
974134839
974149398
974153563
974154342
974165434
974166067
974177539
974177753
974195528
974196976
974204010
974212373
974213282
974218430
974242334
974247173
974252190
974260896
974281078
974288776
974290712
974312720
974312943
974315752
974331839
974337050
974360819
974371228
974400016
974404051
974457959
974477666
974488612
974498324
974504576
974512248
974530388
974530637
974536077
974536242
974540221
974543907
974547321
974553326
974564687
974578988
974581912
974586627
974594626
974598871
974598993
974604780
974649989
974659017
974673213
974692919
974708429
974716789
974717416
974721264
974730338
974734349
974754962
974756926
974784313
974820242
974821336
974860265
974912867
974915731
974925310
974939458
974942912
974956139
974962130
974966621
974979797
974991493
975003493
975003633
975004102
975005166
975012252
975014365
975017400
975020267
975026380
975072063
975077744
975097420
975101882
975102165
975102358
975154271
975160947
975165103
975169319
975176245
975178214
975188082
975191272
975198093
975206036
975207947
975214485
975228857
975229835
975236550
975300583
975314431
975317390
975320576
975326576
975328485
975330574
975337997
975338103
975338388
975369123
975372370
975382580
975382772
975431797
975450336
975456090
975470409
975480465
975481154
975482882
975500944
975505162
975517752
975519374
975535047
975547044
975549238
975557902
975571063
975577272
975578380
975633652
975642831
975647811
975654896
975656642
975672378
975676531
975676600
975686063
975719140
975743355
975750721
975760676
975791965
975797762
975815048
975821213
975824933
975826771
975831302
975881667
975889573
975891444
975894403
975909955
975931676
975935429
975975409
975993593
975999292
976000596
976004067
976056064
976056765
976062231
976068715
976079930
976086082
976101602
976121201
976126783
976142939
976190142
976195009
976196852
976208937
976214202
976219851
976227895
976230924
976233673
976253717
976256009
976265878
976266463
976267319
976270395
976295420
976316670
976324267
976339751
976351120
976356773
976367703
976368032
976371058
976385458
976385498
976412374
976433382
976435608
976446484
976448830
976453201
976453600
976470364
976476444
976497155
976501112
976502916
976504802
976508242
976513659
976528992
976544323
976562341
976568787
976568841
976570203
976588354
976604437
976606182
976622486
976626024
976630629
976637501
976641795
976646319
976669896
976672474
976675007
976703274
976704291
976704863
976712050
976713997
976725674
976731622
976734270
976736287
976744291
976746072
976748763
976755454
976760446
976798720
976811966
976843193
976846997
976866365
976878576
976885954
976897853
976897975
976904317
976904773
976915652
976928306
976937299
976937808
976943899
976948965
976971537
976977375
976985693
976985804
977026703
977031968
977040764
977050902
977053452
977054042
977054727
977072983
977074494
977078885
977101732
977105731
977112368
977119578
977122925
977138796
977140422
977157130
977183310
977183427
977213649
977227205
977228250
977274396
977277390
977299336
977315344
977327059
977328084
977332664
977351872
977360644
977384062
977387584
977405181
977422829
977423955
977427093
977428378
977430120
977434354
977451546
977456260
977461970
977464502
977473075
977476119
977492753
977509584
977535325
977540283
977540894
977550367
977562895
977568345
977578472
977578640
977604367
977613824
977665310
977665387
977672048
977694758
977696181
977709014
977717296
977742740
977757763
977792454
977794240
977823376
977830788
977830918
977832785
977851668
977857666
977873792
977882732
977889111
977890994
977897975
977933536
977958030
977964242
977987282
977992245
978016034
978046344
978050094
978062290
978093923
978106728
978113495
978129297
978163840
978170931
978177369
978177798
978183863
978189881
978198370
978200141
978202013
978202281
978204155
978204453
978216180
978221368
978228433
978268737
978283690
978286284
978288486
978290954
978295034
978300674
978306009
978306378
978310126
978316107
978326586
978329410
978351837
978364897
978377360
978379107
978395989
978415550
978433342
978438720
978484049
978485624
978491070
978496580
978515394
978542111
978545337
978548606
978555217
978559603
978563435
978567286
978568445
978582415
978583238
978595425
978596250
978607237
978608034
978614370
978617722
978617811
978641372
978653096
978661070
978667944
978671057
978705517
978706966
978716715
978718363
978736008
978736376
978751603
978755396
978757023
978760980
978767267
978767326
978779766
978793424
978839635
978844203
978853639
978855387
978856259
978864668
978865323
978870733
978888174
978897381
978915745
978921631
978957683
978961532
978971482
978974364
979015542
979030967
979036681
979059956
979061575
979094663
979115581
979115910
979119869
979120848
979122433
979128692
979145092
979159324
979162499
979163249
979169880
979181308
979195344
979231156
979231992
979262582
979263845
979268900
979281425
979291941
979292547
979292808
979301548
979308276
979324325
979336459
979349994
979350701
979353802
979362552
979365756
979383943
979384932
979390989
979407936
979408862
979409969
979424689
979442590
979445216
979462414
979463453
979475738
979480492
979483847
979490291
979500922
979501794
979563054
979563891
979592609
979599861
979616754
979619435
979659323
979663251
979678324
979683979
979711070
979714847
979715244
979717229
979732668
979735290
979736467
979737766
979747782
979749573
979754011
979754991
979759434
979768656
979796771
979802974
979809238
979810716
979818953
979822760
979830141
979853145
979855062
979863867
979868473
979877935
979882592
979913766
979919581
979920749
979924741
979948859
979949576
979960879
979964388
979965926
980009045
980021626
980022167
980042951
980057385
980067580
980081789
980140398
980160545
980195152
980212113
980215316
980220019
980246701
980258831
980275624
980279281
980313612
980328191
980368417
980369946
980372215
980377053
980383839
980388280
980401080
980402052
980403377
980432013
980435251
980439231
980451931
980456765
980464492
980491561
980496362
980510148
980521160
980538847
980554535
980554867
980565000
980575613
980594165
980596199
980600780
980615853
980627462
980631491
980639700
980675147
980682366
980687642
980688231
980691972
980750738
980757517
980771846
980780690
980801267
980805367
980841643
980842096
980844854
980856786
980858067
980861781
980867607
980869306
980880904
980895300
980924154
980931452
980944641
980951708
980953581
980958944
980969653
980971873
980978849
980987854
980987977
981006230
981036230
981043353
981059259
981081449
981099858
981101365
981105968
981118176
981121902
981125684
981140847
981155159
981169907
981176519
981193626
981223162
981238205
981238573
981238599
981244456
981268342
981281855
981304612
981333843
981346658
981349397
981357998
981361201
981367183
981368316
981375298
981389014
981426494
981429022
981432898
981441489
981449886
981452602
981458324
981478455
981479138
981492490
981495350
981495600
981499256
981532759
981535268
981540786
981548268
981553944
981589118
981594767
981605290
981616032
981625181
981637358
981649562
981657053
981676695
981682376
981684758
981685015
981711694
981745365
981746933
981764835
981772333
981777281
981781514
981789276
981798469
981844595
981854909
981873644
981886985
981893575
981901009
981904238
981909271
981909301
981910253
981916063
981916093
981932754
981942284
981944306
981983418
981984299
981991662
981997615
982002966
982024614
982025055
982037125
982038955
982056238
982062306
982073211
982081829
982082108
982086733
982089418
982091653
982103493
982148609
982159511
982168514
982175769
982186260
982189067
982189120
982200782
982224483
982227889
982229675
982232510
982247174
982264741
982268206
982268386
982284005
982288305
982297569
982301060
982301862
982314206
982331146
982333413
982333882
982336045
982346336
982369857
982375803
982378270
982378956
982384094
982386173
982389296
982389487
982414295
982424125
982424643
982435113
982441912
982448315
982480215
982482643
982485940
982492248
982501000
982503314
982507768
982523377
982526640
982530467
982543988
982550999
982565120
982597800
982602926
982610328
982615802
982634368
982649415
982658888
982688661
982697979
982712181
982723533
982723904
982740538
982747545
982759923
982762312
982771268
982775583
982780780
982815230
982816012
982823765
982825314
982847571
982875010
982887386
982897147
982917240
982926187
982949502
982956023
982958429
982959058
982961716
982961986
982983749
982989092
982993180
982998174
983000997
983031815
983032909
983037807
983044115
983060233
983087373
983099846
983138456
983145734
983156312
983156786
983171147
983186499
983192759
983202101
983215794
983227323
983229437
983232945
983255072
983257724
983259940
983261953
983262089
983274970
983279105
983296601
983297659
983312752
983332951
983334035
983354214
983363969
983380319
983383792
983387418
983415889
983425504
983441779
983442098
983484896
983488450
983503898
983506242
983525589
983526734
983531278
983533248
983534288
983551575
983567036
983572853
983575283
983584148
983614978
983641294
983655960
983670365
983673509
983681236
983716271
983750459
983753072
983781628
983785991
983787429
983787492
983840510
983846534
983846762
983853850
983857716
983861100
983886607
983938399
983946537
983946621
983947124
983954481
983987663
983998556
984016412
984025596
984029187
984045919
984048767
984075199
984086829
984089675
984090051
984100904
984149414
984151825
984161601
984167967
984187781
984211840
984220193
984243266
984247906
984248779
984258621
984261332
984270255
984278194
984294667
984296030
984304965
984317020
984321588
984335383
984349243
984351180
984365436
984375276
984401899
984420975
984440737
984446438
984454960
984465609
984480548
984489303
984499813
984503535
984507859
984526994
984532173
984553522
984586450
984595553
984609539
984612455
984616460
984626895
984643634
984646844
984658424
984671602
984691618
984709103
984714593
984716477
984727931
984732834
984747315
984748110
984762370
984767681
984826496
984845538
984847638
984858738
984874589
984877751
984884207
984896732
984903922
984904945
984921110
984921314
984922700
984928651
984941957
984942169
984943625
984957393
984960141
984968739
984982418
984990216
985033965
985035509
985039308
985057444
985059095
985059925
985079136
985091375
985092427
985094111
985119325
985126992
985129709
985135895
985143789
985150713
985158531
985171503
985171549
985174118
985200960
985210649
985232293
985238767
985241722
985251966
985269259
985276437
985278273
985293667
985302114
985310843
985313537
985320848
985323751
985337381
985339574
985344743
985357773
985373415
985393013
985400259
985420885
985422062
985424466
985429557
985434564
985449874
985462474
985489465
985490645
985496361
985499504
985520329
985526805
985534567
985564967
985567459
985575338
985582570
985601119
985613721
985623752
985627330
985632324
985634467
985640149
985641008
985644597
985657338
985680224
985704760
985737980
985743401
985745961
985770177
985778934
985781934
985796561
985800452
985812504
985815819
985850407
985856925
985860182
985866589
985879176
985888467
985923155
985954818
985965450
985987606
986000128
986011070
986011564
986018545
986021426
986022312
986023282
986026937
986027979
986032163
986082822
986083775
986107311
986124310
986139315
986152023
986153058
986157861
986159035
986161483
986170167
986171651
986174829
986186167
986186705
986193773
986195771
986200758
986219592
986225066
986232447
986242570
986246705
986253338
986261913
986281824
986292652
986295097
986308373
986328427
986328876
986330181
986336978
986357031
986362236
986367040
986379271
986383095
986428885
986458265
986458377
986462543
986472238
986484997
986495963
986512344
986514630
986518129
986524010
986528723
986537943
986562690
986563275
986567581
986584893
986589275
986603727
986604387
986621667
986630129
986658733
986661531
986665907
986690545
986699353
986706234
986741085
986741982
986748646
986751117
986751251
986752836
986753012
986760681
986771221
986779156
986784543
986785563
986809397
986848209
986853178
986869291
986887245
986909022
986921056
986938107
986952324
986965376
986975345
986979449
986985588
986990731
987029798
987030673
987045926
987047111
987058510
987061209
987061688
987068846
987076563
987089607
987105451
987108220
987109909
987114691
987154154
987161310
987179717
987187330
987203461
987215257
987227913
987229210
987231301
987236024
987267332
987277154
987278747
987300800
987301477
987307844
987340522
987386502
987391073
987432988
987448812
987449224
987449433
987458249
987462308
987464645
987477121
987486651
987491337
987528249
987529905
987553562
987554060
987555773
987560298
987569906
987577325
987590295
987597166
987609043
987616655
987641690
987642852
987648597
987664894
987676156
987690981
987698577
987699183
987700794
987720535
987761128
987764653
987778758
987789359
987796531
987825203
987832835
987839814
987875879
987879931
987891683
987894190
987896206
987916559
987922137
987931003
987935522
987959211
987978867
988001713
988007894
988016371
988024720
988035934
988042478
988049434
988053309
988060503
988069640
988089277
988093445
988095218
988104082
988148602
988219644
988238506
988245753
988253899
988273795
988276082
988276407
988280805
988291514
988301185
988313447
988328015
988347123
988349775
988355884
988358173
988364951
988369359
988369752
988369812
988393618
988400912
988409410
988475543
988485629
988524080
988576265
988580993
988584444
988597919
988617161
988617219
988622993
988650173
988654053
988672547
988684942
988686045
988687195
988700162
988703657
988710149
988717952
988718614
988728550
988751895
988752130
988768597
988781738
988783131
988788868
988795136
988796303
988799309
988810149
988860363
988870302
988870375
988874412
988880592
988885223
988903926
988909191
988937521
988938990
988952380
988969215
988975204
988996418
989036011
989038722
989057505
989061410
989072651
989083475
989112673
989122659
989135892
989138173
989170836
989179538
989183622
989202146
989206549
989215302
989240727
989242096
989242213
989269471
989273285
989280744
989310980
989315360
989325281
989339207
989351503
989352693
989354758
989366077
989372414
989394274
989394472
989403681
989427394
989443213
989452856
989467222
989474309
989474563
989493481
989507697
989510630
989520056
989574514
989597796
989605498
989612427
989615046
989625103
989626606
989641892
989644201
989652746
989674241
989686296
989696500
989696654
989708990
989712356
989714349
989716958
989759113
989760119
989772061
989776528
989776754
989786895
989798002
989819531
989826889
989833256
989840123
989845209
989850218
989853357
989862589
989873382
989873439
989878557
989879121
989884318
989884458
989887819
989891992
989897149
989900355
989916966
989918747
989921794
989948408
989956434
989961480
989987762
990002130
990012593
990013221
990015319
990018425
990021180
990083322
990102142
990112307
990113514
990117260
990133696
990134722
990155364
990158130
990160703
990186080
990189471
990189631
990203272
990227812
990233685
990291576
990338283
990352865
990355203
990355737
990362189
990364854
990391088
990395528
990406978
990408797
990418889
990424829
990433268
990446735
990462712
990479883
990482894
990499629
990500863
990502189
990505395
990505687
990532450
990558165
990560985
990566518
990572509
990574284
990613084
990616523
990630323
990631225
990632724
990648120
990651378
990652473
990654095
990659362
990665000
990668106
990676477
990687050
990687812
990691026
990697409
990708303
990709994
990711512
990713350
990726377
990747678
990763492
990784653
990788328
990791083
990801149
990801923
990810731
990822995
990823446
990841170
990865925
990868717
990880289
990882345
990885995
990909360
990910322
990914810
990918239
990923611
990927198
990929947
990936762
990938860
990942143
990955224
990985277
990985489
990993187
990999161
991029969
991035369
991041924
991052210
991066064
991071442
991091624
991097107
991098581
991108487
991142022
991145438
991166164
991170915
991172427
991173788
991178447
991200180
991225921
991228646
991243510
991262804
991264005
991273488
991303789
991323802
991325507
991328237
991336132
991342632
991391329
991400871
991414020
991414634
991417169
991478020
991487246
991496798
991497595
991507394
991537375
991541759
991541868
991542967
991550403
991550619
991591769
991592119
991593433
991607228
991608692
991614335
991627832
991628013
991635137
991638330
991642385
991645213
991656269
991685652
991687319
991722961
991732733
991757678
991761912
991767014
991781015
991790217
991791771
991797133
991809087
991823734
991839652
991839781
991847976
991858553
991860333
991876416
991878525
991917421
991921715
991962736
991963724
991970146
991989248
991989436
991992449
992033564
992039972
992053218
992069160
992080866
992097300
992108410
992131433
992144272
992153163
992154438
992170159
992174177
992192861
992215448
992229860
992231437
992241917
992245310
992257006
992257065
992259126
992278878
992300962
992303292
992315315
992322428
992331556
992336845
992342508
992375971
992393543
992396215
992396752
992409557
992415765
992416560
992436540
992441611
992442203
992445219
992455028
992463696
992468329
992474453
992482114
992524480
992559373
992562184
992609145
992616886
992617900
992633172
992635094
992635269
992635545
992635645
992644239
992655737
992656907
992657372
992664699
992666094
992688600
992690976
992692291
992697180
992699040
992721760
992730027
992748376
992770366
992778547
992788001
992818032
992830914
992842764
992852517
992853212
992872147
992881442
992887928
992904342
992915542
992920176
992933353
992974414
992982096
993005729
993010678
993018770
993022685
993023605
993048458
993054173
993058558
993110715
993115908
993118123
993118229
993132640
993143774
993146545
993190603
993191650
993195825
993201663
993205511
993209055
993214514
993221192
993257079
993274641
993278365
993282110
993284282
993287205
993309413
993336336
993338028
993362495
993366295
993394241
993408160
993411221
993414902
993417684
993420004
993421373
993424384
993434243
993434785
993438351
993445051
993447546
993459385
993473244
993490595
993493426
993504275
993529595
993533165
993534629
993563609
993570009
993579232
993602474
993611102
993615927
993660375
993688667
993721582
993725197
993772151
993778021
993782017
993812740
993817929
993819453
993827603
993830385
993835150
993846095
993855364
993856297
993863922
993870874
993873741
993879273
993919265
993939072
993942725
993953593
993989718
994003276
994013795
994020497
994023608
994040962
994044631
994055345
994056172
994073896
994088503
994128219
994130037
994133615
994154466
994201866
994207382
994216012
994217690
994251769
994263855
994267691
994285023
994301987
994314223
994342583
994347007
994359157
994359284
994362489
994371807
994384348
994393511
994395848
994409920
994410412
994426162
994447225
994461843
994494064
994494656
994501808
994503430
994508429
994513436
994515305
994517311
994521695
994529377
994529889
994550166
994564745
994591824
994602035
994610516
994649777
994654489
994662711
994666382
994674759
994680879
994687582
994695887
994707693
994709534
994728636
994735084
994736337
994736429
994753917
994789810
994795498
994814759
994815471
994818449
994818769
994824618
994833044
994841262
994872227
994898638
994905224
994915666
994919886
994931182
994947966
994959263
994977765
994981117
994990610
994992601
995002855
995005224
995034323
995063554
995064955
995097937
995122131
995136784
995139468
995230663
995233722
995244501
995246035
995248882
995257455
995260054
995269292
995282029
995292104
995306663
995307298
995309337
995324230
995328428
995328618
995331638
995335836
995350970
995352820
995370917
995391480
995393981
995419734
995421658
995427772
995435309
995436651
995448329
995455588
995482370
995525765
995529244
995536154
995547804
995556064
995556706
995579740
995586757
995592774
995603395
995613381
995639211
995640708
995642111
995645271
995660021
995684947
995690114
995693268
995695761
995699822
995730127
995730448
995732083
995735237
995759341
995807454
995820910
995824594
995860887
995867474
995883757
995884889
995902669
995953954
996009558
996026251
996028114
996040125
996043982
996046279
996072350
996090239
996094678
996111894
996120891
996121320
996122615
996137008
996141351
996178007
996179158
996180795
996182091
996186017
996187190
996193592
996196224
996205498
996208134
996220313
996236942
996240560
996243219
996243776
996258575
996271902
996274592
996299084
996304127
996323644
996335472
996341469
996351469
996371101
996396315
996399737
996422954
996424174
996431916
996437344
996440653
996452841
996457717
996468843
996471512
996474174
996479489
996500746
996501783
996507930
996526723
996549212
996550563
996583909
996587744
996589664
996602529
996612323
996634059
996644828
996648644
996653534
996658052
996668745
996685017
996688491
996689836
996691485
996698552
996707944
996711329
996720505
996732916
996735187
996741411
996757457
996761414
996773295
996789316
996793844
996800911
996808072
996837224
996839081
996839411
996852988
996880923
996888208
996894867
996901190
996902098
996905643
996939907
996940316
996940585
996949224
996958917
996965593
996966951
996968093
996972928
996980863
997014692
997015479
997030903
997032306
997051244
997065386
997065582
997083792
997085251
997087678
997087769
997091711
997101614
997109465
997112913
997113875
997131692
997142409
997162099
997164372
997176295
997196064
997207051
997219207
997239583
997251198
997260785
997272581
997306071
997326631
997343399
997348243
997359674
997360530
997361618
997373748
997375863
997399902
997404611
997419451
997428095
997434986
997461148
997476751
997483039
997498939
997508635
997517638
997520174
997564443
997579772
997602624
997615978
997624238
997635459
997636010
997636459
997639933
997644526
997653749
997654550
997656926
997666392
997686641
997691308
997698213
997703022
997762403
997774376
997779263
997807884
997814342
997827019
997837451
997859176
997865521
997867747
997875620
997884923
997891771
997894823
997895749
997911752
997944781
997948324
997958096
997959957
997962392
997969482
997969886
997974370
997987648
997993037
997996859
998015068
998026128
998041026
998059370
998117721
998124437
998142694
998142791
998174384
998179478
998189315
998193291
998193586
998200487
998207790
998215558
998242049
998282356
998289571
998290781
998292450
998298384
998302663
998304887
998320771
998337233
998341649
998343294
998364030
998375875
998381939
998384971
998399375
998402241
998413118
998436650
998447495
998448291
998454434
998478059
998481336
998483208
998498591
998505325
998510489
998554050
998556879
998562306
998565139
998580536
998583781
998590262
998597178
998625367
998627961
998632852
998634975
998635056
998639805
998645648
998664964
998665491
998679528
998684396
998727224
998727442
998740771
998743374
998756127
998757023
998758313
998796830
998811387
998816208
998816278
998822971
998841647
998848461
998867656
998880071
998912997
998919567
998933486
998936063
998937544
998943862
998949997
998954895
998972082
999000085
999012368
999040695
999053153
999075602
999078612
999101248
999124468
999131327
999166164
999173938
999177828
999180560
999184829
999200111
999215241
999220396
999253829
999278450
999279090
999317931
999318165
999321801
999326063
999326390
999334132
999339362
999345203
999353160
999408951
999440811
999465175
999487807
999523363
999524467
999539561
999544672
999558355
999562462
999566757
999582413
999638872
999639191
999641902
999642140
999646403
999662728
999663012
999665360
999687290
999700720
999706129
999709255
999726251
999727241
999737186
999745982
999750777
999751073
999765154
999779246
999779833
999800722
999828092
999835166
999846231
999847362
999859437
999866674
999866768
999869731
999896496
999925784
999938760
999940361
999953321
999956569
999957219
999964045
999978756
999993822
999994044
