100000
12812
14933
18634
22951
29010
29637
37584
37831
50758
57966
91668
99612
99903
100974
101268
110031
122552
123190
127891
129464
140480
150883
151516
151963
154109
156623
169396
169843
173054
175316
176143
180344
187004
195744
201351
201551
207676
216599
224867
236624
242342
245819
252386
265897
270547
270730
276451
278786
304859
306640
309020
325548
334414
341448
352483
357291
371085
386200
390830
393088
409048
409804
411433
416750
428241
435922
439379
440021
445702
452010
453996
456142
456831
465463
471070
474207
475538
512180
519588
519971
522364
522463
524277
526021
532023
535529
542496
549582
550513
564965
565652
566358
589140
592352
595334
617790
618296
633962
641901
644962
645130
654955
664627
671434
672457
674586
685953
686464
716089
723192
726385
732740
734030
737656
745731
751580
753639
759160
766362
777545
797188
806796
841458
843478
848665
851294
863517
868923
870279
883086
886845
892771
906347
912318
928580
932094
946492
952958
953916
954040
966059
973706
974331
987209
990440
993910
1005912
1007238
1007334
1008458
1008837
1011407
1020747
1027111
1032747
1039165
1042417
1047199
1051132
1055027
1059085
1061401
1072981
1090228
1100964
1108774
1110028
1117064
1122698
1123013
1126621
1128975
1139591
1146248
1162119
1170998
1173169
1173399
1181078
1186020
1197365
1198237
1198587
1200241
1206175
1220004
1221618
1231736
1232766
1237554
1241252
1248939
1250319
1252183
1267188
1271216
1276040
1276458
1284445
1292808
1296746
1311823
1317392
1318090
1318384
1318933
1320252
1336065
1347609
1350839
1355283
1356100
1365147
1367079
1368161
1394215
1399844
1401613
1401668
1410072
1415735
1424635
1425997
1428535
1440598
1443966
1446701
1451403
1463059
1463655
1482002
1483468
1485666
1486661
1502482
1505503
1510165
1510369
1513210
1519954
1523815
1524720
1548271
1555807
1557112
1576282
1582838
1583320
1586196
1592417
1603748
1604283
1610617
1611089
1612471
1633333
1641740
1644195
1645174
1645821
1654613
1662420
1672160
1684262
1705640
1707627
1709827
1712069
1730016
1731716
1734399
1738481
1739199
1749291
1771386
1785038
1793467
1799197
1800787
1802944
1811237
1811985
1814282
1823050
1826977
1833143
1833681
1835195
1848957
1850372
1850893
1855024
1859421
1866393
1867806
1880364
1885178
1892862
1901887
1902290
1908257
1908260
1916927
1920411
1941331
1952195
1955141
1958854
1964186
1966356
1967617
1980116
1989905
1993372
1993567
2006548
2016791
2024157
2027198
2027927
2031314
2049775
2053098
2053352
2054342
2083586
2107968
2108321
2117533
2126080
2131726
2139296
2140413
2140831
2154427
2157379
2167144
2169085
2186753
2188195
2191841
2198458
2216539
2220679
2234325
2241569
2243808
2243894
2253289
2256685
2267461
2274056
2298106
2304718
2321829
2325712
2347598
2359040
2360245
2386738
2400195
2403514
2405820
2417606
2420929
2424676
2433606
2454348
2460081
2466126
2476388
2502167
2519463
2521483
2521913
2528312
2546447
2553770
2554372
2555282
2562122
2565311
2570698
2580259
2584540
2589641
2592177
2602245
2610593
2615365
2633649
2637441
2639582
2640309
2653593
2656140
2682089
2687756
2691503
2694415
2698540
2709212
2712279
2724193
2728003
2742161
2744545
2749981
2772990
2774038
2781349
2784390
2785888
2793327
2795189
2795829
2812995
2819521
2837255
2839614
2841356
2850971
2865296
2866224
2873840
2877777
2878560
2882671
2889209
2903286
2926016
2931461
2931623
2938758
2939188
2948066
2959386
2988182
2990285
3000105
3000795
3009304
3014124
3027700
3040132
3047135
3056013
3063202
3069728
3079049
3087219
3088384
3091974
3121223
3125187
3133800
3134834
3149754
3153448
3155036
3160924
3161903
3182282
3195181
3199389
3203978
3211845
3216081
3217244
3219144
3233519
3235939
3237220
3240625
3240978
3241658
3248695
3254875
3254879
3264629
3275473
3292620
3301463
3302919
3307878
3310010
3317567
3322518
3326062
3334436
3342396
3357952
3360446
3364674
3365846
3367197
3368242
3394633
3402923
3405037
3407710
3408163
3408318
3421245
3422427
3428687
3432647
3433062
3434314
3443764
3451226
3454589
3457921
3479784
3497126
3499015
3516942
3518024
3519063
3527733
3531938
3546312
3550048
3551262
3555716
3576684
3595055
3598634
3599051
3599842
3606964
3611438
3612580
3618761
3649906
3662011
3665666
3674461
3679487
3682096
3685504
3696302
3699146
3703056
3703266
3705100
3717191
3718027
3749298
3760549
3774953
3776465
3785559
3805884
3807292
3813750
3816496
3829556
3832457
3835022
3835337
3838204
3838936
3840706
3844400
3865080
3870130
3870353
3872779
3874274
3876138
3886494
3893700
3895498
3902192
3909620
3910131
3911293
3938165
3945415
3955008
3965606
3966972
3985822
4000782
4003677
4012176
4013770
4017546
4018426
4022621
4026912
4028030
4031164
4035588
4037690
4038654
4043594
4055352
4077467
4078498
4079179
4081392
4099533
4103904
4107643
4116966
4119073
4119386
4121191
4125609
4132251
4134608
4152492
4159561
4162158
4167246
4171124
4187792
4187826
4193284
4197627
4198223
4204857
4217735
4218800
4229629
4240585
4241857
4243591
4246763
4260019
4260682
4270699
4272665
4274420
4277688
4293102
4296003
4304107
4306127
4310556
4319176
4327390
4327508
4330793
4336066
4336782
4340226
4344938
4354762
4357722
4363104
4365803
4367869
4368924
4369548
4373042
4375229
4376599
4382171
4385895
4395207
4395747
4397918
4415202
4417841
4421491
4424575
4444085
4444373
4447946
4448768
4452096
4454899
4457267
4458429
4465910
4479169
4480651
4485731
4513868
4526256
4532648
4537066
4544118
4544921
4547504
4573415
4573436
4574193
4575516
4576556
4585394
4587319
4588208
4593617
4599908
4610984
4613778
4628848
4642347
4657370
4663791
4664601
4677235
4681315
4684657
4690278
4694612
4703849
4708991
4709716
4729206
4732561
4739975
4744125
4772030
4772735
4778444
4781948
4790976
4791562
4796018
4802983
4805860
4822141
4838726
4843278
4854042
4861608
4871978
4874897
4875682
4882373
4883608
4909800
4912916
4914476
4931551
4944432
4951508
4953458
4953931
4958912
4972023
4989939
4999458
5001471
5002571
5004795
5017874
5027642
5027882
5030610
5034950
5039658
5039848
5044524
5045875
5049261
5053223
5055337
5061901
5080177
5089206
5093599
5103316
5104371
5122715
5139182
5147104
5150375
5157853
5172619
5176705
5183861
5188374
5205602
5212313
5224588
5237476
5244962
5254391
5267520
5275220
5283660
5296223
5297196
5313155
5313491
5315675
5323144
5345123
5351475
5363188
5367245
5376711
5392516
5394269
5398269
5398644
5399029
5401826
5413105
5415564
5425249
5436295
5440027
5441295
5447467
5451519
5459042
5460569
5471512
5474151
5483697
5486577
5491417
5501975
5503558
5504265
5510431
5529667
5547099
5548266
5568115
5572326
5572657
5575442
5579116
5585627
5603378
5608534
5612289
5614602
5620345
5632670
5647605
5650942
5654467
5657915
5700779
5708423
5711078
5717160
5724266
5726437
5727147
5731829
5738938
5745048
5751367
5778905
5779925
5782604
5793982
5795212
5796298
5810427
5811148
5832435
5836229
5851995
5857498
5899263
5905573
5905722
5908267
5920324
5927617
5928622
5930518
5931059
5934014
5952655
5965453
5967660
5980312
6003718
6005379
6012020
6019196
6032537
6038015
6045333
6056049
6060245
6067228
6074805
6077558
6081203
6088758
6091831
6091930
6093391
6096787
6098051
6100794
6107551
6110691
6119300
6125209
6173070
6175987
6176113
6176449
6201930
6206859
6208274
6213445
6213782
6215089
6222350
6225501
6229683
6230446
6240235
6245238
6247031
6263222
6263344
6263554
6275386
6276943
6278811
6281744
6284368
6289436
6301917
6302550
6307224
6311580
6330517
6335848
6347288
6353785
6354383
6354639
6357087
6361447
6361512
6365714
6373331
6375147
6379510
6407571
6414910
6420983
6441773
6450413
6462337
6468050
6470337
6477909
6485036
6490253
6496739
6498863
6509109
6521366
6524444
6525856
6526385
6527637
6546300
6551206
6560891
6563819
6564068
6567542
6580796
6587490
6592975
6596093
6605749
6609226
6614235
6621584
6631868
6635679
6652411
6656775
6660337
6679754
6694053
6694444
6717015
6725596
6730190
6733432
6741398
6741717
6765105
6778295
6784642
6784771
6792324
6795282
6805509
6809052
6809419
6810776
6811692
6826831
6838069
6842397
6852980
6856285
6884825
6886950
6888188
6892135
6892574
6893013
6893348
6904440
6918685
6919288
6923325
6938950
6952904
6955479
6956199
6962151
6965006
6967930
6977142
6983322
7008680
7014002
7019777
7028835
7034519
7045720
7076164
7078144
7094242
7100389
7119818
7123913
7127941
7134926
7143089
7153656
7158156
7164608
7166431
7170219
7172585
7177575
7181033
7192551
7195808
7198446
7199378
7201912
7238226
7252312
7260601
7277424
7286983
7296171
7297602
7316375
7342407
7360128
7362719
7363001
7363673
7374184
7377553
7378786
7381976
7388454
7400847
7411043
7412371
7417979
7426890
7428062
7429486
7429908
7430271
7439398
7455464
7464977
7474608
7479656
7480997
7487448
7500431
7502515
7504747
7508032
7521881
7525245
7526533
7530388
7542432
7546999
7548256
7554953
7558073
7561364
7571143
7575827
7577024
7579514
7596195
7596907
7604030
7613913
7620174
7624319
7632674
7642953
7648361
7681672
7693550
7696858
7704523
7709770
7724524
7741132
7762994
7772113
7791692
7793150
7795750
7797960
7798203
7805298
7810403
7813717
7818115
7819536
7830590
7834554
7841437
7844836
7848970
7858282
7863619
7865100
7870874
7882376
7896252
7909473
7919560
7952253
7955624
7957257
7959257
7960011
7961994
7962497
7963166
7980522
7981355
7989397
7999857
8010763
8015991
8021334
8023458
8032912
8036917
8047649
8055844
8066523
8068625
8081592
8084095
8084691
8107647
8118972
8129189
8166521
8175526
8178569
8184953
8186375
8187018
8187997
8192995
8198503
8205540
8208833
8210871
8216860
8220441
8228843
8230774
8231265
8252674
8253094
8264137
8270978
8274288
8276044
8286487
8299290
8307833
8310924
8317402
8317490
8337587
8368146
8384236
8398045
8398810
8414546
8423979
8436096
8446767
8459914
8466069
8472676
8486713
8490520
8494874
8500944
8511857
8513201
8527560
8541466
8544083
8552425
8571548
8575620
8576794
8584544
8587920
8594088
8604502
8605478
8617881
8618021
8627514
8637385
8645125
8669616
8677348
8685765
8689485
8710941
8718902
8721076
8725234
8731458
8747200
8753633
8762011
8763534
8764290
8765057
8788585
8789923
8796228
8802466
8803282
8822065
8838950
8856927
8859472
8872088
8889675
8895863
8903679
8912697
8912755
8927237
8928256
8928663
8941987
8943104
8952026
8960689
8962714
8963057
8968670
8975761
8987072
8991301
8991478
8992048
8992310
8993471
8998954
9004706
9006921
9007860
9012825
9028765
9039680
9051975
9058561
9060133
9063924
9072009
9072882
9074261
9077882
9084082
9096387
9113008
9118875
9121865
9129984
9138859
9154422
9154622
9161407
9162798
9164284
9167089
9167969
9196691
9198621
9200348
9207852
9211138
9214712
9216203
9227778
9230121
9238190
9241250
9241363
9243436
9248952
9249187
9249888
9256011
9259020
9272269
9296024
9311094
9314442
9321598
9335941
9342381
9363156
9364066
9365057
9367403
9371240
9378524
9379176
9381255
9386429
9412003
9415460
9419808
9420669
9430451
9430657
9438112
9450775
9464112
9474911
9479034
9499482
9521721
9522084
9541814
9546726
9550067
9551843
9552323
9553739
9559436
9569855
9573382
9575828
9583302
9587836
9588647
9594406
9603126
9607097
9614893
9615933
9617231
9621310
9621814
9640364
9643649
9651229
9652068
9654386
9655560
9661326
9664768
9672626
9676481
9680868
9689980
9696323
9700084
9703644
9706078
9732937
9740730
9742449
9751348
9755324
9761050
9772296
9774846
9775398
9777946
9778044
9780989
9784111
9805566
9821891
9821981
9824143
9831716
9837498
9843767
9848903
9850741
9851772
9854925
9858629
9865956
9870570
9878119
9882452
9883882
9885767
9896111
9898851
9916325
9925383
9927274
9952458
9979959
9993260
9993855
9996650
10000668
10002497
10006781
10021803
10039297
10040477
10047049
10050818
10058948
10062985
10063217
10067127
10071514
10075117
10092709
10099820
10100955
10104323
10108849
10112992
10145054
10148082
10180798
10181656
10183414
10191255
10191809
10203781
10205291
10211069
10212958
10215590
10216729
10227463
10229897
10237164
10237402
10255033
10292132
10294288
10296716
10297958
10302084
10302342
10305955
10309831
10310099
10327664
10328797
10333602
10343175
10358126
10358978
10359804
10368614
10369646
10376866
10376976
10379874
10383304
10401066
10403257
10410824
10411261
10416330
10416405
10416657
10418012
10434218
10437864
10441321
10449180
10458969
10461233
10463778
10474356
10478060
10478440
10478508
10481758
10481864
10482760
10493204
10494671
10497284
10517578
10523271
10533799
10537475
10542429
10544561
10551161
10554344
10555645
10569352
10576511
10584875
10588607
10591767
10604647
10618886
10621402
10629273
10629284
10633990
10637714
10648178
10648300
10651482
10656703
10688972
10727398
10730703
10732338
10737283
10740493
10749914
10756468
10799101
10799764
10810052
10811488
10817624
10834970
10835061
10847685
10849831
10852754
10856631
10859214
10872586
10875885
10880200
10899459
10913025
10913719
10914134
10916989
10921934
10923111
10931518
10942329
10950600
10956713
10961943
10977195
10978491
10984220
10986978
10987410
10988100
10993959
10998876
11003568
11038932
11039242
11069047
11071034
11072416
11114680
11119404
11121558
11125158
11133287
11139921
11148310
11149890
11153222
11158174
11158185
11179933
11194530
11199250
11205547
11214090
11223097
11225917
11234473
11242285
11243044
11245175
11253798
11259887
11265930
11267750
11275187
11277090
11278584
11279497
11289631
11301163
11339515
11351797
11352718
11371471
11372441
11375614
11376350
11384473
11386636
11393594
11422977
11429476
11434471
11440970
11448807
11451692
11454869
11460862
11463378
11465693
11471091
11471974
11473414
11475272
11476355
11480618
11491190
11491198
11498707
11531690
11542229
11542303
11543040
11550457
11554687
11565819
11567325
11581425
11581534
11581618
11586003
11586737
11591321
11591572
11592437
11597603
11602484
11604407
11606572
11634690
11635974
11649465
11665657
11667317
11670629
11672886
11675054
11675176
11679949
11697298
11698278
11731964
11736357
11740128
11758517
11759483
11761040
11768432
11781768
11784083
11787705
11795440
11800906
11806280
11810580
11820295
11824017
11825234
11829036
11831192
11840427
11844833
11847728
11850879
11852897
11871347
11876199
11877721
11887262
11890726
11899450
11905365
11934735
11938306
11939483
11960220
11965659
11972525
11973280
11974022
11977256
11979795
11982202
11987287
11990547
11995521
11997972
12003323
12003678
12009045
12021297
12035270
12041196
12041437
12042500
12057365
12071058
12084256
12085122
12106577
12113949
12115882
12118804
12122068
12122756
12125004
12126016
12138147
12158162
12159302
12164117
12164470
12185964
12205376
12206839
12207522
12212062
12216147
12216259
12222426
12223000
12241615
12244678
12257020
12263097
12266616
12273172
12336637
12350782
12362029
12367976
12368052
12371873
12378117
12378348
12395044
12400110
12406727
12406969
12418675
12429006
12439598
12442129
12470425
12472873
12484881
12501136
12503617
12505237
12505934
12515514
12523575
12524229
12524300
12542683
12547824
12551991
12566982
12573458
12575081
12576425
12586271
12590930
12596286
12614278
12619374
12619782
12629286
12652353
12658080
12660999
12663677
12684937
12688035
12688781
12699807
12713096
12718989
12719591
12721296
12722177
12724106
12744584
12749672
12752072
12755771
12761519
12764009
12764063
12766823
12773736
12776377
12778867
12779815
12781007
12788372
12792778
12802263
12803146
12811768
12844045
12864956
12868489
12873135
12875872
12894810
12902337
12903510
12907750
12908587
12911192
12920405
12929166
12937125
12937341
12940151
12943965
12944859
12953809
12968465
12973879
12982180
12986684
12994141
13026990
13031116
13039164
13045578
13054048
13074880
13075777
13086851
13089872
13100649
13106378
13145544
13146792
13166065
13188496
13190860
13203684
13210226
13223771
13230942
13248304
13251664
13256414
13259404
13261848
13265131
13271447
13274966
13287799
13333017
13348034
13352512
13371708
13377777
13379310
13388993
13413306
13417839
13439300
13441661
13446310
13457903
13459388
13461591
13461727
13472217
13477582
13479250
13484329
13509438
13514266
13523190
13524210
13526952
13552720
13553987
13561899
13566879
13574435
13574599
13574930
13579101
13584540
13585021
13585586
13588771
13605563
13607630
13612319
13612475
13613777
13614035
13626970
13628251
13629413
13636604
13646378
13650382
13661762
13663480
13664341
13670386
13675267
13676024
13676204
13681296
13707727
13708509
13710538
13719560
13720274
13740425
13746669
13754645
13761100
13771268
13784109
13789090
13802263
13811193
13826972
13832918
13836233
13847411
13857765
13865777
13871778
13878190
13895205
13899355
13901087
13909129
13915180
13918027
13935499
13940405
13947922
13951018
13961160
13962634
13969119
13969336
13984443
14001470
14009500
14014433
14017825
14033832
14054962
14066128
14091032
14093032
14095646
14112360
14136203
14142991
14161485
14164185
14164781
14168319
14178337
14179222
14194546
14194598
14206130
14210879
14218256
14227391
14241242
14248995
14253958
14267748
14275834
14277391
14280883
14282480
14282622
14285110
14296439
14297390
14307348
14315673
14322564
14329622
14334029
14334272
14345293
14345419
14368886
14368946
14370907
14371493
14385885
14387617
14390500
14391504
14400712
14401572
14402531
14412715
14414401
14418440
14420396
14422438
14454139
14460685
14461829
14462641
14469076
14477044
14479843
14481353
14487754
14503906
14506526
14509482
14520135
14524664
14530424
14544250
14553539
14563501
14565889
14567545
14573779
14575382
14612066
14625868
14628277
14630252
14635528
14637345
14641393
14641662
14642203
14645772
14654317
14658784
14668151
14669092
14675546
14676165
14683804
14684367
14684474
14698801
14711329
14713500
14729947
14731576
14735800
14736293
14740753
14758633
14760390
14761966
14767309
14768566
14773240
14774119
14776621
14779727
14782547
14847816
14848845
14865297
14871335
14874510
14886500
14892756
14894003
14900908
14901847
14910193
14913408
14914021
14926320
14926498
14926554
14930838
14937623
14937895
14942124
14973424
14980136
14981027
14984987
14991698
15000794
15006612
15007105
15023852
15027134
15045201
15053156
15063295
15063348
15067421
15075754
15076157
15077898
15096140
15110639
15129903
15142645
15149021
15153225
15165184
15175220
15184986
15192175
15204032
15209036
15211852
15213546
15220088
15221145
15247005
15248816
15250753
15262534
15267446
15275348
15282003
15299403
15302648
15325401
15328670
15345378
15355823
15360921
15370501
15404907
15405535
15417916
15425069
15428228
15434025
15436294
15437043
15451391
15453763
15454007
15456699
15461918
15482474
15489571
15491975
15509871
15511585
15529087
15532752
15534647
15537155
15540021
15540555
15540682
15540763
15549147
15551608
15552497
15560789
15560971
15567621
15569314
15580689
15582738
15586967
15588499
15594416
15605046
15615205
15629325
15629855
15637450
15651982
15656881
15670643
15676752
15679824
15689392
15696770
15702476
15705546
15711462
15719075
15730367
15730658
15730768
15732862
15735154
15735538
15750282
15751301
15752494
15755513
15755854
15759229
15761074
15770479
15783510
15786780
15787722
15788935
15802764
15811373
15829232
15834919
15839654
15845312
15849399
15849960
15853600
15864409
15873169
15887518
15891018
15899065
15904996
15905521
15908934
15926338
15926962
15928031
15934654
15935350
15947039
15955709
15964121
15977512
15979609
15981570
15992084
16001610
16014941
16033518
16034067
16035592
16042012
16064393
16068478
16081245
16094559
16094755
16116715
16118139
16118880
16121127
16124423
16129169
16136046
16139134
16145034
16147377
16148891
16149005
16153270
16165742
16174303
16177727
16196981
16197151
16202220
16214551
16218818
16220852
16229075
16229560
16243183
16274567
16274713
16277995
16282130
16294499
16312589
16329927
16338001
16338459
16339498
16340158
16340183
16340534
16342001
16346921
16349861
16362394
16372046
16374312
16374780
16392087
16393578
16406584
16432975
16439392
16443042
16450369
16453337
16460920
16462218
16468329
16479764
16484966
16509559
16526079
16545724
16560102
16564945
16565176
16567691
16570975
16581858
16586222
16598638
16599844
16606739
16618213
16628552
16640358
16646629
16649579
16653447
16676333
16679044
16697362
16697509
16702398
16715135
16717561
16721198
16721878
16722336
16727449
16741670
16745536
16752887
16754696
16764090
16765964
16768317
16770240
16781709
16799114
16813227
16817082
16829670
16831279
16838893
16840328
16840462
16843179
16850047
16864379
16869739
16907090
16909805
16945555
16957059
16959012
16961253
16962709
16966016
16974417
16975383
16980054
16992688
16992888
17008482
17009329
17017873
17019328
17019673
17035442
17041806
17060929
17074371
17082870
17094818
17095527
17101073
17105040
17115452
17123340
17132336
17134144
17144732
17146202
17154019
17157168
17160658
17185737
17188350
17195704
17199641
17201636
17211934
17219785
17247154
17256507
17260011
17264631
17264815
17270412
17270741
17273896
17274470
17284823
17284960
17299031
17335011
17337664
17338175
17345233
17346407
17353717
17370458
17373792
17373895
17375637
17386504
17391988
17399323
17414889
17416844
17417635
17420302
17429681
17430570
17431987
17439225
17445712
17565035
17565212
17576303
17579602
17602855
17616344
17617296
17620387
17634988
17640312
17674851
17680844
17690679
17708650
17710986
17711020
17711980
17720627
17730140
17734372
17734510
17737336
17748357
17748985
17752457
17757417
17758359
17769819
17774778
17783791
17807471
17829283
17831176
17851537
17854728
17856026
17856573
17861983
17867782
17877439
17878094
17884150
17885617
17890090
17896010
17899153
17908133
17908318
17909505
17918823
17927001
17928669
17934661
17945247
17952894
17953380
17953888
17956835
17959750
17967255
17984164
17999474
18000474
18011368
18013507
18015521
18022146
18027827
18038039
18062020
18065614
18073061
18084072
18105700
18106445
18126537
18131786
18132407
18142588
18151043
18152857
18163437
18182627
18188639
18189362
18191411
18195670
18203347
18205972
18211962
18215441
18217621
18221234
18221446
18241746
18260973
18276307
18277479
18279245
18281791
18292313
18296204
18307864
18318767
18321987
18330988
18338428
18341767
18344944
18354541
18366083
18405845
18406247
18415354
18425227
18425547
18430468
18434865
18440566
18443969
18447528
18454632
18474130
18475904
18475934
18481561
18488856
18500341
18502769
18506153
18513651
18524906
18527458
18537973
18568956
18572963
18577864
18590524
18593147
18597156
18602031
18605503
18615193
18616062
18620673
18651634
18657196
18661553
18664693
18680799
18681280
18689546
18697557
18698459
18702738
18708299
18724936
18726890
18728138
18729827
18744924
18755782
18762315
18773665
18781972
18786950
18795030
18799111
18802050
18804860
18808907
18823666
18833944
18835153
18839492
18848440
18853075
18878682
18882993
18895708
18899841
18903236
18909464
18926842
18931863
18936349
18940350
18945453
18956097
18957081
18979158
18990411
18992693
18997956
19005479
19011828
19019330
19022143
19026176
19041611
19048381
19080259
19080720
19082041
19107595
19110307
19110435
19112652
19120535
19123677
19140539
19141166
19143507
19151999
19164741
19175271
19195727
19196720
19230429
19233021
19236437
19237020
19242397
19244566
19247836
19248629
19248854
19255572
19261588
19264953
19274429
19278680
19284298
19294155
19299156
19302596
19304034
19311273
19332826
19333739
19341646
19347347
19363635
19365127
19367021
19368088
19368278
19372500
19376791
19378612
19388552
19394073
19399605
19401767
19411026
19423960
19428329
19431602
19432219
19437963
19451049
19473064
19476645
19491735
19497357
19498916
19511324
19525052
19541117
19557815
19564146
19601382
19610470
19633205
19638195
19639865
19650305
19654702
19673520
19680804
19685684
19699797
19705161
19710861
19721601
19733683
19734201
19745816
19746069
19754372
19772320
19775076
19777022
19790067
19791929
19795392
19797550
19813031
19832550
19838772
19848950
19859565
19864743
19886176
19886346
19894366
19895105
19895926
19898643
19914305
19920483
19920577
19923640
19928960
19932812
19933721
19937157
19945653
19953173
19958562
19970024
19977087
19978639
19980390
19983700
19987217
20007254
20011733
20013570
20017490
20017914
20024924
20030663
20039637
20040550
20067965
20068124
20068533
20071690
20076196
20076427
20107677
20108335
20111847
20113293
20116504
20126966
20133685
20152587
20163699
20165379
20178269
20180961
20181322
20185405
20187885
20201630
20219513
20220248
20222558
20234753
20240064
20240333
20241641
20252928
20254707
20263603
20274200
20281517
20286703
20287266
20304518
20312170
20326756
20341569
20357740
20359833
20362591
20381170
20385454
20395101
20401768
20408435
20409136
20415595
20417667
20428092
20433253
20462194
20463592
20481924
20497422
20501356
20502755
20512386
20517840
20526149
20534571
20540331
20546179
20551884
20552985
20554143
20555345
20562894
20566508
20568410
20584243
20585979
20586459
20596369
20601576
20609717
20614407
20614672
20631699
20634330
20653566
20665303
20667829
20675031
20678490
20687572
20715346
20725183
20732713
20736059
20759843
20760113
20761634
20764632
20771260
20779509
20792118
20792538
20796255
20804966
20808777
20820003
20826321
20826735
20837285
20837556
20839211
20846124
20864416
20879362
20879560
20881281
20893456
20896715
20911831
20925964
20927017
20935661
20953592
20978113
21001752
21003368
21020895
21031260
21061505
21064365
21064551
21083327
21089782
21098346
21110562
21113013
21116839
21125094
21127404
21150558
21154540
21154577
21156206
21168315
21183992
21184680
21187038
21188562
21199635
21203757
21206164
21225070
21240123
21251095
21251548
21252738
21254453
21260100
21273781
21275265
21275818
21283421
21315503
21319188
21321178
21321279
21331132
21333585
21338617
21341399
21382017
21394600
21396876
21418872
21422190
21441719
21444451
21444863
21446154
21449759
21452407
21459956
21467237
21485133
21494961
21498248
21506488
21520122
21526721
21533477
21537597
21539341
21551296
21555351
21573919
21590525
21594267
21600758
21607153
21619464
21629789
21632933
21638833
21639236
21639393
21639913
21645036
21650310
21654257
21658392
21669220
21675431
21681355
21687151
21695217
21697373
21708343
21713097
21729236
21740184
21744386
21780034
21782398
21784631
21786104
21787769
21794314
21804287
21805056
21806885
21814827
21817278
21826461
21832435
21848906
21851413
21851439
21864437
21873818
21875164
21882675
21886891
21892527
21895754
21926135
21932066
21934491
21938255
21938261
21949497
21952710
21953129
21959278
21960741
21961280
21967012
21967213
22000082
22011945
22012600
22033960
22050627
22052658
22053471
22054054
22057895
22062769
22096350
22097010
22100965
22105453
22142875
22144509
22150283
22155589
22162627
22168486
22174301
22178561
22178948
22179034
22192735
22196051
22197681
22211070
22213987
22214242
22218979
22241335
22248620
22254248
22265749
22276259
22278165
22281983
22287214
22288042
22293088
22310153
22311826
22315994
22323360
22331105
22342721
22359978
22362447
22362688
22366456
22372247
22384722
22385578
22391286
22401769
22405059
22408170
22427248
22431109
22433760
22435778
22440279
22440808
22445129
22467792
22468992
22473702
22486057
22508218
22533223
22534608
22540517
22541937
22546221
22563291
22564169
22567784
22568388
22584309
22603937
22603978
22610820
22614752
22620884
22621109
22631560
22633004
22635151
22637984
22650240
22659176
22660160
22663926
22665347
22668312
22672786
22676008
22680715
22683232
22690810
22691271
22700089
22706324
22710599
22712594
22733499
22736570
22751723
22764335
22783269
22797881
22821784
22825033
22836491
22851676
22857344
22863640
22865999
22878090
22883398
22901524
22905574
22908401
22928181
22938763
22945833
22952737
22956858
22963368
22971492
23001163
23007418
23011541
23013363
23024702
23027111
23035058
23043400
23045577
23047440
23078508
23083071
23083558
23096862
23099303
23099846
23104657
23119733
23128630
23129109
23132132
23141539
23157723
23166553
23171030
23183436
23183850
23193792
23211008
23211565
23213453
23216054
23230833
23249404
23250422
23258333
23278335
23285544
23285677
23296752
23308455
23318154
23322977
23330661
23332586
23337964
23339396
23350915
23358718
23358734
23359144
23369830
23373205
23383489
23386557
23389458
23398552
23402287
23416469
23422341
23428915
23429213
23431857
23437214
23450060
23453817
23456715
23457072
23459856
23461138
23465677
23504931
23506065
23512764
23524890
23525379
23525812
23533924
23553200
23560812
23576104
23578388
23579810
23593040
23597216
23612909
23620005
23623766
23634788
23645380
23653053
23669388
23669861
23676660
23698101
23701791
23704239
23704508
23710234
23713471
23716524
23722866
23729226
23732289
23736175
23745013
23749187
23750282
23754695
23775490
23775952
23779349
23780594
23793323
23801005
23802442
23806052
23816034
23823670
23833307
23854895
23856249
23865929
23878465
23882872
23884507
23886201
23894441
23894747
23895948
23899884
23903572
23914741
23916819
23923036
23929309
23938450
23941904
23944698
23948995
23949781
23963409
23966490
23967646
23977348
23980619
23980824
23985613
23999164
24000857
24001622
24013322
24015480
24017242
24033712
24035628
24047459
24050144
24050814
24057664
24061546
24065229
24067193
24071969
24072730
24075339
24077880
24083064
24085517
24097850
24107903
24135392
24138452
24145534
24148532
24158498
24165583
24166478
24181504
24182928
24200746
24211386
24218262
24228068
24236229
24245221
24248109
24264552
24269521
24273441
24282170
24284997
24290311
24302127
24316257
24316426
24329178
24333367
24334061
24339665
24340358
24342769
24350864
24356993
24367621
24374223
24380231
24395401
24395573
24397285
24405664
24420854
24428961
24454235
24458704
24491905
24493227
24502597
24509237
24509940
24518121
24518460
24531360
24555586
24562041
24593405
24600458
24605506
24611228
24615102
24628755
24639049
24647016
24660721
24662390
24675907
24682120
24683124
24688028
24697169
24699240
24701150
24708872
24713018
24714564
24726499
24733891
24739477
24753932
24767808
24775357
24775399
24779644
24781924
24794690
24800755
24803805
24804318
24804780
24817695
24826816
24828867
24834620
24844616
24845608
24861176
24861794
24862552
24875054
24886010
24886747
24894117
24903349
24911791
24931730
24944904
24951066
24975940
24978200
25005259
25014785
25019489
25023309
25025260
25025379
25032931
25036702
25048856
25069267
25097981
25102816
25103830
25110774
25115484
25117984
25138581
25148492
25152647
25152740
25177160
25190104
25194312
25212229
25228821
25233238
25240893
25243679
25265237
25278783
25279375
25284806
25289775
25291983
25296181
25296723
25303039
25314296
25320865
25326689
25331064
25334965
25348318
25350774
25354547
25354698
25363559
25367955
25368671
25374150
25386200
25392845
25401192
25410020
25427419
25429065
25457557
25474855
25482246
25485478
25486199
25488762
25496674
25507614
25513902
25517720
25540592
25566416
25568759
25575604
25592120
25593834
25597910
25601265
25601890
25610567
25612751
25614912
25617680
25624038
25624903
25629323
25634610
25637467
25652697
25666196
25674221
25679008
25683511
25684597
25712641
25741571
25749088
25756509
25765774
25779070
25780403
25783351
25792398
25800832
25804729
25805418
25815260
25816346
25820060
25831607
25837352
25845842
25849485
25852734
25863790
25867087
25867205
25877954
25884273
25884321
25890245
25895928
25904641
25917183
25921857
25923774
25944380
25955554
25987533
25991084
25991208
25991832
25995610
25997053
26005589
26021364
26025523
26038240
26039308
26042484
26049153
26066260
26070870
26072374
26078912
26100803
26114775
26117442
26130887
26134825
26140285
26143610
26150172
26170321
26175214
26179632
26183072
26195421
26202677
26206758
26206782
26206949
26215145
26217626
26227564
26239905
26243708
26260838
26266468
26269365
26272250
26279682
26290829
26305544
26309427
26321052
26332373
26339331
26341594
26345311
26352230
26353155
26353400
26368945
26376691
26380205
26385101
26406449
26407092
26407966
26426446
26434600
26459729
26463071
26467606
26469586
26470120
26476157
26479737
26481418
26482285
26496923
26499970
26500063
26501014
26504033
26505429
26509695
26528838
26534963
26537094
26544568
26547281
26548298
26557485
26597109
26602329
26603974
26606841
26610556
26613316
26619167
26629222
26640752
26645685
26650419
26656431
26672261
26673140
26686139
26687092
26693325
26695964
26709061
26718064
26741155
26750645
26754429
26763063
26772443
26783232
26786467
26790215
26791789
26795236
26803535
26813308
26814086
26817737
26833203
26834437
26852875
26863110
26868125
26869549
26873586
26883221
26889183
26908610
26920535
26933898
26943285
26994002
26994389
26999313
27001332
27016575
27024460
27031879
27033881
27037594
27049401
27055755
27070675
27082397
27089097
27100817
27110288
27120517
27121065
27128829
27131791
27134762
27140835
27154532
27155488
27157960
27172178
27180407
27192614
27228567
27232746
27236095
27242557
27247115
27247313
27252769
27263107
27269646
27271280
27271939
27272553
27282125
27287335
27293946
27317075
27327664
27328300
27335635
27340814
27340900
27348475
27349824
27364413
27369838
27371108
27382899
27390953
27394332
27410857
27413668
27415413
27419167
27421404
27432288
27433094
27447041
27468862
27483525
27486446
27492912
27493831
27501960
27507755
27509364
27520272
27522045
27524490
27524677
27541808
27553681
27555950
27556790
27565658
27580199
27586409
27597044
27598211
27605846
27609367
27624344
27630879
27636064
27639375
27653151
27672690
27674118
27682286
27693721
27697132
27702696
27711965
27720502
27728098
27750977
27758108
27761389
27770770
27774442
27781952
27788919
27793436
27798719
27807927
27811494
27818152
27820680
27830742
27831139
27838698
27862016
27862383
27869183
27879810
27891221
27896425
27909628
27911024
27937004
27946097
27954373
27956927
27965560
27966715
27976277
27977097
27978811
27993331
28004195
28010687
28010696
28041175
28050600
28062653
28064552
28068408
28078574
28086990
28088060
28095465
28095991
28097398
28106166
28115979
28129676
28138240
28138448
28145366
28152744
28161856
28164597
28177325
28178031
28179961
28186813
28188147
28195297
28196975
28207043
28220303
28223085
28224938
28229723
28236086
28262448
28272212
28274254
28274492
28281600
28282783
28290164
28290473
28293461
28317176
28318944
28323409
28325885
28332175
28342372
28350659
28362754
28364822
28374977
28377670
28380844
28381651
28389395
28396257
28399359
28406888
28409150
28421629
28427329
28427775
28448369
28452939
28459975
28461298
28462732
28465264
28474679
28488624
28531090
28542670
28549330
28549721
28576639
28586311
28601885
28613731
28621279
28622892
28637890
28638603
28639823
28640389
28647196
28653814
28664302
28666498
28672167
28679861
28681817
28689492
28690120
28694300
28698167
28703842
28709197
28713242
28715130
28728725
28729843
28738947
28745311
28755044
28765337
28766831
28767306
28773103
28780816
28794476
28797480
28803539
28805544
28809793
28813369
28818659
28838285
28841579
28845900
28864394
28871992
28875938
28877701
28890817
28900209
28902283
28914441
28914923
28920184
28926082
28940344
28942030
28946403
28952932
28958688
28959678
28960189
28962612
28962713
28965693
28966549
28982724
29000977
29023039
29034613
29038165
29044318
29046705
29053131
29062252
29070155
29080104
29082419
29095269
29104235
29106490
29107723
29109303
29111849
29115861
29120881
29125799
29128225
29128280
29136426
29153461
29156372
29159878
29173437
29175945
29178861
29196094
29210355
29220794
29234645
29258491
29260033
29263970
29278480
29303618
29308182
29310936
29312576
29315911
29320136
29324785
29330874
29342127
29344279
29345979
29366733
29368605
29372490
29385694
29386843
29388475
29388564
29392715
29396038
29403421
29405542
29411732
29431368
29434795
29442084
29444275
29447937
29464818
29466072
29471752
29472931
29492761
29493017
29493360
29496861
29516898
29517001
29525043
29528417
29532120
29538791
29568874
29571662
29579976
29586678
29588939
29589937
29592767
29602877
29605136
29609281
29625349
29628486
29635453
29640796
29645419
29656439
29665083
29669708
29684996
29714409
29719597
29722390
29739166
29748721
29749640
29751664
29751801
29767151
29772284
29786250
29812206
29827992
29835555
29835943
29845170
29857199
29874868
29875865
29878618
29886850
29889553
29889870
29891339
29902583
29910633
29916355
29916840
29921253
29921846
29922247
29922799
29931578
29944670
29948638
29982767
29988799
29996704
29997918
30009254
30009945
30011804
30016984
30025694
30027476
30028935
30031123
30039632
30054487
30061839
30074547
30075247
30081849
30081965
30086894
30092864
30102314
30106327
30112293
30117766
30122171
30125480
30134342
30146732
30151726
30181685
30184185
30187554
30193076
30194611
30195560
30207316
30207917
30213334
30213520
30214124
30217622
30219724
30225895
30233477
30245014
30250724
30252080
30257728
30260873
30278216
30280309
30282072
30286488
30298212
30304503
30306722
30308379
30310549
30321631
30340176
30342571
30348845
30385429
30385511
30388360
30400667
30409491
30415734
30415749
30423130
30435695
30452049
30454360
30463364
30466539
30477023
30485782
30492079
30498063
30498222
30500468
30500988
30503874
30510545
30514867
30517771
30551540
30555409
30560416
30561976
30566085
30589047
30590518
30606052
30617830
30631770
30636710
30642027
30651777
30654954
30662185
30668097
30672673
30677109
30680207
30684087
30701257
30701840
30706601
30716461
30721858
30734230
30738435
30751706
30756893
30772397
30776289
30782020
30802792
30809139
30811199
30812425
30812833
30813123
30813586
30817438
30825778
30829388
30829501
30833148
30836511
30844014
30849821
30850692
30853242
30854141
30866294
30871656
30880009
30893449
30921105
30928881
30930922
30941743
30950042
30957656
30961921
30968481
30975822
30978037
30987084
31001303
31003165
31005195
31010869
31018554
31039557
31045696
31061135
31064808
31077888
31079050
31082397
31085631
31095193
31097110
31118228
31123317
31132718
31132942
31137341
31139612
31143359
31158214
31163973
31177700
31180539
31181450
31183496
31183749
31200344
31204455
31218714
31219615
31228701
31230684
31251487
31254437
31257052
31260993
31272085
31275250
31275359
31281492
31308831
31311561
31314684
31328469
31334790
31337396
31339531
31340665
31343412
31344971
31346789
31359372
31361000
31378226
31435271
31442542
31462172
31471928
31489871
31496125
31504897
31504991
31506755
31515804
31534056
31555011
31558965
31562755
31568865
31572264
31572385
31573708
31576080
31596976
31597135
31597398
31602709
31605368
31606273
31609201
31620417
31635172
31636028
31639197
31646508
31646625
31648417
31648713
31666936
31669287
31670993
31676734
31680918
31684756
31685085
31689713
31713274
31714516
31722116
31730163
31759059
31759748
31770311
31790405
31793353
31800253
31800736
31805462
31806545
31824638
31828563
31867107
31871132
31871978
31872814
31882928
31899410
31904442
31909965
31920022
31926953
31930773
31932979
31939188
31941983
31948092
31950794
31960937
31961440
31965525
31972477
31976684
31982866
31986371
32004086
32012860
32025029
32050498
32069029
32078176
32095767
32129620
32131953
32132072
32134248
32140499
32167000
32172192
32172891
32177841
32181103
32181922
32191029
32219105
32223758
32276448
32282812
32288433
32294592
32306131
32306756
32310904
32318612
32325086
32328079
32329000
32329454
32329875
32335668
32337763
32338341
32342207
32348282
32349346
32351510
32363595
32374795
32385422
32385758
32386708
32387956
32396761
32407174
32407482
32426153
32426907
32432363
32435124
32439605
32447139
32448908
32451636
32460079
32461069
32465109
32467441
32475625
32475781
32482474
32494015
32497385
32508179
32508367
32508721
32510676
32513793
32521008
32524664
32531524
32534722
32536569
32553498
32554352
32557501
32558037
32561624
32577977
32579075
32583553
32588093
32589772
32600048
32604907
32605372
32605759
32608906
32611916
32617832
32626170
32631526
32633690
32635376
32638528
32651860
32655760
32656595
32660675
32670527
32675262
32676518
32689044
32695926
32701147
32717222
32731146
32737309
32738636
32741514
32758741
32760841
32763075
32766258
32768066
32773002
32778701
32786053
32786672
32790530
32790682
32814994
32816929
32824986
32853031
32863149
32873790
32879090
32882431
32883864
32886751
32892134
32892690
32899548
32908558
32911108
32915744
32933516
32936540
32938046
32940039
32941375
32950523
32955816
32971305
32971781
32989536
32990106
32990384
32998422
33016880
33021580
33043949
33044230
33059090
33060975
33068426
33079790
33084309
33085574
33089816
33097346
33101300
33103554
33104633
33106390
33106709
33121729
33130280
33130519
33139473
33142953
33144753
33155179
33155870
33159655
33173595
33178335
33232023
33235858
33245127
33255725
33284377
33302589
33304438
33319452
33393194
33402205
33403965
33409074
33409686
33410446
33420938
33422764
33429736
33430676
33435321
33439772
33446765
33460333
33470540
33485064
33494109
33494862
33502562
33508241
33512212
33521517
33536818
33550277
33558997
33563115
33573949
33578635
33587421
33587556
33598919
33616710
33623207
33633872
33636607
33649497
33654991
33666090
33674323
33674806
33675643
33687031
33694068
33703552
33703819
33722813
33730274
33733115
33744176
33745351
33747300
33752609
33760529
33761691
33777742
33790489
33798100
33798803
33813769
33820228
33829203
33836698
33839133
33839986
33848666
33858861
33862885
33878723
33899980
33914889
33931633
33936078
33936345
33951452
33980090
33993782
34000223
34002291
34005375
34009162
34024683
34064169
34068125
34075558
34075562
34077368
34087957
34088135
34094713
34098044
34104008
34104778
34109543
34111897
34112851
34123796
34128698
34137547
34140297
34146311
34151478
34156611
34160058
34164093
34167165
34175894
34176379
34207574
34207666
34209887
34214177
34218841
34219194
34222997
34229754
34233223
34234208
34234874
34237036
34239969
34246660
34250303
34251755
34257536
34258473
34263417
34274875
34288149
34300325
34301856
34305233
34310011
34314410
34336400
34341863
34347613
34354671
34371857
34375444
34375956
34380514
34385634
34394482
34400965
34425893
34427458
34433155
34444937
34449698
34454464
34459659
34460659
34462761
34462790
34467366
34469609
34494145
34501586
34503514
34515258
34516589
34520021
34525298
34527010
34544698
34545087
34547868
34551832
34568212
34573540
34579156
34591424
34596476
34599653
34600082
34624770
34626952
34631201
34633894
34635925
34638673
34639244
34640532
34642440
34644931
34646236
34655986
34658444
34661252
34661645
34668033
34672697
34672781
34676796
34677355
34688536
34692761
34707436
34732504
34734833
34736888
34737086
34746453
34752528
34764074
34771344
34773346
34793155
34798422
34804498
34814384
34824090
34824323
34830369
34832603
34860686
34860724
34865869
34876619
34890016
34899503
34899645
34900867
34904729
34907133
34916640
34925676
34928065
34931370
34932265
34934206
34948481
34949570
34951073
34957190
34966464
34981084
34983111
34983199
34997066
35003269
35003343
35012869
35013021
35016647
35029310
35035474
35035478
35042938
35091720
35092118
35096425
35103534
35140805
35148518
35154387
35154974
35155928
35168025
35180807
35216713
35217942
35227822
35231163
35252153
35256249
35259731
35262562
35263657
35270298
35277690
35287059
35290268
35301593
35303843
35311958
35312249
35314876
35315379
35317620
35320444
35329082
35333278
35352007
35355898
35377543
35385289
35395170
35398801
35405100
35414133
35414180
35414251
35432341
35460399
35461995
35463538
35478332
35490122
35497299
35497865
35501691
35506974
35516647
35518884
35521112
35537406
35554499
35568283
35579292
35579371
35584801
35596938
35600868
35601529
35615565
35622984
35631098
35632079
35638044
35647451
35656643
35664282
35667230
35669354
35669569
35676171
35691359
35697543
35698072
35704329
35712943
35714401
35715808
35716448
35733872
35735878
35746941
35757280
35775388
35789511
35795373
35797597
35804653
35832652
35835752
35840318
35841240
35849393
35850401
35855802
35863977
35871166
35894834
35899134
35899224
35900825
35910053
35921025
35924239
35929773
35935069
35944051
35944278
35946822
35949903
35954887
35956565
35961264
35965885
35983851
35987521
35988136
35989313
35989642
36000735
36011512
36022374
36026599
36036027
36037304
36065692
36075060
36078199
36079039
36079459
36080450
36105887
36124682
36141838
36158279
36165090
36185935
36194325
36197249
36207652
36208602
36211441
36212004
36213853
36219762
36230435
36238818
36248550
36249930
36271335
36278360
36280639
36284031
36286824
36290367
36291147
36293901
36295856
36296443
36309381
36314525
36333474
36333844
36337560
36338390
36345440
36347366
36347750
36351919
36366374
36372542
36384378
36402081
36408853
36413137
36426186
36430657
36439088
36447575
36459852
36464250
36475273
36475425
36478778
36482432
36484364
36493449
36495987
36501928
36508107
36510780
36511696
36521722
36545331
36545393
36545439
36546615
36554296
36555143
36564730
36565654
36565674
36575803
36584758
36595457
36609613
36618706
36629303
36631912
36634668
36643292
36647148
36664852
36692794
36714697
36724401
36730982
36744710
36752214
36758030
36758603
36765442
36785546
36792257
36795473
36795870
36813928
36819341
36820483
36823708
36829584
36830648
36830946
36840317
36841042
36844784
36850166
36854339
36855444
36857884
36862910
36885390
36890081
36891105
36902723
36915394
36929181
36935463
36938277
36957810
36959294
36963058
36963213
36986260
36992164
36998272
37003756
37004112
37010508
37012616
37013062
37035145
37051338
37053143
37055727
37056332
37061142
37078682
37090713
37091617
37092102
37096039
37114239
37120203
37137295
37137388
37153151
37158127
37162781
37163978
37164891
37169932
37175539
37180494
37184113
37194277
37195051
37196426
37210281
37212939
37243259
37244026
37263887
37264928
37277666
37289380
37291821
37327639
37338860
37340116
37341435
37346185
37367343
37370252
37389564
37389896
37390086
37404653
37406077
37411248
37416366
37422666
37433888
37438131
37448092
37454460
37464262
37472092
37474550
37493811
37496702
37509565
37511747
37512981
37519919
37527781
37538197
37542026
37547521
37548337
37553218
37556883
37566530
37568767
37574580
37578726
37578803
37581208
37601416
37608093
37641799
37645136
37648645
37653443
37655294
37677392
37685581
37685804
37686300
37692630
37695981
37706519
37726334
37738170
37739922
37741838
37751024
37753964
37762907
37774462
37776854
37785049
37788080
37789570
37802167
37810953
37816802
37818749
37824806
37853083
37854059
37854215
37875267
37887662
37896025
37897164
37926242
37938072
37941623
37943351
37953184
37953707
37963782
37965217
37970978
37978875
37981323
37982074
37982826
37997024
38001919
38007775
38009451
38010026
38012186
38015447
38020872
38022744
38034542
38040725
38047241
38058451
38063693
38064174
38107646
38108009
38150717
38151545
38158067
38158699
38174943
38178796
38185104
38190569
38205816
38206101
38210807
38223253
38237121
38238575
38241111
38252816
38255964
38263193
38280236
38282723
38285319
38298106
38305298
38308234
38309123
38311707
38317933
38321566
38328349
38330336
38346866
38367133
38379074
38384067
38397327
38398060
38398463
38401684
38403047
38412182
38419075
38425242
38428916
38431967
38433130
38438894
38439181
38441549
38450863
38459595
38462624
38467090
38468959
38476981
38478870
38480784
38482223
38489617
38507625
38508600
38512158
38526245
38531554
38533864
38536478
38541131
38555102
38560690
38568680
38580189
38584720
38602094
38602146
38612216
38634451
38634829
38638450
38647529
38653546
38657694
38661751
38669422
38688304
38693174
38696856
38712839
38713155
38723605
38752607
38754797
38755415
38765198
38781262
38783529
38784931
38790970
38800361
38808329
38820794
38821876
38825767
38835890
38840193
38841583
38849918
38863935
38884012
38898855
38900491
38908106
38914157
38919091
38923700
38929340
38936389
38938388
38956394
38961983
38966327
38977555
38983393
38986479
38993625
38995446
38997424
39000789
39002396
39023388
39025639
39033950
39040645
39045695
39051732
39059966
39065828
39067166
39071377
39072868
39072978
39097184
39109272
39121996
39124059
39133031
39136187
39138152
39146834
39162652
39172517
39174380
39175056
39176044
39181382
39187435
39199882
39214494
39219074
39222101
39223548
39223988
39225209
39238500
39241650
39245255
39263699
39281956
39291466
39299462
39305290
39310832
39312312
39332196
39339110
39351263
39358667
39378757
39379044
39380848
39391486
39400275
39400538
39408733
39427955
39434498
39436348
39439235
39442284
39448916
39450946
39459500
39468207
39471213
39472121
39476741
39477257
39490569
39491333
39500097
39500857
39503014
39521716
39539158
39543982
39547027
39552162
39571330
39582136
39584527
39586363
39588636
39589854
39591865
39600662
39616307
39623038
39623048
39639550
39644484
39658590
39662736
39665135
39670241
39670514
39676054
39677516
39682038
39688632
39707557
39713986
39714461
39716800
39745540
39746611
39748864
39756385
39765682
39768349
39778453
39781668
39796301
39797768
39800409
39805984
39828343
39842624
39860234
39862151
39862486
39868502
39873287
39878811
39888512
39891961
39898143
39901250
39905398
39908674
39909252
39911665
39913831
39916218
39940913
39944947
39956120
39956401
39967772
39969021
39971627
39975433
39986070
39989683
39989945
39990524
39998257
40006677
40007595
40016122
40020825
40026393
40029371
40033244
40035451
40041320
40043217
40045345
40052741
40055679
40061546
40079493
40084528
40093997
40104057
40104628
40109951
40125556
40125600
40130968
40136035
40140082
40144771
40150519
40169114
40171054
40171925
40173007
40177452
40177808
40182898
40188431
40195795
40197714
40198652
40202037
40202352
40202722
40203976
40209602
40235427
40240133
40240428
40241880
40244412
40246187
40256214
40258326
40262831
40263391
40267222
40267277
40277635
40294730
40295366
40301895
40307948
40314316
40327859
40334197
40338076
40349386
40350931
40359896
40379417
40387170
40388402
40399064
40399304
40412244
40418473
40446558
40450375
40459460
40460055
40466373
40478673
40480107
40481264
40483389
40485180
40487681
40494548
40511330
40516584
40530889
40536785
40538897
40540038
40548015
40552310
40568459
40589298
40594485
40597348
40604730
40606869
40610221
40615630
40622631
40624661
40624879
40638237
40650984
40656200
40669214
40674100
40676955
40689475
40699387
40699977
40701930
40705957
40736427
40741171
40744807
40762126
40767441
40777196
40787867
40790932
40793835
40799224
40802303
40813230
40817525
40817721
40821325
40831069
40834248
40843844
40846149
40851039
40860821
40868640
40875656
40877377
40951591
40957565
40958315
40965028
40969804
40982776
40986405
40991354
40992908
40997560
40998062
41011776
41022604
41024957
41035278
41036301
41039879
41046663
41050808
41051246
41051886
41059287
41077425
41085589
41101639
41102396
41104374
41126216
41127255
41133975
41141374
41149092
41152575
41170525
41177858
41184115
41189426
41223499
41228796
41243673
41243901
41244961
41249553
41275629
41290239
41291332
41292969
41305512
41312050
41313017
41315713
41322779
41328320
41332869
41333094
41343721
41352529
41358631
41360627
41360793
41375836
41381796
41385276
41399399
41404303
41413413
41418991
41423254
41426961
41439187
41440640
41457476
41478252
41490069
41501020
41504171
41513232
41513560
41531894
41534270
41535913
41537537
41541819
41545049
41545681
41549855
41553881
41557676
41564509
41569269
41571871
41576528
41578478
41588433
41592994
41596526
41603054
41604690
41613700
41625665
41643894
41653584
41654355
41654997
41656581
41658263
41661599
41678671
41680600
41681939
41684948
41684950
41714708
41720625
41722331
41728580
41730117
41747819
41755072
41756220
41756995
41773693
41780100
41782131
41782510
41785898
41789412
41808575
41809844
41812947
41815619
41820049
41823368
41835273
41849219
41850408
41853695
41863682
41864234
41870388
41871052
41873262
41909956
41913272
41939531
41941317
41953120
41963022
41967322
41978132
41987593
41989253
41993172
42011819
42019232
42027502
42032745
42045041
42046886
42054236
42056878
42057658
42068560
42079997
42088765
42090028
42092390
42093353
42103458
42104137
42128831
42132091
42137671
42142356
42153697
42154897
42165654
42168167
42178563
42179134
42183457
42188782
42194966
42209754
42226919
42231116
42233900
42241271
42246844
42253323
42255180
42264252
42265145
42270314
42270717
42279563
42282241
42294372
42297830
42298696
42301805
42304919
42306622
42315371
42319333
42323120
42336320
42343181
42345560
42364711
42379309
42386983
42390790
42393171
42405437
42418616
42420467
42420831
42422599
42432516
42436563
42444872
42461589
42478938
42480473
42482765
42494960
42495901
42501885
42502832
42527095
42545668
42548282
42554107
42561189
42561465
42563377
42565657
42569535
42575223
42583782
42589630
42590924
42597469
42611350
42614451
42620920
42632789
42633488
42643718
42649928
42670851
42671071
42691585
42698385
42713910
42715488
42720276
42721121
42724061
42724269
42741051
42761558
42764700
42766943
42768275
42769396
42771079
42778975
42781985
42785201
42801096
42804469
42811467
42814871
42819638
42822506
42822990
42826274
42833546
42846707
42853771
42859728
42862230
42866015
42869055
42869130
42872272
42892973
42898738
42902660
42909957
42911583
42912544
42920584
42924405
42925482
42926051
42926118
42927567
42939048
42943008
42952490
42962045
42968217
43001570
43011411
43011924
43020178
43023413
43026601
43036714
43038558
43049473
43050178
43054312
43065239
43065761
43069713
43073066
43074821
43086085
43095539
43102499
43129718
43129884
43142784
43149881
43150741
43159937
43163457
43165172
43168780
43169783
43172901
43178546
43181008
43187171
43202038
43202387
43214663
43237546
43252689
43286385
43290270
43291075
43322777
43323098
43333588
43339001
43357081
43358852
43361527
43362805
43365449
43368648
43373048
43377931
43383683
43390845
43396656
43406956
43408192
43408231
43421227
43433566
43443807
43477727
43497668
43499506
43508023
43518827
43520132
43540719
43553348
43569531
43571194
43572422
43573209
43573402
43573575
43574994
43583182
43587522
43588838
43594774
43597357
43602445
43604605
43629086
43634276
43643029
43649775
43679072
43682058
43695814
43699455
43704952
43706768
43712488
43725194
43740584
43747356
43761948
43764683
43767118
43767580
43773411
43774951
43779413
43791331
43796681
43810760
43813683
43813970
43828537
43833235
43841850
43844962
43845248
43845293
43850012
43855231
43857787
43877895
43879417
43882883
43884985
43887466
43889650
43892692
43892810
43895312
43908266
43911451
43923715
43923906
43930255
43930875
43934255
43935539
43936358
43938861
43950782
43960290
43965773
43989402
43994352
44022009
44035049
44038643
44046527
44074773
44080809
44085201
44091833
44098445
44111444
44113016
44117796
44127341
44135246
44138884
44146561
44150848
44151358
44152067
44162709
44166275
44169199
44177403
44184731
44204911
44220301
44225674
44237371
44248531
44251766
44252122
44254787
44262659
44296090
44299040
44306002
44321926
44324560
44347038
44347284
44364787
44371102
44377924
44381220
44396364
44399416
44399575
44401538
44403771
44408491
44411566
44434690
44449870
44452130
44454061
44454315
44456446
44466748
44478261
44479267
44493479
44497507
44511004
44511730
44521230
44530029
44536473
44545711
44551737
44554989
44555259
44555641
44563566
44573703
44574516
44575515
44584882
44592301
44648445
44650400
44654210
44656296
44657950
44666428
44677935
44687525
44688204
44689595
44701842
44710952
44715944
44717105
44721738
44727823
44766719
44768688
44782590
44785344
44800822
44807246
44808395
44820331
44823985
44837258
44841860
44864766
44875212
44882953
44891715
44900011
44904720
44910077
44913723
44917080
44919624
44923673
44927217
44941483
44942589
44947670
44950481
44952548
44964302
44969781
44978468
44984037
44992259
44994589
45035519
45054629
45060505
45067855
45067889
45085828
45088090
45093960
45095449
45096408
45102593
45107107
45107154
45114438
45134492
45135104
45151716
45155212
45157794
45158483
45186608
45192960
45200403
45203688
45206733
45221029
45226379
45232792
45236716
45241661
45242043
45249025
45250663
45252081
45252106
45255814
45259585
45263200
45266082
45271865
45280914
45281715
45296945
45318494
45320654
45324014
45345753
45366884
45367427
45369716
45373333
45391361
45413381
45414381
45425382
45426614
45437975
45457470
45469513
45481258
45485265
45488750
45490737
45498090
45499004
45499229
45502361
45503086
45503604
45505252
45506887
45517850
45523516
45553199
45585716
45595012
45598886
45603993
45606633
45611055
45614488
45626866
45632597
45650640
45667214
45679749
45683206
45684963
45694642
45695871
45696498
45698966
45701458
45705274
45715006
45718224
45719762
45733738
45736469
45738400
45746833
45750640
45753202
45758204
45764940
45788345
45802528
45806348
45820802
45834272
45847786
45848640
45852938
45866320
45872670
45872833
45873652
45882018
45887185
45892856
45893088
45905139
45912072
45925270
45935192
45937973
45939994
45947717
45958644
45990025
45996147
45999871
46007750
46013112
46021568
46026581
46035555
46047323
46058984
46059069
46063041
46066743
46067464
46072482
46078220
46086406
46102785
46115095
46119574
46130859
46131724
46146605
46187570
46191702
46194226
46202300
46204264
46227964
46228883
46231532
46239598
46240276
46240634
46242812
46245222
46247623
46248877
46259152
46276064
46284794
46293574
46294357
46298821
46300321
46301540
46318647
46343699
46348489
46360290
46370505
46395671
46397643
46405064
46409902
46411770
46432671
46439295
46441666
46444134
46460612
46474242
46479191
46485975
46526662
46553980
46556246
46558476
46562307
46565028
46576979
46577398
46579556
46585976
46587741
46597191
46601775
46611214
46612276
46612799
46614959
46615161
46618614
46628028
46628733
46629170
46630963
46643602
46644783
46647414
46656083
46665192
46684022
46694514
46696799
46700755
46714088
46729345
46730927
46734048
46737362
46738633
46742895
46745142
46746777
46755172
46755369
46756300
46763111
46780684
46788185
46791166
46802945
46807409
46835071
46845898
46854821
46874116
46880463
46880702
46885846
46900646
46901330
46902408
46913619
46915677
46916317
46920276
46934228
46937778
46940236
46943039
46959427
46967840
46970037
46975516
46993367
46997201
47001176
47002033
47008230
47008750
47009742
47013742
47024679
47028169
47030972
47032734
47037387
47040613
47040709
47042791
47052001
47061677
47063971
47068799
47069432
47076594
47096127
47107962
47113261
47114453
47125656
47142591
47148012
47149105
47151373
47159563
47166498
47178901
47185385
47206001
47207514
47207683
47243726
47255565
47261972
47268291
47269645
47289560
47306900
47312699
47319889
47330146
47342183
47354576
47373584
47374716
47385438
47392824
47405244
47438485
47444790
47448944
47450964
47455398
47456144
47458585
47479078
47485585
47490770
47493453
47496513
47500405
47525451
47542596
47544156
47545755
47548136
47550880
47561096
47570809
47574236
47578325
47578893
47583811
47594662
47607309
47614667
47615120
47616631
47616805
47622487
47626780
47674403
47683518
47684142
47687972
47691301
47694113
47729157
47732490
47738532
47746506
47775724
47785876
47807170
47807803
47815211
47824794
47830207
47833769
47839014
47852300
47866062
47866089
47871605
47872656
47874096
47880333
47880945
47886914
47888830
47896211
47915235
47918824
47927076
47927748
47933300
47936352
47941886
47942188
47944330
47949601
47953908
47958401
47965468
47966134
47968493
47969986
47970095
47980377
47986025
48010950
48028008
48036386
48040453
48041461
48043425
48044728
48059785
48064963
48067921
48073745
48096992
48102977
48105992
48112394
48119158
48123327
48124567
48127007
48131911
48140072
48141019
48143815
48157598
48172171
48185589
48190750
48199202
48203483
48205542
48214749
48216856
48229009
48229638
48229722
48240202
48254575
48256184
48260433
48261768
48264773
48269400
48276365
48276888
48280562
48286041
48298016
48310041
48312202
48312312
48316956
48325820
48326369
48326479
48331860
48335284
48354954
48355850
48362554
48371746
48381050
48382267
48383388
48408814
48411218
48414358
48414561
48416377
48418278
48422171
48433395
48435247
48436739
48442591
48448809
48451535
48462873
48463604
48466389
48467738
48500243
48505815
48507116
48527905
48531518
48533267
48534253
48536213
48558102
48561735
48615890
48619268
48622702
48623285
48625774
48632282
48635442
48639212
48650327
48657930
48662100
48671587
48674600
48675420
48680096
48687933
48688115
48689526
48701410
48704401
48710165
48713906
48725413
48727294
48732237
48738894
48740344
48750723
48757421
48758822
48766746
48766833
48767071
48767245
48772719
48783265
48804604
48805176
48809266
48835538
48847628
48848620
48860390
48868912
48869540
48871650
48873119
48891752
48906196
48909717
48910650
48916505
48919119
48919499
48924173
48935804
48936311
48941481
48948003
48948677
48952803
48956661
48975166
48982352
48984355
48989219
49000058
49000840
49003312
49015202
49016541
49017402
49017937
49033027
49043705
49045826
49046050
49056614
49060526
49067773
49068883
49108201
49116995
49121265
49122165
49138689
49157049
49170698
49171958
49180564
49218108
49224881
49234609
49238795
49254901
49262831
49270732
49283241
49296865
49303640
49310464
49313108
49352802
49355898
49358075
49363709
49364355
49372341
49378347
49396365
49396697
49401369
49409171
49435967
49441839
49448326
49451067
49451221
49455553
49456585
49457349
49462184
49472143
49486436
49489137
49499828
49517226
49543069
49557801
49564543
49566988
49577516
49583355
49595956
49611651
49623550
49624381
49626869
49638379
49644507
49646413
49656594
49660266
49673967
49681545
49682379
49683425
49690312
49693293
49710558
49749604
49774491
49776525
49778224
49784758
49789270
49789722
49809749
49821056
49821543
49833592
49839515
49843864
49848029
49852175
49864655
49873529
49878181
49901809
49903421
49907974
49923944
49924468
49927869
49929330
49929732
49935292
49936616
49951028
49960214
49963951
49969094
49971937
49981375
50012728
50013213
50020001
50031273
50035255
50045822
50051805
50060694
50068281
50074194
50075241
50077410
50085766
50091379
50096329
50104101
50106917
50109222
50123208
50124150
50149043
50149215
50149387
50155315
50170225
50184473
50184936
50185625
50190553
50201399
50204599
50210738
50221480
50237622
50240867
50243664
50247316
50251942
50254710
50255758
50275416
50291067
50300907
50315614
50320617
50334888
50337494
50338563
50340777
50352811
50356273
50366180
50371332
50375134
50375353
50382677
50388348
50403760
50410955
50413394
50416022
50420670
50421902
50432489
50435959
50438976
50440201
50444151
50446507
50450791
50452511
50460772
50474009
50474599
50476415
50489307
50490985
50495477
50501719
50524837
50529598
50531462
50537844
50542797
50561189
50561684
50562670
50572924
50576065
50578990
50588536
50594915
50597752
50608239
50620382
50622569
50636339
50640591
50643298
50650270
50667630
50679669
50689935
50700703
50705232
50710075
50712203
50718576
50738756
50739083
50740216
50742816
50749533
50757956
50764316
50766399
50767613
50768738
50772522
50772580
50779876
50790233
50813443
50817219
50821798
50824640
50825238
50828815
50831796
50836608
50841908
50850595
50853761
50862303
50878765
50878915
50886301
50902035
50902704
50904926
50909560
50912676
50913199
50929529
50935687
50942381
50960586
50968302
50973424
50977862
50978006
51001315
51003415
51020250
51026746
51037075
51042955
51046275
51047154
51049488
51053849
51055720
51060257
51077416
51077985
51080747
51085933
51088810
51091708
51098131
51110590
51130076
51131218
51131416
51136045
51137587
51155495
51176047
51180044
51181963
51190462
51199632
51208780
51213365
51215431
51220822
51228485
51236925
51244090
51245436
51251495
51257856
51261719
51271407
51273587
51276500
51282327
51285299
51287814
51291308
51295670
51295695
51296476
51314688
51329594
51337958
51344746
51356149
51357762
51362074
51366088
51374468
51374762
51382008
51409268
51416745
51419919
51419976
51421891
51429490
51429795
51432267
51432611
51452450
51460730
51461902
51463571
51478028
51478265
51483617
51485276
51505690
51508938
51513794
51514590
51519673
51555433
51556112
51575333
51582231
51591053
51623957
51635079
51637379
51648210
51648890
51667973
51679450
51685138
51687031
51690517
51691152
51691262
51725622
51726417
51757230
51774456
51775907
51776812
51792064
51794428
51805742
51809155
51833173
51840620
51841237
51845052
51851184
51851624
51851780
51858576
51863091
51872702
51885602
51887727
51894065
51895279
51898915
51906022
51911203
51911740
51915894
51918840
51933710
51935688
51941060
51943564
51949472
51949491
51953905
51959205
51961172
51965497
51994804
52016899
52037750
52050268
52050652
52054158
52058507
52059180
52060304
52063441
52097497
52098549
52101770
52111350
52112284
52116581
52121936
52149315
52156321
52156803
52158869
52159559
52159902
52169738
52174288
52177520
52183575
52183987
52190724
52198402
52201003
52201386
52214842
52216977
52227018
52231443
52235753
52244224
52274742
52289014
52304948
52315133
52315777
52322513
52328832
52331757
52336043
52340251
52343846
52346725
52349619
52352340
52360033
52372901
52388210
52403852
52408916
52427743
52428513
52446024
52456130
52469276
52473094
52485385
52493015
52493135
52493656
52496151
52512401
52512916
52536687
52542255
52544202
52548642
52556636
52578791
52580807
52600391
52601328
52602539
52616430
52626131
52626687
52629662
52637806
52641401
52642298
52659020
52659460
52660358
52663449
52663632
52664862
52667596
52674054
52676739
52679046
52688269
52690031
52692684
52698495
52701726
52708186
52718287
52736912
52739633
52746384
52746826
52752206
52761397
52764059
52778140
52789749
52790297
52800367
52803451
52808104
52834944
52847028
52858888
52861605
52868124
52877787
52884054
52893353
52906950
52908285
52923255
52929489
52931381
52937363
52952941
52964992
52971210
52974981
52976629
52977438
52979239
52986903
52990215
52996292
53003196
53006040
53010966
53012843
53013084
53014280
53027590
53028519
53030472
53030652
53046238
53068460
53074973
53082925
53100199
53106757
53111285
53117211
53120688
53121803
53132706
53138578
53140288
53142790
53154290
53160641
53173776
53178954
53183470
53184655
53189573
53198947
53199793
53229266
53231095
53238619
53243401
53245160
53248487
53250322
53258432
53260634
53294248
53301103
53306528
53320311
53322031
53324371
53324610
53330970
53350895
53384302
53391357
53403570
53406501
53406943
53408037
53412277
53413236
53417516
53427375
53428312
53445224
53458259
53461718
53466990
53478495
53478967
53480708
53488090
53494575
53495920
53497521
53524304
53530901
53537037
53541143
53547419
53549947
53550829
53564213
53574063
53582389
53588898
53590923
53595065
53607139
53611927
53612417
53621036
53644057
53649536
53656816
53662366
53665457
53668990
53679069
53680722
53694356
53708281
53730262
53737167
53747848
53753665
53758491
53778074
53781685
53788025
53790378
53794366
53806763
53897131
53908801
53913164
53923375
53942113
53942336
53950023
53950224
53950505
53951743
53953345
53958447
53981067
53984631
53994597
53996266
54001310
54002065
54022971
54048086
54049149
54053380
54063884
54066182
54066782
54074131
54084308
54085657
54092370
54097698
54145787
54150810
54154969
54155243
54169720
54174595
54176670
54179542
54187424
54194733
54215700
54221563
54238222
54244272
54245370
54261244
54283215
54284093
54284280
54288475
54294591
54297176
54303625
54310118
54316661
54332537
54333000
54339323
54339992
54343578
54349464
54360261
54363089
54370602
54371569
54373437
54375008
54410363
54412932
54431622
54436047
54436460
54449740
54450897
54450929
54451458
54459712
54465205
54472742
54483333
54487172
54490297
54500028
54504673
54515374
54517428
54521864
54532483
54541485
54542881
54543787
54553610
54567093
54588224
54597248
54610468
54613314
54622094
54635385
54636347
54644149
54660659
54663354
54666612
54675733
54676018
54683399
54685433
54696822
54700849
54719569
54747262
54758450
54761923
54766782
54770093
54777683
54778266
54779431
54798702
54803603
54816021
54841391
54843035
54846306
54848710
54850207
54853580
54866499
54875254
54883943
54890471
54891327
54901772
54927776
54928248
54930017
54938014
54939972
54943670
54947654
54959557
54968236
54968283
54972588
55000264
55006707
55008190
55029547
55046491
55047142
55051776
55056119
55057212
55068971
55072614
55072771
55086118
55099633
55103639
55107019
55113019
55116516
55119818
55121325
55148843
55157115
55167069
55174605
55175862
55176735
55193972
55199443
55215807
55229013
55236640
55249353
55249742
55250502
55255291
55255307
55275505
55278653
55280273
55285575
55286570
55298794
55302501
55303486
55316018
55322054
55322588
55330451
55333181
55342078
55351811
55355614
55357963
55384198
55392404
55399157
55399541
55399889
55411931
55415897
55418591
55419520
55421410
55422816
55432599
55443627
55444749
55445172
55445271
55447349
55448828
55455931
55469880
55470979
55471833
55472958
55487045
55487767
55503833
55508411
55512903
55519153
55519465
55520729
55522582
55537429
55545453
55551585
55567119
55568765
55569234
55577015
55596042
55599930
55603823
55607231
55614650
55615185
55629185
55635704
55654202
55657764
55659510
55672065
55675693
55701816
55703856
55704741
55728392
55735069
55738737
55749019
55764974
55778076
55782280
55783854
55805915
55811527
55823184
55823438
55835567
55842533
55847807
55851470
55868988
55871889
55882029
55886782
55903062
55925365
55933285
55935591
55945261
55951157
55960102
55965356
55970203
55972136
55983343
55987284
55998942
55999984
56023557
56029290
56038406
56065626
56079960
56107567
56112892
56114935
56121864
56134721
56135161
56136469
56141539
56149651
56151737
56152942
56165826
56171028
56173999
56179452
56185788
56187168
56189045
56189092
56246328
56251071
56260639
56269774
56282435
56283873
56297254
56301911
56309519
56322911
56324826
56340328
56345283
56349893
56352934
56370687
56392102
56401799
56423984
56432999
56434620
56438047
56442207
56454237
56464662
56473171
56484491
56490966
56495909
56509682
56513729
56519197
56521069
56524673
56526778
56528956
56532685
56540751
56543394
56544419
56555814
56575649
56587584
56594032
56601411
56601818
56615023
56618220
56618222
56626224
56627665
56636691
56652383
56655164
56660807
56663291
56680793
56688427
56696221
56697371
56709494
56709560
56713542
56713652
56717378
56725731
56738195
56751015
56757323
56766132
56768875
56781350
56783115
56783311
56784075
56784829
56788851
56801473
56807509
56816868
56830273
56832851
56850238
56853020
56858189
56858891
56875760
56884642
56897425
56899332
56920072
56932290
56937653
56949909
56971234
56974599
56978999
56988480
56994162
56996095
56996137
57007376
57016075
57035404
57040414
57047697
57052941
57079255
57081919
57089129
57095743
57102093
57105839
57114491
57116858
57125156
57126071
57133822
57142888
57144916
57146839
57164129
57182941
57183930
57185869
57187864
57190241
57190376
57193822
57197467
57218952
57238016
57239462
57241459
57242398
57249235
57258438
57268702
57272972
57274314
57281297
57281491
57294622
57295830
57297350
57297656
57297855
57302476
57318676
57335945
57348771
57368105
57377483
57380575
57382476
57385676
57387653
57391529
57394007
57403049
57403771
57407975
57415473
57426766
57427766
57427995
57428664
57445440
57446630
57463292
57469976
57475400
57477402
57482227
57485629
57488422
57490269
57496507
57498535
57499270
57515623
57533411
57534203
57543893
57547377
57552133
57557618
57558066
57576482
57597879
57632329
57639518
57642512
57642680
57651086
57651553
57655487
57670097
57677308
57683499
57688916
57690237
57696808
57698525
57711413
57723754
57723755
57730398
57737419
57782467
57783196
57801011
57804058
57815623
57816555
57823744
57831147
57841822
57847878
57850974
57853974
57855760
57857793
57860542
57862778
57872359
57874841
57884108
57892483
57912638
57917326
57918043
57924853
57941261
57944712
57950202
57954679
57957578
57977450
57982856
57986506
57999543
58007190
58026845
58039622
58040572
58047586
58058286
58059530
58079784
58080619
58086324
58092483
58093094
58094775
58101713
58121615
58130619
58147464
58150402
58155357
58173177
58181764
58185220
58186932
58221663
58232704
58238009
58238103
58245062
58249018
58250132
58261221
58272011
58285302
58311972
58312296
58314773
58319263
58327987
58339808
58351869
58357901
58363352
58368235
58382560
58392518
58408737
58428151
58430121
58450907
58454431
58454714
58473263
58475136
58491090
58497316
58500542
58501416
58503952
58505219
58518889
58530919
58537989
58544415
58564846
58566617
58568445
58570033
58576406
58577960
58601403
58602893
58609883
58616944
58621412
58634256
58653641
58657029
58663814
58668777
58671842
58675604
58691030
58696819
58696905
58704572
58710172
58713360
58716657
58723184
58725794
58728730
58731691
58747114
58750581
58751782
58766635
58771378
58772080
58775488
58805224
58812638
58824384
58833435
58854572
58856897
58858754
58862583
58881556
58884285
58886987
58900981
58905473
58927003
58931635
58933170
58933483
58939228
58941554
58946271
58954815
58961900
58974003
58981008
58985724
58997337
58997391
58998213
59002419
59003796
59014142
59014506
59017535
59025343
59041387
59070021
59071787
59079303
59081695
59084674
59087364
59090238
59090571
59101559
59106222
59110605
59114509
59118740
59129723
59141777
59156750
59161856
59171008
59174595
59175238
59175688
59182818
59197341
59205648
59207001
59207062
59207250
59208508
59212677
59219500
59229973
59238082
59244607
59273665
59280244
59281616
59285686
59290916
59298103
59306933
59316854
59330749
59331134
59331962
59342402
59343457
59343597
59346579
59347680
59348082
59351396
59359631
59371373
59381107
59392406
59408692
59413411
59419127
59419557
59421779
59427103
59428572
59453045
59454330
59458626
59460264
59461096
59463948
59470953
59479715
59481812
59509883
59520533
59530257
59537067
59547081
59554825
59560126
59563003
59567561
59569184
59576203
59578149
59580470
59596509
59599101
59604441
59605683
59613457
59616867
59657288
59666486
59670598
59674106
59678191
59687954
59690555
59699580
59702735
59712028
59723214
59736171
59740143
59742069
59754595
59760513
59763512
59796080
59798379
59800202
59801161
59803660
59811588
59827047
59836444
59840674
59860482
59868013
59873972
59896496
59900571
59913348
59921294
59932728
59954045
59957306
59969658
59972570
59976358
59984032
59985398
59993832
60010875
60018360
60024019
60035249
60043654
60046199
60048533
60053909
60057732
60059191
60062991
60065922
60075191
60083366
60113374
60118304
60132696
60143119
60161758
60164798
60175939
60184250
60191274
60198873
60202190
60204394
60214598
60220240
60226706
60241847
60243932
60244523
60262140
60264324
60272267
60275939
60276787
60281526
60281995
60282096
60285613
60287289
60294675
60294700
60301245
60312191
60313840
60316234
60317445
60326467
60342976
60346131
60356912
60373687
60374465
60377839
60381448
60386943
60390792
60393117
60408893
60411804
60421929
60426130
60427045
60438733
60443213
60445185
60474135
60477178
60477265
60479830
60480672
60502929
60508821
60512736
60515713
60515757
60534391
60534421
60546808
60549766
60556852
60570239
60576721
60584663
60586494
60587171
60589966
60590801
60597522
60599454
60601619
60602173
60604158
60606012
60607821
60640008
60645885
60654145
60663262
60663610
60673942
60678501
60685127
60694744
60701187
60704660
60716161
60719315
60719878
60724404
60729324
60741678
60746198
60756189
60756519
60764664
60766574
60768704
60769437
60770538
60771250
60777237
60779039
60781724
60800338
60805823
60812346
60840957
60841849
60854567
60873214
60908100
60908936
60926341
60932582
60939411
60963457
60971341
60974956
60977092
60981258
60982271
60994815
60999066
61003810
61025855
61044572
61059641
61063171
61073159
61087518
61088524
61103608
61113732
61127600
61138085
61138289
61139724
61153884
61168663
61182179
61188042
61188125
61194157
61194547
61215775
61218034
61219284
61227934
61230764
61233365
61233671
61237215
61245458
61248266
61248910
61251272
61252971
61256230
61259555
61263519
61266713
61269639
61285680
61302205
61311308
61323381
61336896
61352643
61360799
61360978
61370672
61387279
61392428
61405618
61405801
61408666
61409349
61410996
61417810
61423182
61430787
61439133
61442385
61443343
61449242
61449552
61452533
61459136
61463630
61467383
61467742
61477405
61479021
61503094
61503419
61503742
61505880
61509364
61557099
61561367
61562321
61566636
61568715
61571055
61574674
61577125
61578890
61579515
61602555
61608366
61611144
61619381
61620305
61621939
61622024
61622603
61629611
61632098
61639207
61639732
61647128
61674398
61677773
61699960
61702862
61703845
61705324
61707596
61736000
61739815
61743159
61747007
61750493
61760566
61762670
61763918
61775829
61798885
61806445
61807596
61832327
61848854
61870626
61870758
61870837
61887734
61897680
61908221
61914407
61940436
61952149
61952653
61963690
61967437
61968900
61976631
61977362
61987927
61993260
62004659
62010068
62010532
62017367
62020080
62024250
62031682
62032414
62036055
62061393
62067261
62071695
62073236
62082090
62109442
62119532
62138698
62139470
62141318
62145603
62153153
62154819
62161650
62175858
62181181
62196596
62197775
62203541
62211266
62218029
62220008
62230771
62231337
62241985
62268584
62293254
62295870
62296541
62304476
62334347
62338273
62348887
62352763
62353837
62359723
62368801
62371416
62379719
62396432
62401513
62414157
62418751
62433198
62433795
62465601
62470275
62472004
62486237
62488764
62490621
62499032
62507876
62509416
62513132
62523150
62526233
62529776
62530462
62533582
62534282
62538222
62541001
62544629
62549433
62550012
62559011
62565432
62568548
62571486
62580367
62585980
62608327
62609149
62649139
62650714
62685350
62687843
62688885
62688961
62702196
62702854
62706796
62722203
62729820
62730948
62735764
62753174
62754229
62765713
62792212
62792360
62799171
62803645
62810720
62817687
62826227
62828009
62832115
62850569
62859571
62872477
62872578
62875656
62882326
62885008
62886347
62886603
62890767
62896612
62897989
62900811
62906214
62916860
62920623
62928508
62929184
62932358
62940134
62942999
62944324
62951888
62964961
62986074
62991179
62998616
63009166
63012557
63014143
63017412
63026849
63028582
63033943
63046453
63060479
63062703
63066189
63066253
63095087
63096438
63102296
63133555
63134189
63134957
63152520
63153042
63156150
63172428
63187191
63190738
63191827
63206433
63208918
63210647
63236229
63259466
63273562
63286047
63287869
63288689
63298983
63301083
63306630
63316103
63319763
63339771
63341138
63347490
63361208
63365353
63370592
63390453
63392815
63397510
63408596
63409916
63410609
63413358
63413414
63414127
63416105
63442902
63443452
63444342
63448777
63449496
63450812
63456744
63456994
63459456
63467091
63468399
63475423
63475714
63489565
63512974
63514668
63517147
63517395
63518806
63537551
63539495
63545683
63547362
63562408
63563819
63586804
63591254
63593509
63602136
63623545
63640210
63643336
63645266
63658851
63670414
63671384
63685934
63691867
63692422
63696528
63701428
63703477
63711634
63720251
63740752
63749930
63775313
63783318
63784053
63794042
63800522
63812623
63812632
63815195
63815374
63818875
63821748
63822938
63825785
63827218
63854645
63858247
63860141
63879990
63892282
63901637
63919067
63919531
63920634
63925176
63926442
63943955
63952340
63952371
63973550
63978402
63987969
63988766
63991109
64000389
64001673
64005360
64017816
64031066
64032319
64037204
64046253
64053923
64061551
64064477
64072042
64078266
64092957
64104247
64106291
64115527
64119686
64119970
64120886
64121089
64121153
64121638
64130644
64147747
64161378
64176095
64183320
64185572
64189248
64195091
64195663
64207825
64219130
64224285
64232891
64245853
64257207
64268817
64270276
64275269
64276730
64288049
64297579
64300531
64303615
64307773
64332409
64333873
64343274
64348585
64370380
64378708
64379355
64386565
64392130
64398161
64401121
64406250
64411376
64413156
64416236
64418498
64421498
64426680
64446046
64451868
64476313
64480143
64481197
64491238
64491862
64509023
64515598
64524511
64537248
64545325
64549911
64558974
64564387
64567154
64568967
64576390
64586026
64586446
64594166
64597797
64600565
64605047
64614678
64615611
64620386
64623642
64626730
64627928
64630466
64630912
64639150
64642411
64648076
64648283
64679463
64699998
64720629
64724716
64725329
64726383
64741275
64741418
64743003
64749692
64752417
64754744
64777809
64782157
64785588
64790737
64796640
64828493
64837903
64840963
64847370
64848404
64850247
64854162
64865556
64866048
64875303
64879202
64885358
64912362
64918403
64920983
64926366
64943470
64943795
64955806
64962875
64967905
64980174
64980208
64984123
64986081
64987169
64999488
64999866
65005430
65011547
65019743
65026543
65032012
65034739
65048204
65048972
65051318
65073168
65077035
65084516
65100687
65104660
65106097
65106602
65108251
65114086
65118744
65142585
65145397
65150613
65161823
65167445
65167846
65168268
65175386
65190693
65194100
65198642
65200679
65221649
65222301
65225577
65229748
65236919
65243977
65253607
65262338
65263175
65269559
65298440
65301806
65314046
65323522
65324801
65327103
65331269
65356842
65360223
65361422
65367868
65378907
65384207
65387264
65389777
65398701
65403169
65425952
65435242
65437578
65438189
65444113
65447075
65447854
65449189
65453882
65475023
65481459
65487600
65487954
65493659
65493774
65499135
65499917
65509096
65518895
65523595
65525183
65551511
65552563
65552902
65559229
65573854
65576131
65576824
65577422
65585318
65594835
65612254
65652671
65654847
65656284
65664809
65666133
65670952
65673549
65684189
65685007
65687289
65690191
65696086
65699647
65721544
65723474
65732915
65735053
65750107
65753529
65783086
65786499
65793155
65802175
65807693
65809491
65823111
65831652
65838083
65849074
65856306
65891417
65891802
65901691
65902444
65902687
65911061
65922260
65939586
65948151
65966464
65966937
65976915
65978808
65979111
65985078
65986336
65989483
65992190
65999982
66000368
66001410
66004028
66008096
66015879
66019908
66027735
66030110
66037722
66043193
66073896
66089512
66099767
66111512
66120405
66138854
66142722
66157737
66175767
66183078
66188052
66200220
66203749
66208195
66209123
66209287
66220903
66228386
66231042
66244576
66256373
66264066
66264153
66269390
66272857
66276428
66279178
66281578
66289058
66293088
66305603
66318959
66326512
66335672
66338465
66352454
66355205
66360144
66377171
66384567
66414102
66417016
66419260
66421088
66424125
66426371
66430110
66432592
66438709
66438881
66452377
66454696
66469003
66482520
66487076
66489614
66504842
66509448
66531073
66556468
66566908
66567496
66574550
66589192
66596642
66601717
66604740
66619318
66633547
66642363
66648963
66657332
66668534
66669087
66672708
66675415
66693345
66693570
66702827
66711171
66745061
66749297
66766704
66768809
66772706
66777853
66784139
66793579
66794129
66795913
66801313
66809074
66810481
66824776
66833798
66839539
66850473
66851474
66858223
66863425
66868623
66894198
66894262
66896800
66898916
66913561
66918585
66937232
66937614
66937806
66950354
66961136
66977419
66978366
67010829
67014584
67016850
67022392
67029339
67033768
67044585
67047018
67047220
67052378
67070190
67081818
67088836
67092727
67107460
67113521
67116220
67116788
67133809
67137979
67144348
67148645
67154348
67165613
67167313
67171360
67181680
67187212
67189597
67195109
67197823
67205900
67206300
67211174
67213629
67241265
67250249
67267923
67274012
67278255
67279696
67284479
67292966
67302266
67313124
67316318
67322009
67324720
67326529
67328014
67345274
67347573
67361580
67363168
67377917
67393263
67394987
67398570
67398904
67408485
67421756
67421961
67430953
67434055
67448829
67451285
67484817
67492832
67496303
67496758
67498999
67513313
67525952
67526178
67529438
67540323
67541665
67546702
67550529
67559488
67560739
67569879
67574235
67575563
67578099
67583689
67591811
67597493
67613461
67614170
67620168
67627206
67627492
67627975
67637634
67641732
67642424
67645775
67646858
67659975
67674494
67679611
67692819
67698192
67702863
67720376
67739997
67740428
67747225
67747678
67748495
67751487
67755449
67757484
67771258
67772084
67779730
67808674
67846020
67865496
67871047
67871531
67883390
67906014
67912461
67933105
67943186
67950942
67960350
67963338
67968821
67975465
67976905
67978763
67992402
67996760
68016373
68022040
68027418
68034617
68035489
68045817
68049725
68054810
68057064
68063037
68068784
68076721
68078746
68098327
68104114
68109944
68117759
68147964
68166082
68168383
68175743
68177391
68177469
68178452
68184976
68188667
68196554
68197505
68225130
68231620
68232729
68235647
68241065
68250462
68252680
68256024
68298686
68300025
68301617
68312347
68319045
68319152
68322171
68329149
68356769
68362165
68376648
68382778
68389897
68406704
68408357
68409594
68412291
68421268
68424350
68427613
68449858
68457802
68469019
68469853
68489988
68522001
68528438
68530146
68532350
68532895
68561557
68567748
68588165
68588657
68608360
68610398
68615054
68620862
68638133
68641863
68642623
68643146
68647581
68659570
68667316
68667805
68672910
68682579
68698860
68700763
68700786
68703778
68710086
68712130
68712512
68722451
68747198
68751256
68764716
68773158
68776768
68793136
68823302
68823648
68828418
68833407
68843858
68847446
68852649
68876400
68886806
68887474
68890537
68892287
68896775
68901152
68907007
68910430
68914379
68924607
68929900
68936009
68945873
68948829
68961968
68965946
68971330
68983426
68986327
68990243
68996521
68997504
69019790
69026153
69032306
69036903
69043345
69044431
69058392
69073944
69097367
69104710
69129409
69132886
69133690
69133735
69141642
69145274
69147349
69147670
69151399
69161275
69170394
69172204
69172823
69180907
69192466
69198156
69216340
69218608
69237617
69238084
69240660
69249844
69250240
69263643
69277664
69289094
69290870
69305270
69312764
69313045
69313787
69314686
69317718
69319568
69328734
69329371
69338866
69341950
69351744
69352371
69357886
69368532
69372769
69373733
69380482
69390403
69391916
69416452
69421383
69429114
69434593
69447044
69452741
69458790
69482178
69485089
69485903
69492220
69505256
69513972
69521002
69523659
69534302
69536709
69549354
69566751
69573184
69573442
69575983
69588887
69606421
69614412
69615696
69617643
69623368
69623736
69637867
69648592
69649598
69653694
69655563
69676784
69677103
69683980
69685058
69685699
69686446
69696968
69709098
69710271
69711307
69718604
69723592
69724226
69724754
69744903
69745800
69750562
69754979
69758122
69759144
69762087
69763812
69767416
69787481
69817391
69821522
69830480
69849445
69859016
69859242
69883242
69899899
69907759
69913057
69914204
69920598
69927319
69931132
69949665
69962189
69979262
69979690
69985091
70001063
70025191
70030019
70033445
70033971
70038899
70047941
70054942
70057079
70063917
70075406
70077588
70092655
70094889
70097154
70099731
70106430
70106887
70107375
70108168
70109586
70116045
70117819
70123166
70126292
70131407
70131797
70135953
70139551
70141594
70145020
70150921
70167258
70169235
70171868
70173588
70174526
70175349
70187163
70189409
70190771
70191007
70196499
70199405
70212003
70216185
70251966
70254265
70264291
70278266
70292613
70295261
70296438
70298072
70302060
70306051
70316026
70322152
70323410
70326217
70337453
70338431
70341413
70345257
70348242
70357937
70365108
70371123
70373481
70381717
70382303
70384233
70384418
70391399
70391840
70404850
70410591
70420050
70421002
70436391
70443264
70450162
70465214
70475297
70485509
70488725
70496861
70503879
70508654
70511159
70515045
70534164
70557401
70558664
70562146
70563671
70576482
70584619
70590645
70595375
70609085
70609251
70613264
70618108
70624910
70625135
70626484
70632679
70635383
70637659
70649585
70650245
70661231
70664265
70674057
70677415
70680051
70691270
70693077
70693882
70698819
70699402
70702726
70717669
70717731
70722186
70725977
70727159
70741403
70742990
70745222
70755895
70760255
70760502
70763150
70766155
70769205
70773570
70776410
70777737
70796086
70814022
70845946
70848778
70854502
70860536
70865018
70877830
70880222
70885530
70888727
70889095
70889445
70897955
70937856
70940156
70947176
70948875
70948950
70963542
70969350
70972948
70981375
70987724
70989638
71003316
71017447
71019032
71019113
71028414
71033485
71033652
71034199
71035153
71039982
71042490
71049094
71062116
71063708
71072902
71075508
71082570
71088883
71089846
71090383
71091120
71093180
71132947
71138743
71140784
71151551
71165987
71167805
71188321
71198680
71206251
71216936
71221473
71232693
71243336
71245312
71250245
71257980
71265210
71267533
71271964
71273072
71276450
71284579
71286219
71292512
71295710
71296053
71297164
71302099
71316023
71317716
71324949
71331075
71350451
71358016
71358204
71359431
71374299
71376821
71378007
71379500
71380799
71383808
71398467
71403721
71410652
71421880
71426318
71434666
71438158
71440793
71445928
71475630
71479457
71481331
71501198
71502339
71504145
71506682
71506961
71514610
71520979
71527091
71529360
71529461
71530584
71532595
71535148
71538909
71547600
71548243
71551302
71551973
71554295
71556796
71557127
71561984
71568477
71575373
71577055
71584153
71587690
71597673
71599032
71602965
71633390
71636909
71647424
71648694
71649129
71650241
71658045
71658752
71661475
71664366
71675549
71682686
71720408
71729747
71734083
71734314
71736246
71737232
71737536
71739875
71747749
71753210
71756098
71758503
71777372
71777621
71780713
71792703
71793315
71815480
71816101
71817555
71825768
71834272
71845690
71846018
71855856
71861854
71862350
71868675
71872690
71879687
71883197
71883810
71890341
71900304
71908354
71913700
71916353
71919534
71938332
71939720
71952500
71952734
71972625
71973735
71985904
71987647
71991093
72023935
72040626
72041035
72042895
72047636
72057663
72059748
72074582
72083918
72087985
72094634
72097340
72097645
72120751
72126588
72138559
72141525
72142334
72146986
72163192
72164784
72184497
72207650
72241018
72283672
72283750
72287090
72289355
72295203
72298430
72303685
72318449
72319843
72320975
72322474
72322705
72322920
72325960
72329528
72334579
72340723
72347380
72356254
72357366
72358741
72396189
72399183
72399605
72411304
72414714
72415216
72424395
72430933
72437011
72442594
72460969
72506524
72509196
72510144
72524843
72537075
72543967
72551451
72572085
72582683
72593421
72595575
72595885
72606407
72607127
72626021
72637744
72639837
72651368
72670585
72679923
72681667
72692973
72721801
72722020
72724790
72733982
72737252
72738373
72744631
72745165
72750102
72751629
72752923
72759514
72760523
72766158
72772152
72776154
72778436
72780038
72790969
72806395
72818554
72825203
72826297
72827788
72828712
72830744
72834125
72857170
72857820
72860340
72867226
72867627
72869700
72869967
72871340
72888225
72899290
72901493
72902091
72904859
72904872
72909062
72910819
72917419
72923182
72953503
72962024
72964624
72969484
72976538
72980371
72982444
72985518
72989975
73014749
73017881
73018257
73018818
73022947
73031332
73058740
73076473
73078773
73083255
73113244
73131825
73134950
73144430
73147094
73148538
73148741
73152592
73154759
73173548
73174242
73179463
73190796
73191072
73195701
73197267
73211148
73215091
73217235
73218239
73221307
73222042
73225305
73230512
73233297
73238601
73239224
73243537
73253259
73256064
73260785
73262754
73265898
73268514
73269465
73269574
73281416
73281830
73283275
73293292
73308237
73312213
73315567
73316605
73317693
73322366
73325848
73328273
73336144
73352534
73362948
73365395
73378274
73387798
73388231
73412310
73419921
73420453
73430755
73438666
73439424
73449829
73467808
73468004
73469666
73482908
73486906
73491169
73491765
73506745
73512011
73519799
73521646
73531162
73534969
73535886
73544687
73552290
73553321
73556296
73557863
73559119
73563056
73563717
73566230
73570304
73575496
73604706
73608555
73610184
73614158
73617544
73618760
73625284
73630331
73645571
73650557
73651817
73661787
73687679
73691045
73700318
73701249
73710406
73714247
73715300
73716225
73716533
73720196
73725482
73727941
73737767
73739184
73739692
73743300
73756970
73764779
73769986
73776577
73778543
73799220
73804021
73815659
73827509
73828429
73839777
73844391
73853704
73855387
73866949
73872925
73876180
73896899
73908655
73911788
73914528
73914946
73917671
73919218
73925880
73930873
73936117
73943897
73951469
73961901
73975160
73976930
73980133
73984452
73991094
73991843
73997773
74012861
74017170
74020049
74020189
74048164
74057344
74059769
74066038
74066770
74072855
74076293
74079911
74080047
74083031
74087246
74089296
74106629
74112908
74116809
74117586
74123746
74123969
74132068
74157350
74168470
74171887
74181108
74181345
74187359
74190845
74191823
74200791
74203882
74205594
74214874
74231521
74234676
74251974
74254661
74266984
74267999
74274842
74279465
74291012
74293660
74307329
74308606
74315325
74321375
74331832
74332460
74337838
74339761
74340587
74345485
74350495
74357770
74358612
74361314
74365045
74393970
74399583
74399679
74411032
74413187
74426571
74443883
74457412
74458143
74479856
74481331
74489043
74492668
74496558
74505129
74515107
74523203
74525007
74527717
74536779
74544074
74554899
74555217
74556764
74574110
74576492
74584876
74589647
74600931
74604971
74618247
74621341
74623551
74627387
74629734
74632732
74633620
74634170
74649373
74651149
74653963
74664809
74673570
74676474
74686165
74687451
74693559
74698344
74705997
74720079
74721355
74735426
74739267
74742534
74746118
74746861
74747417
74748134
74748853
74752849
74758506
74760011
74763324
74764614
74768395
74770889
74780656
74785538
74789609
74789812
74796617
74820654
74832954
74849866
74850931
74851713
74858085
74858921
74867452
74869921
74887258
74900548
74920766
74928225
74932095
74939754
74940583
74942451
74945004
74954040
74957643
74964948
74967181
74970426
74972930
74983708
74991999
75001126
75008463
75013649
75016638
75021055
75037345
75056650
75069586
75071825
75077039
75080558
75081157
75081827
75090894
75094268
75105784
75107334
75111006
75119334
75126236
75133863
75144838
75152685
75160564
75191467
75194337
75201904
75230447
75232923
75234914
75238776
75239781
75259727
75261972
75262828
75263604
75275590
75276710
75284823
75286660
75291609
75325475
75348133
75352480
75353560
75355375
75358531
75359962
75370106
75388117
75389651
75418531
75426417
75439233
75441047
75445848
75460309
75476347
75477168
75478730
75494451
75502680
75508996
75528574
75531206
75534063
75535428
75538679
75549702
75551538
75560416
75573480
75581784
75583102
75592877
75616794
75618864
75621524
75633636
75634497
75642707
75643337
75645391
75650732
75663795
75666116
75670803
75675226
75681646
75683438
75688898
75693321
75696605
75696864
75698785
75699015
75714834
75726631
75757671
75765403
75767562
75773800
75779501
75788729
75794679
75795617
75800156
75807174
75809054
75819132
75834603
75842625
75843748
75861170
75862111
75866681
75872101
75873051
75875280
75884177
75884517
75885789
75891139
75894901
75898236
75901477
75906242
75915322
75918811
75937029
75941840
75941872
75977979
75993502
76001304
76005919
76006799
76019261
76021857
76022921
76029369
76036256
76039269
76045274
76053893
76054085
76054918
76057924
76058947
76059034
76061649
76061919
76069040
76081598
76082035
76083328
76084881
76113233
76119040
76129494
76137105
76146431
76151242
76152853
76157354
76164250
76166764
76169059
76177805
76184306
76185211
76190509
76191862
76219913
76231303
76238956
76247499
76251391
76262971
76265562
76288314
76289849
76294853
76295725
76297658
76297822
76300505
76303281
76305706
76310902
76320222
76336841
76336992
76338535
76340740
76355811
76356124
76375213
76379528
76390474
76413759
76419559
76419680
76434828
76441473
76442433
76445443
76447735
76449957
76468192
76470873
76471424
76472320
76483359
76495749
76496329
76496580
76497773
76506161
76506774
76522402
76548655
76553905
76561655
76568067
76576253
76577366
76578585
76586197
76586827
76587151
76588432
76604641
76606154
76606229
76610372
76611263
76615435
76638895
76652577
76654648
76661748
76662306
76672044
76673165
76677480
76701272
76705647
76707656
76712042
76716056
76723563
76724428
76758740
76759721
76762683
76762810
76766248
76770540
76773876
76775347
76776115
76777075
76777298
76785830
76786784
76790401
76793329
76801145
76802672
76816510
76819634
76830824
76838770
76854888
76861655
76868423
76874309
76876386
76878943
76899139
76915642
76919432
76925993
76934536
76936023
76936532
76951931
76956828
76961743
76964982
76965226
76979529
76980226
76983691
76989353
76989694
77005067
77034296
77048281
77051472
77056309
77068177
77074560
77075397
77110610
77122559
77124018
77152826
77159962
77179015
77180656
77182635
77191158
77193654
77194297
77196612
77199588
77206057
77210141
77212560
77221047
77221326
77224445
77227657
77229373
77240888
77245576
77254170
77264613
77266202
77271668
77273911
77274914
77279156
77284640
77289522
77290674
77308793
77311628
77311915
77314148
77315328
77323117
77326112
77326362
77356651
77358879
77365098
77371748
77388659
77389675
77395071
77395419
77400219
77419627
77423310
77425175
77436910
77439300
77445382
77457209
77457994
77469702
77469883
77482371
77484179
77489447
77498355
77498933
77506074
77507928
77513055
77513901
77526439
77541735
77542257
77549933
77589244
77596976
77615450
77630568
77636200
77638303
77667172
77683683
77706067
77735041
77740530
77760534
77769583
77771671
77779218
77786441
77802563
77804428
77810474
77824985
77838136
77839353
77840685
77845040
77847062
77848462
77857966
77859247
77861900
77867233
77880983
77881877
77903497
77910561
77919397
77931329
77934771
77951953
77955772
77962681
77966404
77970313
77979365
77997245
77998420
78012429
78012446
78015424
78017241
78029218
78049737
78053043
78055166
78059912
78075706
78082387
78095270
78096837
78104820
78105127
78132620
78133814
78136371
78140915
78141898
78142994
78145071
78147467
78152914
78154159
78189829
78191604
78191690
78209078
78230807
78248462
78261198
78263292
78265452
78267806
78269111
78288505
78294591
78300614
78306621
78309120
78314265
78315219
78332029
78335734
78344766
78349537
78353206
78359933
78363785
78364792
78386826
78387109
78388046
78401740
78420882
78425183
78425364
78441548
78450803
78451498
78459665
78462321
78464174
78470270
78474022
78476943
78500564
78501048
78504282
78504400
78512355
78515591
78516164
78519161
78549750
78550678
78571298
78575477
78576175
78577636
78590406
78594679
78595878
78598189
78607718
78618831
78622560
78635475
78644406
78648147
78652275
78657955
78659535
78676492
78699810
78703280
78703776
78724256
78726273
78727074
78730673
78731227
78742596
78748565
78750766
78756245
78761588
78762289
78766378
78786540
78788268
78796961
78832692
78851637
78866831
78871053
78879166
78900038
78931255
78933157
78949293
78985882
78986570
78991138
78999652
79004475
79004568
79007098
79012497
79016281
79024515
79030613
79034362
79045214
79046987
79051511
79064517
79065752
79070314
79090422
79098587
79100192
79129348
79134561
79134621
79140225
79141849
79148257
79158261
79164699
79167523
79204788
79207424
79226542
79230242
79237555
79238977
79246143
79258053
79274789
79279217
79309480
79312640
79322324
79323251
79332220
79342608
79343890
79344391
79357899
79372117
79376770
79387644
79387667
79388045
79419206
79429155
79446845
79458736
79460206
79462453
79473652
79481937
79488157
79488689
79499892
79502966
79505078
79511332
79531429
79548183
79555758
79567889
79576707
79584839
79598913
79602781
79623211
79626165
79642697
79669143
79669898
79671294
79673362
79676715
79686728
79688784
79692861
79696453
79697360
79701921
79704359
79724453
79738948
79743524
79754255
79754776
79757711
79759140
79759169
79760188
79764584
79767809
79775388
79780225
79780656
79787569
79790394
79792187
79793163
79800505
79803171
79816409
79828781
79841888
79845656
79846013
79854532
79864885
79869565
79872116
79880200
79890516
79911060
79924424
79937983
79947926
79949290
79954465
79956527
79960511
79971750
79973849
79981887
79982728
79983686
79985029
79995424
80000200
80012750
80022167
80024307
80036816
80063672
80091599
80098237
80109621
80112406
80119747
80130833
80145487
80145568
80150843
80151977
80161608
80183526
80190124
80193739
80205432
80221066
80226752
80235195
80246862
80252689
80257115
80258575
80258634
80271541
80272930
80274525
80307147
80307302
80308064
80309699
80318286
80321371
80331267
80331797
80334758
80339488
80340736
80350933
80364543
80372069
80375436
80389713
80390799
80394584
80407147
80407659
80413426
80421093
80431071
80432702
80435816
80440057
80442880
80452600
80457636
80458763
80465469
80476578
80489727
80491109
80493011
80494117
80500237
80503247
80507705
80509327
80512988
80516910
80527186
80527271
80546567
80549338
80558742
80563004
80564658
80574470
80575901
80577742
80580116
80582172
80593059
80601077
80601730
80608532
80623543
80633001
80637120
80638594
80641087
80647369
80650188
80652216
80652367
80659317
80678038
80695638
80699037
80699744
80709721
80711658
80712153
80724891
80730141
80730274
80731673
80733817
80744108
80756041
80756541
80770693
80771908
80780446
80782059
80790290
80791780
80810095
80828095
80831672
80832897
80843248
80853267
80864606
80865207
80867721
80868016
80893015
80900011
80901420
80905177
80917807
80929847
80929963
80956165
80978285
80983448
80987524
80989782
80991383
80992238
80996070
81008573
81028059
81033432
81036810
81037657
81039677
81040837
81050595
81086726
81088585
81093038
81094626
81095123
81095295
81099124
81100419
81112051
81126710
81128207
81132000
81135913
81156857
81157688
81159790
81161065
81162908
81163384
81184726
81242216
81253563
81258368
81262323
81269776
81292472
81300296
81308184
81317394
81325777
81340885
81341108
81346723
81364644
81388118
81395920
81415945
81420628
81423585
81427985
81429146
81437663
81438787
81439404
81441655
81450936
81455401
81476520
81477619
81479833
81496716
81499183
81499905
81510137
81512864
81519572
81520332
81528545
81528984
81550937
81558778
81572740
81574892
81596498
81600198
81607117
81620904
81622947
81626123
81628210
81629123
81629328
81645482
81651585
81655802
81657328
81657375
81657543
81661999
81682011
81682486
81685590
81688354
81717296
81738023
81746598
81758094
81764047
81766749
81770814
81784320
81794081
81796585
81797461
81817341
81818307
81818725
81821301
81821452
81831570
81840204
81847291
81854361
81855038
81855803
81870276
81874819
81880540
81880574
81882713
81882876
81887289
81890736
81902140
81905122
81909103
81911675
81913617
81914616
81932774
81934080
81938783
81941843
81943063
81955698
81964404
81966887
81975485
81997536
82021237
82030396
82039362
82040984
82048550
82054584
82057432
82059756
82060725
82067886
82067992
82088577
82094964
82103078
82114169
82116735
82118760
82128861
82131224
82134126
82134496
82138349
82158133
82174893
82177088
82179639
82192423
82195314
82220357
82222859
82229182
82233211
82234761
82243796
82245561
82279178
82292441
82301390
82311723
82317610
82318955
82348302
82352595
82372994
82377179
82377539
82377995
82378795
82402792
82403782
82424942
82435473
82446534
82448499
82453017
82456848
82459355
82465412
82474390
82495055
82502528
82505941
82513303
82514901
82517617
82533880
82539632
82560084
82568935
82576526
82579876
82581619
82589670
82600992
82603143
82608985
82611503
82627233
82627320
82640177
82640474
82651043
82685405
82704427
82705665
82708026
82721168
82722682
82727953
82728719
82737090
82738366
82739614
82745312
82746766
82749669
82749991
82750435
82750596
82758152
82763110
82773336
82799505
82809194
82813961
82825074
82835633
82837808
82851254
82854040
82864663
82864904
82889669
82889737
82895680
82908843
82915001
82925015
82932247
82941979
82947658
82954207
82959878
82960622
82973817
82986187
82991941
83001671
83013986
83021950
83022467
83029886
83035660
83038035
83039870
83046512
83052474
83061837
83071586
83079421
83085728
83095446
83098533
83099879
83120148
83126148
83132508
83144177
83156523
83172222
83175080
83180373
83196247
83215202
83230890
83233276
83242701
83243146
83245454
83248747
83250966
83263252
83272217
83272721
83275312
83277525
83278712
83284232
83292359
83292472
83309905
83323247
83343164
83350996
83356911
83389338
83393601
83400265
83406818
83411581
83422844
83429155
83433338
83437226
83452983
83454855
83461435
83466954
83467352
83469324
83476757
83481792
83486640
83493084
83503137
83521703
83548551
83554328
83557801
83566606
83574674
83581546
83583490
83599393
83607879
83623198
83632866
83652461
83671492
83675779
83681534
83686973
83687074
83693881
83708938
83709110
83711561
83713043
83717607
83722051
83739514
83743026
83744400
83748490
83759696
83761585
83763366
83764502
83782030
83788939
83797484
83801189
83811861
83811876
83813856
83829585
83829703
83839446
83847035
83865233
83886010
83897355
83899291
83900259
83902056
83902517
83908941
83912750
83915098
83919824
83930044
83936781
83941871
83941889
83949243
83949386
83961099
83977362
83977664
83979616
83995647
83998228
84016288
84025581
84025803
84026592
84029116
84032771
84043355
84050687
84066239
84078126
84082118
84082734
84088561
84090487
84119773
84125619
84125651
84129223
84140971
84143777
84146405
84149183
84157176
84179658
84195892
84228135
84231469
84234696
84242165
84250005
84250571
84255278
84260253
84262234
84262603
84263242
84285201
84289321
84291960
84293304
84294225
84299267
84305025
84306420
84310924
84318907
84320517
84320848
84320902
84325660
84326650
84337096
84339252
84342118
84346571
84357877
84373968
84388362
84402699
84410838
84420554
84422804
84423392
84424931
84430598
84435504
84445606
84468593
84469814
84476491
84489024
84490764
84502310
84505616
84506521
84509726
84511789
84515860
84516152
84523524
84529532
84532372
84536142
84544010
84546079
84549810
84557123
84561961
84567668
84570725
84575741
84582998
84590845
84593469
84601651
84602624
84606089
84619194
84619652
84629020
84638824
84643724
84648124
84652736
84655279
84662700
84671142
84671317
84691625
84692101
84692977
84693732
84704631
84712458
84712653
84716714
84725686
84730303
84735210
84736198
84745015
84754246
84755448
84760212
84763673
84769301
84774272
84776306
84776810
84782116
84785394
84790980
84791867
84818117
84820874
84825709
84830981
84840108
84852479
84859646
84862919
84869805
84872644
84879918
84885249
84895079
84899123
84906950
84914715
84917775
84920140
84925768
84928781
84932551
84940487
84940591
84943315
84945793
84958015
84982875
84985728
84990380
84994677
85007043
85017030
85017416
85020214
85027066
85034810
85041948
85042360
85044211
85054314
85061014
85063212
85067594
85085500
85095023
85117061
85119660
85120677
85129438
85136367
85149359
85151221
85165630
85167143
85173604
85175503
85179761
85190114
85194433
85208516
85219593
85220198
85229632
85230435
85230667
85232661
85236780
85242486
85245390
85246384
85253071
85257875
85258122
85274175
85277208
85282755
85299864
85300795
85306504
85307035
85310225
85325330
85325975
85326811
85329340
85329725
85339645
85341350
85354510
85356608
85356943
85381687
85391248
85413290
85424509
85425971
85432633
85436552
85438238
85445176
85449848
85451051
85457199
85457466
85470036
85485889
85491241
85496863
85504039
85508601
85510895
85513486
85520515
85544165
85551093
85551709
85553985
85555771
85567809
85568655
85572007
85580108
85605840
85606815
85613670
85624134
85637818
85641321
85645124
85645198
85646525
85646989
85657168
85659600
85677936
85678503
85680349
85684819
85686363
85688934
85697269
85703471
85713723
85714942
85718062
85724382
85751311
85765140
85767078
85770452
85778584
85783693
85795751
85800525
85803714
85823230
85824344
85832417
85834864
85838373
85842111
85845415
85860334
85861437
85879514
85901613
85910871
85914296
85932723
85941335
85950414
85956307
85974611
85983478
85991326
85991407
85996001
86004908
86016661
86022622
86024831
86033805
86036394
86042965
86047403
86083382
86085432
86110152
86112939
86129407
86133893
86137366
86152646
86156774
86160479
86162348
86163935
86166803
86167174
86169018
86172810
86175297
86179271
86193848
86199623
86202053
86210079
86223700
86231417
86235734
86245129
86255349
86259488
86291885
86293389
86294219
86300953
86309538
86312759
86320305
86322131
86344914
86355462
86372041
86379614
86383638
86384375
86397345
86401874
86401903
86402451
86408613
86416903
86422724
86432464
86435085
86447981
86448852
86450061
86457050
86469307
86475580
86507761
86514158
86528077
86536792
86537786
86540069
86556526
86557415
86560685
86567595
86578170
86580395
86584130
86595118
86601388
86607503
86609661
86615541
86638182
86653587
86653750
86657214
86658435
86666633
86677355
86684365
86704048
86708214
86720512
86721879
86726291
86738544
86741997
86757478
86758820
86761759
86767573
86768408
86772281
86780899
86783497
86793393
86802197
86802541
86803191
86809263
86813566
86825649
86828794
86829102
86830857
86833903
86836055
86837324
86857755
86858485
86859236
86861626
86876602
86884727
86885675
86894740
86906672
86908259
86913399
86915024
86921027
86923052
86924820
86934767
86947775
86972905
86989552
86991387
87000823
87009248
87010113
87012298
87022645
87032927
87043895
87047405
87048068
87048528
87053162
87059665
87062168
87063260
87077284
87084488
87085159
87086793
87092756
87094524
87098800
87128302
87137983
87140096
87149204
87150147
87158452
87165456
87172981
87177894
87178106
87179496
87190828
87199387
87203184
87205247
87211196
87221566
87221758
87235264
87242699
87250976
87257093
87264266
87285083
87285421
87290455
87293296
87297098
87300544
87320722
87333935
87338413
87345816
87348994
87352458
87354746
87358357
87369803
87384732
87392766
87404125
87410201
87412132
87419414
87421243
87431657
87440878
87442690
87454816
87461932
87476663
87481650
87489480
87500120
87506005
87511313
87521622
87521696
87522807
87539975
87540608
87550301
87552600
87566788
87573774
87574342
87574759
87586431
87592382
87596881
87597178
87606094
87617754
87621698
87626357
87632229
87647000
87647595
87663507
87665943
87670891
87675598
87686024
87697350
87703488
87716548
87743179
87743751
87759836
87762578
87770689
87773355
87774342
87775111
87775465
87785130
87786623
87788116
87793668
87795587
87810774
87819522
87821875
87823832
87840212
87849788
87865976
87866230
87866807
87868061
87872218
87874264
87885769
87893694
87895068
87910023
87911154
87915175
87918648
87937117
87942392
87947756
87955239
87956745
87958489
87963315
87969565
87969787
87971341
87973217
87975206
87981945
88005695
88007394
88012118
88029057
88043010
88043937
88044012
88049164
88097250
88105232
88106706
88109523
88116394
88120958
88122386
88130922
88134633
88140435
88148059
88153644
88160708
88172896
88182417
88184795
88187848
88190065
88192480
88192853
88218334
88236997
88241835
88253228
88253283
88262061
88263347
88274174
88277888
88279334
88285096
88287765
88290022
88303133
88306879
88310363
88315598
88316499
88318645
88324903
88342544
88344558
88371302
88386263
88396194
88396608
88433375
88435209
88436355
88443433
88443759
88445534
88453858
88460542
88464192
88470071
88491023
88509945
88510782
88517539
88520823
88526610
88539785
88542048
88545227
88545479
88546347
88548812
88549213
88553190
88558569
88567008
88572702
88583154
88583613
88589875
88595488
88603142
88607192
88613953
88614791
88628627
88630447
88633525
88644664
88658453
88659077
88687435
88697073
88720308
88727393
88738553
88749900
88751853
88769453
88770156
88773029
88780046
88786062
88794317
88796176
88798424
88800824
88809283
88824634
88839486
88841133
88843337
88850001
88851113
88851599
88862767
88876031
88877919
88906666
88921961
88924525
88932548
88935060
88940892
88945443
88956907
88968874
88972258
88973758
88987066
88989858
88993348
88993987
88998552
88999690
89013724
89027008
89032921
89050282
89053795
89084421
89085202
89086169
89096799
89097156
89097585
89118134
89122572
89127306
89157672
89161730
89164985
89166703
89167900
89194749
89196865
89205029
89209311
89209763
89209787
89210602
89215490
89219747
89222663
89227207
89246147
89247426
89248266
89248882
89249269
89252435
89260639
89260819
89264462
89274624
89277686
89278259
89300077
89305043
89310142
89360676
89372852
89377994
89379745
89382518
89382771
89384500
89397920
89402724
89402800
89403410
89412462
89418137
89427582
89427878
89432808
89433135
89434964
89437094
89438895
89439994
89441545
89446993
89448367
89452282
89457008
89480321
89488570
89493870
89497477
89513123
89514518
89520462
89521986
89529675
89530146
89546589
89578253
89581579
89585611
89585909
89593652
89600860
89618955
89623522
89627942
89628116
89633893
89638917
89654140
89670109
89670146
89677493
89678756
89688708
89692556
89695524
89728687
89739246
89740058
89747275
89749054
89749181
89750540
89755308
89759203
89761158
89764687
89772722
89814919
89816335
89823993
89825984
89828128
89839933
89856802
89880588
89885036
89902408
89904275
89916353
89917145
89930734
89932262
89935411
89943230
89968379
89971424
89977853
89980162
89982434
89982529
89988172
90002797
90003105
90024526
90045641
90049533
90056277
90056590
90062838
90070050
90072700
90078293
90082108
90086385
90088986
90090264
90091361
90096059
90107922
90111385
90115681
90119553
90125292
90130941
90144356
90146281
90153044
90159649
90189052
90189227
90223371
90227910
90230314
90237735
90248063
90253294
90273476
90281933
90285582
90289923
90294789
90303588
90308930
90312099
90314081
90315096
90318250
90318685
90331625
90342990
90349626
90354357
90387456
90394332
90395832
90396030
90403106
90404441
90411668
90419074
90435432
90437298
90444689
90461940
90470678
90472231
90472466
90479532
90481970
90484950
90485225
90492875
90499559
90500776
90506647
90513269
90517234
90544464
90559689
90563984
90572920
90578092
90591846
90597009
90600790
90602794
90626891
90642065
90652732
90654084
90660385
90665832
90673593
90677796
90682662
90697358
90699420
90710095
90715609
90730248
90735075
90743764
90759396
90764601
90772814
90774026
90782119
90791214
90812605
90827764
90837017
90846208
90856365
90871917
90887418
90888348
90890938
90908987
90912452
90927802
90935888
90950786
90951444
90970327
90979046
91002953
91003151
91005733
91006724
91009146
91011479
91014717
91016682
91017237
91023943
91024650
91036794
91041635
91053668
91058648
91059922
91062252
91071823
91075719
91076163
91085591
91086409
91104673
91114722
91118044
91124800
91127263
91130148
91139612
91162677
91165729
91171694
91180718
91181267
91185651
91191628
91202402
91205096
91206280
91207870
91213890
91220067
91255720
91257896
91266975
91271740
91282275
91309599
91343880
91349645
91359055
91363128
91372854
91380820
91383140
91383362
91392569
91401087
91406581
91407226
91407326
91410421
91431666
91438419
91459305
91462595
91466470
91477351
91480098
91486228
91489945
91493136
91499730
91516758
91520298
91521092
91522452
91525412
91537901
91547122
91574481
91576032
91578565
91584315
91590089
91590662
91593375
91597379
91606610
91612988
91613346
91619127
91626593
91631212
91649782
91656043
91663344
91665908
91667836
91670210
91671642
91671761
91685349
91691935
91707633
91716820
91723944
91740499
91747002
91748818
91752314
91775016
91777210
91784279
91798865
91806970
91811762
91814159
91817510
91817828
91831851
91834380
91844425
91846748
91852951
91853604
91855534
91870154
91883002
91888523
91889082
91898245
91900063
91903005
91912660
91915193
91931223
91937902
91941908
91942145
91942768
91943223
91950803
91953030
91953591
91957312
91961585
91971294
91974243
91975123
91994240
92001785
92002029
92004766
92012406
92024714
92027872
92040776
92045854
92060627
92061326
92063295
92063427
92065806
92095517
92099823
92102498
92105268
92116796
92117321
92119908
92123220
92134755
92134762
92135341
92162402
92165472
92166525
92170545
92200953
92205184
92205993
92227900
92234707
92249970
92254946
92256361
92266524
92272110
92278471
92281214
92281311
92281954
92317944
92352316
92353393
92359263
92369048
92372536
92374222
92397690
92402181
92402679
92412380
92444036
92445097
92445835
92454383
92455114
92455801
92461116
92466652
92487177
92487952
92496590
92499973
92516902
92527543
92535350
92540349
92541736
92544036
92545797
92550787
92567744
92574802
92584061
92596613
92598328
92604083
92612123
92615396
92618825
92618986
92619657
92622122
92624823
92631152
92633661
92638334
92646641
92648792
92653031
92655324
92659672
92673998
92680350
92693355
92705670
92708976
92710074
92715338
92717065
92725063
92726637
92731052
92733014
92756120
92757638
92761285
92784817
92792315
92795760
92818147
92836447
92845044
92857757
92862746
92868157
92879679
92882506
92901055
92903772
92919731
92937567
92950417
92952253
92963245
92972290
92979147
92983332
92986496
92989336
93009399
93013564
93016755
93023216
93039288
93044539
93047850
93053387
93057146
93059808
93073665
93074911
93084460
93097426
93099363
93115287
93120497
93129467
93146321
93146686
93147408
93149988
93151153
93157240
93171147
93171981
93202051
93208357
93216356
93224832
93232267
93245898
93248877
93248963
93250280
93260586
93291500
93293694
93323639
93326283
93326652
93331683
93334369
93336214
93336827
93339183
93342180
93345796
93350568
93350817
93370483
93371157
93377858
93385672
93392900
93403582
93404090
93405519
93409587
93415188
93418348
93432520
93445292
93450743
93455690
93474544
93481420
93490422
93510838
93518927
93529872
93550168
93551059
93556697
93575923
93579092
93582142
93585441
93589222
93591295
93609070
93611788
93629361
93637945
93639742
93645679
93659016
93665303
93665871
93666073
93667142
93671133
93672909
93679905
93682865
93684914
93698417
93699364
93714627
93726591
93743215
93754478
93772037
93773006
93781695
93782456
93786404
93789604
93794441
93796303
93804745
93807486
93812088
93814644
93819412
93819519
93833711
93834193
93834453
93837449
93848565
93870470
93871523
93881492
93898417
93906342
93919434
93930423
93930614
93931579
93941131
93945390
93945813
93952304
93957468
93959650
93961346
93969833
94005837
94020761
94040583
94049606
94049929
94053109
94078467
94095030
94102182
94109867
94117580
94123433
94134279
94137003
94138528
94144908
94147719
94156662
94179347
94181411
94183065
94189395
94192735
94195205
94196847
94207771
94224732
94232942
94237242
94239834
94244471
94246653
94265611
94272300
94297377
94306277
94307648
94320245
94330081
94330839
94342287
94355203
94356286
94365099
94365722
94373047
94386702
94397576
94400102
94403516
94405900
94411087
94419069
94421709
94430115
94449110
94468837
94470199
94472937
94475236
94491368
94498337
94504349
94505261
94509974
94511843
94523658
94534713
94535869
94542797
94557958
94563477
94564935
94567060
94572319
94577247
94596483
94596641
94601034
94616117
94617474
94621676
94624803
94644873
94646175
94652034
94671284
94691564
94698350
94701593
94719276
94723250
94724260
94729091
94734111
94740949
94746792
94754815
94758848
94766258
94768732
94771981
94773050
94778729
94779234
94784313
94795769
94798334
94813216
94814120
94814750
94821673
94827391
94831756
94832972
94833797
94834113
94836802
94836815
94838597
94867873
94867967
94868853
94878325
94891032
94891727
94895715
94898328
94903143
94908269
94909920
94914294
94933181
94953085
94958959
94961721
94965580
94965809
94976318
94977215
94992243
94998035
95001078
95006185
95023946
95026155
95067907
95087145
95093240
95096507
95100361
95102417
95127269
95138140
95143024
95143838
95146577
95147148
95165180
95166050
95173079
95187413
95192463
95195316
95199285
95205209
95222845
95224689
95224851
95228169
95236073
95251541
95260374
95262274
95264964
95266163
95288027
95296535
95303539
95317972
95318374
95329728
95331880
95336061
95337446
95341757
95342340
95343238
95346494
95372266
95377660
95379190
95399569
95405103
95407605
95414074
95419648
95424778
95425745
95425753
95430514
95446583
95448811
95457085
95459667
95460329
95463554
95473427
95485308
95485478
95486696
95487442
95497362
95508477
95512017
95520133
95524480
95524525
95524667
95525252
95525328
95561795
95565211
95579160
95579244
95581251
95582691
95585252
95586154
95601423
95602162
95605742
95606483
95609274
95617019
95618366
95623144
95651052
95663147
95663570
95678499
95679304
95684145
95687982
95691521
95701449
95701794
95708643
95723360
95750409
95751371
95756818
95759469
95764872
95764989
95768475
95769528
95780942
95788410
95791901
95800724
95803950
95807196
95814222
95815351
95828337
95838753
95842231
95863970
95867439
95874305
95882401
95882907
95894196
95894365
95894416
95901876
95919715
95922439
95928937
95943049
95954638
95956469
95963439
95964036
95970549
95978520
96000157
96015102
96034867
96039552
96045000
96054087
96055307
96055351
96065183
96072484
96075123
96098024
96098993
96100280
96103743
96107881
96114904
96117095
96136036
96144530
96153412
96171464
96188577
96195324
96196386
96199099
96201638
96218554
96231929
96252937
96257424
96258545
96265810
96272976
96277117
96277853
96280474
96280744
96285095
96289162
96302692
96333556
96342866
96350209
96351601
96359505
96360537
96360773
96374759
96375211
96378816
96388540
96389426
96396741
96407725
96416295
96426206
96429808
96438379
96439183
96439302
96439377
96452211
96459953
96466767
96473136
96473199
96483975
96499011
96507526
96508329
96509923
96513906
96514293
96522472
96527447
96529104
96530418
96530631
96531235
96542896
96545358
96552010
96554497
96560424
96567499
96580355
96580567
96582486
96584910
96595443
96597705
96603403
96618228
96627397
96628428
96634857
96638170
96645335
96651057
96652961
96653239
96659943
96675153
96682423
96701503
96708110
96708496
96713989
96740604
96742735
96754784
96755295
96756199
96756320
96763135
96766874
96775600
96781724
96787304
96789377
96794364
96805284
96838218
96840627
96854521
96862174
96864564
96874691
96877979
96878217
96884016
96884323
96897037
96910035
96912044
96918516
96921385
96923982
96925020
96927917
96941800
96942401
96945112
96946681
96949792
96955258
96968352
96988514
96991262
96992443
97015856
97039960
97045459
97056470
97057668
97061038
97066413
97071498
97083278
97083507
97088844
97094121
97129168
97135908
97137794
97159679
97172588
97173776
97189922
97190522
97198233
97202095
97207896
97209317
97220371
97222515
97233112
97244824
97251018
97259938
97265024
97266676
97268446
97273764
97279824
97280203
97302620
97330652
97342705
97354784
97369243
97375767
97401438
97405130
97420967
97423916
97424609
97426696
97449764
97454009
97458238
97458578
97496855
97507125
97508778
97509149
97510159
97520802
97531366
97533355
97538745
97552556
97570478
97574152
97587415
97589478
97593548
97595767
97604199
97621123
97656156
97662116
97669000
97672158
97680436
97682529
97720465
97752466
97756606
97767465
97777146
97781717
97798782
97802719
97811402
97811745
97812695
97826648
97832456
97833769
97847277
97852608
97856085
97877305
97886734
97889314
97897157
97898942
97901801
97921917
97938529
97946518
97949258
97949338
97955774
97956191
97957643
97961198
97965850
97966003
97968323
97971284
97972926
97981955
97983509
97990332
97996273
97999655
98010015
98018131
98022538
98028365
98057745
98061502
98062356
98066666
98071302
98073451
98103156
98118396
98118681
98124925
98134561
98134685
98149152
98166083
98169852
98170312
98176405
98180560
98193771
98224384
98229282
98233302
98233524
98239394
98239860
98247810
98274545
98281927
98292209
98293578
98297679
98320772
98324779
98324790
98335078
98343308
98343563
98345011
98346973
98362737
98364026
98364897
98365081
98369852
98393041
98402887
98403724
98403931
98406368
98417325
98420238
98426491
98430679
98432526
98434644
98438372
98444020
98448402
98449011
98449297
98452717
98454739
98461024
98464359
98466901
98478358
98482347
98488630
98498336
98503433
98518806
98522723
98523541
98525243
98535088
98552226
98552535
98553668
98560043
98561881
98570666
98586694
98597525
98600283
98606927
98607499
98610883
98611655
98615148
98616310
98629716
98630190
98646648
98649607
98664209
98691840
98700936
98720772
98727953
98734368
98737508
98737863
98739382
98745578
98748729
98752235
98761168
98762997
98771840
98788673
98788762
98803218
98804627
98806519
98811910
98812393
98830565
98833845
98834178
98835226
98835353
98837602
98849349
98849964
98850812
98854926
98878671
98894095
98931565
98938435
98938834
98950043
98960053
98962686
98971150
98984347
98992937
98998238
99006538
99013673
99016060
99024440
99026815
99056251
99066203
99082019
99082209
99084059
99093670
99096219
99102295
99140812
99143475
99146955
99149730
99151772
99169832
99173131
99175026
99176035
99191403
99202190
99207559
99209326
99212171
99250424
99252237
99257566
99277182
99289269
99292759
99306302
99314443
99322270
99331389
99341273
99348238
99353863
99357269
99370150
99379435
99380627
99388779
99400762
99402085
99404204
99405244
99413291
99416548
99427570
99439834
99445826
99447211
99449775
99453459
99457047
99463846
99465433
99480791
99482018
99492640
99500696
99503221
99527112
99539145
99545729
99546258
99558890
99563030
99594264
99596082
99596166
99603860
99612773
99629682
99637247
99638172
99663100
99675896
99676856
99690408
99701685
99714027
99718684
99752671
99766089
99771376
99778320
99781426
99792679
99792955
99795147
99802792
99822473
99825191
99826447
99833769
99841254
99842410
99843171
99849830
99854768
99858505
99858692
99874581
99896491
99916560
99938077
99940917
99942948
99956308
99974116
99990289
100000842
100013674
100048972
100050955
100052738
100056609
100076530
100086149
100093067
100102811
100105894
100115667
100118482
100120817
100172182
100172413
100175392
100183322
100183875
100186641
100194369
100243501
100253866
100261375
100275183
100279104
100295769
100308812
100311182
100335676
100346019
100356258
100361845
100370767
100376084
100377380
100382486
100388417
100388694
100396413
100397504
100401399
100404757
100417383
100418873
100418957
100427531
100435388
100437049
100452160
100456691
100457916
100461755
100469935
100470036
100476151
100479592
100483005
100488522
100497540
100515190
100515968
100522410
100528295
100558511
100558811
100563413
100567042
100569233
100570120
100596502
100596859
100599430
100603809
100614430
100615493
100626955
100631864
100634946
100661664
100666506
100672449
100674492
100674625
100682977
100710049
100721553
100721660
100723830
100728396
100731382
100733610
100737728
100744190
100748987
100751405
100755545
100766783
100771323
100771514
100780889
100784134
100796557
100798078
100799829
100802931
100809994
100810125
100820627
100821372
100823892
100839410
100844314
100847142
100855569
100869972
100871474
100872395
100884730
100889391
100897219
100897242
100905921
100909630
100919031
100924933
100925071
100930411
100938883
100947993
100955717
100964728
100964875
100966537
100975625
100977326
100977748
101023303
101028950
101051746
101052271
101053829
101061712
101063642
101064153
101067946
101073567
101080564
101081888
101085236
101088018
101089141
101089803
101098596
101098974
101119792
101119798
101136484
101137135
101141414
101143474
101147058
101164417
101174369
101177261
101177654
101179223
101181330
101187305
101190680
101205104
101212986
101213671
101217104
101221752
101224631
101233710
101235752
101235834
101257468
101259234
101280353
101282921
101284024
101289310
101291729
101293351
101307574
101309041
101312925
101330996
101342099
101353829
101354987
101355106
101370269
101403329
101417048
101417226
101437662
101438369
101448677
101452046
101465335
101472948
101477272
101478732
101483720
101497512
101522215
101529127
101532035
101535768
101540853
101547297
101565647
101572826
101587676
101596324
101601608
101602413
101620771
101621969
101624031
101626245
101628357
101638438
101645537
101660877
101661982
101668682
101671892
101672225
101681014
101682787
101701498
101713956
101715062
101733741
101734432
101734592
101744916
101745639
101750600
101751129
101756036
101774574
101780544
101781488
101783851
101792432
101814879
101818520
101819990
101821173
101826482
101835508
101837153
101840348
101876828
101889892
101892582
101892676
101896874
101899267
101928082
101931985
101945890
101966996
101969215
101985231
101991955
101992891
101998558
102000522
102005665
102006283
102011452
102022438
102024699
102028048
102035488
102067200
102071285
102076331
102081670
102083373
102083899
102096765
102103101
102116659
102123730
102123888
102128712
102133161
102147204
102153386
102168252
102169807
102175123
102182529
102189319
102190526
102193637
102202861
102203465
102204549
102221217
102223359
102226981
102231716
102238159
102239866
102261477
102262302
102263927
102289226
102289318
102335979
102345608
102350852
102378112
102381062
102397735
102401091
102413092
102426313
102443402
102446862
102461361
102461777
102467073
102490568
102499643
102512529
102520486
102524184
102538278
102553654
102558632
102560440
102564600
102567929
102568948
102572393
102599946
102602129
102615580
102624702
102635555
102642669
102648382
102649607
102660452
102663673
102665847
102669212
102671242
102692473
102699096
102699529
102710506
102724491
102726759
102730936
102738181
102750150
102751118
102753206
102760515
102770008
102771456
102786047
102786811
102787648
102795224
102800027
102801187
102810910
102816371
102828806
102833258
102846009
102861093
102865444
102879376
102880211
102885623
102898800
102906039
102914878
102919498
102920125
102925950
102965483
102967236
102971715
102975053
102983244
103005285
103009333
103010072
103017918
103024163
103035618
103041421
103049823
103069845
103091124
103114090
103120796
103124893
103126321
103130301
103135987
103145541
103145681
103147840
103148768
103156406
103172713
103175203
103189531
103193111
103199479
103206344
103219883
103221466
103228272
103232250
103249505
103250775
103268235
103269048
103270226
103276131
103286611
103289785
103291067
103294973
103312161
103323546
103324560
103334868
103334918
103341681
103382385
103382463
103390845
103394691
103406982
103407737
103413067
103415057
103427025
103427090
103433883
103442475
103448241
103456002
103461308
103464750
103468415
103474866
103499179
103535048
103552098
103561075
103567420
103577856
103582976
103591062
103599152
103612268
103612681
103615758
103622250
103627445
103628113
103629005
103629035
103633040
103651417
103658131
103658639
103664197
103697389
103708549
103708600
103709940
103719441
103724529
103729599
103730641
103733979
103747212
103763688
103771017
103772169
103774217
103782595
103807024
103818538
103821427
103822648
103827981
103828615
103834931
103835230
103838829
103842115
103849564
103851002
103859349
103863042
103863098
103875255
103886766
103893892
103894624
103898679
103912859
103932704
103938362
103952511
103953139
103977175
103978121
103979874
103981074
103991655
103993714
103995360
103999920
104008309
104009472
104010316
104015350
104027684
104029480
104069353
104071538
104085389
104091099
104091984
104098652
104099608
104100091
104101000
104109796
104134323
104136009
104140777
104141435
104148814
104149605
104152116
104173393
104199956
104207451
104249226
104257013
104258085
104276710
104280647
104304398
104307377
104309057
104325891
104330408
104333757
104337781
104346432
104357717
104376328
104389587
104395295
104404348
104435506
104449064
104452649
104471056
104496658
104497855
104501056
104509380
104520351
104521525
104525321
104548835
104562668
104564440
104566690
104571271
104576853
104577147
104578496
104592300
104597775
104598483
104598863
104605323
104618652
104622417
104630423
104640615
104642600
104646922
104648437
104662976
104720515
104751124
104759314
104765621
104770011
104779341
104780386
104792922
104796828
104796944
104799572
104813085
104813586
104816703
104818427
104822644
104831156
104842702
104848047
104852147
104855566
104872341
104875914
104884660
104884845
104896221
104912521
104932722
104940279
104951565
104965638
104971543
104974913
105005163
105015660
105027353
105032124
105035301
105037506
105042038
105042227
105048179
105055877
105060426
105067077
105067472
105069592
105070593
105073300
105074116
105077439
105078146
105079982
105080796
105094163
105097086
105098587
105100533
105100827
105101303
105105434
105110943
105157173
105171004
105174896
105175658
105181507
105184755
105198241
105204383
105205981
105209004
105212168
105215649
105218684
105220469
105226281
105232805
105247604
105256685
105261466
105291355
105293015
105300601
105302307
105302983
105307429
105316824
105347226
105354487
105367829
105371330
105375338
105418427
105425765
105431236
105444808
105453012
105472238
105475381
105475576
105489281
105497747
105497899
105500584
105511123
105522697
105531709
105539241
105548345
105551060
105553936
105554835
105565002
105567557
105578109
105586238
105591501
105596197
105598776
105603903
105605404
105608006
105611028
105612824
105617726
105618526
105630293
105633320
105637245
105641609
105649210
105657164
105676826
105677372
105700272
105704405
105718636
105734586
105754559
105760386
105765902
105770531
105775209
105784188
105788692
105792162
105804358
105805737
105809559
105820681
105823994
105829366
105842131
105843189
105844067
105844631
105845106
105865872
105881449
105882092
105896483
105901669
105905965
105924644
105937439
105953882
105954637
105958521
105973441
105975673
105980768
105985018
105989522
105989913
105990746
105993294
106016528
106042417
106049358
106052811
106056251
106084645
106085009
106089239
106094339
106100209
106120363
106122446
106132393
106137801
106139019
106148638
106151174
106152423
106162327
106169364
106171214
106178319
106182727
106185955
106203774
106203887
106211334
106219938
106244497
106252820
106269238
106274659
106275718
106276511
106277431
106283978
106285071
106294198
106326986
106328450
106348198
106356074
106358999
106362563
106375710
106376729
106385509
106387340
106407887
106417548
106423950
106438515
106452005
106456750
106473315
106479649
106481004
106499867
106500213
106503044
106504885
106518617
106526223
106534350
106537097
106542041
106542332
106549035
106551176
106551814
106556123
106585392
106593835
106595572
106597971
106599602
106602291
106604137
106620919
106623886
106628271
106631462
106637947
106653125
106663886
106696913
106700587
106711028
106711786
106712489
106713422
106719023
106729470
106730425
106730630
106736838
106736894
106741326
106763746
106764139
106764506
106768210
106770571
106776585
106789675
106793393
106793402
106818238
106828302
106838185
106843824
106844848
106855100
106872205
106883753
106885712
106894260
106895223
106898128
106902927
106906704
106919756
106933244
106933369
106934750
106944819
106945753
106949171
106960261
106961676
106977126
106978199
106986288
106986579
107011213
107027852
107037039
107038645
107041176
107045236
107051845
107052481
107065240
107085457
107089626
107096904
107103849
107107822
107112976
107116866
107121810
107146864
107148603
107154625
107188202
107188415
107201895
107207333
107207823
107210289
107213327
107213345
107215819
107227080
107227206
107231683
107240542
107244625
107262329
107265136
107268416
107288673
107288933
107296627
107297242
107302278
107305707
107311789
107318995
107322327
107323391
107326652
107329603
107373989
107382829
107389661
107389954
107399275
107403077
107407803
107432832
107435516
107445295
107455286
107458346
107470448
107471241
107475521
107481643
107482165
107487282
107489263
107492314
107494193
107499883
107513664
107518378
107522822
107527459
107528232
107536520
107548066
107548887
107550765
107551031
107575540
107588739
107612788
107621339
107622411
107627779
107628727
107676652
107686282
107694845
107694912
107702942
107703449
107706249
107719906
107719913
107740087
107746684
107752759
107756309
107758862
107787015
107787675
107811758
107816007
107828226
107843500
107845959
107851344
107858089
107859691
107886612
107889304
107890230
107903444
107916934
107919387
107922959
107928338
107934700
107938445
107956172
107956393
107958101
107966738
107970473
107976200
107982934
107991058
107994318
107996731
108003424
108004777
108013267
108015890
108017666
108025982
108037332
108037870
108057888
108061405
108062836
108078259
108085535
108096209
108103898
108110731
108122144
108134163
108136861
108140479
108157949
108162789
108169456
108178528
108182173
108193413
108194634
108194949
108195533
108197320
108206795
108213943
108216432
108219061
108225529
108225583
108227085
108242850
108253496
108273629
108299915
108312060
108324883
108337359
108341394
108341478
108344216
108347158
108355229
108366117
108370821
108379820
108385747
108390541
108404887
108429364
108432198
108439913
108446268
108451980
108454373
108455531
108462542
108466162
108477417
108482324
108484662
108490573
108502739
108509767
108513497
108517438
108524777
108527300
108541086
108542562
108567304
108589458
108591775
108597935
108600734
108613401
108613673
108616324
108619329
108638761
108649422
108650997
108663856
108665417
108670860
108673684
108683775
108688843
108694755
108697898
108703760
108706844
108710928
108711600
108713430
108730260
108732607
108737249
108750137
108750495
108764243
108766292
108776295
108777929
108781285
108783077
108790873
108798157
108800113
108801462
108801750
108804660
108805831
108815599
108821825
108851603
108855049
108860749
108868486
108883198
108904762
108946348
108948641
108953887
108972243
108972357
108977193
108977857
108982417
108983854
108985817
108992471
109004982
109010556
109012371
109015440
109019011
109027092
109044582
109047950
109048451
109055236
109065023
109074980
109090342
109100990
109117354
109118877
109122344
109122727
109125382
109127992
109137524
109138155
109142968
109157518
109189612
109199442
109204242
109207106
109218628
109238791
109240956
109245234
109254921
109256574
109257374
109262213
109268338
109269820
109270549
109286124
109286522
109289130
109295114
109298239
109302318
109312072
109315802
109317882
109340217
109342585
109353856
109355473
109361385
109367500
109370000
109373684
109384436
109387931
109394237
109394406
109395298
109397008
109400575
109407611
109408164
109414729
109417212
109422798
109443598
109444358
109446542
109447520
109469532
109469617
109476938
109483605
109485833
109485970
109493036
109500323
109519779
109564926
109564983
109567726
109576690
109583500
109583899
109597107
109601357
109608737
109616893
109621552
109631667
109635592
109663214
109667850
109684185
109705091
109705455
109721952
109727451
109728199
109731435
109733009
109737263
109744459
109756389
109763132
109769027
109771138
109775279
109782926
109786834
109792593
109797543
109803030
109827810
109834295
109838512
109845166
109845925
109852258
109865600
109876711
109880692
109882997
109894416
109897117
109905946
109909149
109909355
109930828
109943363
109947935
109948826
109953860
109960546
109968152
109971179
109974664
109977366
109984896
109991413
110006895
110008337
110020490
110020647
110034185
110039592
110040571
110041769
110044872
110045217
110047042
110052302
110065440
110071797
110072847
110074949
110078702
110087146
110087825
110101683
110124866
110127913
110131110
110137212
110137286
110139385
110141223
110149901
110153364
110181751
110193244
110194267
110208791
110227595
110232744
110244336
110248981
110251524
110256478
110257109
110257940
110259077
110268276
110281017
110294638
110302505
110303449
110309335
110310156
110320301
110322555
110326380
110331947
110350311
110363292
110368797
110372519
110372869
110378287
110384002
110384418
110387500
110388511
110393627
110397907
110401113
110409991
110419296
110422341
110424829
110433988
110434087
110435792
110436355
110457251
110458261
110479740
110482473
110483002
110485827
110487011
110496826
110498462
110504651
110540581
110547868
110552444
110555581
110568227
110574127
110594546
110596476
110601786
110603613
110617391
110617562
110624807
110635885
110651298
110652955
110671511
110672988
110675690
110685357
110685382
110697895
110712976
110716614
110717851
110727987
110734065
110749821
110750118
110752812
110754603
110759053
110763354
110764241
110767184
110769956
110786328
110801436
110814226
110818251
110824359
110826245
110830505
110842366
110844266
110848780
110859426
110860396
110862148
110862308
110863990
110868307
110875498
110879882
110881867
110895045
110903624
110906630
110907496
110912704
110927046
110928597
110929944
110941959
110965497
110965551
110976359
110986495
110995257
111009843
111014822
111017009
111018893
111052693
111055780
111059935
111060883
111062328
111082130
111082871
111083513
111103072
111111467
111120682
111124455
111125511
111140586
111151935
111163565
111168415
111170375
111171870
111184515
111186600
111186670
111191039
111211613
111213076
111234348
111242317
111255108
111260462
111261014
111270448
111278171
111283658
111283985
111289368
111306958
111310686
111314862
111318395
111322960
111328237
111340506
111340771
111346421
111347563
111347632
111377231
111378453
111384990
111394403
111396835
111406027
111415332
111417326
111419568
111419807
111426306
111436376
111437960
111439022
111447411
111454450
111455464
111467876
111476769
111479112
111482938
111496280
111497367
111502199
111510075
111519393
111523256
111524707
111537162
111539349
111539706
111544127
111546956
111552657
111560548
111574533
111599330
111604489
111605431
111607662
111608850
111614370
111619330
111623249
111637876
111639189
111642441
111642501
111645213
111647319
111649611
111657027
111657582
111658682
111659523
111669328
111670872
111676159
111680265
111687507
111691539
111704386
111709985
111715184
111724651
111728485
111733557
111741402
111776170
111779688
111786050
111789922
111806706
111815617
111831442
111848794
111877286
111877607
111880672
111886276
111910215
111910913
111912609
111916423
111918067
111922206
111925759
111946365
111950232
111953986
111957849
111969149
112002039
112007459
112010296
112028364
112031934
112038550
112039572
112039647
112052051
112053249
112056032
112057629
112058493
112059256
112061554
112063317
112063603
112064273
112073260
112083401
112094937
112099807
112105217
112106905
112107764
112110489
112133044
112146622
112153897
112166715
112174085
112180470
112185933
112206841
112216559
112222146
112223561
112223939
112237189
112238383
112242475
112242722
112248997
112256491
112261092
112266218
112266638
112277500
112285943
112287584
112290654
112293924
112295622
112299992
112304429
112312287
112315474
112320082
112320975
112327846
112334852
112338092
112346732
112347527
112372301
112375628
112390233
112391991
112392986
112419208
112420712
112421038
112434149
112438913
112451210
112463099
112475514
112481137
112481179
112485611
112488468
112489198
112490867
112500535
112501630
112503488
112507690
112536062
112539754
112550623
112559981
112571027
112595945
112617030
112628738
112629633
112648938
112653095
112658375
112664761
112668979
112673362
112685714
112697928
112705669
112718419
112731662
112742272
112749010
112755339
112764044
112768811
112773919
112781942
112800445
112840136
112848800
112849952
112859268
112863689
112863759
112866912
112871226
112871464
112871642
112889343
112890201
112892425
112898559
112905157
112906038
112939845
112940869
112944981
112956293
112962774
112972847
112981079
112985042
112985698
112988664
112993821
113017679
113021689
113030572
113054881
113056097
113056914
113061825
113066686
113090659
113097224
113108374
113118313
113127896
113128105
113132203
113140965
113147081
113178621
113206867
113207882
113209148
113217558
113219153
113233026
113246185
113256453
113261622
113261965
113266094
113273735
113275490
113280177
113292594
113299498
113311471
113311719
113313411
113334841
113348436
113349706
113352790
113365899
113368805
113373479
113373936
113396552
113397229
113402484
113409399
113416649
113437602
113454613
113464048
113464215
113480894
113490123
113496865
113525518
113529862
113533271
113541498
113545681
113555458
113562674
113576215
113576870
113593412
113611675
113617384
113630833
113635612
113636300
113637320
113644622
113648044
113650988
113667884
113683657
113704043
113718395
113723984
113742940
113743130
113751066
113762670
113773903
113774237
113780320
113782993
113786691
113798561
113799823
113801967
113826210
113848524
113855599
113860902
113860984
113863074
113864009
113882250
113883519
113883600
113886174
113900798
113909139
113910618
113919838
113924535
113930002
113936679
113938163
113943805
113955334
113961020
113963380
113983484
113984159
113990486
113991304
113991675
113992158
113995579
114025752
114051855
114071500
114071944
114073915
114077153
114081611
114092024
114096226
114096490
114130358
114134260
114150422
114152568
114165873
114173527
114175953
114181743
114212691
114217928
114239404
114256607
114259161
114291425
114303662
114303752
114307459
114314724
114316576
114346344
114349691
114353471
114360379
114364413
114368503
114377207
114392632
114402719
114417121
114421995
114426142
114439177
114463754
114466342
114469555
114470533
114474883
114477041
114482715
114496271
114517250
114539390
114540961
114546165
114546437
114547549
114574081
114576451
114590085
114595840
114609263
114609512
114615604
114625228
114629095
114637163
114644357
114660159
114671162
114685107
114689599
114697436
114698190
114706798
114708627
114714956
114720290
114720299
114735137
114742737
114744659
114751185
114754282
114761876
114771544
114779207
114782575
114787891
114788480
114791400
114791982
114804957
114808535
114811206
114811785
114812519
114814024
114820650
114823636
114825389
114825911
114836434
114836445
114837775
114839578
114842391
114844166
114857518
114858986
114863451
114864555
114864953
114873727
114883806
114886418
114887027
114890183
114894854
114910424
114938664
114948435
114954956
114958406
114968705
114971533
114975662
114979747
114997504
115027010
115028231
115036360
115038164
115041881
115046958
115059064
115089211
115095139
115096089
115097097
115098577
115101244
115105382
115114385
115126888
115129051
115134106
115141075
115149477
115155398
115165135
115177678
115188413
115189590
115199090
115199325
115202505
115207363
115209575
115217078
115217390
115234518
115238673
115245308
115251229
115255197
115258693
115263754
115265173
115271204
115273754
115275942
115277438
115278262
115292489
115311076
115314319
115316282
115322472
115368369
115376284
115377701
115379287
115395336
115401088
115402885
115416875
115437779
115447819
115466633
115467027
115467084
115468981
115469191
115509113
115511531
115515829
115527945
115529064
115540483
115546196
115549969
115550490
115580655
115581879
115583118
115593304
115601752
115602740
115603719
115619658
115620762
115644376
115647595
115651827
115651923
115652979
115664978
115669299
115670014
115671894
115684992
115694422
115698520
115726811
115729419
115746513
115748270
115750104
115761018
115762368
115771411
115773196
115779641
115782730
115791520
115793185
115807063
115811767
115816993
115819179
115819517
115820548
115823487
115824453
115828064
115832758
115836591
115851738
115853260
115861992
115868390
115879040
115880431
115882617
115882739
115883860
115887184
115888550
115907763
115911549
115946000
115958626
115968480
115971315
115981577
115981962
115997178
115998759
116000047
116008239
116011946
116021680
116023875
116052192
116055877
116058468
116070578
116092618
116114811
116115314
116142270
116157962
116163241
116168722
116173075
116176657
116179634
116191430
116193841
116204288
116208975
116211659
116212669
116214928
116235183
116235423
116235678
116236048
116241104
116242422
116252975
116263923
116264892
116268677
116270731
116271964
116277419
116282848
116291460
116295220
116295423
116296541
116300095
116303019
116313612
116338127
116353437
116360464
116376442
116388023
116388958
116398536
116402399
116402949
116407264
116414474
116414768
116419367
116422796
116437425
116440324
116446810
116450363
116455127
116456881
116480671
116486380
116496122
116527340
116530167
116541832
116552806
116562187
116573766
116576619
116578792
116587088
116602232
116604164
116604498
116606537
116606810
116607561
116613770
116617952
116619389
116624131
116628023
116629177
116645984
116653052
116653602
116664114
116671896
116684464
116684543
116700230
116705374
116709135
116710067
116716723
116725165
116732349
116735320
116756454
116763380
116788440
116790767
116794914
116805248
116805634
116815194
116820234
116820423
116822510
116823733
116826450
116828864
116835657
116840191
116843541
116851046
116865690
116868326
116872393
116882759
116884356
116884504
116886287
116899471
116901923
116911875
116915800
116930186
116932256
116942179
116944555
116951096
116951440
116956403
116971532
116974507
116975867
116982617
116986980
116993217
116999034
117011508
117028887
117029193
117031465
117039074
117050661
117055707
117056103
117077968
117078310
117079302
117083638
117087816
117090320
117110359
117111595
117114532
117124428
117143355
117148610
117157894
117159223
117167758
117168373
117205261
117208349
117213223
117217246
117220100
117221681
117233820
117234356
117244618
117247730
117254339
117255291
117256559
117260623
117262492
117275486
117278693
117285518
117299000
117305483
117319691
117336467
117354009
117361431
117364351
117366967
117367666
117368405
117390178
117398076
117416988
117418456
117448395
117451269
117452904
117459590
117470645
117473279
117477276
117478760
117482890
117497102
117503016
117514142
117517621
117531519
117537460
117547469
117573245
117581749
117583805
117590131
117603179
117607014
117610023
117620891
117628061
117633337
117637708
117645530
117647166
117653853
117675307
117675475
117677444
117678099
117678436
117686222
117687916
117692029
117693670
117694226
117699918
117708373
117710217
117711296
117719155
117719822
117732577
117737357
117738675
117738788
117743311
117762194
117762893
117766628
117782358
117783048
117784510
117803992
117807178
117815252
117816922
117822721
117831953
117836287
117836932
117836976
117847754
117853540
117862695
117870083
117872931
117874980
117877900
117881606
117883106
117884145
117896221
117897465
117897940
117899520
117899723
117912136
117921611
117927391
117930460
117932141
117940050
117941002
117948030
117949069
117951585
117960267
117963969
117984623
117988186
118008196
118021785
118041479
118043210
118050500
118063144
118078757
118084406
118109370
118120056
118120211
118128374
118133619
118133941
118141163
118144961
118150077
118153852
118164071
118178301
118180404
118190711
118218738
118219904
118220873
118224909
118236650
118237891
118243879
118244994
118247405
118265142
118276583
118278381
118280405
118290227
118292837
118302049
118326145
118330504
118331587
118337064
118343314
118347747
118355446
118364411
118371898
118372772
118380165
118388308
118395725
118396413
118409383
118411192
118411605
118435932
118440771
118457159
118466116
118466653
118468148
118469415
118471026
118474831
118475679
118478218
118485544
118508765
118522087
118522376
118522485
118530719
118531653
118536032
118540658
118542139
118558724
118591413
118598597
118617033
118617812
118618741
118621909
118627225
118663389
118680264
118691082
118699119
118702706
118709889
118715860
118716995
118732984
118739123
118748537
118763235
118767668
118783724
118808503
118820148
118825437
118828705
118832173
118835480
118836005
118836716
118838077
118860195
118865624
118866623
118868505
118875400
118888166
118890023
118896069
118898097
118906576
118952306
118956404
118956680
118956757
118969853
118980041
118981590
118982172
118983657
118989088
118994827
119004242
119007059
119009962
119019982
119020832
119029755
119033010
119049156
119062119
119063067
119068211
119072340
119076495
119088915
119104429
119106957
119110806
119116134
119119759
119120675
119127679
119127780
119149138
119160689
119168495
119170184
119176351
119177456
119184736
119188628
119204472
119206538
119218955
119219154
119225832
119226738
119232510
119240828
119250364
119251074
119252015
119252853
119253047
119254000
119279075
119284109
119288877
119290663
119292071
119294281
119301396
119309635
119333045
119341549
119346218
119349684
119362222
119362696
119363947
119369918
119372596
119377809
119391931
119398956
119399674
119400668
119426746
119432301
119441698
119451383
119451828
119458548
119461983
119462102
119464077
119480047
119480644
119486463
119487963
119509387
119510482
119511221
119515840
119518082
119519074
119541910
119559057
119562440
119573685
119577358
119579836
119594598
119600525
119600821
119602710
119604869
119607747
119610812
119613746
119619192
119621068
119624263
119647569
119648516
119648985
119649890
119656569
119657757
119669730
119671539
119680304
119682603
119684871
119689408
119707627
119715350
119716153
119721713
119732431
119733426
119738252
119753850
119758695
119761254
119761672
119768435
119780985
119792821
119806939
119813849
119814608
119819732
119826876
119831333
119838362
119855619
119864674
119868905
119875158
119875591
119881134
119901149
119901592
119910902
119911640
119924665
119938061
119942008
119948263
119949301
119957871
119960933
119978848
119986505
120002913
120003536
120005552
120018730
120020780
120023656
120044181
120052260
120059589
120063575
120063840
120065266
120072441
120078447
120084187
120086947
120092022
120094039
120099802
120103106
120105174
120117846
120120962
120135687
120139252
120141494
120141722
120152697
120157449
120163253
120164569
120175449
120180424
120184537
120184706
120201976
120202777
120211607
120216156
120229903
120236260
120244055
120246413
120248144
120259282
120261130
120274024
120279718
120286318
120289959
120298269
120304810
120305180
120309102
120328416
120337995
120350912
120360952
120365433
120372927
120384182
120386493
120393095
120393504
120408498
120411448
120418881
120429465
120430588
120433395
120443389
120453715
120455141
120463838
120465999
120481269
120486513
120493486
120494717
120495922
120496494
120499630
120503609
120505295
120513790
120528095
120538196
120553124
120580852
120582702
120587487
120592046
120593277
120596281
120608918
120618401
120619813
120633893
120642628
120643300
120648879
120657105
120663344
120666642
120668939
120671431
120673909
120675563
120682258
120682803
120689685
120697240
120701760
120725462
120730999
120748069
120749440
120749682
120759937
120761234
120771596
120772700
120774035
120775876
120778744
120794719
120802705
120812547
120828654
120828735
120831854
120838644
120844606
120844747
120847109
120859830
120866337
120866876
120868676
120876400
120879125
120882563
120890421
120893733
120908597
120918110
120921988
120926518
120929691
120935334
120945116
120946860
120975103
120987836
121001019
121006595
121009980
121013684
121020750
121021398
121022007
121027836
121032163
121034761
121040361
121050252
121056355
121065225
121094118
121094250
121100100
121100133
121102111
121103114
121105661
121111666
121158126
121176531
121178313
121188362
121191237
121208141
121211836
121226058
121228003
121234414
121249693
121252456
121258595
121267613
121276744
121279376
121280359
121283790
121284844
121297739
121303772
121307258
121328859
121331688
121332166
121335686
121336322
121346612
121350501
121353508
121364367
121375419
121377699
121380571
121387233
121396225
121408042
121434929
121444312
121446271
121449204
121453966
121462244
121462377
121467052
121472304
121472480
121479070
121481633
121484462
121486034
121497582
121524372
121530397
121532718
121544619
121544862
121550535
121559109
121570336
121588439
121592668
121596702
121598208
121611200
121611640
121615760
121617013
121618279
121627749
121627792
121630771
121643807
121644942
121649822
121650671
121650862
121659130
121668827
121675996
121677046
121683402
121687168
121687526
121712633
121714183
121715635
121725974
121726082
121733455
121739322
121770629
121772832
121774251
121776304
121788340
121795668
121808237
121812205
121821321
121826748
121826825
121834204
121888166
121891018
121893709
121896648
121896783
121897479
121898818
121902784
121917494
121926252
121932734
121935011
121948444
121953580
121954875
121967803
121974843
121983897
121986758
121989766
122006590
122009305
122027184
122048651
122055150
122062278
122067005
122072859
122078749
122080708
122081269
122083306
122086192
122092099
122097741
122100813
122106487
122107589
122113993
122134965
122139225
122142207
122146382
122149886
122162273
122176398
122209389
122237278
122254954
122265908
122301830
122306374
122324534
122326802
122345849
122348665
122352730
122362745
122368594
122373155
122374584
122380873
122381766
122395131
122398825
122404623
122411322
122424390
122430717
122432857
122444500
122454082
122455102
122470808
122477619
122481710
122485484
122486492
122492932
122498156
122501190
122513279
122519234
122520772
122534902
122540020
122562594
122586299
122592628
122594287
122596034
122603196
122609024
122646148
122652635
122671636
122674962
122679144
122697982
122707063
122721807
122732005
122732143
122738821
122739889
122748038
122755530
122756797
122764124
122764596
122767240
122771709
122776494
122779196
122783439
122786498
122789298
122811914
122826724
122828641
122828668
122831213
122835482
122836323
122838800
122839992
122841187
122842105
122845332
122863232
122871829
122872654
122877200
122880013
122895018
122906225
122906570
122919681
122922434
122928432
122933681
122933691
122960292
122961462
122974569
122990391
122993808
122995048
122995929
122998172
123002282
123005994
123013327
123016808
123017906
123023944
123034016
123038941
123051920
123093645
123104983
123108991
123141831
123146879
123147615
123152517
123157147
123177793
123184603
123191565
123194867
123202645
123215135
123217523
123218422
123224084
123236491
123239979
123240019
123253423
123256187
123259814
123272015
123275634
123283718
123285352
123291579
123304958
123307032
123309326
123315626
123319575
123325752
123341247
123343791
123353542
123357399
123361868
123373820
123378289
123382751
123388737
123390335
123392125
123392961
123400016
123401317
123403930
123405732
123414447
123418183
123439818
123451088
123457215
123458953
123478255
123479068
123483025
123505839
123528359
123528445
123530720
123537344
123537532
123538806
123539278
123567256
123571912
123583554
123586184
123596074
123603622
123605699
123610125
123623545
123627699
123633625
123637644
123644775
123658402
123675936
123682092
123684777
123695258
123697428
123705945
123706518
123714315
123715829
123718087
123735089
123743891
123749631
123751878
123771139
123783784
123793223
123804272
123806030
123810191
123820159
123820258
123827119
123833468
123833954
123839195
123841399
123849915
123850485
123855142
123860855
123861286
123861579
123867608
123876457
123879588
123897613
123903482
123905179
123914378
123917155
123933047
123945359
123952058
123952223
123954237
123965649
123969334
123981815
123984920
123985126
123996095
124008015
124013348
124051982
124058922
124086464
124090527
124092815
124093078
124095869
124100171
124118122
124123905
124128349
124136581
124143328
124150999
124151876
124161194
124164678
124165102
124165911
124168252
124172968
124179533
124181046
124185395
124200287
124224143
124237983
124238945
124256534
124281425
124283995
124284210
124285101
124287972
124289210
124296727
124297205
124319436
124322087
124330691
124341102
124367329
124389249
124391497
124394078
124399956
124406762
124410922
124422739
124424507
124427220
124429873
124430116
124430715
124440641
124505028
124510272
124520558
124524498
124530047
124543935
124552450
124558899
124568432
124579117
124581928
124603787
124612782
124637302
124637663
124638147
124641555
124646355
124663827
124668295
124677174
124678892
124691215
124700303
124727727
124740500
124749652
124768384
124769313
124774997
124781821
124794699
124802910
124811436
124819579
124823725
124830052
124838490
124849471
124857953
124868719
124873283
124879239
124882637
124887569
124890787
124894669
124897228
124903854
124909933
124912085
124914027
124917538
124928921
124929763
124930302
124934721
124951722
124966517
124977681
124977841
124986067
124986180
124987069
125004393
125040919
125041708
125045922
125047477
125050619
125052529
125059820
125061136
125065121
125069635
125073044
125081254
125083344
125088525
125103006
125128135
125128573
125132618
125133004
125136475
125154801
125185063
125185750
125193786
125201616
125215082
125215394
125222405
125237508
125243208
125251801
125262369
125265633
125282605
125284713
125285343
125291054
125300468
125304891
125306434
125306889
125308201
125312744
125313522
125328857
125340823
125341593
125346441
125358774
125363487
125375818
125380130
125385751
125386228
125388548
125395874
125421944
125422371
125428235
125439906
125452134
125458852
125460982
125465145
125465664
125469452
125471272
125473041
125485614
125489483
125493982
125499543
125510884
125515724
125516861
125520860
125541248
125553553
125554738
125560739
125563162
125564914
125567305
125571731
125573681
125578662
125589729
125597758
125598863
125610672
125611952
125614681
125628950
125640129
125641966
125652076
125653432
125659498
125660758
125667136
125674044
125678630
125678702
125679196
125683592
125692350
125693046
125700807
125702874
125714441
125717936
125728092
125733939
125748665
125781698
125799909
125800269
125801200
125811766
125836350
125838352
125840477
125843802
125878153
125880316
125890126
125901620
125914011
125918774
125921733
125922456
125924482
125928843
125951890
125958992
125965253
125965650
125965965
125973956
125974358
125975823
125979789
125993406
125997197
126023680
126024425
126025264
126030179
126035841
126044290
126050252
126068613
126074088
126089017
126106478
126110287
126115657
126117051
126139442
126139865
126140601
126141676
126156541
126167436
126167689
126186634
126186753
126201549
126217080
126220296
126220479
126227081
126227998
126229234
126239058
126241182
126242191
126243518
126249082
126249344
126251524
126253852
126267299
126269407
126270311
126271954
126273586
126275958
126282278
126318343
126319516
126325120
126339169
126341780
126346692
126358877
126364843
126367635
126369535
126371156
126381749
126381889
126394365
126394837
126396333
126402591
126406551
126412468
126413235
126421054
126436748
126450494
126462500
126466997
126470986
126479401
126491939
126493929
126495829
126500273
126501991
126522998
126526461
126539690
126549392
126552002
126559651
126579775
126592956
126598704
126603585
126611502
126623045
126623598
126625883
126636157
126638547
126652306
126656647
126656751
126664927
126674319
126674398
126680216
126684864
126685298
126689510
126692007
126711874
126714759
126715875
126723590
126733244
126737292
126745530
126755413
126775928
126778418
126781623
126794160
126795085
126798618
126803919
126804027
126813022
126814238
126840475
126844988
126852242
126852803
126853033
126855248
126863699
126864768
126875396
126880430
126884140
126898545
126901104
126902220
126902250
126917394
126923759
126925604
126939148
126944784
126945435
126946509
126958311
127011570
127016017
127017477
127019929
127027045
127031422
127037766
127038921
127042492
127045043
127053413
127055263
127060964
127095953
127096196
127097513
127099050
127102513
127118594
127121849
127122974
127131038
127137779
127138108
127165921
127168191
127174178
127187187
127194508
127203043
127215272
127252361
127252366
127254329
127261881
127262961
127265882
127271313
127277254
127285019
127286878
127307138
127323805
127328866
127331116
127331752
127337454
127340703
127340771
127358333
127361525
127395479
127401874
127404377
127404725
127408300
127410487
127420977
127424357
127431100
127436498
127466246
127478478
127482479
127483104
127486662
127494243
127495446
127495488
127497885
127498995
127510391
127517219
127522761
127524122
127535772
127547054
127577657
127588180
127595213
127606616
127611641
127617643
127638187
127644840
127649595
127649632
127651168
127658771
127659252
127662412
127664316
127669839
127684650
127710303
127743373
127750116
127752501
127753551
127760083
127762007
127766191
127789213
127790016
127804466
127805398
127816575
127821285
127828847
127828914
127831777
127836744
127848852
127863989
127880368
127885220
127889277
127913881
127920467
127920944
127924368
127930780
127935243
127947415
127957637
127979997
127985156
127992015
127995675
128003737
128008536
128009294
128030251
128030756
128031257
128054917
128073582
128087148
128091009
128095405
128101793
128105872
128133453
128155373
128155488
128176902
128180512
128184246
128192196
128194021
128195383
128196007
128226423
128253004
128253478
128255781
128266854
128271384
128272642
128277227
128292278
128293460
128305485
128319298
128320948
128326442
128338021
128342544
128360261
128361486
128368793
128370617
128395386
128400954
128402764
128410820
128425532
128431409
128444519
128452681
128455919
128476629
128476703
128484611
128484635
128494013
128496815
128501630
128513609
128525161
128530788
128537912
128544269
128548329
128554266
128554323
128557610
128573184
128575677
128583401
128601471
128617653
128618236
128636686
128638059
128641652
128653315
128655940
128659922
128670065
128673632
128676004
128686653
128722138
128723974
128727358
128740913
128750144
128752525
128760382
128761878
128762464
128763674
128772823
128782145
128792510
128794758
128798237
128802834
128802922
128811856
128822379
128831871
128853619
128860836
128864702
128876604
128885589
128887522
128892895
128898240
128899497
128901050
128901435
128906452
128907532
128914856
128921701
128921731
128930829
128940199
128963744
128994405
128995581
129025144
129027139
129027410
129034463
129035093
129049926
129054354
129060160
129064146
129066760
129067752
129074206
129079994
129080045
129087692
129112852
129113856
129116804
129120701
129123302
129127561
129133967
129137387
129138823
129151594
129153181
129155169
129160658
129176956
129177281
129180703
129181857
129183868
129183872
129192102
129210934
129217571
129230195
129243746
129252057
129252205
129252413
129259404
129264676
129270820
129285198
129288990
129321017
129323269
129325454
129331045
129331134
129347445
129359505
129379476
129386022
129389052
129389291
129392945
129397268
129405484
129407361
129411938
129414881
129422239
129434251
129435828
129442070
129445879
129460420
129480125
129483283
129485150
129487981
129488631
129489446
129490178
129500274
129508623
129508797
129512637
129518026
129520056
129521573
129523351
129532036
129532128
129532186
129532396
129532544
129536993
129549822
129550497
129553939
129554196
129555680
129561101
129607235
129612716
129615782
129624737
129627055
129634866
129650906
129661477
129676003
129682430
129715730
129728878
129763036
129769927
129770573
129771003
129772017
129772194
129778680
129786030
129788526
129806752
129810536
129815579
129818082
129830390
129842451
129844481
129846274
129852291
129862711
129867277
129867966
129875089
129877291
129882877
129885721
129887285
129888847
129889925
129894912
129906130
129906379
129916124
129917090
129948705
129958825
129975314
129979899
129982675
129983404
129983525
129991420
129996760
129998007
130006139
130015047
130023125
130029981
130038577
130040398
130042652
130066962
130074824
130087068
130089422
130092076
130096077
130099012
130100459
130102935
130113571
130120259
130124610
130143442
130144893
130146661
130146970
130150222
130150506
130165997
130186268
130187734
130195296
130200776
130210694
130211359
130213301
130215874
130222103
130227092
130227765
130235550
130248001
130252366
130256143
130257370
130257942
130261449
130261599
130270048
130273009
130279742
130286100
130314029
130320506
130329222
130337871
130344967
130346930
130361990
130364294
130364708
130375278
130380804
130382350
130390512
130391254
130412242
130425950
130426439
130439176
130439525
130444870
130447978
130449391
130467114
130468587
130471533
130485489
130488034
130513367
130520742
130527374
130536511
130582985
130590138
130598184
130606041
130607475
130609071
130611323
130634928
130647155
130647618
130655157
130684547
130699679
130708841
130710897
130713239
130720722
130746640
130760608
130761469
130766505
130769169
130782742
130794177
130800549
130807913
130809781
130810903
130826738
130838051
130842129
130844013
130859106
130859459
130877440
130885088
130891913
130896135
130914758
130915501
130923895
130924023
130931368
130936254
130945058
130956253
130958160
130961465
130969173
130970758
130971363
130980682
131000053
131003116
131017985
131026019
131032206
131046973
131060387
131065336
131072155
131102208
131102729
131104159
131111756
131126556
131148395
131149249
131150847
131151782
131162591
131162893
131170531
131173152
131179158
131186902
131188937
131189690
131198309
131202469
131204884
131235934
131248227
131254967
131260856
131265916
131280465
131285045
131289611
131297062
131312502
131316864
131319107
131328230
131336186
131339716
131341801
131343241
131357022
131357117
131359512
131361375
131362879
131368225
131368677
131378400
131379253
131388447
131390989
131391835
131395119
131403871
131423814
131426494
131427792
131430010
131438125
131446455
131447483
131450208
131452995
131455468
131475146
131478310
131479855
131488797
131488916
131489303
131503254
131509072
131515013
131517531
131518671
131518951
131529217
131542873
131548354
131558570
131561655
131567773
131568889
131576107
131582179
131582852
131597579
131600879
131603262
131613099
131620537
131634405
131636224
131647829
131662228
131674508
131677441
131682394
131685208
131693302
131697666
131703398
131721114
131725757
131731068
131743066
131743279
131751206
131762763
131768228
131774739
131782127
131782358
131783224
131789946
131798335
131805763
131810449
131818249
131820114
131827565
131832817
131837537
131851845
131860821
131878384
131882743
131892066
131957619
131960373
131967289
131977653
131978666
131983258
131986139
131996235
131997496
131997926
132020995
132021072
132021232
132022076
132028556
132035586
132042623
132044403
132051150
132070894
132074031
132079919
132082404
132083675
132085025
132089416
132101661
132104079
132105337
132109630
132118845
132126716
132128108
132134357
132134967
132139739
132143323
132150993
132158969
132171607
132184676
132195856
132200908
132223424
132224902
132239554
132243836
132245274
132251434
132262554
132292913
132296208
132298453
132305003
132309903
132310101
132333325
132336241
132361393
132376501
132434858
132437384
132439184
132442316
132443586
132445093
132453725
132457448
132461193
132470667
132478252
132496753
132497323
132503690
132503748
132511681
132515610
132516191
132522607
132534544
132554702
132561982
132565751
132572064
132585048
132591301
132605806
132621782
132635783
132641720
132643820
132650517
132665526
132683838
132685791
132688264
132689878
132692546
132695561
132696399
132696952
132697211
132718442
132721275
132731835
132732028
132737118
132746872
132749461
132756841
132767052
132768042
132789417
132790300
132840472
132850985
132853060
132859817
132864165
132868306
132894180
132898884
132906712
132917359
132923181
132956808
132964993
132972215
132972492
132978162
133003616
133027838
133028237
133031403
133036815
133051700
133055057
133074440
133075238
133078710
133079369
133092273
133104112
133105364
133124744
133127244
133163525
133187709
133187756
133188982
133196780
133203240
133218005
133219018
133230460
133240860
133254849
133265774
133268206
133271887
133277435
133280893
133282340
133294381
133307516
133311823
133336075
133350391
133356012
133370747
133383802
133384662
133385583
133395717
133396206
133397707
133403029
133403451
133406077
133414182
133419191
133427673
133429796
133443909
133444093
133446536
133449814
133466413
133478984
133479305
133481821
133483953
133485574
133495238
133543122
133547076
133553610
133562734
133585970
133599633
133622918
133630591
133645073
133653836
133661140
133673312
133684247
133689714
133690431
133700937
133713229
133713774
133720149
133720762
133730683
133735962
133737063
133740631
133752499
133757470
133766916
133778267
133778730
133783211
133797976
133803769
133803809
133807896
133814130
133821896
133825318
133826683
133827176
133827566
133842212
133847551
133870234
133872369
133899910
133910503
133922135
133933736
133944770
133954841
133956300
133973347
133977934
133989740
133995101
133997969
134003022
134007659
134009424
134026079
134036658
134041376
134048918
134076222
134086100
134090013
134094430
134101213
134102666
134119453
134119760
134120940
134123752
134124941
134163068
134166211
134175311
134182983
134187387
134193858
134196277
134197646
134200407
134226918
134229308
134229925
134230515
134231422
134235797
134237544
134240981
134244849
134248073
134249014
134252860
134273229
134279211
134300428
134304724
134305344
134330176
134338658
134341988
134345407
134352844
134352973
134355301
134361148
134364022
134366136
134378006
134378429
134383494
134385404
134401254
134411987
134416311
134419347
134427958
134429516
134437185
134440214
134445729
134446081
134460302
134468192
134476171
134476287
134491909
134501212
134516779
134521049
134531450
134532280
134556890
134569102
134571258
134572547
134589240
134590987
134605129
134606621
134616130
134616953
134623205
134637284
134655495
134660764
134672600
134675484
134687264
134690783
134690910
134701789
134706255
134710970
134728157
134730974
134745809
134746852
134747186
134748821
134756546
134762545
134766037
134766959
134769929
134777034
134778507
134780628
134784643
134785940
134795317
134795434
134802007
134802302
134813264
134822994
134834265
134834501
134837412
134841462
134844885
134846231
134857606
134881866
134885452
134888201
134895755
134901387
134909144
134913113
134921424
134921427
134923728
134924475
134927202
134927528
134937988
134944688
134952146
134953583
134957929
134968662
134970105
134983040
134986479
135000622
135033303
135042173
135043277
135053095
135057082
135064820
135078204
135082338
135090243
135095113
135095252
135101666
135109563
135110393
135111495
135127858
135141829
135150059
135151498
135154858
135158805
135164226
135179470
135180972
135187654
135211238
135215195
135221862
135222517
135236254
135237006
135246184
135268583
135272092
135281339
135292226
135303066
135304659
135317379
135327238
135327302
135331563
135339032
135345978
135357230
135364978
135369091
135374301
135392781
135394064
135397786
135399541
135408658
135411683
135421790
135453629
135454970
135455560
135457959
135460725
135466515
135472645
135476269
135485011
135491229
135493668
135499477
135501220
135504533
135507780
135509124
135518290
135529670
135541503
135553034
135553268
135564670
135567066
135567798
135571442
135573418
135576118
135577412
135579292
135592137
135592631
135603933
135607818
135610818
135620555
135641577
135642387
135648350
135649475
135653685
135664169
135669333
135699572
135701783
135705713
135711412
135716662
135717656
135725000
135742754
135756581
135760576
135770104
135782753
135785924
135786668
135805227
135811703
135815292
135853399
135868184
135881627
135895890
135896979
135904745
135904829
135911759
135915132
135916128
135921598
135938025
135940607
135946628
135968912
135982462
135993129
135997958
135999516
135999786
136009179
136021873
136023461
136026696
136037550
136042157
136042775
136062917
136066038
136080036
136081061
136083276
136093410
136104733
136105463
136108471
136117917
136157902
136160588
136168544
136175671
136178097
136178602
136196886
136212434
136227532
136235707
136237027
136256135
136258623
136260756
136260811
136263557
136269047
136297480
136299343
136301719
136307818
136312154
136313298
136326361
136331276
136332506
136346879
136358222
136367327
136370288
136372426
136393815
136396823
136398672
136408828
136422194
136445232
136452146
136453338
136455750
136476869
136484177
136487904
136496161
136505026
136508329
136513190
136533608
136560181
136573677
136584005
136589256
136597208
136603428
136608134
136609769
136615411
136618376
136630550
136639782
136655606
136673734
136674830
136683860
136689365
136694097
136702826
136706642
136732600
136738420
136748490
136756200
136772919
136776103
136801862
136809588
136830853
136832947
136834145
136836670
136853694
136858407
136866660
136882434
136893249
136904876
136912770
136923355
136924524
136928754
136941348
136944301
136945108
136961971
136968542
136969591
136985092
136986370
136993883
137000871
137008693
137009217
137019891
137027072
137034670
137044515
137051374
137053104
137058085
137064721
137067945
137081136
137103519
137114332
137119512
137120455
137121864
137123387
137124832
137125085
137126351
137127473
137136702
137144676
137161162
137182898
137190382
137196193
137199635
137253685
137257343
137269189
137278931
137279832
137281957
137285319
137301200
137302617
137304924
137317050
137326407
137331055
137335110
137344990
137349708
137358963
137359779
137368827
137372577
137373909
137374837
137375130
137382530
137388658
137395518
137399299
137403286
137411726
137413070
137425286
137449513
137449949
137460227
137492031
137492591
137495089
137502844
137504345
137504998
137508015
137511263
137513110
137517929
137522052
137523085
137540926
137545392
137563291
137564092
137572720
137573475
137578663
137591853
137594809
137617106
137618033
137643944
137655797
137663945
137665790
137669217
137674125
137680269
137696751
137698589
137709056
137726437
137727450
137734460
137739585
137749669
137752202
137762130
137763731
137774285
137786250
137788163
137796782
137798553
137807361
137811576
137850957
137852787
137861164
137868737
137872618
137874103
137899131
137908017
137910686
137934220
137934449
137955195
137961974
137964400
137964823
137966898
137968389
137973228
137979504
137981242
137984872
137991951
137997105
138004733
138005442
138009696
138014085
138024033
138029180
138037320
138052399
138063345
138066502
138067608
138073347
138092120
138093168
138094252
138097675
138099387
138104483
138106918
138123308
138134007
138139822
138146972
138148383
138150637
138155213
138168670
138169510
138173584
138178283
138191148
138203788
138204240
138215137
138215501
138223137
138263457
138263816
138274685
138277192
138279511
138295517
138295973
138298811
138300097
138305228
138309137
138318581
138329098
138344908
138364715
138366701
138366751
138374799
138377616
138394598
138406098
138411513
138413203
138414976
138423043
138444981
138448458
138459584
138467653
138476252
138479779
138481811
138494795
138495538
138495749
138521469
138521889
138522755
138534461
138539059
138539841
138546759
138553467
138561542
138569936
138577426
138584879
138600028
138603260
138606873
138613586
138617992
138619504
138620478
138636112
138648558
138650042
138658168
138674575
138676454
138692087
138697637
138705601
138707087
138714101
138716834
138719664
138720578
138726070
138730494
138751165
138751640
138756983
138758787
138769382
138775908
138786051
138786946
138790802
138804007
138809545
138816779
138821961
138825074
138826578
138834147
138834806
138839903
138872064
138873804
138874286
138883208
138889542
138893523
138909947
138912980
138914883
138925542
138926961
138937283
138941600
138944500
138957760
138963741
138965331
138968266
138989603
138993469
138994318
139001323
139001710
139020577
139028369
139029181
139049811
139058719
139073222
139074580
139077361
139086741
139090175
139091612
139094492
139095229
139100804
139102212
139116900
139136499
139139344
139139534
139140378
139142535
139150316
139155212
139168291
139176385
139187372
139194177
139199915
139202260
139215332
139221890
139226477
139243113
139247784
139251833
139259664
139259722
139266978
139267068
139273479
139282673
139287399
139295961
139304737
139304789
139308277
139318050
139321472
139332485
139344048
139355352
139358391
139367810
139370921
139379589
139384739
139400651
139402266
139426170
139428236
139429323
139430111
139431829
139432115
139432356
139439009
139441850
139449253
139455943
139458166
139471906
139477740
139493918
139501608
139503827
139509094
139511355
139529457
139541965
139545467
139553140
139560228
139560892
139571288
139574047
139580711
139589835
139590019
139594518
139601063
139605954
139606249
139612886
139619304
139620678
139621852
139630608
139637718
139661232
139670365
139674435
139674485
139678285
139683327
139693761
139717975
139719459
139723970
139725214
139728395
139732330
139747805
139753271
139785226
139786503
139787836
139791173
139808710
139810312
139813817
139816033
139832933
139834129
139844955
139878580
139882461
139883081
139886499
139887540
139898254
139900582
139911256
139925125
139935019
139941890
139942737
139944579
139946855
139955609
139965405
139976884
139979069
139994587
140010322
140017049
140022052
140026184
140027600
140057067
140057109
140071664
140072977
140079523
140088752
140095985
140098402
140099339
140103907
140114866
140115027
140121459
140121769
140135428
140151636
140152221
140159242
140180752
140181340
140207231
140215955
140220405
140224651
140230532
140237142
140239547
140247621
140253267
140255055
140255812
140256430
140260311
140264179
140268601
140286255
140290964
140293751
140295379
140307928
140312135
140339134
140349529
140350780
140356344
140365511
140380255
140382437
140386417
140389086
140391079
140393684
140403503
140409885
140426356
140431992
140436699
140438768
140452084
140480274
140486405
140494559
140496661
140500687
140505890
140515345
140516286
140518080
140530053
140543659
140545106
140548051
140549695
140551054
140574826
140577800
140583885
140587788
140590345
140613300
140616440
140621649
140640976
140645192
140656432
140668275
140676993
140678883
140682893
140686083
140686721
140699959
140706108
140716336
140732404
140734464
140739116
140744004
140745589
140746769
140756687
140761620
140764042
140776092
140784057
140790748
140796121
140798870
140800070
140803780
140805705
140815293
140826661
140828433
140837641
140838607
140841039
140844243
140850912
140853928
140857452
140867803
140870677
140888727
140897893
140921592
140923721
140928410
140931492
140933856
140934006
140947130
140954671
140967003
140967282
140971862
140993421
141005533
141015444
141015683
141025923
141035793
141042728
141054486
141063365
141066569
141074839
141084770
141086241
141093724
141110346
141112220
141120688
141128877
141132453
141144945
141156854
141168404
141184648
141192033
141199203
141218131
141227634
141232933
141234108
141234246
141236648
141239523
141245356
141252398
141256511
141261626
141269006
141276449
141285260
141295235
141312182
141313272
141318972
141321863
141329804
141335365
141341989
141349502
141349576
141354879
141356098
141360771
141372073
141373265
141377800
141381574
141381762
141386130
141402707
141403465
141404108
141412521
141422147
141424028
141448889
141459955
141465179
141467764
141481523
141486756
141489704
141493300
141501606
141501627
141506845
141511384
141527476
141535525
141535684
141538702
141546961
141552236
141554956
141569764
141575029
141578570
141578866
141595540
141600542
141616716
141627569
141630243
141635537
141638328
141638771
141653022
141667625
141679031
141680931
141684024
141722465
141731158
141732754
141735037
141740641
141743654
141752220
141777259
141777806
141780334
141789873
141800135
141803685
141816686
141824950
141831203
141836999
141850535
141854393
141858986
141859234
141859481
141872144
141873400
141890384
141899041
141903371
141915580
141915934
141918657
141928046
141929115
141929302
141933996
141936423
141937175
141965747
141969898
141976015
141977799
141979796
141987414
141999333
142005622
142016815
142017615
142022823
142031578
142044420
142054591
142057264
142068755
142077010
142087010
142087217
142092371
142093649
142102596
142102877
142115063
142117265
142120152
142122193
142136950
142144763
142145494
142161457
142162119
142186090
142189155
142189581
142201154
142216366
142230711
142244465
142256206
142256501
142267146
142267461
142281059
142286150
142286460
142290655
142295718
142310320
142311413
142311814
142313174
142329668
142334771
142343526
142345185
142357302
142371581
142386456
142389967
142401018
142410327
142415855
142417992
142419425
142422854
142427185
142427629
142428359
142428779
142429345
142433107
142467844
142471179
142473409
142473833
142490649
142501176
142511720
142515936
142516997
142525451
142527371
142528290
142537341
142547028
142549710
142550411
142550577
142555263
142563111
142566183
142571787
142572741
142573836
142576518
142577685
142578189
142580597
142582804
142586416
142589171
142612111
142623471
142631672
142638039
142647714
142657892
142662218
142670359
142678224
142686425
142700922
142708042
142709617
142712040
142712455
142717768
142729251
142729800
142730450
142736754
142760615
142778228
142780048
142781005
142783067
142783771
142791415
142794439
142794856
142809365
142810157
142817618
142819497
142832103
142832724
142836247
142839896
142840654
142846406
142848883
142849270
142857193
142862324
142863065
142866722
142866948
142867245
142882725
142890758
142891237
142912606
142913124
142926102
142926708
142926757
142927583
142928057
142936171
142946392
142952052
142962938
142966547
142976013
142982054
142982753
142995366
143003799
143008193
143010194
143020990
143022383
143023903
143052246
143065870
143074185
143097891
143099593
143099793
143100722
143101827
143103994
143105116
143108674
143116191
143117840
143121301
143123901
143149670
143150268
143176701
143190151
143190590
143191083
143195084
143202433
143213361
143213874
143214434
143222256
143241147
143242276
143244417
143246615
143258577
143267482
143269834
143274200
143274645
143276727
143288361
143288830
143289085
143294478
143296807
143302110
143307118
143310589
143310745
143314853
143317639
143334976
143338358
143352490
143353742
143360040
143364951
143375543
143378691
143392897
143393839
143422366
143432405
143434891
143435900
143437242
143439747
143451110
143458118
143459896
143484053
143484340
143514283
143515858
143520709
143528154
143529220
143542507
143555276
143583697
143586490
143606948
143607809
143625179
143625181
143626411
143627216
143634196
143634658
143636089
143639570
143659500
143675620
143687304
143693734
143696366
143704919
143705794
143708494
143711838
143726020
143732055
143738806
143740202
143776859
143782492
143789016
143792392
143799218
143805318
143809171
143809698
143827472
143832152
143835886
143841515
143859813
143892580
143903575
143908810
143929851
143930296
143931820
143934656
143934851
143935624
143946553
143954583
143963371
143980197
143989789
143991136
143992694
143993189
143996347
144000536
144011109
144044771
144045764
144048060
144048070
144048382
144049885
144058655
144063665
144075120
144097995
144106346
144118412
144124588
144126389
144163105
144164063
144180254
144181484
144190614
144196049
144202218
144238951
144245137
144249832
144254969
144270242
144273899
144282909
144284304
144299893
144317596
144326634
144332471
144343450
144357073
144358481
144367347
144396629
144398395
144404448
144405591
144409213
144430274
144436693
144436927
144449508
144453733
144460190
144471606
144473587
144479207
144485624
144496037
144496501
144497012
144499974
144501658
144507048
144513662
144513835
144514252
144522867
144529102
144532421
144542285
144547237
144550213
144555086
144562061
144579359
144587021
144589886
144591261
144595544
144599292
144634208
144644563
144649730
144650816
144653774
144654051
144655950
144658222
144659923
144660249
144661514
144688112
144697125
144701584
144715759
144719867
144732792
144738572
144742032
144750908
144756836
144761256
144763322
144771206
144794185
144800713
144818070
144825371
144827389
144848026
144855054
144862932
144868819
144874965
144883645
144884131
144897153
144897725
144899832
144903346
144909255
144923085
144932863
144955089
144958582
144969540
144972474
144973168
144987452
144990002
144998062
144998645
145011201
145028215
145029635
145035761
145038512
145039371
145042132
145052446
145054146
145054910
145072646
145074148
145086813
145097674
145102491
145113587
145123387
145124544
145126574
145128920
145131680
145153597
145157513
145158016
145161774
145168564
145201782
145202572
145222585
145229556
145235151
145245013
145256409
145261126
145268217
145272308
145279532
145279562
145287078
145287112
145294419
145295289
145313724
145316512
145321861
145329348
145330063
145330348
145331406
145342088
145343428
145381245
145391938
145394913
145395809
145403086
145409634
145410343
145414182
145423102
145426427
145434282
145436479
145436663
145443012
145445554
145456582
145460071
145461047
145463119
145466633
145468615
145468747
145473950
145478154
145478876
145485826
145487762
145490896
145491141
145497023
145500615
145506080
145508627
145512232
145516328
145519313
145535038
145535446
145554786
145558928
145590161
145590479
145601047
145617631
145624978
145645922
145655976
145660947
145663517
145666059
145667529
145697026
145699654
145728319
145729368
145731239
145760826
145774287
145781499
145783068
145784406
145786077
145824191
145824683
145826122
145830924
145837943
145870205
145876754
145878184
145886825
145887493
145890390
145895401
145903987
145905319
145906424
145906597
145909889
145927498
145931143
145934066
145939253
145939429
145952871
145954588
145955329
145958025
145960627
145962766
145969495
145979609
145982538
145982845
145982920
145987017
145997249
146016973
146021695
146029190
146029402
146030962
146039876
146045205
146046350
146053531
146068508
146081709
146103497
146107405
146118646
146122720
146128757
146131987
146137008
146138745
146147025
146147165
146162062
146166346
146167534
146177189
146179425
146187444
146188691
146196791
146235106
146247687
146253925
146259209
146263437
146265396
146275026
146282952
146289088
146295780
146302876
146305473
146315636
146319089
146326366
146326975
146341641
146350975
146352232
146375433
146378949
146380057
146380394
146385103
146385737
146402879
146403795
146408157
146408717
146410962
146419034
146433285
146442179
146448829
146453570
146458957
146463648
146474744
146476467
146481746
146495961
146513610
146516480
146519570
146522262
146539143
146541235
146546880
146548315
146548369
146552375
146553723
146566223
146568404
146570005
146575578
146585536
146589152
146592263
146593005
146606049
146619233
146623570
146625448
146629568
146629729
146636421
146636552
146641615
146660651
146670057
146692352
146708151
146709971
146722322
146724740
146726256
146748818
146755086
146755922
146762826
146766863
146773133
146774839
146777421
146784382
146788228
146791720
146795333
146812386
146816729
146822928
146824638
146838218
146847585
146852798
146854928
146859622
146862131
146863021
146868178
146869537
146871571
146872462
146876260
146876714
146877848
146901432
146904281
146908074
146914454
146915260
146919621
146927769
146930429
146932413
146958051
146958418
146973291
146986895
146997995
147009124
147010908
147012425
147024102
147027980
147075840
147081900
147093136
147093953
147094227
147099678
147104488
147115561
147119022
147121281
147123680
147131721
147133028
147134556
147134890
147135519
147138424
147141365
147143063
147149881
147154635
147155547
147162652
147163767
147169113
147170892
147182345
147184303
147185203
147187104
147197452
147201856
147212879
147219327
147225174
147233480
147234490
147237319
147244229
147262219
147270414
147285599
147287111
147290660
147291390
147300930
147307123
147316559
147323436
147326705
147343669
147352395
147353255
147354199
147372722
147382573
147382894
147398566
147399122
147400621
147402207
147403954
147426414
147429389
147432604
147444745
147445498
147483004
147491064
147531360
147532813
147536962
147542742
147549733
147550703
147578130
147586556
147600157
147612539
147616423
147622354
147627789
147631176
147655168
147675066
147687655
147690703
147701297
147705002
147706137
147707386
147713623
147733118
147758553
147771165
147790026
147794750
147803373
147823886
147836977
147858492
147865839
147870281
147884564
147915183
147922225
147941144
147942273
147949733
147963863
147965277
147971818
147988844
148013015
148027148
148046679
148055365
148065496
148073485
148080280
148124308
148125138
148157486
148165541
148165773
148182831
148184937
148190232
148198336
148201213
148201568
148211897
148214225
148221649
148241287
148252619
148261671
148266163
148281438
148299120
148301058
148301168
148309631
148319841
148340441
148344515
148354149
148354224
148354664
148365405
148375659
148375727
148380666
148383085
148408604
148434543
148439720
148458936
148476854
148494041
148536714
148546127
148560283
148562238
148580050
148581897
148583238
148589579
148595649
148597143
148600810
148604331
148611112
148617220
148627807
148633017
148636386
148642575
148679122
148687813
148701655
148705631
148718453
148720435
148722340
148723986
148725455
148726258
148741064
148741290
148770353
148775096
148786275
148836130
148839557
148847867
148862695
148926627
148935762
148938657
148947675
148956972
148958936
148960123
148963151
148968872
148975998
148988211
149028776
149036202
149051818
149053638
149059215
149059339
149075895
149083019
149083317
149100745
149103450
149111227
149116029
149131399
149132211
149148283
149149828
149156393
149172418
149176283
149186236
149186541
149189235
149201977
149207220
149227158
149228256
149239850
149240232
149240813
149245640
149253789
149281958
149283269
149306962
149308599
149315623
149327317
149328196
149352658
149368678
149391174
149411874
149417270
149429277
149441759
149467509
149483482
149508899
149511685
149523025
149535773
149536814
149574587
149612185
149617621
149642236
149645695
149646044
149666128
149667041
149668820
149669619
149670351
149676381
149694319
149718725
149729166
149730010
149760584
149766978
149789247
149798929
149825781
149829745
149831835
149841780
149850458
149854419
149857149
149867985
149872626
149889135
149892982
149899995
149911306
149921285
149933794
149963131
149972987
149976820
149980791
149983166
149983943
149987478
150004776
150016732
150018638
150046037
150051768
150062760
150067946
150090883
150124514
150136713
150144220
150145696
150155964
150158380
150160873
150176109
150192974
150197223
150199817
150213968
150219422
150223664
150240169
150241857
150243875
150251298
150261230
150263111
150267189
150310742
150311377
150313061
150314247
150315919
150328471
150337802
150342667
150375076
150389056
150406736
150447850
150461683
150471332
150474790
150475618
150477391
150498817
150507123
150522663
150526634
150528929
150537429
150538690
150539014
150540793
150558284
150558840
150567080
150582571
150613117
150624576
150638946
150639813
150649936
150651250
150658643
150665921
150696510
150790103
150816022
150820428
150886033
150907707
150909272
150925083
150926281
150945479
150962129
150989959
151008001
151024067
151038259
151043284
151050469
151053888
151055270
151058404
151072523
151074469
151093045
151096110
151101030
151110483
151113490
151120646
151124969
151160110
151168266
151178268
151180222
151180643
151187344
151210768
151221108
151231957
151243912
151251202
151260127
151267627
151284116
151289132
151294237
151305757
151320791
151320830
151323245
151335181
151344337
151362045
151367581
151387365
151404106
151409040
151421474
151435831
151440582
151441747
151455435
151459580
151462262
151471236
151475738
151482697
151488881
151489286
151493281
151503768
151504173
151506049
151509476
151517246
151519941
151524465
151531491
151534553
151536923
151538118
151538249
151541439
151553679
151568979
151571402
151587316
151599111
151599146
151601705
151607020
151611569
151618093
151623725
151625339
151634807
151635740
151642312
151650425
151667524
151673997
151684244
151701247
151719500
151726627
151741973
151759140
151789653
151793337
151814537
151817476
151820016
151834606
151846699
151861006
151862102
151875045
151876062
151876602
151884569
151900946
151905124
151930941
151932106
151941315
151942515
151948724
151950141
151964568
151971999
151976968
151984412
151985448
152001979
152003468
152008336
152020840
152026592
152031046
152031055
152032129
152043276
152048648
152066669
152073957
152084449
152085564
152133474
152139768
152153844
152161391
152171036
152190145
152205370
152210197
152212539
152222990
152224958
152234543
152241950
152261499
152267218
152273906
152278824
152305287
152306287
152308325
152311508
152321214
152329791
152331275
152361070
152362673
152363692
152381615
152394937
152415147
152416812
152421187
152426856
152427208
152432111
152456292
152472488
152479545
152511632
152521103
152526495
152526708
152530006
152556177
152564798
152582743
152593933
152609847
152623792
152626965
152640552
152641408
152659375
152661488
152661965
152672091
152672622
152696442
152698331
152742372
152748685
152758050
152769466
152777938
152791987
152797399
152814605
152817301
152852290
152884795
152889133
152900605
152906362
152919166
152931241
152951121
152960479
152961421
152973082
152975668
152977449
152977591
152981570
152981850
153002155
153014171
153024908
153027111
153041741
153046692
153048815
153057598
153058812
153063570
153068907
153084010
153090560
153106745
153117429
153134179
153134384
153150606
153160857
153162118
153190737
153205919
153207110
153215582
153219674
153225769
153236906
153247848
153257829
153258059
153283893
153283954
153287284
153293750
153307471
153311931
153325174
153326006
153330206
153337507
153341574
153376854
153380453
153398714
153407345
153408048
153433585
153465769
153477799
153481078
153493757
153494781
153506488
153510013
153536040
153536151
153536610
153542115
153544055
153558549
153571704
153573083
153608438
153614565
153631892
153657758
153665673
153678540
153679929
153712604
153720457
153724403
153724625
153725682
153733110
153746700
153756361
153759645
153764248
153776916
153778629
153790879
153802318
153804145
153807676
153813963
153838600
153865762
153868663
153882608
153893801
153895230
153903024
153903436
153903699
153922888
153923340
153926529
153939031
153943022
153950376
153967667
153968268
153991229
154000113
154001499
154005884
154013895
154025152
154035297
154038339
154043448
154044416
154045176
154056106
154065568
154076875
154082921
154086085
154115032
154128757
154132238
154141775
154145204
154150281
154151560
154173977
154215313
154217443
154219056
154232825
154233550
154238079
154251284
154252872
154282565
154302625
154306520
154310293
154344171
154345688
154346760
154356640
154369692
154388707
154401551
154458364
154477250
154483124
154486514
154490188
154531702
154535808
154545717
154591124
154591819
154608764
154613686
154634178
154658528
154676402
154685938
154689432
154700642
154706671
154710969
154715216
154719225
154737873
154753329
154761403
154774649
154782511
154784680
154787317
154794182
154798080
154800033
154828971
154858128
154871188
154874713
154877448
154922637
154960382
154962580
154967255
154975326
154996936
155009642
155025026
155040897
155055924
155074665
155075090
155075419
155076520
155078736
155088621
155090035
155094209
155100839
155110902
155113909
155114058
155169963
155177859
155186915
155198490
155205667
155213666
155235067
155278196
155293557
155297928
155327337
155337210
155398003
155401884
155409210
155421040
155423254
155431139
155479267
155490670
155496902
155501586
155508728
155538247
155541181
155542104
155580501
155590627
155595129
155596978
155622019
155643180
155654346
155655795
155660101
155668886
155701554
155735872
155744648
155750144
155757174
155760069
155765698
155780057
155781303
155784989
155807299
155823367
155824273
155825639
155837189
155856855
155859144
155868140
155909009
155913013
155955369
155972352
155993519
155998459
156001443
156001582
156013691
156027731
156030384
156037715
156045167
156063755
156064749
156079648
156081225
156099789
156099931
156100442
156105789
156113753
156117080
156118548
156152180
156158232
156165888
156174819
156191454
156191705
156202799
156217151
156218081
156220713
156221562
156248981
156251887
156266637
156274502
156281612
156288314
156295873
156319635
156321182
156352074
156355010
156356820
156380025
156388206
156388250
156412224
156412600
156432297
156455576
156473895
156487228
156488672
156493697
156505998
156507861
156529785
156532574
156537744
156543857
156558257
156567670
156569533
156577854
156593649
156593988
156598635
156600894
156612114
156634767
156639653
156661227
156668423
156669615
156681423
156718771
156726917
156735697
156745750
156758659
156758803
156766296
156767941
156779482
156786701
156799695
156865053
156865125
156870458
156877869
156880057
156890084
156905148
156924483
156925326
156954227
156966107
156974183
156984747
157001587
157011519
157015226
157038076
157061603
157067637
157074234
157092514
157101621
157115203
157116506
157128488
157133740
157164227
157178633
157179635
157183657
157184221
157184924
157185117
157202037
157208611
157228530
157228712
157236581
157240960
157242792
157253999
157259832
157272636
157274876
157276585
157277605
157285386
157302153
157306935
157324851
157330445
157339259
157341866
157342992
157347924
157352200
157368521
157378408
157378525
157380819
157384174
157413994
157437020
157450078
157460637
157461955
157462498
157496062
157505123
157520704
157525855
157533437
157547764
157555734
157556239
157559069
157564397
157576233
157585605
157591730
157602258
157603359
157616134
157621038
157657889
157658436
157665306
157669872
157678905
157689387
157695181
157702167
157730735
157737057
157739698
157749562
157756241
157767154
157774773
157788560
157789097
157794232
157823366
157850801
157869301
157873078
157873189
157879559
157894374
157903696
157923122
157958124
157969322
157969542
157970850
157991574
157996896
158007486
158034550
158058825
158072284
158094559
158116909
158119972
158123681
158124482
158134453
158159341
158164971
158192949
158210060
158212870
158214040
158218682
158229812
158230306
158242541
158253090
158255084
158256764
158260522
158261494
158278279
158281195
158293530
158311156
158337643
158337992
158342074
158347852
158349345
158349975
158352639
158353105
158355846
158363952
158371271
158387638
158426318
158426770
158429905
158451461
158457038
158481265
158489049
158523444
158532800
158538489
158541361
158556108
158576919
158591305
158596819
158597260
158608954
158609293
158630155
158663800
158667375
158682089
158695055
158718548
158781589
158782594
158784912
158793479
158799906
158801411
158805912
158851656
158889415
158905205
158910993
158928719
158948914
158962932
158976480
158977770
159000975
159004593
159030177
159032775
159082995
159087506
159102837
159104108
159111031
159114909
159126535
159132523
159140100
159142831
159190578
159195276
159223396
159225568
159261053
159262138
159262995
159269773
159271198
159275301
159277589
159300177
159345061
159370562
159384209
159392451
159410234
159425034
159435742
159447523
159456250
159464833
159470168
159480369
159488001
159499178
159500164
159521645
159525973
159527584
159544485
159546817
159573233
159577436
159588853
159632633
159642282
159647012
159650612
159657826
159660935
159662944
159682658
159696380
159697375
159697883
159719694
159732393
159747486
159757312
159810261
159818547
159837598
159866279
159868035
159886344
159888965
159892444
159915543
159964857
159998801
160003732
160009745
160012586
160014147
160017388
160070188
160083538
160105391
160111643
160121844
160122352
160127110
160131469
160142773
160162397
160162613
160167039
160167764
160175834
160186597
160187213
160188964
160205670
160224660
160231500
160232741
160233296
160247258
160249498
160267187
160274493
160279855
160283419
160284807
160292204
160302512
160326832
160336543
160340554
160345908
160356389
160367397
160372506
160376246
160391376
160398995
160403117
160421589
160422138
160434977
160438167
160455430
160484297
160484764
160495186
160499539
160513249
160517018
160519169
160520810
160538176
160543099
160544781
160558659
160560006
160568331
160570943
160595355
160608272
160624884
160625581
160626343
160629618
160641237
160650938
160654408
160655047
160666534
160679944
160708228
160725293
160729101
160739968
160744301
160749760
160775679
160801550
160804808
160825539
160837990
160841227
160847666
160849697
160862886
160863562
160869180
160874940
160891618
160909472
160915038
160957506
160962755
160976518
160976946
160985027
160991571
161003356
161012251
161019232
161019977
161029471
161033806
161043147
161043289
161046988
161093841
161107372
161111834
161115389
161135068
161183328
161202791
161225206
161228632
161258579
161261139
161264202
161268357
161273710
161277541
161283645
161293194
161293333
161299016
161299751
161310134
161317518
161337437
161350958
161351979
161354750
161373364
161387805
161389299
161411445
161416473
161432882
161463096
161472613
161478558
161479376
161488913
161497522
161498132
161500000
161502558
161524360
161526787
161540912
161551090
161555217
161568455
161568723
161568857
161573911
161592097
161607312
161607559
161641023
161649878
161659929
161677098
161690291
161691025
161694980
161723212
161726816
161728455
161736459
161765191
161769138
161770820
161781020
161788661
161789963
161798189
161798651
161809017
161816170
161821610
161825775
161830139
161838131
161844994
161849483
161852797
161868163
161880619
161881058
161892318
161902919
161906493
161906803
161915054
161936106
161947051
161949558
161956344
161959276
161978778
161986684
161987640
161997300
162011939
162016668
162021974
162022738
162023669
162036231
162038546
162048574
162052974
162061114
162062686
162077901
162098397
162128014
162148768
162161259
162165285
162165878
162187994
162188720
162194632
162209004
162216271
162227112
162242043
162251603
162258324
162265711
162274159
162289006
162312819
162328008
162341723
162355386
162399482
162408067
162417034
162417967
162431862
162480898
162523224
162525811
162526101
162535934
162535986
162554654
162556637
162575618
162583530
162601431
162602578
162615768
162641012
162669937
162697545
162704375
162718614
162729760
162748025
162757405
162767242
162773551
162777968
162794514
162794794
162795160
162795783
162824944
162832009
162876802
162877050
162877451
162881766
162890510
162892026
162912515
162937234
162941689
162948433
162959248
162967694
162991568
163019946
163038263
163049929
163050722
163097983
163100631
163104684
163105830
163111782
163117382
163123351
163128366
163134749
163155369
163163433
163180216
163180586
163254128
163266268
163272588
163287473
163314325
163317104
163335522
163336444
163340631
163368202
163372653
163385008
163402450
163408230
163409233
163409304
163414973
163435590
163441298
163452576
163457741
163474561
163476346
163488455
163490772
163502096
163504040
163519355
163542314
163544384
163553792
163594995
163595021
163621458
163632269
163637782
163639302
163644066
163655280
163664396
163710236
163743927
163749382
163753765
163755008
163757072
163773371
163804944
163805146
163813622
163827364
163838286
163885451
163887198
163887389
163892824
163901171
163905610
163907033
163908386
163915493
163917431
163920433
163945325
163948722
163956930
163969347
163978221
163990159
163995230
164001912
164020397
164029161
164030646
164040116
164043375
164049546
164071862
164079856
164080548
164087437
164089230
164093408
164104328
164110894
164116832
164146914
164157978
164192268
164200403
164202273
164208819
164210700
164216990
164221489
164230223
164231477
164238086
164238330
164247813
164256000
164262919
164272249
164280733
164284367
164295572
164315262
164343877
164353948
164369456
164370956
164383981
164397741
164424133
164434486
164465888
164477128
164482158
164495032
164521910
164525551
164530298
164540799
164578258
164586807
164596173
164608062
164620483
164625941
164631769
164633176
164634106
164714240
164714923
164722393
164737406
164744059
164765509
164792695
164801738
164814960
164842371
164847526
164871800
164888906
164902938
164910388
164915668
164930466
164932334
164935364
164937998
164940339
164954155
164957528
164959515
164965223
164980602
164987264
165032559
165037089
165059697
165071034
165074775
165104401
165120438
165127710
165151094
165170192
165192321
165194048
165201708
165203007
165209153
165216283
165216912
165223720
165238131
165263416
165265569
165273402
165291612
165295528
165325133
165333679
165343503
165367335
165397902
165412252
165416272
165419961
165423581
165448616
165451049
165454362
165475798
165526144
165528860
165540095
165541816
165560011
165567422
165578426
165579991
165587479
165595953
165607898
165635833
165659455
165682203
165687389
165696158
165697686
165724490
165734368
165780270
165784781
165799224
165825441
165831265
165831958
165869114
165873360
165875495
165898312
165900434
165912212
165950511
165959728
165974479
166005930
166010882
166029080
166034350
166040896
166044068
166049976
166060027
166067834
166096532
166096640
166096873
166099755
166106281
166114547
166121093
166150648
166184766
166189921
166201457
166212003
166224371
166230646
166236181
166249690
166258008
166278284
166288560
166300091
166313642
166316603
166325278
166340386
166346040
166353397
166354272
166355990
166358487
166361562
166369763
166372601
166373661
166386540
166386587
166392254
166392762
166397925
166405416
166407608
166415606
166415782
166418766
166419365
166419835
166434692
166434723
166447493
166482403
166490337
166494003
166513347
166513444
166516809
166518857
166521600
166523348
166524005
166539981
166568874
166578351
166599905
166600169
166602603
166609350
166637059
166652261
166677096
166687697
166687961
166695007
166703487
166750906
166777837
166778563
166779191
166789745
166814875
166827082
166841376
166873199
166895617
166917142
166928029
166939576
166945079
166960900
166961303
166962492
166987345
166993114
166999637
167027805
167029408
167049817
167054060
167063339
167064046
167076238
167076458
167085491
167086889
167090123
167128714
167149599
167156738
167162643
167167563
167170154
167170442
167176968
167183271
167190981
167205062
167216198
167223535
167227307
167241209
167243259
167252871
167253879
167255547
167257037
167262069
167266930
167276574
167282742
167296232
167296469
167308747
167334577
167338685
167349216
167352656
167365586
167372289
167379790
167383354
167395899
167406484
167417815
167418669
167430978
167438140
167447094
167452550
167471326
167480879
167486135
167508888
167526323
167531884
167545370
167549247
167576221
167605216
167607698
167616195
167633832
167637679
167649167
167652282
167658528
167682754
167683695
167695937
167732843
167749714
167765036
167769753
167781546
167791447
167806586
167809866
167811615
167817487
167842130
167855029
167885002
167895209
167911613
167920369
167921659
167928106
167952108
167962281
167962568
167967764
167978258
167983377
167988938
167993021
167999562
168000258
168018470
168039600
168039650
168040687
168047291
168069351
168075286
168077273
168086768
168094635
168099187
168100374
168104580
168105236
168108706
168122002
168122849
168126698
168127618
168135607
168142350
168155029
168159180
168161968
168162232
168171668
168179189
168190456
168208499
168209722
168217903
168249757
168255054
168293936
168316464
168332684
168334468
168335516
168347125
168351848
168358244
168367147
168369980
168377769
168386135
168387672
168394239
168406565
168421841
168430592
168432365
168434519
168440273
168445305
168473788
168482410
168496655
168515283
168532161
168537148
168537479
168543410
168557020
168558541
168558674
168584562
168586730
168647003
168649228
168658042
168659326
168659573
168661059
168662119
168667791
168675117
168691997
168695664
168705769
168709467
168710331
168717046
168721458
168722188
168732364
168747414
168748536
168764997
168766726
168768611
168780236
168788930
168802758
168808350
168810160
168813346
168820572
168832414
168851402
168851849
168880543
168886691
168921199
168929167
168940127
168949385
168963995
168967839
168971926
168979120
169002864
169004811
169009182
169023621
169026525
169028596
169039426
169044608
169048916
169051231
169058797
169061316
169070020
169073017
169084568
169109190
169110570
169112584
169125922
169129040
169131727
169160288
169160804
169186054
169186570
169204001
169207166
169207550
169214493
169234340
169236442
169250707
169254591
169255991
169262549
169273513
169282325
169305733
169310677
169319096
169324735
169330132
169332790
169340323
169340770
169365576
169403373
169408886
169410333
169411797
169413858
169419889
169420179
169421176
169421283
169422523
169436115
169446561
169449921
169450468
169499131
169516628
169521065
169524267
169553178
169577769
169579128
169598345
169600386
169606089
169607002
169608855
169619519
169625811
169647076
169652849
169684678
169694721
169704844
169712919
169716932
169727685
169737335
169741814
169748449
169755163
169762720
169766453
169773188
169781343
169790284
169797454
169814482
169845995
169851986
169859371
169873380
169879123
169883283
169902586
169913601
169924853
169931691
169937204
169947475
169951392
169984805
169997762
170002907
170003227
170003469
170021919
170022409
170029673
170066974
170079117
170079618
170093186
170107588
170111930
170112099
170116139
170134550
170150607
170150816
170162746
170165538
170187759
170205172
170218211
170233313
170256600
170272845
170291910
170320212
170323547
170333983
170398279
170398520
170411352
170419213
170421742
170437113
170439390
170453275
170457325
170459737
170469861
170498271
170512607
170524860
170531126
170531827
170532065
170553215
170566015
170581175
170585826
170590283
170592565
170593915
170607520
170626368
170629837
170632871
170634689
170658957
170661096
170664319
170688796
170691539
170721157
170722671
170725122
170730558
170731047
170731848
170745113
170755642
170772391
170793366
170800623
170802715
170808047
170812163
170813396
170824490
170831199
170832169
170851180
170859548
170864842
170866923
170874271
170887589
170895068
170896624
170897137
170897650
170912184
170930933
170948962
170985054
170990014
170991184
171006733
171012880
171018764
171030634
171035119
171050313
171061166
171087037
171105611
171114158
171123242
171147889
171163947
171166022
171171662
171175402
171201444
171203322
171207491
171213261
171229083
171239732
171250407
171269316
171284330
171292328
171293752
171299433
171315101
171317212
171328331
171341911
171342877
171348285
171354300
171356636
171358554
171375533
171379497
171387250
171394489
171395120
171397482
171404654
171405819
171415427
171424472
171446943
171467969
171494846
171507514
171533915
171542123
171542708
171542756
171551154
171561461
171567271
171576400
171577222
171581650
171619940
171623036
171623597
171626401
171636784
171637127
171649891
171663974
171668882
171674851
171689072
171703841
171704360
171705181
171712990
171730158
171748067
171755578
171756099
171790169
171792864
171797273
171803397
171807099
171813215
171822790
171838086
171864091
171865802
171880510
171887340
171891319
171912807
171932293
171933100
171949133
171949474
171953374
171954034
171987959
172034355
172076819
172076825
172079891
172086638
172093611
172094104
172098268
172127269
172132607
172149534
172151045
172164978
172166610
172170579
172174960
172197087
172202976
172229134
172239288
172250308
172273764
172288052
172291024
172296274
172297103
172298946
172307046
172316484
172328844
172342048
172352331
172356074
172364062
172368607
172390779
172409149
172416859
172427559
172460174
172461051
172462950
172481049
172496465
172502270
172514019
172525018
172546945
172559032
172567876
172567916
172604507
172605210
172620220
172624526
172628053
172645919
172663553
172675299
172684683
172697867
172702211
172702489
172730544
172737942
172740886
172742885
172749453
172757356
172791777
172804053
172821308
172828832
172836244
172868859
172876086
172885059
172887163
172906165
172913389
172919359
172925593
172930438
172935377
172942076
172971211
172983724
172987200
172992374
173002798
173004279
173006553
173010520
173023713
173025861
173027898
173028571
173040714
173064880
173079546
173107992
173138052
173142633
173161882
173169987
173172814
173174156
173180166
173191813
173200221
173204029
173205364
173221045
173222073
173224252
173230999
173231227
173258300
173271369
173280379
173285451
173286053
173299713
173324791
173327675
173329844
173337476
173345969
173355891
173364709
173380110
173385913
173388036
173395173
173396083
173396849
173410245
173419642
173425274
173431701
173440471
173442510
173446241
173452241
173482389
173497247
173506321
173521176
173546070
173551272
173560198
173569312
173569839
173575296
173595219
173596105
173598958
173611605
173612384
173612611
173615660
173620528
173625407
173626246
173645367
173660454
173662039
173666218
173666974
173668843
173674560
173688847
173695423
173706585
173716800
173738540
173744472
173751632
173763698
173765091
173770222
173791270
173821665
173830295
173836226
173852194
173857039
173858588
173866551
173868399
173874881
173898136
173909056
173922900
173926165
173937017
173947756
173955300
173959329
173959781
173960587
173963244
173963833
173988688
173994635
174010284
174020635
174023132
174023559
174027865
174034980
174052042
174054014
174060663
174067917
174070651
174090068
174091401
174109796
174137527
174137710
174139077
174160511
174167289
174172606
174181634
174183526
174195073
174198956
174199535
174201490
174217398
174219008
174226975
174228866
174245238
174251858
174255970
174262553
174266587
174268903
174277506
174277989
174286111
174289825
174294982
174303848
174303913
174304188
174304348
174315112
174328447
174332317
174354248
174369456
174369968
174378239
174380513
174384558
174394799
174397434
174397662
174426969
174440127
174445964
174457583
174467649
174484642
174497063
174518282
174523164
174524308
174548436
174589385
174597170
174600485
174608700
174640640
174641364
174650143
174664054
174674907
174711089
174733466
174741803
174745678
174759999
174789018
174795163
174796300
174805490
174819234
174826188
174832193
174852250
174857392
174866877
174879106
174881829
174888328
174919954
174920887
174940281
174976135
174986943
174991432
175013846
175013896
175015308
175024854
175027481
175050554
175053955
175058243
175078330
175103462
175106219
175130829
175146488
175146765
175151197
175155179
175159051
175167171
175173615
175173710
175184764
175206219
175213569
175241651
175261572
175272665
175283837
175289393
175293691
175304265
175307054
175310011
175314252
175328702
175341990
175344340
175359000
175363847
175377445
175378013
175378279
175380822
175388254
175410103
175436106
175445142
175452823
175475040
175481676
175489086
175499118
175501572
175503985
175514039
175518259
175528800
175538681
175554282
175566763
175577817
175604706
175605754
175612758
175629716
175635104
175636528
175645320
175670318
175675372
175676041
175688535
175766848
175801161
175808529
175823508
175834684
175846167
175856586
175858521
175860461
175863661
175874946
175878138
175916958
175919773
175929628
175943472
175947503
175950753
175991592
175992733
176006053
176025805
176026180
176030027
176050439
176053391
176057134
176077370
176083249
176089938
176115279
176140914
176168329
176187656
176198105
176198672
176238312
176240923
176251986
176279171
176285828
176299230
176318211
176325911
176329023
176336853
176341058
176352752
176371085
176378001
176383565
176406479
176408024
176411492
176412965
176417457
176426423
176431643
176433120
176448177
176460804
176471805
176477137
176479895
176490553
176503336
176508421
176508895
176519676
176545658
176553794
176564985
176582573
176595519
176611212
176615065
176623365
176629314
176629315
176634115
176651154
176681358
176700868
176718054
176755027
176803250
176825482
176831670
176832724
176836245
176836378
176886221
176910816
176910990
176925305
176949527
176949655
176979150
176988414
177007876
177026813
177056920
177110954
177127981
177142336
177152396
177156953
177159374
177164596
177174694
177177534
177183995
177189529
177190033
177202833
177211379
177214126
177216009
177247875
177249901
177257362
177260643
177262259
177276197
177289262
177289807
177293048
177311238
177319799
177342302
177345861
177347291
177355745
177358885
177361148
177378943
177388582
177396689
177403554
177414663
177415346
177416556
177428189
177428310
177429030
177434067
177435115
177435733
177438643
177452187
177454851
177457957
177479364
177496003
177508022
177524099
177524781
177526177
177569044
177593498
177595816
177598302
177611692
177628122
177629910
177632577
177632908
177650681
177668657
177678744
177679905
177689295
177691578
177695191
177716363
177751950
177766308
177812339
177814978
177818485
177823983
177833520
177842875
177847055
177854878
177864080
177890449
177897348
177905857
177913059
177923644
177940182
177960129
177974314
177980291
178014960
178018424
178025959
178045198
178052344
178060490
178078856
178079116
178085042
178087482
178100017
178137384
178158360
178160062
178168705
178178392
178184288
178190426
178219182
178221062
178221386
178225915
178231358
178236959
178237425
178240538
178249314
178254147
178260206
178267845
178285699
178333169
178347353
178347633
178360199
178364487
178366313
178372020
178380859
178382161
178383238
178391006
178399493
178418133
178421241
178424315
178428914
178429393
178429731
178442076
178465872
178472001
178488375
178516162
178538589
178569714
178606488
178606793
178613242
178621629
178624292
178674424
178687597
178714254
178719812
178721639
178731921
178732560
178733092
178749291
178762717
178767905
178773794
178803199
178804246
178818093
178828826
178863143
178881895
178884754
178894992
178907201
178907818
178915861
178917903
178921438
178934339
178944788
178961569
178969748
178993102
179001005
179005352
179014188
179021321
179044216
179054033
179079772
179084496
179089581
179094752
179095020
179096721
179108182
179115749
179131783
179139948
179153893
179156713
179160166
179187856
179247161
179253350
179264230
179265433
179274880
179282265
179288093
179313755
179316610
179321610
179340398
179362795
179376921
179384764
179409929
179433660
179456264
179466705
179474019
179485873
179490414
179493987
179496087
179498635
179508763
179509424
179514967
179527006
179538316
179546731
179547778
179548341
179549884
179551724
179569871
179581520
179586897
179590081
179592271
179595484
179597113
179619079
179619560
179631140
179656110
179686224
179718420
179718674
179724866
179736477
179749678
179788663
179805796
179828032
179833395
179848976
179852629
179860568
179879203
179880016
179881432
179881850
179901689
179925299
179938406
179944215
179947116
179950426
179950557
179967662
179973245
179977047
179987567
179992517
179995855
180016802
180021331
180021628
180031052
180039041
180040766
180045603
180056666
180065427
180084283
180091540
180096754
180099739
180114298
180133525
180158562
180173292
180180808
180181441
180192136
180192648
180197539
180202596
180204240
180205242
180205581
180206414
180212271
180228654
180240598
180248128
180269370
180277003
180277131
180300532
180339156
180398601
180406411
180413505
180429023
180434819
180436587
180447436
180493923
180497711
180503030
180510421
180513038
180525084
180539602
180547840
180549306
180556401
180579880
180587073
180601264
180601891
180625642
180637721
180647262
180663055
180681697
180682540
180686889
180688117
180723388
180723954
180725314
180745242
180765882
180779541
180793358
180794435
180817027
180818774
180837961
180844081
180845798
180846975
180847005
180852646
180868876
180869104
180904701
180922360
180949843
180952438
180986568
181003793
181016343
181044998
181052272
181073120
181076819
181087762
181131933
181142933
181152206
181160451
181188575
181195791
181216979
181228629
181240826
181247137
181257935
181328084
181352101
181353768
181366405
181367352
181378588
181384869
181414042
181416983
181428959
181432030
181436208
181454915
181458448
181462136
181463010
181486400
181491156
181500567
181517815
181533827
181535832
181538134
181545123
181547954
181554488
181561958
181588239
181589286
181591663
181600104
181600175
181611353
181612568
181637379
181638547
181668537
181682449
181691157
181696486
181697448
181700918
181729716
181755643
181757465
181759589
181764751
181781509
181791828
181802175
181810597
181810802
181810812
181813649
181815205
181831925
181864673
181869292
181896735
181908022
181910502
181914024
181917441
181919661
181934476
181949773
181955021
181967294
181973091
181981417
181990373
181993090
182000330
182015415
182043352
182048114
182059023
182074081
182100501
182103181
182111881
182122594
182123738
182133136
182150669
182152058
182166008
182180257
182192876
182207826
182216836
182237992
182240757
182247179
182251797
182278185
182282393
182298228
182314246
182324907
182332250
182336130
182340577
182347968
182349460
182352494
182387571
182396138
182415670
182422080
182424943
182445359
182456548
182464553
182471395
182474711
182475828
182495582
182510300
182513489
182516048
182524614
182533652
182537611
182541529
182565628
182569512
182580996
182591286
182610764
182615935
182634555
182641196
182652953
182653791
182655120
182669593
182682520
182694737
182726618
182730271
182736357
182760334
182765304
182790055
182799954
182803315
182811703
182817187
182817650
182819588
182836448
182881091
182888960
182889129
182901686
182906661
182934306
182935756
182948094
182949449
182953591
182960934
182976036
182980648
182984016
183014144
183015700
183020674
183034324
183037613
183041600
183050815
183061252
183065564
183069616
183073220
183093786
183102188
183105159
183106925
183111597
183112544
183116267
183121401
183124542
183130958
183136901
183140576
183140999
183160418
183162526
183164373
183170131
183181460
183181535
183191832
183204137
183208556
183211835
183213864
183226850
183229769
183238996
183270617
183277178
183289450
183331860
183335474
183356932
183361215
183393700
183412606
183416351
183469575
183480977
183487009
183499431
183527402
183537652
183538237
183542054
183575022
183578765
183632824
183664309
183704939
183706813
183708225
183712835
183727154
183750313
183787343
183791820
183792930
183798270
183800003
183835785
183842927
183856967
183867893
183869868
183878319
183881141
183911315
183933442
183952811
183953096
183954494
183966160
183972622
183974166
183986231
183988122
184003727
184013246
184036238
184049877
184070534
184096220
184097779
184102844
184106897
184115632
184118720
184143790
184189610
184190249
184207442
184227928
184228048
184327329
184329839
184334387
184341374
184358986
184371992
184376763
184386813
184403793
184407446
184425696
184431668
184433886
184435020
184441716
184461561
184462271
184464704
184469315
184470290
184488605
184490637
184493766
184541732
184544095
184547524
184550102
184565186
184567149
184568928
184588103
184612946
184626074
184634075
184643398
184703542
184726049
184749293
184751674
184761285
184763741
184783081
184799535
184802168
184812936
184819602
184821940
184839641
184855109
184855346
184879150
184892868
184928592
184931191
184972157
184985981
184998472
185000642
185007514
185008052
185014936
185030492
185033794
185039295
185070337
185075866
185086879
185112705
185113988
185119104
185120371
185123975
185130630
185150403
185191025
185200661
185207600
185220838
185233908
185235814
185236031
185262002
185286425
185287228
185296818
185302625
185312611
185317957
185336193
185354039
185356540
185390569
185393591
185410599
185412435
185416231
185422370
185426882
185431769
185435814
185444240
185461541
185462922
185465721
185478236
185479737
185486252
185490118
185492896
185497976
185515895
185516198
185527303
185535659
185535875
185552426
185577936
185578971
185597520
185607726
185609516
185618519
185625491
185647217
185650753
185653551
185653940
185699919
185703246
185713560
185722614
185744506
185760011
185773075
185785155
185785992
185793353
185800593
185812429
185820506
185821619
185826479
185831049
185847680
185848658
185850411
185877586
185882336
185886744
185888236
185893957
185895778
185906267
185907721
185911023
185923659
185934980
185947470
185987055
185988738
185990533
186004178
186028778
186032292
186041063
186048562
186075073
186079739
186094867
186095780
186105292
186116830
186126202
186130249
186158212
186159792
186161277
186165202
186193769
186195711
186204399
186213710
186215547
186220598
186250198
186253101
186271529
186283663
186302618
186309446
186342000
186350399
186353600
186354953
186370616
186371163
186400295
186421496
186446022
186453943
186457183
186458460
186484756
186490488
186493133
186495808
186503822
186516841
186520796
186544704
186549654
186552682
186559354
186561866
186562411
186581503
186582079
186590705
186612681
186614915
186656799
186659885
186662442
186666842
186675817
186679077
186697863
186712075
186725208
186734681
186736285
186745010
186745052
186745451
186758069
186767981
186773093
186782878
186813226
186835987
186875838
186879763
186885463
186891104
186891619
186893156
186893522
186894501
186913814
186958505
186983644
186985573
186987830
187008745
187015314
187042194
187057917
187058222
187072706
187086017
187089526
187089902
187090842
187105031
187108936
187118941
187124064
187124824
187135448
187142724
187143478
187167250
187177351
187186494
187192772
187195220
187202344
187204045
187222780
187245216
187248307
187249041
187250934
187254278
187258279
187279763
187284782
187288901
187291264
187310619
187333649
187338611
187346798
187357607
187393265
187400713
187403287
187417535
187419631
187422616
187434468
187449499
187452432
187460255
187467723
187484724
187486225
187486687
187492310
187495457
187497189
187508503
187509601
187510239
187519909
187526315
187531857
187533508
187534396
187534706
187535258
187546013
187549000
187571943
187575678
187576973
187577523
187582631
187598078
187598329
187603326
187609199
187623933
187624841
187628013
187631252
187631991
187641546
187642855
187646655
187656415
187685349
187698638
187700906
187734592
187738267
187739086
187750937
187767661
187778792
187783066
187804280
187806930
187810016
187815589
187818391
187847565
187853330
187861718
187875652
187890630
187890669
187925956
187941932
187942187
187953523
187956992
187959540
187961219
187984471
187985864
187990537
187996996
188001348
188014842
188019663
188079248
188121587
188126987
188127107
188144449
188171103
188184157
188191711
188201549
188208399
188219454
188225034
188234739
188243381
188258017
188259131
188286350
188287056
188303041
188329131
188333150
188348653
188377893
188385323
188388805
188431052
188433155
188447341
188452794
188457744
188469378
188472983
188483714
188484521
188509008
188511766
188521586
188522744
188526560
188549114
188559555
188585471
188586832
188588053
188600193
188601795
188608457
188613678
188628999
188647928
188671757
188682660
188686695
188720128
188747240
188748950
188751951
188753662
188758686
188761650
188766604
188775545
188777075
188797773
188828810
188831484
188861968
188862562
188866729
188872686
188876876
188879133
188880825
188883478
188915927
188937728
188941876
188943173
188949242
188951189
188984826
189000450
189022133
189031555
189037229
189057413
189059354
189076042
189088321
189088605
189111506
189125491
189127837
189163116
189178170
189182919
189184524
189191888
189199782
189206076
189218000
189220967
189232441
189235475
189247577
189290509
189299151
189306325
189311752
189316032
189325196
189339822
189340911
189352848
189364627
189371714
189374516
189386904
189400347
189402078
189402110
189411689
189421305
189421619
189434616
189460415
189461570
189463383
189480041
189509347
189509916
189511364
189518068
189522829
189535567
189539135
189540363
189544959
189557916
189563507
189564626
189573689
189589232
189599164
189603566
189605964
189607184
189611718
189612213
189624733
189626904
189628056
189640463
189669515
189683276
189697079
189699950
189713030
189718789
189772444
189773111
189777637
189798390
189827141
189838835
189851985
189857325
189872087
189883806
189892357
189897318
189902050
189903239
189909350
189914481
189924272
189927257
189929703
189930399
189945878
189963386
189967692
189970924
189974119
189980538
189991376
189996768
190035061
190038102
190041740
190050596
190058053
190063950
190086726
190105883
190117861
190140631
190143952
190152458
190155934
190162592
190166774
190173867
190178748
190196269
190197161
190200557
190207502
190207637
190210495
190222855
190246267
190278773
190292210
190321062
190321142
190325893
190340752
190356374
190359927
190366678
190376674
190386579
190387208
190399110
190410890
190415674
190416600
190423410
190427852
190449307
190461261
190468235
190495392
190497727
190504321
190505939
190531078
190551386
190552437
190555697
190575311
190580397
190618136
190622277
190625975
190630573
190632575
190639700
190664027
190666825
190672906
190672968
190676355
190686786
190706247
190709455
190710236
190724412
190736218
190737269
190755529
190803045
190806863
190813053
190815697
190819128
190822982
190823573
190825001
190826674
190831926
190841381
190842284
190850078
190853082
190859100
190871497
190888760
190900913
190903988
190917066
190923465
190923584
190930773
190935735
190935828
190939581
190959326
190981722
190989621
190996904
191001499
191004088
191013150
191014728
191014762
191037545
191039089
191043780
191045709
191061700
191067759
191079507
191099284
191105764
191107805
191124685
191130097
191133034
191140601
191149823
191189337
191216331
191218441
191221830
191241024
191260074
191270962
191290220
191299221
191301980
191330874
191369371
191370059
191370410
191370820
191380958
191381385
191383958
191385949
191394758
191398054
191415336
191424937
191441736
191444909
191454063
191474007
191482621
191495536
191499531
191507846
191514694
191521354
191530446
191543276
191551390
191564546
191573651
191576128
191584424
191592172
191603102
191615855
191633173
191635536
191638154
191640036
191649092
191677437
191691208
191695320
191706848
191724880
191725693
191728188
191752967
191762325
191776463
191783979
191787895
191799981
191802427
191818554
191826141
191849198
191852596
191862967
191863439
191876211
191883568
191885662
191888250
191889844
191894327
191895541
191897883
191922671
191926021
191932185
191932861
191939460
191939952
191947392
191959212
191962151
191972698
191976201
191995587
191997576
192000359
192002391
192016326
192019799
192037002
192055515
192062588
192062629
192068923
192072410
192101127
192130254
192131951
192132595
192162493
192169571
192180772
192192087
192220551
192231468
192235931
192241605
192246555
192262145
192275559
192281160
192302137
192328930
192334312
192339829
192345799
192354998
192359230
192370287
192390633
192397951
192406268
192416096
192427518
192435524
192468139
192489338
192490828
192494716
192505946
192512818
192522143
192528690
192531375
192532411
192543275
192564237
192576616
192587563
192594046
192633009
192634197
192636368
192656762
192657268
192662191
192663829
192666813
192668770
192673530
192694673
192700196
192719019
192728304
192749491
192766314
192769445
192774069
192775938
192777162
192789612
192797719
192816840
192827475
192828870
192839390
192843715
192857573
192866788
192869437
192894392
192913213
192929954
192936574
192942180
192953590
192973377
192976422
192993488
193000075
193008760
193012219
193015935
193036426
193042556
193042773
193044001
193049655
193071355
193096055
193100706
193108437
193110116
193113618
193158368
193162530
193197117
193210290
193246935
193250827
193253986
193286835
193290254
193304924
193329293
193330504
193368440
193380048
193402865
193402986
193408175
193412771
193416197
193437503
193449436
193450536
193451289
193456848
193457793
193487455
193492262
193495052
193512319
193518570
193518831
193525169
193541843
193549066
193562633
193564033
193575269
193587803
193589385
193610466
193619842
193633625
193633992
193634117
193645014
193647191
193647373
193682361
193687313
193699448
193706256
193713178
193723810
193746730
193778094
193794407
193800230
193805134
193805619
193817673
193819682
193824767
193829740
193843716
193846650
193882448
193886300
193908467
193921875
193922841
193961328
193972786
193988963
193990957
194018352
194025637
194057000
194059692
194062415
194070241
194101285
194121762
194134612
194149548
194170142
194175445
194182023
194182782
194183391
194193109
194196829
194201922
194209228
194209791
194211838
194240096
194252062
194263222
194269790
194277420
194314306
194325433
194347690
194349218
194350818
194362142
194365478
194387710
194393166
194394421
194400382
194402828
194417319
194471146
194477537
194498328
194512786
194517786
194522882
194536795
194548639
194559191
194567486
194575205
194577250
194579518
194580698
194589142
194599235
194601222
194604323
194613886
194621971
194623802
194670937
194680885
194689898
194690324
194694055
194761567
194765235
194766742
194784027
194790443
194800655
194802342
194823293
194836359
194849487
194864083
194864991
194888899
194889781
194922890
194937435
194937918
194946024
194947097
194949619
194961608
194971809
194999846
195002884
195010157
195023956
195032920
195050481
195068265
195076260
195092766
195104612
195107198
195113108
195117470
195120326
195139999
195152826
195155796
195170424
195202228
195212827
195219601
195231619
195236630
195254268
195255671
195260924
195265186
195265701
195277633
195279192
195281192
195281526
195283555
195302221
195302674
195313072
195320767
195326325
195330975
195343077
195370534
195374497
195375267
195379052
195384603
195385450
195385805
195404940
195421998
195427525
195442046
195442468
195443526
195448605
195476530
195491516
195495531
195506379
195512305
195512376
195513043
195548684
195552151
195557902
195559603
195609869
195626135
195636232
195658081
195658292
195665677
195665783
195675369
195688864
195694176
195699416
195702044
195730797
195745683
195759066
195763225
195807277
195814624
195814941
195830118
195840709
195866337
195889693
195896024
195917401
195959318
195960343
195962578
195988154
195995622
196004775
196018710
196022697
196025913
196027005
196031994
196039197
196055191
196055672
196067091
196078957
196086374
196086468
196104459
196109110
196112864
196130721
196132983
196134334
196138050
196149858
196154683
196164011
196164228
196173538
196174026
196181695
196198394
196207362
196213325
196241325
196241343
196254160
196258123
196270925
196281215
196284804
196286009
196290846
196292693
196297603
196317793
196321116
196323359
196330053
196339289
196343909
196344770
196353469
196373173
196390903
196404737
196409213
196420342
196436259
196436653
196440519
196458147
196466592
196477552
196485716
196494598
196498729
196504815
196505866
196509244
196513292
196523012
196538959
196542227
196544042
196555636
196564571
196595291
196612268
196668813
196669009
196695433
196701794
196716788
196720260
196720678
196722856
196727007
196745866
196757294
196783808
196804463
196844376
196846165
196857940
196858027
196873291
196895378
196899104
196909209
196943454
196951031
196955048
196955127
196958711
196966411
196966520
196970996
196993011
196999517
197005941
197024730
197030974
197043674
197086067
197089004
197118860
197127214
197130784
197131392
197143992
197168187
197169870
197171082
197178550
197191017
197191821
197197037
197197118
197211590
197216000
197216122
197220732
197221649
197235586
197242397
197247175
197249458
197276119
197280906
197290413
197294744
197322509
197336030
197363394
197380411
197397409
197414280
197414305
197447958
197450780
197456854
197462049
197465858
197469702
197487776
197487795
197493591
197508354
197537610
197545661
197546821
197569910
197579092
197596770
197606181
197607778
197608169
197611465
197626664
197640207
197654770
197671895
197683020
197695529
197697973
197699268
197715513
197716687
197718076
197721346
197725286
197780357
197784038
197785894
197804162
197858672
197860860
197879444
197891896
197892946
197898595
197907574
197911880
197925141
197928926
197938179
197951063
197961936
197982287
198012155
198044441
198046877
198071322
198073274
198111247
198118179
198139196
198159214
198160510
198162740
198238443
198242121
198265606
198300459
198306895
198318526
198340359
198353511
198355531
198362342
198368402
198371052
198398495
198405562
198411133
198437243
198448186
198452636
198457732
198458479
198464241
198483126
198503912
198560010
198562622
198571179
198579786
198580475
198595317
198598732
198612779
198620277
198632916
198653267
198660393
198661627
198695758
198701347
198718445
198722598
198734760
198744197
198745710
198756106
198757074
198762781
198770851
198790408
198799934
198808696
198812357
198825651
198827166
198836280
198839762
198854828
198855335
198863714
198868018
198871257
198872869
198876253
198890689
198899775
198903607
198929276
198939307
198954017
198972299
198991409
198998930
199014221
199025781
199039159
199039865
199045608
199065353
199068111
199069138
199076519
199099325
199138700
199151444
199158143
199163900
199174833
199180236
199180710
199193269
199199506
199218689
199228955
199243029
199273717
199282125
199303545
199309430
199316472
199316674
199318650
199320286
199320402
199327863
199332375
199339400
199342817
199346461
199357490
199380285
199400529
199417195
199418575
199435864
199443014
199452417
199462142
199476006
199517404
199521796
199556750
199559344
199575104
199582632
199588267
199604627
199607464
199615395
199615863
199624513
199676041
199676388
199709282
199710355
199726874
199727618
199743381
199774088
199797816
199801499
199803056
199823911
199827709
199832406
199835250
199848625
199851409
199861067
199873129
199876321
199894776
199898783
199907960
199923579
199934155
199955896
199972980
199982832
199998115
200002896
200009508
200015612
200017389
200045395
200048654
200052363
200077190
200098759
200112628
200117679
200140367
200140596
200196365
200219058
200221718
200235724
200255266
200280503
200285445
200300196
200302496
200309887
200312504
200329122
200333385
200340206
200340473
200359364
200366584
200368602
200372251
200375940
200377026
200398322
200409032
200421874
200424280
200424679
200426990
200428067
200429756
200430610
200432469
200448490
200463087
200468780
200474584
200487911
200488440
200488624
200501962
200503351
200511133
200515147
200535413
200545622
200549748
200550296
200582375
200584153
200621101
200622811
200639865
200655661
200658521
200661609
200663389
200664306
200665382
200670299
200671449
200677317
200678907
200682437
200683324
200687616
200704805
200724402
200725224
200734740
200776735
200780263
200797004
200797392
200804287
200807406
200817796
200822463
200837614
200843038
200846747
200850283
200862675
200865280
200870143
200877370
200894750
200908682
200909983
200919545
200924852
200947409
200950125
200978528
200984512
200986079
201001676
201005572
201014867
201027677
201040588
201069089
201070231
201107046
201112610
201124989
201126314
201132045
201132836
201133437
201155999
201156858
201164633
201167249
201172970
201177844
201181805
201184587
201196567
201204707
201222537
201254172
201256393
201268164
201275024
201281360
201301139
201309536
201310030
201310821
201315148
201324610
201336616
201338743
201358574
201367548
201411878
201430841
201440330
201448211
201453790
201472971
201474584
201488212
201495724
201500364
201530300
201536602
201545103
201555034
201558728
201574642
201575699
201597652
201599112
201607486
201636865
201640556
201657631
201668611
201669949
201671294
201685653
201709747
201715390
201721012
201737619
201751431
201759003
201820995
201853732
201878038
201884347
201887587
201895554
201912034
201919062
201946323
201961995
201964913
201974734
201993172
201994935
201999692
202001933
202005327
202012838
202021733
202035347
202037129
202041876
202054438
202060341
202069087
202096442
202105401
202106937
202156933
202169005
202210069
202215262
202220852
202221915
202258742
202261296
202271008
202275677
202292358
202308674
202312084
202321616
202327948
202337698
202341153
202341206
202342732
202350616
202354231
202355458
202378539
202388551
202398867
202400937
202459093
202499117
202502833
202510912
202519681
202548993
202549345
202562605
202563895
202567080
202567541
202587847
202594066
202599324
202611983
202620769
202627413
202632651
202654054
202661122
202661362
202665364
202666058
202667854
202684115
202694575
202703104
202721556
202730033
202734330
202737863
202756353
202769773
202783965
202792523
202800554
202802336
202803605
202807215
202808936
202823430
202824444
202832172
202838514
202841585
202897760
202925988
202947282
202960598
202974362
202990896
203000279
203000803
203010469
203022735
203033424
203036035
203065809
203076290
203077294
203081268
203081701
203090797
203106781
203112554
203118819
203135053
203144813
203161542
203162597
203165862
203185799
203204995
203205824
203212565
203213557
203236076
203236354
203247546
203251720
203253291
203256551
203282310
203284630
203289470
203339637
203346867
203362913
203377107
203381399
203384296
203393884
203403226
203405203
203419625
203444179
203464359
203483322
203486283
203491690
203492902
203511006
203513517
203531390
203534155
203536729
203551401
203564537
203610253
203619281
203622374
203626376
203654777
203662705
203665818
203668745
203673043
203677988
203679048
203680098
203680529
203703718
203717242
203733229
203765903
203771952
203780348
203800024
203816816
203820363
203825571
203828633
203855468
203859699
203868847
203887182
203896733
203909301
203917910
203966775
203966944
203969025
203982808
203989485
203998725
204001197
204006719
204026126
204042844
204049554
204079193
204084016
204085000
204094378
204098769
204102551
204114941
204122309
204129071
204163413
204168803
204178881
204206081
204215075
204226936
204242991
204282078
204299553
204302324
204309230
204316704
204328300
204339075
204339092
204340870
204353394
204362122
204365453
204376841
204383212
204399230
204420439
204423595
204483802
204488377
204507329
204517972
204524590
204528773
204534544
204543094
204573157
204575206
204600608
204603978
204624819
204625508
204633577
204635819
204637998
204640267
204656585
204658000
204666776
204670827
204674793
204675330
204688170
204689625
204712076
204716354
204718155
204723057
204735855
204758736
204776823
204784616
204791330
204799563
204806025
204824008
204830864
204833462
204860676
204869685
204874116
204875585
204884169
204895772
204919820
204942542
204948107
204955360
204964881
204974650
204985372
204996418
205003824
205015718
205023020
205030895
205039459
205064697
205080868
205095597
205107990
205109761
205110906
205123528
205124718
205125044
205129765
205137613
205164458
205190521
205190620
205197446
205205955
205215485
205220645
205223550
205226696
205241694
205249232
205263004
205268332
205275850
205296151
205297287
205304377
205305554
205315494
205325255
205338168
205340654
205355536
205355757
205359607
205385087
205387121
205395894
205399154
205408604
205420453
205422682
205424577
205446040
205446648
205467085
205473687
205485622
205498897
205504034
205505888
205514401
205537549
205545771
205558165
205560459
205567287
205580410
205589433
205591605
205598833
205604727
205616604
205623130
205629162
205641767
205652223
205675619
205692545
205699571
205712079
205726072
205727636
205749421
205757885
205769081
205792942
205809229
205833621
205843580
205850120
205882323
205894419
205906200
205908145
205910115
205910673
205913737
205922916
205924421
205939092
205940273
205947025
205950311
205956976
205973445
205977234
206050381
206051394
206062142
206071173
206075771
206080823
206088320
206090053
206102101
206103019
206107029
206117425
206131659
206133723
206133978
206142763
206152974
206205993
206209185
206209351
206210653
206217120
206226324
206247993
206256539
206262665
206264650
206278071
206283886
206300936
206304592
206307791
206309479
206309946
206317135
206325933
206326148
206327762
206335739
206373894
206385125
206386974
206387972
206395657
206396780
206401584
206407438
206416601
206421734
206423383
206433085
206454841
206456328
206469107
206483874
206488065
206503804
206510015
206522331
206532364
206536184
206541792
206550841
206556085
206587303
206601474
206602275
206607353
206625406
206647655
206655442
206666277
206712606
206716711
206720459
206722576
206728006
206742867
206747166
206765789
206769681
206797442
206807530
206810276
206810766
206825997
206829418
206834957
206844985
206856721
206861060
206861687
206862516
206867072
206911506
206944996
206960332
206976816
207035372
207045005
207088208
207091991
207098433
207110318
207111300
207137704
207162172
207164623
207177340
207202361
207219534
207223049
207227477
207232213
207234032
207247640
207269550
207277280
207289485
207295576
207304368
207327408
207328960
207339520
207355709
207357851
207369849
207393253
207420096
207437374
207444403
207448613
207453728
207455948
207470990
207480062
207490886
207496097
207503385
207516407
207532419
207544638
207548276
207549078
207564791
207567536
207577582
207590607
207597695
207599059
207612041
207615231
207620303
207647523
207656793
207667586
207685951
207693996
207694745
207698351
207702692
207703847
207707037
207710009
207726069
207726770
207738346
207745397
207759106
207808032
207821791
207862540
207883731
207906816
207913588
207928068
207930703
207932250
207933170
207946003
207946150
207947916
207966568
207973211
207981538
207984638
207986798
207988783
207995626
208024283
208028573
208046793
208075496
208077345
208095262
208109310
208110140
208136539
208144800
208153266
208163601
208168031
208177763
208190753
208196921
208209926
208214294
208224819
208243805
208244530
208278503
208281919
208296335
208301185
208307215
208307694
208319119
208337436
208337488
208339418
208339583
208344347
208350379
208362509
208381373
208392787
208411846
208434756
208453714
208465336
208473745
208503634
208537922
208557066
208559697
208573890
208576425
208585949
208588759
208589870
208590922
208616757
208621641
208627533
208633679
208641142
208650029
208667401
208688396
208696864
208697033
208703089
208735954
208746653
208746915
208753213
208768325
208779248
208782767
208789997
208802741
208803347
208825028
208831057
208835987
208845038
208860157
208860599
208866433
208904429
208937769
208952095
208952305
208963680
208987542
208993942
208997927
209008140
209019721
209020315
209044769
209050928
209059497
209063903
209065245
209067599
209079303
209101671
209112193
209129883
209133163
209141452
209142429
209143908
209145229
209161735
209210146
209226022
209258306
209276780
209286440
209307115
209323748
209332941
209332973
209345657
209347029
209357245
209361942
209368088
209379133
209382610
209389266
209411167
209422075
209425884
209441677
209453366
209454297
209463724
209476322
209479473
209494989
209506727
209512119
209531223
209548729
209560257
209567102
209588033
209601718
209609272
209614040
209622930
209631511
209655105
209655546
209664852
209665188
209669555
209682412
209691907
209699459
209710873
209731256
209754439
209769657
209774391
209802431
209806238
209829036
209843857
209846144
209866264
209869216
209890778
209894944
209897486
209897721
209900807
209901354
209905712
209914933
209922861
209928419
209941779
209941976
209954821
209959325
209961809
209976053
209980025
209982946
209982959
209997477
210022860
210036187
210065487
210071934
210083017
210097214
210123419
210123691
210143327
210150063
210153163
210157719
210158878
210164517
210167252
210185668
210212491
210214674
210232257
210234664
210239291
210252774
210268638
210277485
210287626
210294174
210294767
210300231
210301063
210301865
210328892
210329333
210341647
210352674
210353581
210379505
210382558
210386566
210397030
210409220
210414234
210425788
210435394
210438005
210451401
210461357
210483922
210516831
210527616
210536502
210540761
210542505
210553620
210555266
210556964
210560861
210563146
210575067
210590991
210602516
210616940
210628605
210631940
210637934
210642240
210649026
210651150
210656073
210668096
210670302
210679246
210698135
210699358
210707385
210714193
210717529
210732756
210763985
210765352
210792818
210796286
210820803
210822915
210834013
210839997
210853179
210857458
210858408
210860324
210864318
210865019
210867044
210868532
210881795
210885940
210886699
210888028
210900997
210916308
210921581
210922856
210925686
210925736
210929641
210945895
210946899
210951418
210959691
210965890
210966347
210969069
210989653
210991836
210998979
211010496
211019029
211027527
211027835
211042016
211049430
211052458
211058823
211060301
211062483
211069400
211078695
211110615
211115299
211125094
211152995
211154235
211167938
211178280
211179534
211188961
211200257
211208991
211217936
211221565
211281166
211294661
211301395
211315588
211325459
211334394
211352528
211368708
211387333
211397529
211399682
211403899
211409244
211411874
211432702
211436089
211441359
211445530
211452251
211464396
211482343
211483691
211509695
211523489
211547774
211554623
211598151
211625687
211634109
211636229
211640538
211647039
211647367
211679828
211681673
211717391
211720857
211724956
211743441
211767808
211793754
211822671
211828186
211832108
211834739
211846393
211862189
211871163
211879160
211892254
211911992
211920703
211926407
211929927
211960182
211963526
211977445
211984092
211992365
212003377
212003841
212005108
212012587
212013381
212013965
212022275
212038465
212052865
212057885
212062542
212069241
212092426
212107707
212117078
212121631
212122783
212124427
212130036
212133878
212172110
212172794
212183557
212198877
212206441
212209656
212218718
212224747
212228128
212228761
212237750
212245764
212266341
212271622
212275159
212286619
212302781
212312179
212317859
212319632
212329714
212344315
212366448
212371431
212377041
212382262
212389760
212390794
212407629
212439452
212445693
212453002
212456899
212478394
212484640
212493871
212497782
212498604
212499105
212519367
212521129
212522981
212541818
212543729
212556370
212563994
212574463
212595265
212600406
212600756
212605871
212618307
212633279
212641930
212669910
212670530
212678152
212683485
212692646
212693680
212713276
212737222
212737964
212746611
212748195
212752377
212754762
212770342
212776476
212785077
212808228
212811844
212816693
212820061
212822099
212854093
212874951
212880803
212883216
212903678
212923007
212979207
212998078
213003905
213009523
213024270
213032624
213041583
213048721
213053147
213055163
213064660
213067042
213068585
213082454
213118133
213124831
213135629
213141600
213148522
213152016
213163176
213166315
213175901
213185274
213208637
213216804
213221329
213239655
213245005
213260253
213265069
213269661
213272619
213278286
213281077
213283523
213287195
213309451
213314513
213314904
213321349
213325403
213329186
213352886
213362590
213367665
213373787
213376320
213382775
213385379
213398753
213409863
213423379
213476428
213484921
213503004
213506969
213539490
213540163
213540749
213552644
213553743
213568409
213577080
213610428
213621410
213635441
213642574
213644452
213655283
213673797
213674935
213686869
213690546
213708265
213713265
213723580
213732634
213739279
213739477
213747794
213755717
213771841
213782584
213808458
213809418
213812685
213835597
213857455
213869900
213887132
213888991
213905752
213917719
213929331
213954569
213959867
213966499
213969977
213971498
213974559
213993257
214005926
214008270
214022152
214044289
214052198
214061166
214079819
214093503
214097495
214104996
214123654
214132945
214144881
214158508
214172841
214222739
214234917
214237289
214245917
214247540
214248221
214251615
214259903
214260288
214265615
214269000
214269824
214274987
214284217
214289102
214310980
214333140
214343544
214365657
214366609
214367453
214394584
214409311
214416453
214425535
214427134
214441940
214442639
214448943
214471102
214481583
214481829
214486079
214488386
214512486
214518740
214518990
214524708
214572369
214572561
214582041
214600408
214614419
214616162
214630897
214633153
214642657
214663083
214667426
214670849
214671162
214675708
214676517
214688251
214692652
214695794
214699558
214701149
214703228
214714031
214720553
214739995
214751972
214765279
214768795
214768952
214778052
214786298
214797587
214798517
214804853
214807707
214808097
214814052
214821573
214832697
214845373
214854373
214871295
214873792
214883714
214886283
214889149
214897465
214922280
214942506
214944428
214972087
214978605
214990029
214999950
215007830
215009545
215013462
215024022
215045991
215059838
215068427
215078723
215089807
215095946
215107504
215203224
215209545
215227528
215228196
215229398
215236043
215238542
215247433
215247862
215250333
215250775
215256398
215271557
215275908
215282761
215292593
215308989
215316831
215337143
215339351
215343109
215379312
215458387
215478950
215497655
215518930
215525665
215550736
215554220
215621192
215624579
215629208
215638121
215649394
215658409
215660712
215661267
215682425
215684156
215711996
215722130
215752593
215753794
215758776
215800470
215828521
215845220
215861917
215864758
215866476
215869974
215880973
215931382
215938107
215939275
215943217
215973995
215977578
215980632
215992957
215996516
216004500
216005380
216043734
216049906
216052729
216053768
216068026
216099513
216111271
216112516
216124124
216129435
216144776
216146227
216152447
216153361
216156646
216171702
216176536
216187073
216187175
216197982
216200516
216205222
216209762
216210446
216225197
216225258
216242582
216243497
216247898
216263258
216264955
216270377
216285680
216297153
216309535
216314536
216328668
216361721
216370631
216379429
216397581
216397678
216400830
216405640
216417279
216422010
216437793
216444443
216445783
216470207
216483818
216501614
216513376
216518014
216519355
216529488
216534974
216535529
216554980
216572333
216591451
216594621
216602762
216609679
216620412
216625669
216645550
216654316
216656620
216656916
216665130
216674331
216697575
216713019
216723211
216725708
216740069
216752847
216805602
216811962
216816454
216818105
216859188
216871159
216875644
216881146
216884760
216887687
216897814
216899052
216918046
216922756
216930535
216931472
216949356
216949472
216973905
216980567
216986558
216990012
217023623
217053415
217062896
217075466
217091656
217108921
217112327
217141718
217190737
217191432
217230177
217237105
217238673
217238675
217257769
217259532
217262378
217279468
217282090
217282672
217309449
217313476
217316603
217323028
217330875
217335915
217336034
217344111
217361840
217367166
217399918
217406170
217410852
217437108
217443914
217457059
217464831
217470758
217471773
217472944
217499911
217510665
217514417
217523108
217539123
217565255
217565503
217569585
217587331
217591421
217594452
217606665
217612225
217624743
217655818
217682608
217692804
217700890
217711571
217717052
217718576
217724232
217729389
217730270
217752191
217754714
217757140
217769852
217778631
217785105
217786303
217791444
217802325
217813265
217838071
217846968
217855199
217855503
217856843
217863892
217864352
217878803
217881616
217882626
217898467
217898776
217898939
217904502
217926302
217931030
217937525
217938750
217942822
217955354
217956480
217958449
217973478
217979773
217994634
218002097
218010785
218064703
218105017
218123679
218129614
218140250
218143850
218144173
218149192
218157960
218172912
218176553
218195867
218197850
218200146
218206576
218238210
218240456
218270988
218283365
218327209
218342578
218347761
218352735
218363650
218378195
218387199
218390543
218406500
218420660
218429260
218431692
218432751
218434997
218438810
218441324
218445751
218463861
218470035
218476541
218499517
218505095
218514674
218514802
218524212
218529244
218541956
218555014
218556718
218576166
218602335
218609138
218618790
218620539
218658124
218662170
218684577
218712146
218715049
218720453
218721649
218729817
218730690
218736151
218743165
218761371
218776080
218778925
218787713
218799774
218804699
218823289
218825823
218848092
218860236
218863905
218873509
218874672
218879636
218885181
218906905
218910701
218913407
218922980
218943449
218945893
218971165
219001727
219018207
219027166
219029453
219040383
219074289
219077539
219077671
219078145
219098488
219098770
219134407
219167186
219172219
219178690
219182477
219185856
219190767
219201864
219223148
219237852
219243113
219249776
219269992
219287492
219292656
219302737
219309550
219319617
219324926
219325704
219348243
219349667
219353376
219359396
219365025
219369718
219421971
219464708
219466997
219470854
219484397
219484419
219497740
219504517
219517897
219518647
219541779
219607268
219609863
219612993
219614514
219616763
219633386
219637523
219641498
219643031
219659778
219668004
219669038
219678461
219684605
219702396
219709170
219711057
219713600
219715874
219722966
219768126
219778089
219792003
219816257
219817761
219820981
219828616
219851614
219853805
219859403
219869629
219899812
219901595
219919291
219931856
219954442
219957943
219968768
219990517
219997022
220001215
220013527
220013866
220036076
220042339
220046585
220049599
220055550
220058943
220059403
220085527
220095141
220101223
220103247
220106982
220107924
220108036
220145370
220155513
220161363
220197750
220207936
220209308
220214548
220220029
220234820
220235633
220236587
220255651
220258054
220264854
220291647
220292075
220294991
220347581
220348128
220382550
220390342
220403559
220412621
220423694
220425652
220430662
220452577
220458195
220459497
220463533
220475256
220477807
220483677
220501301
220511698
220512475
220528571
220539317
220548857
220615244
220617894
220619941
220624157
220627877
220638100
220669728
220689467
220698102
220699545
220699771
220703644
220703719
220718740
220731690
220747151
220757585
220760298
220771026
220771364
220785680
220795574
220827452
220837539
220839362
220850902
220889487
220889944
220891993
220921572
220934284
220944599
220953474
220979767
220987652
220989390
221017072
221033468
221036110
221049091
221053573
221084133
221087008
221142633
221155965
221160200
221171905
221172425
221174826
221177939
221183388
221194317
221215260
221217898
221219870
221245324
221255690
221257056
221258802
221267375
221280736
221280788
221291204
221309695
221320768
221332803
221354241
221369091
221388202
221411768
221429629
221466532
221484002
221488806
221490285
221511255
221513856
221526982
221527297
221532490
221542413
221545827
221563184
221587992
221590104
221629499
221635050
221638155
221660400
221675813
221681396
221684748
221686092
221706616
221722673
221729732
221730129
221733373
221749065
221752434
221756030
221760486
221778049
221786173
221787233
221798093
221821035
221826926
221846670
221864549
221865598
221877042
221890716
221892006
221931873
221949536
221950774
221952020
221954212
221954227
222024931
222029347
222029393
222030201
222033105
222045917
222051936
222080954
222083683
222088351
222093598
222095183
222132227
222146246
222150173
222177418
222186088
222189346
222191383
222204481
222228109
222238895
222243690
222268103
222269710
222286543
222292410
222304606
222310213
222335080
222339165
222342465
222350307
222356270
222360801
222373704
222375449
222378429
222379713
222384184
222400078
222413100
222420949
222432330
222444815
222470234
222481067
222481102
222503936
222516747
222521105
222527847
222535993
222539193
222544169
222556241
222571647
222586735
222590359
222595885
222604339
222606876
222626084
222650768
222661697
222664726
222669591
222682261
222683984
222737588
222742393
222744350
222748165
222749285
222761653
222766832
222776631
222783867
222784847
222792401
222793272
222806574
222842848
222848851
222861033
222864938
222877402
222888068
222893799
222898805
222899264
222909256
222910800
222911232
222916458
222920710
222921195
222925784
222938677
222963253
222974971
222992202
223007450
223007516
223016936
223020728
223020868
223031435
223046059
223055598
223081376
223102602
223112832
223119126
223120336
223120869
223123411
223124248
223128111
223134765
223154804
223187205
223190157
223251377
223290660
223310115
223310525
223333353
223339355
223371579
223371955
223379489
223381024
223382787
223403208
223429171
223441725
223462871
223471284
223473029
223492625
223503779
223540636
223547470
223555133
223568586
223569516
223579064
223582451
223627252
223627972
223636005
223639811
223641928
223645319
223647342
223649254
223669752
223684287
223684514
223687730
223688859
223727239
223733189
223737878
223761155
223770638
223782402
223794259
223808492
223854859
223866783
223874464
223874897
223888153
223900107
223905162
223905719
223920801
223932959
223938211
223939896
223951207
223953299
223958324
223979376
223983712
223987263
223987591
223989012
224000389
224005285
224063977
224079351
224088729
224089424
224114173
224124801
224135008
224140284
224151545
224157016
224166575
224179897
224182397
224189406
224213487
224216243
224246089
224247237
224257647
224259289
224284684
224285468
224286416
224291664
224300511
224329359
224333909
224338539
224362713
224381777
224382347
224384726
224398471
224401283
224406002
224446812
224456182
224462201
224464665
224476461
224526549
224565148
224567400
224625708
224632051
224656199
224665565
224666029
224666513
224676625
224682842
224685008
224692521
224699601
224720309
224725258
224728941
224771408
224774074
224818536
224819446
224838831
224840113
224840396
224848086
224854753
224864095
224864589
224878838
224897873
224910425
224911190
224916615
224918123
224921220
224927935
224930550
224954068
224962479
224969750
224970017
224971379
224984185
224993803
224994293
225017101
225023246
225026502
225045610
225063595
225073342
225076071
225081469
225119835
225130291
225132429
225138919
225140158
225149248
225164851
225193988
225205072
225209001
225211400
225216330
225219688
225241639
225244464
225244953
225285598
225306116
225325001
225340095
225344419
225346465
225353363
225357554
225374641
225375348
225381226
225384392
225399676
225400292
225408570
225423567
225456022
225456577
225463841
225478517
225482817
225517800
225526638
225536873
225540510
225541364
225542397
225546185
225562689
225564579
225569574
225570207
225573189
225582900
225583987
225587675
225592325
225593302
225605915
225609601
225613762
225617427
225627575
225671179
225678791
225705107
225709153
225713042
225713223
225755766
225755791
225758860
225783744
225799785
225801897
225804200
225805573
225814101
225818435
225835122
225848746
225862667
225865309
225925509
225927535
225948517
225954004
225954210
225956671
225969338
225984859
225985534
225990012
225990476
226001670
226008709
226020175
226024417
226045310
226054363
226057886
226058634
226065065
226071980
226085317
226101394
226107594
226122256
226134033
226154791
226181135
226194255
226209475
226212633
226213497
226228756
226245375
226251478
226271105
226285174
226293441
226297193
226311127
226327192
226361051
226391213
226402703
226406301
226426389
226426637
226427581
226463683
226466978
226485318
226486588
226492291
226497608
226507141
226514725
226534677
226540501
226546705
226549961
226566870
226576304
226578294
226592038
226600231
226612329
226642808
226685275
226711248
226737074
226744053
226744292
226756440
226769868
226779578
226782233
226784960
226796016
226799203
226804094
226812684
226831819
226837965
226849040
226875319
226946480
226947008
226955917
226963816
226967259
226972327
226978095
227002441
227057307
227072319
227089803
227095245
227100280
227105427
227109641
227148942
227153593
227155364
227182128
227185316
227191937
227201600
227220654
227221175
227238214
227252295
227262853
227280904
227299838
227304128
227304236
227306106
227320801
227332003
227339856
227344440
227348370
227350908
227359899
227382069
227398631
227406589
227418838
227427282
227436865
227441783
227442642
227443745
227446292
227469727
227472045
227484860
227514330
227530337
227532225
227549923
227551747
227560793
227564657
227567228
227572747
227589474
227606443
227611624
227616463
227636237
227640453
227646703
227648287
227649819
227650679
227655753
227675452
227680876
227704468
227726277
227733581
227756237
227771096
227775474
227791243
227803162
227804379
227809424
227845206
227849246
227852195
227863219
227864349
227887094
227890027
227895263
227899198
227907775
227924138
227932314
227937899
227953650
227963709
227966175
227995392
228001349
228005067
228009775
228023479
228025298
228030153
228030449
228032499
228049389
228056027
228056771
228065900
228073262
228074545
228082930
228086478
228097631
228099525
228112165
228142169
228172791
228176076
228206543
228213990
228216763
228219889
228221622
228232575
228241613
228245424
228251203
228256262
228258361
228267084
228269742
228288662
228297690
228298322
228305424
228310076
228314317
228314815
228318778
228321843
228355457
228358353
228371212
228392780
228397086
228427120
228449220
228449222
228463494
228466881
228475346
228480075
228486450
228490712
228509708
228511674
228518744
228521329
228521414
228524235
228528465
228563591
228567276
228567281
228568533
228590743
228604631
228629206
228631488
228640168
228645300
228664281
228686937
228700713
228714847
228724747
228728846
228736236
228742354
228747493
228754158
228762915
228772733
228777877
228779142
228789077
228794800
228802046
228811071
228811271
228815030
228872388
228880803
228881817
228894065
228898837
228903001
228912374
228921985
228928369
228934457
228938813
228958257
228966073
228984921
228993599
228994475
229001570
229002137
229010134
229010794
229010949
229016635
229085075
229122623
229142326
229147096
229148488
229167092
229172075
229206830
229211122
229212989
229227347
229249328
229274060
229285664
229290004
229294892
229317579
229335652
229376919
229393150
229410623
229414856
229422421
229424756
229426625
229427626
229435731
229438076
229448553
229451626
229467860
229469802
229474093
229474256
229482306
229485514
229496271
229498649
229511765
229516953
229520083
229522954
229536408
229568060
229578390
229589533
229600786
229606373
229621943
229640228
229656241
229662335
229667181
229683691
229687424
229748913
229768330
229784921
229789846
229816209
229817251
229824231
229839246
229848842
229849137
229868934
229881303
229892257
229896258
229900577
229903019
229914873
229915219
229918697
229930814
229931767
229950662
229956818
229966752
229969936
229987016
230005372
230023404
230033333
230039660
230046256
230046664
230052356
230070697
230071646
230072906
230102005
230116079
230120464
230140637
230141679
230149319
230162454
230199486
230235391
230241751
230254155
230276979
230279664
230355710
230379308
230404361
230405128
230409604
230426743
230460540
230476314
230544949
230546702
230546713
230548180
230550438
230551363
230551436
230566383
230587097
230623634
230627129
230629105
230638593
230650305
230659048
230661790
230677370
230678196
230683723
230701505
230720413
230741018
230753164
230757808
230769933
230784194
230795433
230818319
230846219
230846298
230852574
230854679
230883128
230888758
230898250
230924967
230926178
230945066
230950448
230956216
230960353
230961792
230966469
230967456
230970337
230979018
230994536
231007168
231020186
231047341
231066167
231078317
231079573
231102976
231104713
231118985
231127340
231134212
231137232
231152409
231160712
231164681
231181240
231184431
231190553
231202306
231204766
231214747
231219747
231229666
231235040
231240044
231274559
231297681
231302652
231302907
231309420
231319832
231330728
231341463
231351385
231361690
231373086
231373980
231388665
231396939
231403229
231407310
231415804
231415911
231418678
231434508
231437925
231442299
231448645
231463537
231465061
231491692
231509743
231512453
231516362
231525513
231526461
231530417
231531836
231536533
231550580
231556011
231566518
231570835
231575890
231577237
231587604
231596236
231617165
231619962
231623094
231623341
231624453
231660016
231665688
231681453
231694789
231703837
231706760
231713645
231736680
231738065
231741369
231768956
231792680
231800645
231820734
231835654
231845945
231851536
231858178
231865881
231885964
231889744
231904439
231908185
231931058
231950282
231968075
231972097
231982650
231985192
232002678
232005639
232009643
232032622
232044968
232060496
232072666
232075602
232075948
232083206
232089388
232172169
232183160
232195622
232204165
232213548
232224995
232225139
232261338
232264687
232289348
232293484
232305246
232305826
232308687
232322672
232322749
232359934
232362668
232364759
232373099
232375389
232375688
232378580
232382388
232391228
232404686
232407453
232413088
232417952
232418635
232430003
232430954
232432776
232445670
232452928
232473148
232473745
232479472
232481274
232509948
232538889
232545670
232551576
232583579
232593130
232611978
232611978
232625858
232626409
232654122
232659014
232673520
232675188
232681851
232685152
232708800
232710519
232734566
232735353
232737387
232767738
232782971
232783015
232802735
232806670
232815807
232826613
232826720
232849810
232852503
232853075
232873346
232884168
232896260
232909123
232939531
232950428
232952282
232966345
232991144
232992759
232996702
233006356
233014806
233021728
233026759
233047339
233048907
233053194
233057603
233058118
233058605
233070753
233074070
233078987
233090968
233098144
233111327
233114137
233119979
233135551
233136293
233139071
233162799
233188330
233204103
233214854
233217711
233223869
233225461
233233666
233246811
233253459
233309938
233311913
233351013
233356850
233372979
233381575
233382580
233390620
233402408
233403811
233409141
233417678
233419660
233430763
233441159
233450648
233487295
233489165
233493825
233509235
233526840
233526890
233539673
233545775
233569835
233586376
233589563
233602529
233602896
233620847
233652123
233655911
233658359
233685168
233686016
233691079
233691395
233694621
233694662
233714034
233714564
233716363
233734568
233746328
233749645
233758245
233780291
233784425
233791076
233797603
233797691
233826301
233830587
233849678
233852570
233859411
233865468
233881550
233904407
233910332
233911431
233927804
233936246
233966974
233968130
233969493
233973224
233992727
233995421
233996247
233996606
234001620
234019554
234033417
234047834
234069692
234084114
234090725
234097549
234098589
234106305
234132564
234158653
234159132
234161593
234169826
234186886
234190374
234197636
234208540
234224751
234225834
234230896
234231482
234245677
234261259
234264552
234266354
234308779
234317270
234326250
234326844
234328859
234344451
234346814
234367926
234383518
234394494
234397368
234397864
234399838
234411482
234430037
234433369
234475025
234488383
234488562
234491053
234493052
234504280
234509742
234518133
234535521
234537314
234550012
234550432
234562556
234583642
234584589
234584698
234586523
234591605
234602386
234603185
234618461
234625496
234629109
234650122
234651669
234657846
234664599
234689491
234691540
234720284
234721633
234727504
234773176
234777175
234791227
234796533
234803225
234834100
234834305
234850416
234853088
234867031
234873260
234891552
234896532
234902539
234902858
234910751
234923196
234923448
234928444
234937523
234940031
234944929
234945385
234954414
234963058
234964442
234973627
234982168
234982244
234990789
235005500
235011694
235018693
235020016
235045275
235054735
235057536
235087363
235088350
235102978
235117972
235124723
235126404
235134315
235149999
235151729
235170971
235178447
235185253
235195951
235207951
235294556
235300742
235320169
235350584
235386458
235393326
235393891
235396322
235397015
235404598
235412520
235418384
235420399
235438421
235448592
235453089
235454585
235460505
235463831
235532957
235543025
235545508
235570011
235572978
235576404
235583941
235586475
235651916
235655192
235656891
235663996
235713380
235725490
235736509
235770216
235805277
235829316
235834619
235836327
235841692
235875797
235876262
235877858
235878323
235882126
235888888
235890855
235914608
235929382
235929786
235941355
235987332
235988599
235991956
235995159
236014200
236045969
236066832
236068074
236097947
236108433
236154026
236169122
236171073
236184608
236206849
236209812
236216867
236221168
236233446
236234767
236259974
236263748
236272816
236274621
236275154
236290292
236332871
236333277
236333748
236341902
236352895
236377997
236381676
236382432
236384517
236392848
236396453
236410240
236423731
236431609
236433387
236437352
236441032
236463322
236464158
236485847
236513802
236515090
236533625
236533702
236535477
236537108
236557857
236562202
236570336
236584325
236588389
236597578
236623545
236631476
236635306
236637305
236649417
236652857
236653678
236688921
236690961
236691134
236698108
236706034
236706419
236708118
236710282
236728865
236730836
236737829
236764628
236766432
236776108
236777983
236783402
236796044
236799849
236806139
236806728
236812586
236813239
236815381
236827838
236843905
236854159
236862791
236870143
236870845
236880891
236889933
236905223
236921264
236927245
236946695
236949133
236960817
236971757
236978867
236983473
236983491
236987064
237003902
237010047
237019917
237024418
237066158
237066435
237115233
237117582
237124927
237127203
237131665
237144495
237177410
237199518
237202632
237202678
237206595
237207817
237208010
237214155
237223952
237226345
237231099
237232879
237254476
237280954
237299621
237317413
237317625
237322837
237323268
237360802
237370535
237372342
237386470
237386565
237387081
237390102
237406679
237409759
237428072
237458432
237463598
237477692
237482560
237482809
237497235
237497311
237508287
237523275
237538570
237557639
237569658
237570286
237570787
237575519
237578421
237595749
237613362
237618288
237626747
237668613
237669039
237671842
237714484
237714498
237724548
237734032
237746393
237767391
237776398
237796488
237808379
237816209
237819196
237829262
237840622
237845921
237853701
237868115
237880655
237882941
237897593
237898051
237911678
237914730
237915249
237932731
237938419
237941717
237946005
237980576
237994243
237996244
238003183
238018514
238035662
238038615
238045575
238053566
238055785
238063089
238069287
238089227
238092061
238115794
238124911
238147402
238153709
238160646
238173032
238173798
238175554
238182836
238183677
238201602
238215584
238234833
238237716
238249344
238302830
238335516
238336928
238348315
238348394
238355964
238363820
238368802
238380540
238416102
238419563
238431448
238442419
238444865
238452256
238456858
238472579
238473627
238480023
238499630
238511009
238520495
238525466
238528107
238537728
238550541
238552559
238561190
238570198
238587677
238676692
238693296
238693657
238712692
238721598
238730801
238775907
238797858
238807757
238814374
238823562
238849185
238866870
238881347
238895293
238895571
238897364
238904606
238916611
238930493
238935423
238939310
238939558
238945816
238964685
238972657
239016539
239028510
239030505
239031613
239045853
239049070
239056522
239056735
239071415
239076941
239082175
239091930
239099642
239111111
239135117
239141434
239176318
239177189
239180747
239188851
239199176
239216410
239223403
239223982
239226054
239228396
239234032
239236367
239255273
239267481
239275245
239277721
239287591
239289273
239290621
239298431
239319799
239321985
239323481
239329776
239331964
239339598
239341563
239371145
239372361
239373274
239384524
239398421
239400605
239404074
239407897
239410968
239414416
239418111
239434445
239458860
239461981
239490413
239505958
239519968
239525007
239528378
239534910
239539982
239545703
239558185
239561876
239583813
239597970
239617253
239636745
239663912
239666654
239668870
239691565
239697609
239701400
239708080
239708813
239720135
239721714
239730133
239733675
239756950
239764825
239772768
239780384
239795423
239801580
239808772
239817929
239825391
239837072
239878893
239889421
239904173
239917240
239920598
239923944
239930496
239960036
239960935
239985410
239986736
239987724
239993482
239994762
240008823
240035128
240037153
240039090
240048059
240053071
240054642
240092866
240092916
240100974
240115422
240116099
240123966
240138887
240154987
240184508
240200820
240203390
240221959
240234316
240245313
240251314
240257824
240301179
240311482
240325774
240326622
240328170
240328850
240352289
240352975
240358213
240364654
240383313
240390605
240398169
240398310
240404777
240419418
240424016
240455936
240485987
240492502
240509950
240525521
240533081
240559519
240606127
240609700
240620938
240638649
240639279
240646268
240671423
240678013
240702145
240709857
240713803
240730561
240732273
240757589
240762728
240766141
240767863
240775207
240779733
240781470
240784989
240818655
240819590
240821547
240838409
240849208
240876053
240891300
240898923
240905101
240907893
240910271
240917728
240968311
240968930
240977422
240989545
240993325
241000336
241002089
241006963
241008796
241017270
241034367
241036631
241036663
241051839
241051950
241056191
241056675
241060300
241078156
241081170
241083464
241084669
241085442
241087768
241121141
241137179
241158579
241161879
241166666
241260510
241279328
241291248
241315471
241353529
241366107
241384948
241395153
241421135
241427004
241453633
241484972
241485827
241495005
241536338
241552110
241554286
241577011
241587792
241622697
241631160
241680064
241704236
241714147
241753377
241781126
241821537
241828471
241845551
241850866
241851110
241865399
241886721
241888011
241936810
241956548
241958897
241983357
242004738
242023456
242025747
242026878
242032287
242039417
242053536
242064277
242067204
242068228
242070727
242079901
242096394
242096635
242099202
242110645
242116786
242131179
242132890
242134522
242138115
242141837
242161138
242181933
242182043
242205915
242213330
242227977
242255000
242294456
242310696
242323874
242325331
242328879
242332786
242337997
242357474
242370199
242376558
242385656
242388149
242393171
242400534
242411083
242411947
242416305
242416626
242423778
242443712
242444132
242447820
242456524
242456660
242494422
242500360
242503338
242503394
242522216
242525171
242526200
242535269
242550442
242573148
242574367
242588903
242622197
242622843
242627059
242642983
242659122
242660632
242668953
242700703
242708790
242714610
242727230
242745625
242757918
242772265
242776107
242786788
242804541
242811509
242813541
242818505
242844741
242860544
242861993
242866472
242894117
242896079
242896637
242896689
242937558
242967492
242968892
242987099
242993295
243003820
243005183
243007624
243014388
243018445
243043154
243053483
243057457
243061690
243070166
243077798
243089203
243118741
243120456
243122578
243144132
243145621
243165588
243167147
243167720
243177279
243180122
243206131
243224279
243249317
243265008
243279879
243287909
243296983
243300128
243311545
243318384
243340881
243347860
243359215
243382298
243393991
243403578
243427679
243439464
243441828
243464942
243481436
243483286
243493871
243524644
243536134
243560910
243560962
243565008
243573857
243588083
243650807
243664821
243668291
243670621
243679861
243702443
243739303
243741440
243742552
243751420
243762194
243793550
243802496
243818355
243858960
243878992
243883925
243887174
243929273
243931009
243938952
243948991
243971652
243981968
243999372
244013684
244018683
244030528
244044475
244053097
244079779
244084271
244103615
244117110
244130409
244146071
244152049
244152851
244163479
244171477
244176816
244235110
244235637
244265886
244273456
244287947
244292762
244297047
244319361
244331230
244334953
244347531
244348682
244356323
244368625
244372398
244377205
244383038
244404913
244408545
244453414
244453964
244458889
244466922
244468245
244468380
244481094
244504390
244507234
244510337
244510977
244537931
244539796
244555229
244569305
244575551
244577429
244592574
244603555
244631726
244658339
244679979
244689417
244715981
244723191
244737211
244737342
244745592
244765342
244768191
244773662
244813898
244823127
244847410
244850290
244868103
244875607
244880315
244882977
244885542
244886912
244906532
244914153
244916739
244916889
244919873
244925614
244935703
244943547
244960219
244991027
245004546
245014235
245045738
245086214
245116711
245121828
245144312
245150454
245151303
245186231
245202049
245207068
245229668
245250672
245271141
245288318
245301808
245317647
245333172
245341089
245343303
245356181
245356446
245362844
245363527
245365170
245385097
245393478
245400905
245419489
245419943
245422053
245432885
245440257
245441796
245460703
245463021
245471479
245476235
245477916
245484516
245495104
245547126
245548708
245573082
245575295
245577614
245581055
245586749
245587697
245594380
245597937
245600098
245603805
245604929
245617243
245633236
245636084
245639864
245644414
245655051
245659036
245677873
245682449
245686587
245696784
245704681
245721869
245735333
245745693
245766545
245781415
245785473
245793461
245795778
245815658
245822551
245827311
245844926
245856661
245859729
245861781
245878659
245882077
245919602
245931439
245939859
245940818
245964270
245965744
245973723
245998093
246004857
246016321
246056245
246059678
246067301
246070780
246108259
246119864
246156829
246161191
246162513
246207871
246219934
246223897
246224887
246230110
246257393
246258337
246273036
246279147
246330865
246359634
246395527
246410926
246415376
246426769
246427283
246433029
246439516
246445152
246457531
246466520
246468393
246475394
246477275
246480036
246482925
246492519
246530916
246531106
246532042
246544255
246578948
246589756
246619248
246641863
246663854
246679219
246687189
246711736
246745737
246758193
246784689
246793791
246794691
246816682
246818302
246851884
246855157
246876499
246904216
246912150
246955510
246958431
246964851
246967419
246976121
246983247
246998951
247007728
247010898
247021252
247049345
247054951
247089848
247096910
247117622
247122497
247155558
247156387
247156657
247190233
247198833
247205659
247232018
247253624
247285905
247291759
247315943
247339435
247348008
247378302
247404267
247406168
247416583
247431533
247431552
247449060
247456242
247457051
247483557
247485705
247497493
247498818
247514759
247515539
247524078
247542435
247544336
247555511
247562022
247563135
247570205
247585997
247609750
247624117
247643221
247651752
247697970
247698142
247698695
247702353
247724313
247730983
247731873
247756816
247787571
247814600
247822905
247828111
247828846
247831095
247843970
247850436
247878801
247883386
247892044
247892434
247896329
247898605
247934730
247945291
247954628
247961445
247974941
247999190
248000161
248027178
248028388
248075213
248080455
248098974
248115021
248144071
248160407
248169829
248172727
248219102
248221472
248264185
248266292
248295539
248304529
248331692
248355345
248360436
248367999
248390262
248392495
248401715
248408324
248430128
248436973
248470013
248471412
248499392
248508007
248510764
248517208
248530151
248533104
248549747
248556083
248561865
248564624
248599619
248602989
248612475
248612618
248632816
248645345
248687601
248692161
248701379
248709088
248732526
248737793
248741930
248752921
248753537
248760139
248767515
248772645
248782827
248784612
248798775
248820138
248820426
248824896
248827465
248854936
248860440
248864687
248870415
248877858
248886200
248890222
248914069
248946138
248946820
248962339
248981083
249014147
249015932
249038870
249045556
249050246
249053695
249068670
249072762
249074447
249075453
249077442
249079594
249088704
249099443
249112752
249115614
249157561
249157992
249164180
249168143
249174357
249176872
249177602
249181196
249201593
249223041
249269146
249282490
249283864
249306076
249318228
249323059
249329735
249359623
249363421
249375616
249376134
249381027
249387483
249433694
249435276
249443885
249452696
249464923
249471321
249474828
249477325
249478551
249485129
249494939
249495705
249509726
249526456
249534972
249535987
249550189
249556125
249594525
249596456
249598832
249638100
249642137
249646692
249654271
249669156
249704962
249718209
249726682
249728556
249734119
249735247
249736447
249745136
249761929
249768020
249784158
249791957
249807578
249820796
249825764
249830585
249830709
249837773
249845149
249891514
249897640
249921547
249943579
249956819
249960260
249966780
249975738
249976762
249984081
249987906
250005426
250016743
250017922
250026400
250026808
250033468
250042955
250044413
250064089
250067347
250069172
250071872
250089052
250095056
250096040
250101083
250141740
250167244
250173734
250180791
250190836
250191008
250198254
250209800
250213400
250217904
250232600
250253005
250263295
250270801
250276728
250305276
250309766
250335226
250355991
250360371
250362143
250363525
250391561
250396562
250408751
250422140
250488945
250497868
250505788
250509638
250521418
250531278
250532402
250535638
250540883
250542633
250553860
250559494
250578171
250583790
250597228
250609081
250611112
250632276
250636709
250641303
250672290
250678040
250683123
250705322
250712882
250730213
250745686
250747360
250747543
250759530
250770767
250777740
250783213
250805806
250813524
250815398
250820348
250837952
250869714
250870348
250879729
250888399
250890554
250904039
250914603
250922346
250943003
250948174
250953194
250958594
250983475
250996842
251004321
251013871
251022285
251031427
251041607
251042240
251049507
251058883
251078422
251078529
251108980
251112394
251116236
251122031
251122524
251123751
251154973
251162791
251173162
251175533
251176916
251184398
251193619
251194192
251196229
251200491
251202851
251208590
251213418
251225581
251234816
251242046
251261265
251269466
251275737
251286704
251296534
251313087
251313986
251320572
251321807
251327925
251328784
251331258
251335645
251352554
251374827
251391934
251395440
251403308
251414205
251438222
251449730
251477117
251480382
251481395
251491141
251496006
251506301
251525791
251546744
251566702
251576807
251577477
251583236
251597188
251597926
251607272
251630243
251636268
251662988
251666325
251672833
251680382
251693834
251703239
251710000
251714834
251717923
251723809
251766707
251771330
251776921
251786034
251786225
251794715
251795556
251807208
251833705
251837194
251840590
251873746
251873772
251890532
251893673
251895391
251897055
251899763
251929178
251934134
251945417
251962870
251974462
251978621
251986575
251990171
251997064
252001684
252015441
252021138
252044819
252048611
252107313
252112265
252116150
252124129
252134015
252135151
252152850
252162717
252169457
252195814
252206884
252221203
252224850
252227431
252237807
252239367
252255657
252257665
252267453
252279053
252283841
252287929
252288638
252292252
252320085
252333103
252344218
252349704
252363400
252373515
252387048
252388200
252393769
252393856
252415781
252435031
252438603
252445296
252448135
252449080
252450817
252467836
252493134
252505348
252520169
252521941
252525450
252549601
252565752
252573871
252620068
252646137
252650313
252687720
252688963
252694448
252697432
252717646
252720701
252729260
252734739
252750539
252764904
252768009
252768162
252769840
252770691
252777163
252797994
252804064
252818003
252874362
252877245
252885583
252886968
252893816
252904877
252922908
252936243
252937254
252942913
252947511
252948710
252949063
252956765
252966309
252983808
252984120
252991076
252991499
252994944
253000399
253021600
253041365
253051969
253061757
253080793
253117553
253118996
253126927
253133468
253134791
253137378
253155524
253164652
253175105
253191503
253192252
253205111
253222829
253231907
253232981
253239414
253273847
253274639
253280662
253285900
253294259
253298927
253301858
253302933
253317064
253318883
253320520
253341527
253346003
253363058
253387243
253442489
253445277
253461673
253468754
253472483
253479647
253485557
253500502
253516048
253528254
253530247
253537174
253543969
253590506
253598956
253616973
253623492
253638137
253644756
253656069
253668413
253675917
253688672
253697516
253697685
253705647
253713063
253724160
253733944
253738853
253763606
253788011
253804555
253805535
253808757
253810058
253811736
253829766
253857655
253858461
253867301
253870079
253880386
253881613
253888719
253895439
253901499
253908537
253914373
253916121
253928418
253930106
253930929
253941581
253968247
253969629
253974561
253976454
253978442
253979068
254010237
254014817
254015863
254030027
254041789
254059336
254077733
254083092
254093056
254096700
254124950
254129949
254144289
254158499
254179265
254180090
254182228
254186298
254214753
254240488
254249823
254251648
254265331
254284608
254294284
254309884
254349053
254354948
254356749
254360922
254370700
254375816
254395372
254412929
254420751
254427754
254429765
254430411
254434564
254449446
254461273
254462948
254472494
254472695
254484722
254490956
254503619
254509439
254512930
254515954
254537072
254569257
254571867
254572801
254583261
254594287
254596021
254601646
254627380
254627390
254629871
254632608
254644692
254659426
254662606
254666444
254670967
254671027
254677895
254695107
254702714
254720139
254720910
254721759
254724735
254729826
254759423
254759814
254781998
254800402
254801560
254807155
254812996
254837746
254846462
254847972
254869836
254884306
254890314
254900825
254903730
254907067
254911830
254925607
254926541
254927816
254936532
254970822
254973325
254985308
255006462
255037803
255038639
255040608
255056540
255057597
255065190
255069751
255078739
255093960
255107036
255109508
255138687
255143238
255145626
255149607
255170352
255174430
255238905
255240591
255245183
255266191
255282474
255292664
255305048
255309897
255313178
255318970
255319232
255328451
255337544
255356636
255375557
255380986
255389982
255413893
255417734
255450046
255458496
255469858
255473758
255483626
255493408
255500257
255503451
255507579
255507709
255513441
255520303
255540739
255541745
255548253
255566335
255610094
255610103
255618164
255632832
255646804
255651132
255656402
255675813
255683913
255687526
255690469
255691055
255694159
255718802
255720498
255727225
255731914
255738542
255758415
255766501
255771218
255807186
255821877
255841547
255852848
255863584
255868999
255874217
255881096
255883712
255891255
255906972
255907073
255920275
255966777
255969675
255979660
255979730
255988141
256001015
256005317
256015798
256042870
256058516
256074950
256100371
256101370
256109842
256124552
256124856
256129962
256131297
256173456
256183829
256185367
256191548
256199783
256202980
256214232
256216584
256230567
256241706
256256662
256289217
256308820
256322295
256341432
256357887
256372216
256395276
256410765
256412418
256416142
256419024
256421920
256422624
256446557
256472333
256475468
256482318
256486510
256504864
256526611
256527197
256528746
256531296
256550236
256555201
256562820
256567191
256583042
256628119
256656923
256673079
256683234
256698894
256699765
256737092
256740294
256746885
256750851
256751767
256754595
256761547
256762481
256779005
256779852
256780859
256786636
256786641
256806133
256820340
256832316
256832575
256835391
256840813
256844967
256868661
256870803
256877672
256881355
256912917
256928683
256944026
256972278
256973577
256975555
256977317
256992321
256994212
256996369
257026077
257043309
257118185
257120489
257125385
257127677
257130256
257144314
257149432
257162970
257168294
257204487
257211422
257217060
257238083
257249279
257279838
257318599
257320551
257322490
257324569
257333632
257342755
257354859
257363548
257372351
257402650
257404017
257421770
257428554
257438633
257461546
257461643
257466233
257496748
257504761
257550719
257554922
257570474
257572891
257582349
257583693
257588011
257589959
257601071
257603119
257606306
257607446
257617988
257618202
257621454
257631608
257648471
257662803
257664463
257681183
257685402
257690320
257697475
257697777
257723227
257733764
257734922
257739504
257756689
257759121
257804514
257806259
257807836
257810912
257815541
257817809
257819079
257825409
257830805
257839373
257840464
257851463
257856160
257859122
257862285
257869377
257869886
257878385
257888184
257909582
257912807
257917852
257920707
257947621
257951000
257951768
257955939
257957587
257969654
257986909
257990147
258009668
258019900
258026216
258039305
258040144
258043271
258061568
258066026
258067697
258072211
258072693
258099762
258162411
258187941
258196612
258209834
258221191
258242530
258246570
258251138
258262355
258264407
258271556
258271651
258279351
258281557
258287228
258316713
258332989
258348878
258373956
258384227
258395622
258399109
258404851
258416009
258421952
258436984
258465607
258475774
258497618
258499493
258499671
258509557
258517663
258537237
258566244
258571753
258586357
258608022
258619901
258624946
258625089
258642580
258642658
258655279
258666020
258722825
258726105
258735054
258740079
258743776
258749515
258765850
258779061
258790628
258806289
258816363
258818264
258837519
258840151
258857361
258857556
258868700
258890454
258892714
258899184
258919118
258937108
258938737
258940983
258943276
258972941
258974515
258995539
258999136
259002623
259027572
259033910
259035584
259056334
259066884
259067884
259077922
259094955
259097934
259124954
259125184
259128416
259167725
259182645
259207150
259213449
259218582
259226505
259231609
259231641
259233462
259235535
259276998
259289308
259301988
259315477
259319654
259353795
259362623
259382678
259386118
259387346
259403559
259408085
259427913
259433056
259440207
259493947
259509720
259517803
259518779
259543449
259545087
259559258
259578163
259586881
259601229
259605577
259606700
259617634
259622091
259631905
259639033
259673808
259684726
259686104
259710283
259731419
259749981
259760230
259776597
259806827
259824478
259829440
259831819
259835751
259836403
259841185
259850977
259852014
259871687
259891551
259895076
259896398
259902667
259906107
259922625
259930459
259935648
259936990
259945730
259961476
259964386
259977620
259978136
259980171
260000115
260003924
260007309
260020383
260037269
260042764
260087676
260094310
260100517
260117772
260126899
260145295
260148626
260150519
260152627
260154858
260175651
260179549
260218454
260219770
260239387
260247084
260248647
260248845
260262206
260276687
260278173
260307694
260310861
260319570
260325600
260339636
260342104
260350622
260365351
260403391
260407803
260415607
260428740
260435081
260436454
260438190
260438728
260455991
260465328
260481375
260484123
260497177
260501845
260511862
260513238
260514047
260516913
260533467
260533976
260583222
260587103
260593116
260601169
260606821
260651380
260679204
260688875
260701924
260709660
260729586
260729587
260732233
260735791
260747885
260754312
260771777
260777506
260779625
260785115
260805545
260854312
260854564
260865565
260867541
260869691
260887474
260890783
260908245
260917806
260925234
260934919
260943758
260966366
260979735
260991666
260998181
261000048
261020195
261024873
261033977
261035498
261052296
261053584
261059049
261068905
261082071
261090854
261096778
261122184
261125001
261162635
261167149
261170084
261177633
261182480
261193549
261200509
261220203
261223240
261228821
261232046
261236132
261243203
261243620
261272050
261302682
261325003
261359740
261373473
261395521
261403737
261404729
261408697
261409281
261412074
261416742
261425861
261426757
261449049
261449774
261455717
261456713
261467231
261483091
261521829
261539887
261540950
261548623
261562905
261563468
261626335
261636909
261639009
261646939
261647091
261655908
261656506
261671260
261692223
261692375
261697975
261698097
261750522
261757937
261772552
261801174
261810758
261814180
261818453
261822832
261826123
261860865
261861999
261866782
261877691
261881048
261881124
261886058
261928124
261944700
261954817
261969647
261989393
262010241
262020554
262022256
262059340
262059593
262062137
262080038
262090849
262092355
262093371
262097569
262105590
262116257
262123231
262123446
262124412
262127199
262131547
262139366
262144125
262145287
262177905
262180078
262180709
262192341
262243215
262248577
262266579
262271013
262281763
262285410
262318936
262325014
262343045
262346670
262372020
262380765
262384331
262387758
262405333
262431521
262444411
262445769
262449743
262450755
262461042
262476505
262486445
262495966
262499658
262509435
262513052
262513685
262536074
262541312
262546161
262548502
262567958
262581251
262582376
262583280
262589859
262591736
262625934
262627492
262639308
262665241
262704292
262718782
262732963
262733729
262737202
262739052
262746722
262749158
262770210
262803578
262804873
262807604
262809276
262812459
262820692
262823069
262823289
262833109
262845069
262846033
262871367
262871835
262894005
262898565
262911982
262924249
262926755
262932647
262941122
262942589
262948364
262952318
262961702
262964925
262969141
262981296
262983041
262986531
262996321
262998991
263001518
263007601
263013943
263023286
263029984
263035265
263041328
263044643
263046739
263118270
263155760
263157381
263162489
263176814
263192449
263203694
263209197
263211155
263256765
263264406
263274300
263274879
263278183
263280858
263281843
263282367
263297148
263297904
263302860
263311188
263321120
263323769
263324516
263327434
263328304
263332818
263341932
263350486
263357385
263360884
263370560
263379432
263381918
263381956
263384569
263404770
263426187
263441686
263454758
263459806
263465346
263472151
263479495
263486179
263507280
263507373
263527193
263532472
263534244
263550496
263553545
263556241
263568993
263595088
263625687
263628472
263632344
263633639
263646059
263656599
263672304
263678062
263687865
263689394
263700998
263709219
263723262
263725739
263727633
263730447
263732284
263737840
263741319
263763449
263764482
263807940
263828807
263848633
263857668
263881054
263895974
263904228
263907947
263929440
263945729
263963008
263971881
263988994
264007102
264011190
264015574
264028851
264032214
264043394
264071666
264073824
264093101
264112072
264112088
264116595
264121415
264177620
264190168
264195455
264212391
264243499
264266025
264277532
264284810
264312578
264329745
264339859
264356756
264362651
264364432
264404767
264423617
264453211
264473491
264477870
264481079
264486247
264498688
264505048
264510638
264511757
264511887
264514401
264531848
264531919
264546465
264561603
264566972
264576132
264596579
264598172
264602776
264604780
264613088
264617129
264617622
264618272
264619769
264635334
264635856
264641022
264655209
264657821
264665145
264670399
264681547
264685681
264685735
264704597
264707833
264712815
264715839
264717185
264727688
264740423
264749368
264749508
264757536
264766263
264769587
264770318
264781801
264785978
264790180
264792208
264792820
264801116
264808893
264810400
264858935
264859646
264880757
264884993
264892640
264923190
264930772
264938082
264941798
264946274
264962893
265020818
265043649
265048325
265062827
265071237
265073573
265119275
265120798
265139462
265148901
265185260
265189992
265193373
265197429
265227427
265250246
265251678
265264006
265268124
265274931
265275154
265276601
265289220
265304987
265328883
265345107
265355026
265361473
265364888
265369420
265379641
265387371
265407453
265411115
265413753
265429453
265471276
265491628
265497969
265499934
265520434
265544944
265545345
265546624
265550591
265555477
265557124
265566011
265614954
265615629
265631727
265640333
265640355
265654010
265654619
265698308
265699997
265708795
265716353
265750722
265773351
265795653
265808069
265819596
265828436
265843085
265850231
265862721
265874302
265878788
265882166
265886763
265893802
265913856
265918363
265941092
265973840
265973986
265977489
265981809
265990593
266042896
266044395
266055552
266115514
266117164
266123320
266148079
266152111
266152207
266152585
266166908
266169717
266183973
266204421
266214777
266217428
266235391
266262233
266267215
266273829
266280748
266282499
266296008
266315829
266342441
266354200
266417915
266419534
266425149
266431400
266438278
266447295
266451009
266465317
266481851
266491565
266493313
266507361
266512812
266513753
266518997
266525645
266532580
266540216
266557347
266558034
266561866
266581566
266585089
266585100
266593907
266607170
266640368
266653089
266681006
266697490
266708835
266750387
266757257
266759207
266786807
266790684
266818783
266820677
266851579
266857753
266874737
266888374
266899030
266932037
266942812
266947326
266955997
266961332
266962007
266972239
266972919
266990525
266995585
267003878
267010076
267027600
267039014
267039364
267041035
267041754
267056582
267060046
267061862
267083964
267117511
267119066
267122085
267137829
267138361
267153638
267156391
267165467
267184566
267200626
267202348
267238441
267244288
267266916
267269880
267273579
267274782
267288268
267295767
267296017
267299711
267312070
267315727
267336405
267342695
267377151
267384315
267388501
267398439
267413445
267421256
267429850
267448080
267451762
267452812
267497911
267512127
267515256
267515909
267530467
267534275
267548958
267562456
267590743
267594560
267605686
267612807
267613705
267619961
267644844
267649889
267673025
267677591
267700893
267723724
267731009
267734754
267735550
267738137
267767166
267803070
267818159
267831252
267868702
267882679
267884906
267893770
267900419
267906054
267908134
267915854
267918544
267972818
267980769
267996384
268008990
268018116
268019080
268051211
268052671
268056092
268057644
268073967
268082639
268083439
268088247
268105195
268106007
268106797
268124834
268130154
268130468
268131639
268143075
268151552
268177655
268197595
268198676
268203846
268205177
268216186
268230174
268234719
268248954
268258146
268258440
268260239
268264869
268266343
268293931
268311579
268312533
268325486
268333251
268338856
268338876
268350569
268350908
268397300
268424894
268444882
268446808
268460316
268462018
268482047
268483893
268484764
268488302
268491286
268495254
268501262
268506232
268514748
268532533
268533818
268535113
268543216
268549497
268552562
268558677
268568882
268577963
268586931
268635813
268639128
268657453
268658083
268661838
268667370
268672793
268673161
268685833
268741835
268749908
268750536
268755145
268757003
268757902
268762927
268765106
268771528
268805019
268820966
268845467
268851576
268856778
268869858
268879979
268881761
268884332
268887180
268891238
268901921
268902751
268971441
268971996
268973776
269019876
269025884
269043780
269060949
269064208
269065382
269067698
269069792
269075606
269078876
269081138
269096253
269118575
269155220
269175069
269191806
269196198
269207137
269218971
269235879
269239085
269240989
269285523
269289605
269291188
269316347
269333147
269334396
269343031
269344486
269402221
269403502
269412659
269428329
269433309
269436005
269438303
269438804
269445044
269450477
269456991
269460620
269469235
269469688
269473511
269499585
269509927
269511751
269554275
269562019
269578466
269594303
269598633
269612342
269642206
269655033
269671276
269674124
269674847
269684943
269686208
269690957
269695965
269699201
269708279
269708944
269726878
269730327
269741004
269742229
269749328
269757502
269776611
269777476
269801265
269805694
269839596
269847992
269866165
269886462
269909834
269928534
269936414
269938946
269944242
269986068
269990564
270010365
270012377
270016622
270033854
270044082
270046483
270046620
270061685
270065434
270091198
270118936
270131991
270138636
270155672
270158328
270174009
270196739
270203424
270208475
270221611
270223118
270228233
270231532
270242231
270268458
270270446
270277534
270277824
270292320
270294024
270304468
270327181
270331861
270344086
270348176
270353099
270393396
270398424
270403279
270416198
270439274
270454438
270463992
270489121
270501350
270513275
270527473
270536393
270537503
270541805
270544113
270555034
270561317
270567697
270574358
270584635
270586770
270617685
270643183
270647388
270662660
270667787
270673805
270676240
270678905
270695232
270718116
270718665
270719309
270737471
270739267
270743951
270753446
270789487
270841526
270841539
270848295
270848346
270884291
270885373
270947764
270949831
270961766
270982648
270982674
270984292
270989426
270996259
271011750
271017772
271031468
271032360
271048956
271057701
271063580
271069925
271070796
271081775
271116905
271123115
271125901
271126846
271147233
271147877
271156175
271167536
271177720
271182993
271183647
271188405
271223885
271268148
271273336
271303837
271307400
271315533
271326111
271341605
271367582
271371876
271378873
271381428
271385842
271387411
271409074
271409865
271410683
271417996
271418209
271435650
271444916
271456378
271459008
271476038
271476656
271481266
271487162
271495407
271496340
271499844
271517372
271522906
271536774
271550500
271552008
271559911
271563352
271576246
271589168
271593360
271627290
271637509
271657523
271669328
271689329
271695028
271697329
271698364
271699975
271718032
271725775
271734231
271736573
271737025
271744553
271745391
271761418
271765153
271787451
271791754
271800369
271805546
271812162
271820771
271821360
271840728
271843053
271844235
271853546
271874292
271874899
271875275
271892868
271900333
271917456
271922729
271929086
271934090
271935608
271936722
271942641
271951099
271965839
271967815
271981261
272009989
272020645
272034983
272051407
272053504
272064206
272079628
272082027
272090891
272099296
272107110
272109916
272115157
272125450
272137147
272149015
272153980
272172983
272174320
272180197
272194731
272195946
272198030
272203483
272207933
272212280
272257981
272266725
272272955
272274173
272289734
272316429
272318479
272324942
272336715
272338920
272349986
272361562
272368041
272432039
272432487
272441783
272463414
272475363
272479716
272481201
272484609
272497882
272532909
272537784
272549219
272555192
272582421
272597837
272613543
272645102
272645399
272652829
272663044
272671617
272673292
272677161
272679521
272688963
272695104
272728786
272740749
272783579
272785651
272799220
272815460
272816192
272816669
272817446
272820748
272821466
272824076
272825029
272874922
272875379
272876342
272879481
272882776
272884255
272888464
272900112
272911718
272925607
272928235
272928645
272937058
272948571
273011480
273018524
273031864
273076516
273083055
273090781
273093834
273110532
273113674
273120145
273127660
273146391
273154485
273161040
273162588
273200540
273216655
273216935
273237277
273238164
273238206
273284874
273328117
273333023
273344400
273367978
273383721
273384863
273385892
273387036
273390279
273396503
273443075
273466172
273469956
273470162
273512177
273537832
273555813
273558048
273566613
273576880
273606278
273613422
273622636
273634057
273634791
273637872
273649646
273653770
273656081
273657013
273657984
273667147
273673639
273685024
273706587
273712459
273749220
273750945
273757861
273839279
273855155
273861786
273871980
273896237
273899054
273926828
273970176
273993967
273999465
274004115
274010834
274014863
274021769
274035675
274037121
274051925
274088722
274090018
274120289
274162836
274179399
274180549
274180843
274195376
274196080
274197138
274201452
274203903
274204976
274218703
274229827
274250777
274252793
274281303
274281653
274292332
274299218
274309121
274311836
274333717
274337584
274345829
274357648
274366315
274369535
274374282
274376388
274377721
274384260
274414455
274440740
274474189
274480223
274490618
274504368
274521768
274539430
274540592
274545308
274548735
274550792
274555136
274575104
274588457
274596615
274612475
274621354
274642699
274655718
274661648
274674778
274694515
274694883
274695796
274697295
274699428
274705040
274706943
274718068
274719367
274733355
274739031
274775740
274777083
274837970
274861178
274864537
274874294
274876753
274903670
274910794
274913156
274925245
274930212
274939568
274965669
274969536
274972342
274979574
274988695
274994426
274996964
275030179
275072011
275093282
275096384
275120328
275121721
275125579
275128602
275131220
275148735
275149404
275156830
275166489
275196940
275213235
275262096
275278029
275299801
275300174
275302809
275303948
275310898
275328122
275330231
275334340
275364213
275393983
275454426
275472660
275488818
275512690
275524995
275533225
275539448
275540162
275546788
275549715
275551393
275552403
275558416
275573490
275578077
275579357
275616023
275625201
275673180
275673280
275681047
275683026
275684323
275695525
275724709
275733686
275735960
275736815
275745757
275747762
275754287
275764439
275768004
275791418
275801772
275810334
275817466
275819190
275821226
275821994
275830018
275845664
275854379
275867948
275881174
275922316
275953637
275955181
275967635
275974989
275977866
275985648
275997049
275999866
276014161
276021391
276036042
276039233
276039949
276042919
276046496
276048361
276057768
276068605
276086460
276093296
276096271
276105013
276116524
276116532
276126361
276139488
276142229
276147722
276151008
276156306
276193129
276197423
276215400
276218412
276232451
276248087
276248662
276252419
276264192
276291225
276302658
276310218
276322601
276322838
276354441
276357937
276373121
276374622
276376877
276381712
276391362
276398005
276399239
276404616
276407277
276420761
276432679
276434639
276445822
276447994
276452443
276459114
276475377
276479937
276496144
276512484
276553526
276561455
276561908
276573509
276592287
276599873
276626209
276629862
276680228
276691314
276701815
276709664
276717095
276721167
276737591
276739048
276755094
276755876
276757709
276760466
276762031
276770311
276787089
276821183
276857094
276859629
276890582
276903978
276926159
276933312
276947121
276956711
276957862
276973037
276973813
276977207
276979739
276990363
276993003
277002102
277003406
277003532
277013115
277022780
277050865
277091025
277097735
277109781
277117713
277132707
277141247
277152230
277167738
277169416
277203664
277207615
277214698
277216425
277220106
277236725
277251551
277280230
277295866
277314266
277339698
277355106
277359718
277368351
277392785
277416958
277431611
277433268
277436634
277439730
277453268
277460323
277472375
277478630
277505890
277512966
277513434
277516175
277517581
277527391
277533894
277537713
277538596
277540654
277544953
277586654
277592510
277594027
277599170
277611991
277616458
277622307
277671050
277674782
277678531
277683041
277700923
277726301
277745148
277745632
277753214
277755265
277766316
277782308
277800861
277832216
277835792
277838597
277845274
277848387
277853639
277878579
277884907
277890231
277902563
277923410
277955511
277969929
277983571
277987050
278030580
278030794
278051950
278071748
278080228
278081151
278098359
278107880
278113533
278115182
278119588
278124098
278138165
278139104
278155701
278158252
278164923
278173619
278186611
278189567
278202371
278206271
278209989
278213901
278225368
278233023
278241572
278245258
278265466
278274306
278287336
278311366
278320144
278336712
278341154
278344490
278353879
278355426
278361684
278366226
278397292
278418636
278422158
278426592
278434731
278469884
278475350
278477567
278487116
278496475
278500088
278504442
278507625
278512839
278513895
278534229
278538747
278543111
278553361
278558931
278559857
278569019
278581577
278582875
278603167
278622403
278623475
278625644
278629455
278635605
278636920
278642593
278665948
278682939
278690308
278709442
278720907
278722944
278723445
278737772
278744572
278746145
278753071
278773237
278788289
278800059
278813404
278826558
278832224
278845417
278852719
278862366
278865527
278884404
278912248
278919041
278922590
278935007
278941347
278948786
278952877
278953019
278963112
278987987
278990461
279002239
279014080
279020047
279030798
279031831
279034743
279060140
279082843
279083665
279117339
279117987
279127057
279132066
279135943
279145741
279148754
279166862
279167851
279171584
279179061
279184490
279189520
279189825
279195674
279197567
279209645
279227208
279233592
279236572
279238643
279242479
279244523
279264605
279266196
279266431
279267465
279271023
279286651
279288553
279291421
279299525
279305152
279308569
279324876
279357147
279360997
279362521
279364250
279374677
279381638
279383929
279387487
279390979
279392398
279392992
279395767
279417581
279425597
279428223
279431267
279451553
279451706
279456300
279469666
279471659
279475954
279496871
279503131
279514237
279515505
279517005
279525632
279526046
279539156
279592004
279595130
279601093
279626432
279646015
279647292
279647970
279660993
279664747
279673737
279673913
279681738
279688377
279689907
279690003
279691209
279698076
279706024
279711239
279716593
279732221
279734066
279736272
279756302
279770177
279787505
279788774
279792866
279801865
279824066
279827493
279832434
279845843
279849905
279860882
279861384
279862208
279901575
279904471
279905885
279907129
279908987
279918380
279920318
279925869
279940551
279941191
279959949
279974693
279995314
280001647
280019322
280024538
280046289
280049413
280087827
280091193
280130647
280136036
280147721
280170845
280192157
280202531
280210255
280240328
280256509
280289819
280292895
280294299
280299054
280306439
280317288
280324333
280337321
280340239
280342475
280355106
280355656
280376599
280379268
280387635
280388904
280395375
280418348
280418766
280429024
280431195
280440666
280443289
280460445
280476371
280489349
280501079
280516479
280517952
280521579
280525293
280532459
280583060
280592631
280592910
280603531
280623878
280628009
280632093
280632290
280632920
280639862
280644775
280663263
280664055
280674124
280674348
280682592
280686135
280689597
280699195
280701991
280718772
280720539
280744724
280752202
280759430
280763630
280782519
280794870
280809149
280811717
280813174
280816273
280857887
280866469
280866529
280867377
280878450
280903623
280904748
280904762
280907433
280912061
280913221
280915655
280920505
280932448
280932885
280938318
280943329
280963585
280991044
280995438
281003782
281015146
281016524
281041846
281045442
281068133
281078567
281082338
281090901
281094472
281095803
281096058
281148014
281185165
281185501
281236405
281237087
281237945
281277091
281296418
281305943
281307908
281317719
281317991
281321644
281337704
281339607
281350301
281354306
281366769
281367124
281367659
281375702
281377286
281381509
281386157
281392776
281409284
281414572
281423024
281444219
281481575
281483849
281484030
281491401
281497501
281510566
281529227
281536030
281544959
281546364
281549970
281555797
281560370
281574201
281587135
281618549
281623320
281655672
281667478
281683304
281684967
281709330
281716773
281717231
281722770
281741333
281767646
281768808
281776930
281777837
281780852
281781012
281781549
281784903
281787941
281791834
281794574
281795476
281800323
281804428
281820778
281837864
281858219
281859714
281864221
281875776
281892349
281897647
281902139
281905710
281909148
281918966
281930295
281934397
281935041
281941124
281953579
281956598
281964144
281968128
281974020
281988606
282009418
282020211
282024351
282029135
282040044
282055851
282060746
282064068
282083862
282084522
282102519
282112061
282115008
282126571
282128221
282131206
282140386
282141145
282147309
282157695
282159597
282160997
282167724
282178928
282179538
282180804
282188761
282207437
282231502
282233541
282240237
282252394
282254432
282298212
282316996
282331524
282339650
282343995
282351121
282353820
282357397
282363124
282363940
282369469
282384362
282385875
282387644
282404832
282433123
282433856
282444460
282445812
282447429
282453334
282463625
282497516
282507562
282513652
282524737
282538190
282559827
282584919
282637439
282643257
282648527
282662153
282662755
282663939
282670510
282693326
282703232
282715082
282735950
282745314
282745373
282747536
282755098
282760982
282763022
282773650
282777742
282781272
282782554
282788347
282798347
282818303
282872090
282882410
282883736
282884138
282890038
282919626
282924327
282925763
282926630
282933889
282935472
282948989
282980561
282981205
282982830
283054856
283057850
283060537
283068596
283081503
283081778
283100446
283107757
283125352
283136195
283152992
283181261
283184570
283213787
283221518
283227528
283230784
283239752
283241128
283245611
283246032
283295788
283321667
283343968
283354391
283356013
283371511
283373907
283378109
283380357
283387979
283389314
283389597
283408384
283410871
283455174
283456308
283461084
283465105
283485763
283539711
283541927
283544669
283544702
283547809
283559832
283560697
283567125
283569869
283586161
283604382
283624968
283639145
283652636
283658402
283674801
283684625
283694505
283705314
283707566
283714037
283721497
283722676
283724170
283759038
283773791
283777492
283784857
283798258
283814451
283827212
283831590
283839241
283841356
283848675
283852902
283864450
283870324
283871843
283874285
283879414
283886477
283892235
283906005
283912014
283924892
283926385
283930402
283940262
283973995
283984592
283993381
283995807
284019621
284023719
284053052
284055745
284064869
284078674
284079430
284105353
284119083
284131760
284146543
284156390
284165362
284176088
284194286
284204490
284215348
284250771
284265586
284267633
284270432
284272278
284276715
284281258
284296583
284301555
284320309
284322470
284334276
284335950
284343602
284346554
284358425
284366719
284371550
284402821
284421628
284448111
284449906
284483448
284486030
284492013
284494130
284498752
284525441
284526120
284529803
284532002
284542901
284564791
284568991
284572975
284575198
284591787
284592387
284609259
284620810
284622158
284624736
284630296
284633914
284635446
284638831
284639761
284667530
284675218
284693730
284731817
284732404
284735207
284738873
284767525
284769307
284812621
284824379
284825229
284840880
284859832
284863623
284874397
284881291
284907217
284918258
284921374
284922003
284926281
284944214
284946865
284954651
284973346
284976266
284980215
284988923
285013989
285021328
285037532
285047470
285100832
285103793
285108200
285123307
285126903
285134959
285143240
285145727
285160029
285164709
285213562
285214089
285215400
285234337
285236201
285241395
285242603
285250956
285261178
285300635
285309109
285334305
285337231
285344362
285354125
285356419
285361120
285361931
285371346
285386730
285387784
285389827
285390962
285394903
285398540
285401179
285403959
285413379
285427943
285428614
285436531
285452063
285456145
285474701
285484860
285510055
285533260
285544135
285552544
285572709
285573471
285584779
285595935
285596135
285599592
285630906
285653897
285655050
285658780
285659760
285668979
285669278
285674211
285712497
285718824
285730291
285737356
285744740
285751774
285773957
285779378
285785440
285794783
285804949
285806773
285809284
285809677
285813812
285826162
285866797
285868695
285882856
285899302
285906936
285908136
285934104
285938622
285942818
285988923
285997125
286016193
286026691
286034409
286041330
286065380
286065658
286077357
286086448
286100718
286117342
286139589
286139778
286144045
286158364
286173200
286179308
286190837
286195632
286202121
286206429
286210151
286219779
286220351
286235541
286244095
286247887
286256959
286258172
286302636
286307082
286323057
286327557
286349765
286372173
286403228
286404684
286413040
286431816
286443016
286455525
286482772
286503642
286518882
286521138
286524808
286531337
286548700
286549122
286573968
286588127
286601908
286643410
286681010
286686298
286716689
286725482
286733630
286736457
286744233
286757785
286761145
286774374
286777416
286782354
286825460
286845628
286855246
286862144
286877720
286889758
286893497
286899422
286906220
286917459
286923249
286924552
286949368
286949745
286956283
286964580
286980592
287018850
287028941
287038085
287044561
287081818
287109388
287122475
287131583
287153282
287158948
287168579
287172083
287184705
287192195
287195262
287196234
287198810
287199169
287202058
287204177
287209086
287215866
287257036
287265149
287292266
287314341
287321167
287328912
287338227
287338382
287338522
287346772
287358583
287384191
287393883
287407598
287410455
287445643
287467788
287483356
287501976
287525219
287526804
287527308
287531470
287545574
287559245
287562596
287567178
287567243
287567463
287568108
287588136
287610353
287619301
287626453
287633250
287648348
287652794
287668332
287670211
287671220
287679873
287687370
287705445
287706634
287718924
287722943
287740894
287747647
287749734
287755963
287763150
287775369
287775446
287779265
287825414
287849786
287858283
287858353
287861201
287869046
287870165
287877226
287915003
287924435
287927850
287930312
287944212
287944293
287951036
287960250
287961705
287962346
287965671
287969471
287972038
287982502
287989003
287993615
288003926
288007008
288011539
288034651
288041316
288051214
288051649
288081062
288087113
288087293
288100033
288104408
288151099
288152546
288176548
288176994
288207294
288214707
288228834
288255096
288256664
288258151
288265398
288267228
288274241
288286685
288292307
288297288
288299194
288303426
288311558
288346483
288352739
288356419
288375138
288375208
288376552
288382192
288408058
288410252
288410775
288417273
288423933
288428049
288451105
288459167
288468281
288470934
288472269
288474686
288477835
288484108
288485331
288503643
288544244
288545996
288546740
288553587
288556960
288560413
288580011
288610249
288614673
288616894
288618271
288634778
288647024
288650681
288656409
288658802
288667329
288668527
288672953
288678074
288684089
288719089
288724540
288729718
288738121
288746128
288748338
288758952
288778140
288784599
288798104
288838343
288860923
288863465
288865973
288879142
288883762
288894566
288926797
288935075
288941364
288944168
288955923
288962177
288985497
289012685
289018914
289019969
289028690
289046857
289049142
289064655
289080539
289085343
289090231
289094307
289095655
289103682
289104146
289113699
289122400
289126752
289133162
289142751
289145242
289151326
289153066
289159731
289169077
289187002
289190825
289200514
289212764
289221396
289222184
289234355
289244754
289306727
289307991
289309712
289312048
289312187
289316619
289322917
289323771
289323896
289332473
289333415
289347661
289347991
289363532
289364805
289368488
289373177
289385837
289395576
289398311
289415460
289417901
289418368
289428981
289431617
289432880
289438526
289461776
289465593
289476617
289478106
289480530
289480585
289480857
289506138
289519866
289561702
289561906
289571773
289580091
289589007
289592327
289598324
289609136
289624383
289626591
289631760
289638074
289644025
289647963
289665486
289675810
289683152
289683215
289691990
289708959
289709198
289717047
289734122
289735278
289737300
289753932
289758671
289774049
289777980
289798814
289817665
289818675
289857631
289873462
289882814
289925884
289926350
289954677
289959007
289975945
289980123
289982370
289995538
289999740
290003428
290007463
290015919
290023351
290025854
290028015
290056481
290060298
290067876
290069324
290084542
290107691
290118278
290119078
290127888
290137492
290146292
290151764
290165647
290168718
290174825
290184120
290185196
290186284
290197791
290214383
290225456
290234560
290242097
290242136
290243521
290244332
290257800
290264736
290265202
290273863
290275380
290286033
290299446
290320148
290330914
290354725
290392262
290405095
290409076
290422617
290427763
290429561
290442014
290442416
290442785
290499815
290504120
290508874
290529183
290547568
290553915
290559540
290562624
290634186
290638364
290648324
290649907
290669524
290670444
290676359
290678727
290681850
290684624
290695201
290725720
290733772
290734728
290741503
290744139
290754642
290758832
290781586
290788901
290799710
290801476
290832295
290835760
290839106
290840944
290842047
290854043
290880005
290899986
290903208
290907369
290913527
290937725
290939218
290949528
290959284
290988228
290990101
290990737
290995427
291001895
291017654
291030438
291051605
291074709
291093242
291111861
291112953
291115524
291129909
291130012
291149443
291182628
291183106
291212478
291216195
291224826
291233209
291237370
291261721
291267749
291267931
291273826
291288651
291298428
291301978
291304682
291316459
291325366
291330678
291334854
291352016
291391958
291393571
291397580
291401109
291402049
291416190
291421127
291426781
291431932
291434252
291445090
291451158
291457476
291458195
291463753
291474617
291475419
291481836
291488390
291492041
291502357
291511305
291511882
291514219
291518046
291537318
291539104
291555691
291557182
291560973
291606359
291633225
291637256
291671211
291673174
291678888
291690403
291708756
291717973
291718288
291727622
291734471
291749572
291752398
291757037
291759309
291774373
291777158
291777676
291777962
291780931
291782675
291789520
291807697
291812483
291827522
291839725
291845597
291886559
291891930
291911588
291912229
291922874
291930733
291933083
291935146
291937896
291942903
291948332
291991477
291996352
291996642
292000903
292004778
292007198
292049344
292056569
292097971
292099767
292109359
292125609
292128975
292138102
292159777
292166413
292177002
292213323
292217032
292220244
292222006
292228268
292232279
292232381
292260588
292260984
292270433
292284426
292335182
292342383
292344012
292363763
292364044
292365195
292367016
292418576
292429798
292436170
292436321
292452299
292465662
292475741
292490994
292496760
292508046
292510754
292512731
292514495
292522609
292534796
292546337
292563314
292565768
292565971
292595530
292621625
292631343
292649942
292650052
292655874
292659267
292670921
292679284
292703400
292737991
292745805
292764794
292765990
292810265
292817675
292828552
292873910
292877646
292897122
292900438
292921210
292924031
292940931
292945877
292955980
292966514
292970562
292974352
292975065
292976073
293021583
293029190
293048355
293051096
293056004
293057802
293060597
293062360
293073425
293117288
293171198
293176750
293196946
293217400
293219905
293234295
293238098
293240754
293243210
293251963
293267572
293269066
293271587
293272981
293289335
293304492
293313801
293318998
293327890
293333295
293342953
293353505
293364838
293371592
293374596
293402745
293423317
293434155
293438788
293440440
293451799
293459965
293481574
293487740
293502427
293513202
293517377
293531858
293535345
293535799
293537546
293562101
293564634
293606812
293612472
293621600
293622270
293631949
293643044
293669698
293673961
293690413
293691632
293693073
293696618
293698112
293717062
293717358
293718843
293723833
293732681
293740777
293744034
293771906
293798176
293821476
293842953
293855505
293859453
293868320
293889942
293894878
293899077
293903553
293914315
293915719
293916526
293932577
293935910
293943107
293965281
293980873
293984629
293994968
294013503
294034068
294036187
294054364
294054687
294066953
294075206
294078729
294080911
294093693
294109632
294116199
294120579
294129816
294148457
294156808
294169397
294172250
294173067
294185221
294203379
294236380
294246114
294249628
294253310
294269996
294282293
294323227
294338679
294353527
294355704
294367190
294392234
294398932
294402281
294415106
294415419
294419252
294419640
294425150
294425263
294429817
294432648
294435039
294444095
294454327
294457066
294462412
294471996
294472118
294503378
294520876
294543945
294544561
294584038
294622451
294625936
294662692
294684673
294707724
294717706
294719737
294727788
294751868
294772312
294776819
294784459
294787499
294791248
294793715
294797630
294812567
294829094
294836649
294845315
294847084
294868467
294869664
294888862
294891152
294901258
294933712
294934402
294935736
294937221
294947836
294951904
294955704
294959200
294970036
294973556
294977242
295004570
295027194
295034334
295042512
295047437
295049147
295080242
295089912
295091439
295106144
295113542
295116451
295134289
295138363
295150506
295159037
295175727
295176930
295182152
295186389
295186654
295208374
295209371
295259286
295263954
295266449
295277855
295283605
295344568
295351879
295357604
295367338
295386966
295401988
295402280
295407868
295409984
295419564
295420088
295466935
295473044
295484039
295485024
295499666
295511033
295520177
295521065
295525193
295528415
295532137
295535095
295553470
295554909
295573252
295613441
295623509
295681406
295686674
295696245
295709964
295724456
295757531
295757875
295773671
295777709
295793930
295797103
295797904
295803060
295828848
295844447
295847449
295867998
295887480
295891885
295892286
295901412
295918108
295922310
295939093
295954280
295979754
295980084
295980175
295987345
295988821
295994200
296004770
296023596
296025398
296047245
296051629
296054358
296059177
296059654
296071332
296072095
296078879
296082614
296086157
296094744
296097720
296102097
296142447
296170671
296185146
296191678
296198607
296198823
296199375
296214109
296217783
296230622
296261111
296266073
296283513
296294573
296295109
296303816
296312325
296316130
296326345
296366544
296396131
296405216
296423727
296444500
296483200
296493541
296497029
296500549
296515561
296525330
296531336
296556389
296559887
296563822
296566212
296574540
296576162
296599483
296612964
296628368
296641558
296641746
296646677
296652474
296676030
296693522
296703352
296711261
296739186
296756011
296757636
296766431
296771809
296774784
296774876
296779347
296784381
296804955
296812436
296820742
296852179
296852466
296858807
296878366
296878620
296892684
296895140
296904354
296904889
296918765
296936653
296958324
296962412
296966141
296985629
296987748
297003608
297007223
297007469
297052962
297057227
297070535
297089624
297099105
297101757
297104522
297111658
297120809
297124180
297141629
297149526
297178704
297178868
297192769
297207454
297208244
297213049
297224881
297253386
297263341
297268172
297269790
297278638
297289305
297299932
297312358
297316883
297328356
297331306
297332114
297360702
297361441
297372726
297387189
297390219
297393425
297396885
297400009
297403390
297412521
297427415
297436224
297447879
297448853
297489527
297490078
297490788
297496025
297498317
297500742
297511784
297518778
297519482
297522332
297534166
297544388
297565354
297585919
297591225
297598515
297606232
297614450
297622305
297623388
297630279
297631725
297637351
297660117
297666588
297670230
297699885
297708496
297716606
297717571
297727862
297734609
297735198
297736549
297743015
297777127
297779581
297786468
297787282
297790175
297790816
297796010
297817144
297819365
297824652
297831156
297848230
297862585
297863317
297877900
297887535
297894027
297896639
297930269
297941484
297944729
297946446
297948741
297988261
297993930
298041320
298050864
298051641
298075780
298080452
298084901
298096247
298101741
298121885
298125285
298136445
298137099
298137281
298153891
298155080
298179343
298179579
298186103
298197771
298201164
298206469
298215098
298235233
298255936
298260355
298263372
298268991
298272745
298287274
298299978
298347627
298349200
298396644
298419861
298440070
298465271
298474461
298490025
298495831
298529996
298542272
298545795
298560181
298568591
298575424
298583227
298587822
298592458
298596901
298612734
298616927
298618706
298623153
298626630
298628408
298629590
298636224
298653571
298658230
298671336
298683263
298691102
298696487
298703396
298709095
298709891
298714519
298718059
298761521
298768959
298777503
298779633
298814481
298821692
298823731
298826419
298833038
298845027
298873555
298880142
298884897
298899282
298908687
298913153
298917639
298919329
298924791
298943594
298944275
298955941
298971271
298986600
299028872
299063738
299091753
299091989
299121710
299122261
299134239
299145283
299176360
299180437
299187771
299214901
299219276
299241394
299251905
299278987
299280193
299287709
299296492
299298854
299312037
299327997
299329473
299346814
299354983
299357274
299360462
299379304
299396846
299406713
299413165
299430810
299455611
299478209
299478632
299489826
299493823
299529469
299544223
299549974
299552376
299586957
299588770
299589347
299594516
299598406
299607531
299620690
299660132
299663549
299682200
299683908
299703467
299707740
299718377
299740404
299745209
299754945
299758435
299770487
299782585
299795889
299804394
299820331
299829893
299831792
299847211
299856696
299856725
299861068
299889954
299894797
299903321
299907396
299933205
299939614
299951694
299956357
299973711
299980114
299994930
299996371
299997012
300036635
300038402
300052433
300060566
300074857
300083706
300102351
300106924
300115400
300117830
300122377
300126834
300139552
300153077
300160500
300175113
300186223
300194003
300203105
300226322
300231684
300248538
300258098
300264395
300274250
300285253
300298187
300322891
300324910
300343200
300380377
300403463
300457657
300471958
300476257
300478102
300490794
300491436
300514051
300521000
300533662
300552858
300575157
300576418
300579921
300586066
300609527
300632151
300636988
300645293
300654140
300670615
300673949
300700238
300717541
300726491
300738934
300743325
300784919
300802137
300806242
300825257
300836205
300843466
300917353
300928609
300942457
300967201
300984906
300992499
301013932
301017231
301027972
301037975
301038211
301080428
301084368
301086485
301087269
301093066
301097381
301107361
301112622
301115574
301118694
301119300
301130787
301137851
301139512
301157602
301160173
301192156
301196660
301201086
301204720
301205445
301229894
301235495
301237769
301243509
301248317
301272560
301314205
301323396
301346623
301349171
301356954
301375017
301397374
301435273
301464275
301466215
301466797
301479816
301515799
301534120
301543289
301545093
301546537
301569275
301575143
301580648
301590166
301601241
301601531
301601628
301602096
301614202
301629223
301637314
301639303
301646018
301646648
301656745
301665908
301673982
301676171
301681452
301690535
301719309
301730088
301751164
301752136
301760747
301762532
301767912
301772551
301777503
301819829
301836609
301839700
301849165
301853469
301863087
301873502
301873617
301890965
301892445
301895166
301899077
301901830
301905265
301915870
301920061
301924210
301938894
301944641
301945946
301948516
301955864
301959867
301974680
301977330
301984967
302005561
302014863
302027228
302055280
302069836
302114921
302114999
302128010
302131445
302203078
302218058
302237708
302247177
302247832
302272061
302286173
302289692
302305574
302312605
302334814
302335208
302336859
302368850
302371517
302398954
302411771
302423759
302430171
302432700
302433944
302448836
302475648
302501838
302533775
302550833
302559351
302569419
302621388
302643621
302648044
302661943
302663336
302706049
302714672
302718790
302729948
302741283
302768963
302822427
302825736
302840397
302842640
302856904
302860727
302862816
302865509
302866901
302872045
302877941
302880301
302882931
302888601
302899875
302902827
302916223
302921755
302925592
302929509
302931585
302936735
302945595
302948992
302958232
302958475
302996363
302999795
303004854
303009957
303017743
303023650
303035919
303042629
303072705
303088245
303099330
303103581
303131875
303150023
303152523
303179679
303182875
303214201
303215548
303216866
303233896
303273846
303275767
303275890
303302823
303309585
303316578
303318982
303320263
303335305
303343857
303344189
303351388
303357820
303364047
303367452
303369541
303381125
303381800
303382641
303393640
303437550
303442963
303446556
303479913
303480501
303495778
303504023
303504307
303507666
303513478
303515293
303516379
303529389
303537027
303560990
303563757
303569060
303586793
303608311
303609442
303610773
303613109
303626921
303633870
303640254
303641145
303645904
303646999
303659501
303663941
303670400
303682614
303693006
303697602
303702194
303709370
303766313
303770589
303784017
303790957
303808346
303818441
303820295
303826342
303838842
303877697
303897206
303901463
303915999
303927256
303931077
303959921
303972643
303989503
304018972
304019404
304019813
304029790
304044305
304060132
304076408
304077169
304086691
304091973
304092401
304092514
304093819
304098121
304103386
304106624
304111322
304117268
304121789
304125915
304134212
304135313
304139391
304154839
304158544
304174128
304184375
304188449
304188646
304202505
304210804
304222285
304247516
304251898
304256420
304259562
304270082
304275041
304278084
304317401
304326926
304330422
304339236
304340633
304348293
304357624
304358965
304361489
304368342
304378523
304379593
304397517
304403016
304407380
304433799
304445271
304462876
304472656
304474203
304490348
304490415
304490838
304502404
304508081
304513066
304544590
304546419
304551622
304552309
304554941
304589198
304595708
304603567
304607511
304627496
304641898
304642860
304674129
304675440
304678112
304680039
304713306
304716487
304721560
304743504
304749936
304750130
304754899
304783027
304807246
304810378
304811118
304825967
304831276
304846170
304859216
304863807
304872169
304881139
304883948
304886651
304896173
304904396
304908459
304921267
304956426
304978845
304979542
304985818
304987305
304989201
304996056
305010735
305024604
305031818
305034690
305044321
305066506
305090301
305094409
305106414
305115853
305135765
305136193
305153001
305158072
305164736
305195855
305215655
305225510
305237837
305246706
305265976
305275586
305303823
305314883
305316671
305341142
305346947
305348506
305369104
305371107
305377353
305381213
305387776
305389845
305391243
305402379
305405644
305425333
305440152
305448702
305461314
305472870
305491755
305510126
305537331
305546847
305548466
305554144
305576059
305576353
305580090
305591818
305593681
305598810
305601705
305608880
305621714
305631286
305656977
305673530
305674722
305692574
305692885
305705672
305711064
305712563
305718497
305720116
305722535
305728976
305730528
305734190
305782938
305789171
305797375
305806435
305811501
305827583
305845044
305847563
305850106
305864661
305866181
305869052
305870164
305877980
305890322
305915744
305916610
305932521
305940115
305955570
305961323
305978263
305999853
306007355
306014026
306019134
306049264
306051682
306053672
306082590
306104196
306106748
306107957
306116548
306129730
306130305
306132957
306139840
306145067
306159021
306161334
306170155
306185559
306200092
306201242
306212862
306215354
306220011
306229393
306229927
306239638
306276733
306278491
306281447
306285955
306290689
306300171
306345538
306345730
306356956
306372568
306398223
306402975
306405184
306407750
306412528
306433288
306439866
306448480
306451152
306500196
306519012
306533902
306536487
306560887
306565684
306576988
306592518
306629287
306629855
306635883
306638081
306655505
306661730
306664551
306670134
306675967
306684626
306687378
306694753
306712309
306721816
306753179
306756824
306769510
306787710
306810010
306827127
306831528
306845988
306849032
306862282
306862352
306872858
306879188
306891832
306892012
306896020
306920322
306924554
306928521
306932907
306966813
306977939
306988089
306990944
306998004
307006640
307021074
307037632
307046866
307051990
307060573
307076875
307078662
307095896
307099765
307113260
307119208
307143050
307146782
307181144
307192187
307192991
307242328
307249254
307261940
307271095
307285021
307290925
307318417
307321374
307325692
307326541
307334280
307336565
307351245
307360191
307364790
307391189
307396914
307407755
307408189
307408201
307408721
307422582
307426410
307428962
307429153
307432528
307438593
307438868
307461851
307470713
307491281
307506273
307532299
307539468
307548713
307559683
307607689
307616814
307637606
307648865
307650134
307661116
307673017
307674470
307678986
307681160
307688597
307689653
307693810
307719138
307723660
307729183
307737027
307761730
307778285
307798512
307800596
307802645
307805488
307808191
307814388
307814602
307835899
307842180
307852187
307852317
307865333
307868067
307873934
307886923
307896760
307902104
307905359
307916560
307942044
307956813
307960479
307965810
307991449
308003073
308003837
308040282
308044284
308065132
308071142
308083661
308085395
308135924
308154783
308174757
308205071
308207410
308220378
308228735
308230104
308237873
308245205
308246260
308259296
308313014
308313107
308321475
308324295
308327892
308334752
308362811
308383850
308391791
308392013
308397686
308399355
308418118
308442203
308445107
308474752
308478231
308497345
308509707
308517288
308529347
308543995
308546644
308568826
308569162
308580184
308628407
308639905
308641398
308656190
308663483
308665189
308675080
308692669
308701904
308703950
308708041
308716116
308740166
308751571
308769055
308797620
308802791
308806734
308809883
308811618
308829598
308832911
308836202
308890656
308892293
308895271
308903587
308904280
308916012
308932123
308933085
308940381
308958047
308971132
308991780
309009305
309023024
309043248
309060145
309077689
309123827
309131714
309139810
309175648
309182018
309188814
309210919
309216260
309220324
309233981
309244803
309267191
309270902
309276780
309285128
309296425
309313141
309320619
309337346
309341963
309354943
309385727
309400157
309416245
309422686
309423907
309431603
309432627
309447121
309455162
309472608
309478590
309490467
309490701
309500792
309501720
309505544
309506975
309524050
309526472
309533720
309534281
309556270
309571488
309575177
309575532
309577410
309601495
309603851
309612736
309616688
309625406
309640037
309654798
309692717
309700572
309701759
309704644
309705447
309714600
309720518
309722726
309731218
309740117
309750492
309756074
309768120
309778069
309794031
309829817
309833901
309834667
309841071
309856418
309874124
309881517
309891128
309898909
309911906
309926083
309942824
309950268
309978183
310006900
310006919
310007229
310024889
310046825
310056683
310061651
310062864
310068348
310076059
310084324
310095578
310101771
310108228
310122895
310137894
310140585
310141334
310146012
310152191
310152919
310158348
310166968
310197302
310220905
310235150
310256724
310257253
310261315
310306172
310312633
310338672
310356636
310364829
310375197
310375425
310394702
310422403
310438410
310450756
310451154
310464570
310477282
310500246
310503217
310511481
310521206
310522158
310527758
310529830
310544045
310547652
310592283
310594970
310619632
310622521
310626096
310640739
310642512
310649694
310660024
310671089
310685102
310687052
310688428
310688920
310700507
310709492
310718068
310722997
310725325
310730903
310766386
310768477
310783830
310797085
310803004
310807418
310812479
310817440
310830126
310839101
310844782
310849652
310913601
310914292
310924879
310945944
310945962
310954063
310965838
310989494
310997689
311003655
311008205
311024032
311041980
311042728
311049432
311075035
311080692
311098178
311109307
311116420
311138018
311138695
311140613
311147193
311162220
311163622
311164342
311164847
311186811
311208624
311220754
311220792
311223476
311225828
311243083
311271932
311281135
311286319
311287293
311306543
311336031
311339900
311343455
311344381
311379836
311384397
311394323
311399615
311411826
311420102
311436701
311438594
311446230
311447253
311464965
311486558
311493452
311528174
311556064
311562101
311565649
311578426
311602286
311604980
311617711
311624108
311636502
311652889
311654576
311668046
311677254
311681141
311697937
311716556
311719420
311727793
311734955
311736162
311744001
311748381
311756367
311756858
311757828
311773276
311780702
311804686
311820408
311822802
311829537
311849911
311851557
311856261
311864278
311878243
311891195
311895542
311897552
311898308
311900254
311902776
311903620
311908588
311922948
311940789
311965197
311977990
311989759
312004788
312013390
312019114
312026028
312033234
312036936
312039484
312040861
312058947
312072364
312073956
312078921
312111344
312118838
312119287
312128429
312136954
312137258
312140301
312142703
312145274
312151111
312159889
312160850
312162897
312175764
312186922
312193057
312193504
312196854
312206553
312271177
312281072
312284348
312290828
312304788
312312332
312319352
312327021
312347073
312348204
312353609
312358195
312359791
312392626
312403641
312416618
312446456
312462811
312484728
312486925
312508399
312512227
312521729
312534191
312536892
312543608
312549465
312556255
312557468
312569908
312575126
312583338
312587458
312592849
312593013
312601985
312607549
312616406
312618502
312625267
312640520
312642493
312659911
312673176
312677614
312685544
312709208
312713997
312718696
312728449
312769777
312773166
312773531
312773803
312780041
312827241
312830943
312832062
312840962
312890661
312893604
312898625
312904581
312908689
312909662
312910282
312913753
312923175
312923680
312935637
312938219
312939261
312952534
312952976
312955447
312980078
312981114
313008243
313016580
313028255
313041509
313049641
313053648
313061423
313070624
313078514
313119548
313126074
313153959
313155449
313160295
313178380
313182021
313182262
313188959
313194425
313203429
313221123
313223563
313236466
313242355
313256056
313264738
313267336
313291932
313338206
313357613
313359129
313385360
313391484
313404560
313434783
313440821
313453277
313458442
313463156
313492561
313502973
313511000
313523616
313564625
313570316
313573334
313576168
313590103
313597313
313601115
313612714
313622549
313627706
313634069
313634194
313646478
313661653
313674599
313681997
313687666
313689518
313690706
313694011
313699002
313703262
313704455
313745025
313748507
313750326
313777789
313785248
313793566
313808744
313811949
313813382
313823183
313827680
313833073
313841130
313876836
313878717
313881353
313886745
313893711
313899273
313909903
313910016
313948753
313968630
313968841
313980902
313982491
313989943
313992860
314004138
314015778
314016260
314024070
314044444
314062006
314063853
314075505
314093782
314095315
314095882
314103157
314132156
314161502
314180283
314223698
314233284
314235689
314237868
314250765
314257350
314302015
314348062
314349199
314352563
314357500
314382061
314386129
314406019
314428019
314432914
314435112
314437859
314443722
314446447
314449896
314459893
314479643
314481163
314488700
314507475
314522729
314533851
314547626
314548499
314552689
314554135
314562308
314574300
314591569
314611580
314627209
314629192
314643811
314682566
314690676
314732605
314746675
314752904
314755567
314767973
314771749
314775784
314787530
314792784
314838129
314839340
314856277
314886038
314897318
314911881
314912300
314916418
314917156
314921105
314956620
314967888
314975742
314980562
315053939
315059169
315072036
315075371
315076218
315082956
315083507
315091880
315101281
315116679
315129409
315137451
315186344
315197834
315215068
315220460
315225225
315226572
315239072
315247238
315260582
315274091
315276545
315285234
315285355
315288582
315300334
315306429
315313631
315361787
315379673
315390718
315394837
315417922
315417928
315438708
315495339
315499238
315500706
315505559
315520798
315524826
315552572
315578330
315581926
315584915
315589184
315602627
315609981
315637018
315645015
315655362
315658063
315668421
315685677
315707234
315707926
315720162
315724640
315726733
315731106
315736731
315738552
315739036
315753978
315761482
315766547
315780141
315847270
315858352
315869444
315869489
315882909
315884415
315902796
315926104
315931250
315937665
315956634
315963193
315969913
315983218
315997548
316009281
316011593
316014368
316017139
316028437
316030912
316031104
316076222
316077451
316102901
316106026
316112501
316114462
316123891
316125120
316143224
316150414
316161659
316165628
316180059
316184145
316192115
316192518
316199171
316252771
316278828
316281439
316294102
316302739
316314035
316332458
316342900
316378760
316396715
316405041
316405767
316430725
316436562
316441828
316444234
316455358
316461910
316465689
316469094
316472756
316477355
316496994
316499173
316508671
316525813
316526887
316553222
316558667
316565556
316566430
316581227
316584715
316595616
316604038
316607597
316607751
316609671
316610989
316616840
316624690
316626787
316642556
316661708
316671536
316677033
316679327
316681610
316684537
316687059
316692239
316703579
316712049
316739367
316741791
316756759
316758794
316761429
316773499
316777993
316785526
316857800
316869514
316884938
316907526
316922829
316936435
316937583
316941732
316948874
316969618
316970212
316977184
316995406
317040993
317050656
317064186
317076913
317080880
317084638
317123434
317132036
317138393
317163904
317165940
317175483
317178526
317193969
317200610
317214549
317215339
317219733
317220450
317225477
317236136
317255304
317272449
317275135
317281998
317304279
317319476
317321124
317323254
317330232
317334135
317342313
317355183
317358911
317389475
317401866
317405618
317441812
317443282
317453212
317462478
317469806
317478030
317500234
317518341
317520131
317520287
317530055
317536241
317539951
317543931
317548826
317558610
317574895
317590743
317592360
317593772
317607579
317617216
317620718
317633576
317640543
317646032
317652954
317655289
317655315
317690114
317691132
317692813
317698168
317715501
317718354
317732201
317740426
317741955
317754088
317767813
317804574
317816731
317832646
317843597
317844667
317869639
317873451
317899775
317903131
317908662
317917372
317922971
317946815
317959990
317973406
317978031
317989762
317992020
318012567
318013719
318024888
318053186
318061948
318078822
318079699
318080299
318084189
318129839
318129936
318144995
318145882
318147911
318149575
318150507
318169254
318171082
318171702
318176148
318191982
318209711
318211877
318229316
318229539
318237679
318245407
318255792
318263791
318267189
318277515
318281130
318291025
318299863
318305899
318306818
318311159
318314411
318331894
318347394
318366210
318369783
318393623
318396211
318410011
318437713
318438450
318446053
318453545
318453862
318463237
318557620
318568408
318605542
318641252
318641495
318645146
318656452
318674048
318706249
318711996
318723952
318729256
318738983
318760968
318813422
318818190
318827834
318833505
318845766
318863257
318874461
318876390
318876853
318921166
318921475
318930164
318936173
318950575
318960915
318972790
318998397
319004681
319007531
319035706
319071755
319078807
319084552
319102028
319134139
319147868
319156255
319195777
319197504
319197587
319204582
319207457
319210092
319215381
319218553
319218578
319220454
319236761
319238466
319253990
319260588
319272991
319288194
319295342
319305926
319338561
319339302
319348566
319350403
319350605
319383758
319392026
319409935
319419257
319432961
319436715
319445540
319470113
319473389
319480112
319484717
319487531
319493456
319496143
319503352
319520421
319526806
319527467
319532750
319534269
319537277
319560502
319567438
319568633
319586884
319587198
319590518
319598373
319609449
319620492
319625022
319640070
319641533
319645474
319646754
319653536
319664006
319672054
319681095
319717426
319729170
319742490
319751783
319752354
319765982
319766982
319771208
319776327
319781316
319783183
319783463
319790291
319795875
319801605
319808678
319820778
319835702
319841134
319849825
319867802
319925366
319943960
319946861
319965367
319986200
320024049
320051337
320074922
320082441
320083428
320084904
320099147
320107587
320142451
320171105
320172897
320184427
320211125
320214369
320228296
320244091
320257202
320259542
320267521
320270753
320273136
320274737
320289212
320303214
320312801
320316829
320327059
320346485
320350439
320352199
320360075
320378944
320379988
320390418
320394355
320410784
320435794
320442073
320469302
320469777
320469903
320473555
320476602
320477255
320481200
320493980
320494465
320511262
320515526
320518680
320538871
320545118
320564392
320578992
320592877
320607640
320615170
320616478
320640881
320641132
320653669
320663540
320679122
320683203
320686922
320688241
320691488
320695346
320714366
320714459
320735748
320758523
320759929
320765209
320788504
320799604
320816722
320826977
320841730
320846560
320875086
320878684
320913370
320930106
320932245
320932715
320933646
320948888
320957467
320960592
320971984
320974841
321004729
321014912
321040156
321042978
321044142
321050060
321056253
321069646
321095520
321095612
321105135
321111782
321176152
321191855
321216383
321218777
321239468
321241171
321250223
321264379
321266768
321270257
321270666
321287012
321300176
321301925
321316799
321329058
321329226
321331219
321344780
321359031
321395357
321396002
321401633
321454099
321457181
321461126
321483737
321489385
321499833
321509307
321515192
321538317
321554592
321570496
321570934
321572337
321572470
321577733
321580169
321582787
321587070
321609756
321609893
321625612
321630858
321646282
321655184
321681339
321699742
321714181
321719032
321730770
321741815
321744147
321763704
321768593
321771798
321790274
321805114
321807866
321820482
321843030
321855702
321864295
321869239
321928256
321936464
321944660
321946492
321947143
321950543
321955288
321961066
321970108
321982113
321985629
321996354
321997360
322005439
322008136
322012659
322023063
322025092
322034921
322046060
322047592
322050675
322064254
322092070
322107245
322114881
322135869
322157725
322178030
322180733
322189581
322199592
322200705
322205665
322214722
322245431
322277148
322280154
322289259
322291125
322294065
322295990
322300309
322315272
322329097
322329848
322341169
322352415
322356651
322370100
322372577
322379139
322390828
322397563
322403600
322414849
322431397
322441885
322449947
322456083
322468830
322468960
322475816
322493505
322518254
322519983
322533937
322555891
322560777
322576078
322595232
322602951
322635219
322635311
322640757
322679933
322682586
322698781
322707143
322712689
322718083
322722409
322731716
322733925
322743408
322744948
322748642
322756900
322785993
322827045
322834037
322845506
322848567
322867994
322875507
322889207
322906458
322917629
322926243
322961171
322967455
323004762
323011224
323021250
323041074
323042818
323058730
323073196
323077810
323087179
323102955
323128553
323135754
323141198
323189808
323194359
323195766
323201922
323205379
323213863
323213872
323221360
323227414
323243649
323245263
323245598
323250527
323252199
323271039
323277887
323278448
323278807
323298478
323302915
323305959
323315474
323329453
323335914
323337929
323340516
323343359
323347690
323378050
323384923
323385329
323425803
323436610
323438897
323467523
323474341
323485379
323489371
323495130
323497714
323501559
323502285
323536114
323538697
323540176
323544659
323572212
323584351
323592353
323592548
323593411
323600159
323604895
323643418
323643630
323646268
323651101
323670461
323679319
323687603
323702381
323704683
323717526
323720273
323733014
323737068
323744734
323748296
323767767
323771035
323778163
323778841
323794580
323812705
323820117
323822351
323834745
323837735
323841336
323848512
323855279
323884637
323888352
323891429
323900472
323912712
323920352
323924396
323934137
323940921
323948184
323955370
323967384
323978812
323996671
324016376
324022281
324025266
324033132
324042463
324062048
324094670
324099935
324108795
324114311
324137386
324139512
324147519
324162673
324180138
324181676
324182269
324194556
324210735
324213117
324219912
324228000
324230952
324235265
324238084
324238781
324249974
324256839
324276533
324283285
324287829
324301721
324306679
324317050
324320204
324334705
324347174
324388024
324395022
324399129
324404096
324408647
324420263
324422030
324426985
324435357
324438960
324450314
324454369
324456857
324476072
324492810
324492847
324523011
324541604
324559496
324570680
324576411
324580688
324582306
324588594
324604577
324624111
324637917
324639839
324644137
324662278
324670558
324681777
324690898
324691516
324713413
324720915
324753918
324776788
324778787
324785683
324789262
324792319
324801453
324802987
324806939
324809087
324811078
324814438
324818641
324826433
324831852
324837980
324857679
324866613
324886547
324917636
324919423
324921349
324925252
324935851
324942170
324942418
324962871
324969842
324977394
325024332
325027059
325037023
325040726
325044661
325055492
325101437
325110144
325115742
325134407
325140046
325144496
325161334
325162648
325168002
325175650
325177300
325224442
325238639
325251842
325280280
325298200
325304720
325317634
325319310
325333677
325336328
325338053
325340002
325364823
325375414
325394705
325400344
325407484
325410896
325412077
325420210
325431087
325443909
325478871
325482290
325487534
325488927
325492813
325520713
325531554
325539533
325557298
325560012
325575245
325579444
325585700
325586251
325587520
325589924
325598952
325609730
325632345
325668870
325713807
325722892
325725287
325756006
325766621
325783922
325784726
325794020
325796391
325810070
325823624
325827017
325827604
325828845
325839740
325841399
325861524
325869403
325877773
325887189
325888325
325890897
325903309
325917676
325939351
325976990
325978143
325994921
326042639
326044493
326049254
326075905
326080345
326118400
326128745
326174996
326183363
326183905
326190526
326212568
326213107
326215535
326241817
326253207
326258543
326282455
326283422
326291620
326305716
326308542
326322097
326325134
326337927
326373890
326379550
326393561
326405478
326440786
326444620
326454434
326470945
326476747
326489703
326492785
326493291
326495153
326520911
326560815
326576723
326576894
326582080
326582407
326607987
326630879
326630975
326632844
326640816
326655142
326661846
326662727
326667760
326702050
326719243
326733432
326740326
326744672
326744756
326746004
326764751
326776852
326779044
326779567
326780117
326785995
326819374
326837613
326838947
326846701
326870362
326909190
326910464
326941265
326959203
326979593
326988608
327012498
327021428
327022775
327024648
327029197
327034921
327051012
327051164
327085257
327089096
327118931
327126722
327134222
327145761
327148180
327163255
327163590
327174107
327178670
327188690
327193327
327200638
327212036
327218807
327226427
327241283
327272785
327285199
327307527
327313693
327334858
327337324
327337696
327346626
327366002
327368442
327374841
327384261
327387692
327393000
327411764
327446976
327453639
327464617
327468809
327469484
327475826
327500431
327512401
327537521
327553312
327557781
327559923
327581350
327582949
327592588
327599772
327604616
327610874
327636203
327644516
327671380
327671422
327671991
327682242
327713442
327720045
327735995
327752725
327753673
327780444
327782844
327806912
327818645
327832048
327858681
327863618
327866739
327867477
327891761
327924288
327933943
327934114
327938746
327951633
327955842
327962791
327972291
327996509
328003520
328030053
328035486
328038906
328051134
328061487
328069862
328075528
328097623
328104330
328105899
328136115
328138629
328156365
328176417
328182328
328190450
328194104
328212686
328213420
328217633
328217799
328228425
328245005
328256664
328262048
328262701
328269471
328285679
328290435
328294392
328309463
328312100
328313372
328314653
328317044
328331762
328337371
328357612
328365634
328365706
328368873
328391735
328396411
328411646
328414865
328424147
328424185
328425445
328438367
328441269
328452625
328454918
328460009
328462621
328462707
328463913
328464606
328485533
328504811
328531731
328549983
328553134
328553511
328569065
328573208
328580442
328580502
328583314
328611204
328618453
328621273
328640029
328640882
328641798
328645166
328660415
328663091
328667249
328683823
328710145
328740538
328741263
328756270
328770312
328799034
328805961
328820963
328837816
328858435
328861056
328933567
328953527
328960511
328961323
328974844
328977646
328988928
328991317
328999933
329010532
329016808
329020658
329023017
329035647
329055808
329063066
329067666
329068870
329077343
329078696
329098499
329100912
329109002
329144417
329153455
329160003
329160101
329174942
329176591
329197070
329199500
329221416
329232499
329272075
329292202
329320719
329323808
329348018
329374333
329386235
329398450
329409550
329438697
329440892
329441001
329447027
329448830
329462254
329475610
329503288
329513549
329528813
329529806
329567084
329574192
329576017
329585703
329606086
329613409
329633892
329636571
329644254
329678078
329700083
329700764
329711699
329729788
329740777
329742997
329763227
329770428
329793145
329803371
329814123
329819895
329821911
329831800
329845654
329881590
329881756
329901925
329906918
329922613
329929391
329943250
329958707
329969451
329976241
329985501
329995541
330024721
330043137
330046242
330058887
330074971
330084700
330086307
330092588
330094154
330107371
330114811
330117591
330124143
330125336
330132985
330142001
330145828
330149341
330164367
330181255
330196511
330214816
330219738
330244558
330246585
330249202
330254103
330259328
330272772
330273095
330301122
330315004
330349113
330361794
330362916
330381199
330383990
330387840
330394716
330398414
330400396
330403806
330435644
330441482
330446621
330481429
330493337
330504064
330523204
330541811
330565773
330565913
330578654
330582241
330586035
330589724
330598571
330608966
330635693
330649620
330652485
330671457
330686725
330687769
330690834
330691091
330695362
330696426
330716959
330741398
330769125
330775421
330781032
330784814
330790156
330851769
330854104
330867773
330877345
330878997
330885322
330890490
330893322
330907066
330910974
330912406
330925461
330934991
330942440
330944173
330945874
330947273
330957694
330957824
330973594
330981517
331008446
331011193
331016383
331043096
331051930
331053881
331054250
331066895
331068825
331073900
331078661
331083241
331093098
331097732
331106434
331108078
331115698
331118734
331122437
331137878
331176301
331178810
331179488
331180582
331187427
331194686
331198286
331204371
331219928
331222793
331223333
331231263
331272032
331273076
331277415
331292943
331299987
331308232
331312755
331350188
331351658
331352260
331354291
331367930
331375398
331409881
331421831
331425245
331429349
331431575
331433213
331460972
331469002
331471491
331509404
331513006
331523140
331526395
331527341
331532036
331569850
331582722
331583740
331589910
331594378
331595950
331608903
331610098
331613369
331616575
331630001
331651270
331655689
331693771
331705809
331736856
331739901
331763289
331770665
331787394
331811261
331828233
331837430
331844843
331859333
331866668
331869953
331883821
331888053
331890676
331897850
331943603
331947542
331950179
331958514
331972864
331986430
331999953
332001641
332006154
332010188
332010945
332020859
332024427
332026495
332056554
332075394
332081735
332084831
332091031
332108129
332117211
332134341
332139476
332142737
332157041
332171993
332176280
332180531
332210579
332238897
332252336
332262091
332268554
332315910
332317587
332337472
332341541
332357668
332363116
332414357
332435282
332441367
332452087
332453771
332457886
332462958
332466084
332477631
332479705
332479906
332496954
332502640
332505068
332529225
332540009
332542872
332553949
332564523
332573176
332608131
332656403
332671783
332683300
332691465
332694932
332699229
332709898
332713479
332730698
332734791
332746012
332764634
332774420
332784833
332807395
332818271
332827794
332844883
332857731
332884876
332890005
332937309
332948166
332966702
333009112
333010723
333025987
333028660
333043572
333046308
333050397
333058871
333065988
333072010
333073894
333077103
333079597
333092729
333110583
333133455
333137963
333157870
333160334
333188148
333191039
333192763
333195964
333197372
333204359
333205906
333220296
333226529
333228824
333230898
333234487
333234941
333244701
333253851
333268871
333277944
333285508
333291300
333303060
333304860
333321219
333326905
333332165
333344800
333377215
333386904
333386905
333387232
333400788
333425678
333426945
333429884
333430835
333436895
333443073
333456806
333471582
333477548
333479014
333504670
333516646
333522930
333532494
333545234
333547615
333550229
333570094
333570707
333571820
333578044
333589422
333599781
333601525
333617629
333620626
333630759
333635018
333638494
333669906
333678238
333678527
333687105
333700438
333727956
333751183
333760771
333762617
333771225
333786114
333810563
333822225
333851854
333867898
333868128
333878866
333887564
333901845
333914536
333919263
333949067
333949268
333963357
333966955
333968243
333973609
333994232
334027241
334056051
334057992
334072205
334083097
334087157
334105335
334115282
334117291
334125452
334127016
334155349
334176849
334179314
334180705
334187494
334206294
334212479
334217152
334219202
334248256
334252994
334270384
334283085
334294780
334307846
334320806
334323315
334326391
334331289
334340235
334377640
334384177
334397999
334404958
334415534
334418762
334437937
334447565
334473938
334495469
334511025
334513310
334525056
334540679
334563703
334572953
334576844
334579234
334584605
334598839
334599168
334602974
334608866
334615046
334635499
334650161
334657011
334680330
334694051
334694698
334704437
334709644
334716616
334719419
334723494
334729570
334739305
334746311
334756382
334789240
334810186
334815232
334823160
334844724
334876184
334878774
334878990
334881178
334886433
334898403
334909083
334911069
334927800
334942814
334943806
334976177
334987368
334990342
334996783
335004287
335015335
335040719
335045124
335084854
335089419
335097110
335110901
335114448
335116210
335116640
335119937
335126326
335153362
335156118
335158225
335171864
335177757
335183065
335204412
335210116
335211525
335269832
335274899
335280560
335284451
335289485
335305600
335311284
335317777
335318873
335330167
335369472
335376926
335378059
335385689
335395683
335405660
335410048
335410583
335434206
335458387
335459543
335461181
335462499
335477545
335500279
335509566
335563247
335571218
335575411
335576284
335584876
335608271
335613720
335619965
335640102
335647732
335659852
335690769
335710381
335715893
335752474
335753398
335760364
335763846
335772376
335786506
335801980
335810581
335812803
335842347
335847563
335858567
335864519
335875862
335893807
335901500
335911751
335920814
335927406
335935373
335936262
335937917
335942623
335973464
335979802
335981120
336002666
336015764
336016445
336017590
336030218
336040999
336060982
336062233
336069360
336102998
336104187
336113143
336137008
336139403
336143615
336147928
336152525
336177158
336180362
336182525
336193664
336210292
336218947
336219318
336236272
336242215
336242258
336245717
336247348
336261222
336282120
336286334
336287439
336308835
336312989
336352782
336363259
336370220
336370576
336376889
336389790
336395164
336396167
336402508
336411808
336425127
336459164
336470555
336477287
336480013
336485658
336487664
336503217
336509089
336523200
336536455
336546377
336547310
336554522
336560719
336560896
336563633
336582366
336595394
336605356
336621648
336641061
336643854
336645773
336658281
336672459
336680644
336689035
336693369
336695359
336696208
336698468
336719348
336719915
336722405
336724682
336728536
336735522
336742805
336750808
336756254
336757478
336778810
336809877
336811062
336818931
336822784
336827741
336832605
336838793
336847363
336849278
336851276
336853232
336857533
336858476
336860474
336872475
336881487
336904580
336917646
336923879
336926781
336944968
336949975
336953520
336957769
336966012
336972397
336983443
337016427
337034880
337036725
337039960
337044898
337056865
337063471
337067606
337080668
337084265
337084324
337099563
337104856
337118757
337127728
337146465
337147309
337148417
337159498
337164312
337172998
337181225
337189434
337194895
337195346
337201371
337216069
337222899
337225642
337239273
337242153
337260732
337276544
337290888
337296732
337311153
337320566
337323558
337356772
337360963
337373888
337378926
337388127
337389890
337402501
337415537
337418910
337426443
337458519
337469768
337472514
337484455
337510531
337516475
337525257
337526228
337527010
337540862
337559172
337559327
337563605
337573000
337581571
337583710
337587848
337594723
337607747
337612408
337615090
337622458
337635249
337637648
337648925
337676296
337682370
337693260
337698905
337701537
337708523
337712390
337756086
337786381
337810793
337815098
337825331
337827092
337845247
337847469
337858910
337889611
337904427
337913811
337920861
337931332
337955494
337970896
337980137
337983050
337983620
337986043
337988153
337995644
338010113
338033764
338036816
338037727
338039840
338043210
338046929
338050535
338106080
338113906
338163218
338166925
338171714
338177312
338180799
338185368
338186039
338187831
338192598
338199923
338206479
338206511
338216104
338228593
338235937
338236267
338242972
338255008
338263878
338289583
338301178
338302301
338315240
338343402
338348071
338351737
338357173
338381434
338395938
338401930
338417171
338426952
338490211
338500172
338513417
338518348
338542926
338543572
338578288
338590718
338605252
338606129
338618647
338637055
338645031
338653455
338665867
338668036
338675124
338714562
338717961
338750137
338750773
338750885
338755766
338773092
338777669
338789508
338821039
338845651
338850197
338860213
338864406
338868387
338871336
338880544
338880726
338881790
338894235
338896251
338915192
338924929
338968271
338974981
338984551
338989493
338999475
339006184
339014801
339035678
339037196
339050313
339058828
339066842
339068806
339072984
339097986
339099288
339127542
339141559
339144027
339145034
339157127
339158019
339167453
339168874
339178005
339183302
339186901
339217511
339234386
339235512
339256626
339289416
339300342
339311063
339322168
339331329
339374663
339375019
339385475
339388887
339392647
339393018
339398801
339406686
339413858
339427033
339430489
339439326
339441911
339446046
339455344
339466891
339468601
339487413
339504500
339511257
339511954
339512243
339514925
339558380
339576418
339654564
339661338
339688445
339707346
339710535
339717824
339730565
339737513
339742330
339751726
339773699
339787707
339805036
339809361
339819750
339825415
339828316
339846000
339872336
339874946
339886720
339890390
339898578
339899121
339899543
339900034
339916090
339917892
339921793
339924157
339935326
339941165
339950342
339957619
339965175
339973998
339979713
339983414
339989908
339995014
339996722
340008557
340031222
340034661
340062050
340065911
340070852
340074492
340084768
340089320
340092771
340101662
340111122
340118709
340120249
340122295
340143067
340153754
340187628
340196744
340207692
340221517
340223283
340237820
340268477
340270128
340301846
340302330
340307479
340310385
340316099
340322832
340323451
340331102
340331754
340335175
340353541
340367839
340371840
340379627
340387640
340389493
340427241
340438334
340466063
340483530
340496430
340508398
340515318
340558379
340562126
340567110
340582434
340595370
340618248
340622175
340638348
340645187
340688357
340697625
340707730
340711280
340714820
340722350
340737618
340749639
340793099
340798486
340807306
340812952
340831010
340835860
340843442
340856429
340895947
340901218
340911996
340912547
340932590
340934277
340947489
340947981
340948565
340966738
340967476
340969831
340979199
340979370
340981171
340998964
341003512
341060754
341092968
341118655
341136059
341139295
341141516
341157828
341164041
341175093
341202881
341228056
341234648
341235316
341240555
341245237
341248819
341262226
341271556
341287991
341288347
341329930
341330907
341378047
341398821
341418261
341421647
341421953
341438191
341440762
341442217
341446853
341449580
341489438
341489607
341501630
341502351
341517965
341522621
341525331
341535656
341541918
341568413
341572983
341587054
341593380
341618693
341653109
341672108
341682272
341714250
341715204
341742847
341749628
341753649
341771075
341774049
341791103
341800693
341830244
341850763
341861316
341875043
341877563
341936155
341941627
341948315
341949064
341961186
342002438
342018156
342047847
342057843
342075939
342078045
342079010
342089246
342096291
342098964
342122641
342133618
342149394
342153103
342158260
342162850
342177782
342179841
342181331
342204273
342205122
342206260
342216653
342228294
342228825
342268250
342278354
342298255
342354822
342380195
342387292
342395885
342408739
342424533
342426437
342475589
342475846
342487870
342493100
342493943
342503171
342516518
342519712
342538984
342579630
342580552
342598694
342601574
342618200
342619551
342628715
342631230
342659148
342665882
342668690
342692098
342693494
342696708
342711669
342726345
342741509
342750919
342775642
342776774
342788792
342815986
342830819
342833518
342848610
342874367
342890184
342900694
342903717
342926902
342927345
342929691
342936572
342942750
342963773
342966265
342981516
342984910
342992350
342993484
342995945
342996233
343005682
343006375
343016594
343020261
343030334
343038186
343038235
343040087
343041289
343065635
343083549
343084128
343086321
343090691
343092583
343111845
343118858
343132095
343144087
343147219
343154552
343156016
343156442
343156869
343190010
343198814
343201722
343212942
343221858
343235003
343243738
343249425
343280493
343282629
343289461
343362646
343373411
343374842
343408192
343410656
343422312
343425847
343427276
343434410
343438461
343450917
343468591
343483350
343490953
343496937
343507881
343508464
343519784
343519827
343523069
343529429
343531525
343535953
343548260
343555108
343566694
343592067
343620049
343633185
343649153
343650644
343655481
343669581
343673941
343694917
343708937
343715907
343718774
343724158
343724569
343725662
343736987
343748098
343765751
343770315
343773065
343817175
343818848
343822829
343834532
343856216
343886567
343914558
343929750
343932590
343936048
343937419
343938474
343943538
343961845
344013634
344015160
344018962
344050936
344068856
344069799
344120682
344122849
344151349
344173699
344183880
344235145
344240972
344246465
344270960
344297859
344302191
344302662
344313956
344350411
344358541
344360898
344364932
344365347
344379379
344398332
344414841
344416201
344417494
344420423
344422459
344431802
344443100
344443652
344468070
344471355
344483693
344495330
344499154
344544008
344554209
344555371
344577050
344578498
344584045
344585477
344618282
344632801
344633854
344654562
344656735
344668238
344675768
344678146
344687605
344720329
344744436
344750382
344755032
344778702
344800867
344838923
344841543
344841579
344843590
344851310
344861086
344882168
344938276
344942826
344946306
344953890
344958332
344960515
344965937
344967029
344970889
344979312
344985065
344996898
344999804
345008638
345051174
345064824
345081297
345085766
345110067
345116076
345128200
345136618
345137068
345138197
345139621
345140985
345158079
345176774
345189563
345230863
345239301
345264046
345269324
345292162
345297657
345311871
345335579
345339648
345346364
345361902
345366556
345366914
345367985
345382665
345406260
345410689
345414570
345428865
345453896
345469160
345470462
345473120
345473178
345477124
345493479
345520773
345521073
345539654
345548568
345549661
345549788
345556705
345562760
345564875
345583654
345597157
345600874
345601652
345622326
345633718
345648301
345656095
345677223
345682921
345686326
345694789
345698420
345709593
345721244
345724327
345758214
345769625
345773874
345801009
345807347
345819611
345823194
345825121
345837582
345841462
345851209
345855564
345864582
345866211
345907272
345908053
345919271
345947820
345949760
345968968
345998324
346014226
346025708
346045031
346049571
346063758
346071532
346078363
346082914
346092015
346101019
346144025
346148804
346153136
346159736
346172019
346180874
346191554
346209513
346211709
346216652
346229128
346231943
346249445
346250139
346265701
346272134
346275649
346282520
346282723
346283112
346289796
346306499
346325749
346339294
346351448
346361878
346372545
346377789
346398669
346416827
346418072
346421419
346453790
346469011
346484703
346488976
346490919
346503054
346507339
346531304
346533437
346544219
346548108
346557817
346580695
346598819
346599613
346613753
346630962
346636856
346647036
346647066
346650529
346666057
346680615
346698379
346709325
346744112
346745779
346749980
346750017
346759836
346764643
346774615
346816627
346823806
346824351
346834149
346850298
346886154
346895949
346899113
346899186
346899733
346911021
346927762
346934245
346937135
346941185
346942151
346953434
346958411
346959965
346970808
346976624
347023583
347027947
347040274
347051739
347053574
347062118
347062656
347088078
347090276
347101278
347112841
347114696
347139160
347145231
347148289
347165081
347179600
347186827
347187222
347203636
347212694
347228873
347249617
347258681
347274479
347277676
347282375
347296421
347313691
347334842
347347876
347356118
347356293
347366093
347395990
347397352
347407517
347429948
347431347
347445247
347446064
347457495
347482821
347486619
347512454
347531132
347540472
347552876
347553600
347554310
347555690
347559380
347564955
347566816
347570843
347589577
347603876
347624548
347646647
347662942
347704579
347713631
347721616
347728362
347756693
347757011
347762192
347765131
347767734
347779365
347783633
347785518
347785839
347788158
347804708
347811191
347816472
347845390
347851243
347861604
347879460
347882018
347890236
347899035
347918063
347926812
347933854
347940756
347960976
347970887
347997963
348005939
348019147
348032566
348057932
348068245
348068428
348101691
348105375
348117948
348122705
348123386
348127239
348149794
348150931
348159365
348166213
348173433
348178588
348196565
348197199
348210970
348227653
348229365
348231712
348239898
348257235
348263196
348284502
348286117
348293955
348301729
348307878
348313518
348330247
348346701
348366844
348413295
348435193
348443359
348457273
348478827
348538968
348547349
348550673
348578250
348583699
348598828
348605261
348612872
348612911
348623451
348630736
348633161
348634795
348646828
348647561
348661051
348704683
348709543
348717143
348721057
348753428
348754442
348832805
348872736
348877555
348911962
348945196
348946115
348947122
348952936
348957018
348964263
348968881
348991220
348996706
349022504
349023921
349026193
349037858
349042674
349045605
349055244
349062239
349071147
349092974
349111554
349140437
349141813
349145103
349176495
349179423
349179481
349186510
349193349
349198306
349231885
349237080
349243591
349246802
349250412
349267434
349276990
349317657
349335349
349339019
349339376
349359848
349360589
349370124
349382394
349397651
349400473
349409756
349420859
349421273
349428874
349434326
349444007
349444938
349456485
349474281
349480771
349482566
349485939
349492558
349497558
349504035
349516875
349520925
349522366
349527137
349531354
349537477
349552575
349554795
349571466
349578302
349582131
349588095
349597090
349604148
349624250
349624757
349644248
349648640
349649137
349657144
349687660
349688975
349706790
349741202
349746155
349749592
349766825
349786600
349806433
349819306
349825062
349831552
349839149
349863407
349871208
349873241
349875545
349878928
349908411
349914604
349920282
349923776
349933465
349948874
349949532
349954890
349958223
349960586
349966216
350005638
350006276
350010409
350039276
350042651
350053114
350062584
350070015
350077745
350083814
350121242
350126026
350146531
350157141
350199832
350210135
350212059
350227450
350251936
350265814
350268464
350280101
350284229
350285419
350286063
350357110
350360930
350362431
350367107
350369801
350384593
350431340
350432837
350436833
350442963
350450098
350456056
350457553
350466126
350469878
350473235
350476269
350478152
350487133
350487248
350501195
350504914
350505693
350543653
350543822
350545690
350551069
350571003
350582503
350586588
350595040
350598639
350608909
350613247
350613626
350614465
350628348
350631819
350638327
350640959
350642183
350650018
350665784
350674794
350675083
350678884
350689765
350729026
350733926
350743937
350755293
350758404
350761278
350782991
350801882
350803142
350814120
350828851
350862451
350864730
350878424
350903408
350950252
350974899
350977243
350977466
350996240
351010590
351015578
351035466
351069566
351083970
351127088
351130730
351147209
351156196
351166008
351168020
351215759
351221302
351234173
351235702
351244050
351247087
351249406
351250709
351254350
351260650
351267805
351287063
351324879
351349401
351350094
351353048
351356464
351365981
351379938
351387841
351406502
351412258
351412684
351414879
351422920
351438295
351445533
351459256
351461994
351464885
351473307
351477494
351477618
351486620
351504336
351508420
351529476
351538344
351540120
351548437
351549722
351560713
351568310
351572454
351579392
351591620
351598385
351612302
351612764
351624453
351645830
351654967
351658207
351664143
351670557
351728345
351733686
351753762
351756523
351761471
351770094
351776847
351785560
351786978
351803390
351809814
351825405
351833092
351834194
351851225
351853394
351878005
351879417
351893838
351912178
351917726
351919174
351933651
351933745
351938759
351946729
351963801
351977886
351990387
352020899
352035545
352038671
352043210
352050046
352050082
352107011
352115119
352125609
352134882
352152710
352161258
352194150
352195284
352206478
352235486
352242554
352244038
352246291
352249100
352254134
352266026
352268175
352303973
352309673
352311870
352322851
352340302
352346010
352353349
352358898
352360863
352374045
352383986
352389490
352404620
352414973
352424589
352429721
352431034
352440476
352441866
352458305
352479105
352480349
352489037
352506234
352508272
352528758
352532613
352540011
352548153
352550927
352565837
352603487
352604705
352605232
352606517
352620649
352637797
352650733
352698693
352702979
352717152
352722256
352731157
352734375
352751115
352758519
352766095
352773643
352776936
352777623
352810350
352819226
352828281
352829864
352833605
352836955
352838025
352842858
352846145
352854976
352873009
352875870
352878015
352897277
352901187
352906114
352911452
352933925
352997630
353014890
353047961
353052739
353111072
353113144
353150496
353160661
353161194
353163797
353165173
353190537
353238088
353240941
353244343
353246333
353253260
353269925
353271699
353278545
353280204
353288041
353288125
353295112
353301216
353324982
353329294
353342288
353379847
353382059
353402353
353404463
353416781
353423317
353428610
353434969
353438422
353440294
353465667
353467967
353476140
353482616
353490265
353502450
353511513
353526123
353528754
353535453
353537290
353537814
353542294
353546966
353547154
353554555
353582257
353612052
353617370
353624196
353644156
353658822
353673299
353693174
353697171
353697339
353699763
353701156
353712516
353718515
353719413
353738202
353746294
353749820
353759564
353788721
353801603
353803818
353818192
353840013
353843295
353844359
353863020
353872473
353888188
353892804
353906173
353908460
353916020
353916649
353920273
353924866
353944744
353960065
353961390
353969133
353974448
353996948
353997807
354023408
354052160
354060019
354065633
354068959
354073355
354074809
354087567
354102056
354103649
354106236
354109962
354110522
354115072
354159256
354168576
354179189
354183705
354186709
354191606
354194544
354201514
354236975
354275037
354276923
354287246
354288161
354293496
354301637
354305807
354322830
354337721
354372383
354385153
354393171
354418917
354434455
354436570
354459792
354485682
354539057
354559243
354565154
354566621
354575755
354582173
354594526
354595249
354596799
354598754
354609419
354617655
354633298
354666668
354666911
354676058
354680536
354687758
354690309
354711437
354719962
354722171
354733863
354750349
354755244
354774132
354774772
354783510
354786761
354797448
354805440
354809490
354824497
354830353
354839755
354864749
354883957
354892683
354896026
354908795
354920406
354920886
354928927
354948860
354953055
354954140
354963456
354966962
354974623
354982734
354988075
354997226
355015071
355049850
355053192
355056370
355064469
355067044
355075927
355089852
355113529
355116682
355118142
355140657
355152409
355159769
355163008
355167094
355175279
355186667
355203002
355213359
355239501
355247123
355251289
355272063
355273305
355279579
355295660
355304345
355306219
355307534
355315447
355328124
355362437
355387954
355394237
355401211
355408489
355430599
355450843
355471210
355488996
355494672
355495492
355518395
355524385
355539037
355548301
355561727
355568954
355577359
355584476
355585236
355596197
355597041
355613822
355641967
355651721
355654052
355656870
355665207
355665382
355666796
355670768
355672991
355675367
355675512
355678883
355688512
355694178
355708581
355710884
355711451
355711863
355721975
355726653
355727728
355746054
355770450
355773104
355791113
355791139
355792833
355804295
355812307
355813196
355813709
355823860
355831066
355836293
355874453
355899562
355913051
355935462
355969583
355970063
355974934
355975415
355991991
355994158
356004572
356010821
356024819
356071140
356072896
356099933
356101546
356101679
356110512
356121498
356135929
356135989
356139351
356155542
356168161
356180740
356193032
356207902
356251054
356255280
356264364
356265936
356270226
356270988
356271889
356279169
356286484
356290898
356306203
356310999
356316581
356332446
356335094
356340878
356343780
356360750
356361364
356366269
356371607
356385602
356386102
356392859
356402051
356409262
356441637
356441782
356446375
356446757
356448754
356465327
356466360
356470772
356482439
356484938
356514241
356514248
356517195
356523580
356540480
356545185
356562938
356582952
356607553
356612920
356613421
356670599
356709092
356709417
356741396
356743043
356756825
356757381
356759974
356766481
356783208
356808713
356811531
356830611
356839594
356846885
356847959
356855582
356868654
356883073
356900466
356906615
356911885
356912590
356932450
356939299
356950950
356956221
356963087
356965841
356966571
356993078
357003845
357018108
357030072
357036254
357040960
357045712
357074646
357077537
357085238
357100474
357107161
357113512
357116027
357117966
357146492
357154900
357156839
357157402
357159768
357187166
357195154
357209160
357211917
357214280
357228440
357239256
357269693
357283340
357296210
357298688
357319828
357341864
357343397
357346141
357348993
357362123
357368046
357371203
357393082
357407766
357410778
357424168
357427479
357429266
357432248
357433751
357443378
357446677
357453169
357484476
357493798
357512601
357525887
357526334
357531209
357534276
357537740
357544228
357547170
357559699
357578434
357603968
357642368
357654344
357679608
357694869
357698765
357701740
357705842
357712461
357717992
357718463
357722835
357757132
357787422
357792678
357802633
357804654
357812258
357821755
357826836
357863498
357882893
357884492
357894511
357915107
357917140
357918043
357940451
357942830
357956101
357966926
358008253
358014845
358019618
358021764
358022646
358042558
358043965
358060790
358073380
358092629
358126822
358130374
358143063
358143876
358159667
358161523
358170381
358185794
358193235
358207925
358224251
358244971
358263006
358269101
358272334
358275607
358279087
358286652
358290594
358322290
358334247
358343300
358347470
358347755
358394538
358399434
358420801
358444679
358451674
358456958
358459337
358475995
358476968
358478227
358488794
358493087
358514533
358514869
358533699
358545737
358554664
358586085
358588535
358592236
358597182
358603183
358613180
358659587
358671542
358679857
358686863
358702652
358711991
358738992
358746236
358766565
358775083
358777019
358778756
358784345
358816654
358835059
358839448
358852729
358860343
358896302
358907666
358948199
358967284
358999837
359001842
359004999
359011748
359034244
359070317
359079735
359088024
359096641
359099320
359101696
359107212
359111560
359112859
359133678
359137302
359150912
359156319
359163766
359184856
359210720
359231768
359232600
359240430
359247338
359254047
359255182
359267684
359272946
359282949
359321179
359324659
359331771
359337601
359348022
359354002
359356402
359368876
359395991
359399370
359413452
359431230
359435405
359438707
359445486
359446034
359468084
359521393
359523308
359530964
359553771
359575191
359581100
359594040
359616190
359619171
359623637
359628283
359629513
359648530
359652802
359655706
359658834
359666702
359667057
359673461
359674062
359685502
359692266
359703897
359735475
359748244
359758398
359773379
359794238
359843227
359855587
359857793
359862619
359876835
359885837
359892557
359894966
359916171
359919839
359923023
359949327
359995271
359998780
360000725
360021016
360045349
360053793
360071525
360073340
360090335
360111609
360119727
360121393
360123096
360134078
360135962
360145950
360154863
360166374
360168387
360230478
360246366
360247989
360257919
360264282
360321376
360342290
360346323
360363831
360380023
360380033
360387851
360422723
360424565
360425656
360452767
360456115
360461666
360462324
360469080
360477337
360480431
360486322
360490200
360545385
360550527
360567497
360568980
360589985
360594861
360606261
360626998
360630116
360642192
360643298
360647157
360651173
360682416
360696439
360712924
360723922
360724877
360732349
360751217
360759325
360767652
360767727
360771013
360772825
360773597
360783864
360787247
360794754
360796225
360799124
360801110
360802900
360806501
360816922
360817956
360831984
360837157
360844231
360858437
360861592
360875945
360893137
360909909
360914870
360928006
360935256
360936160
360939971
360942495
360950759
360974041
360974776
360977197
360986336
360998509
361002832
361028226
361048249
361055860
361057974
361064218
361065357
361073571
361125906
361143879
361167138
361179286
361183800
361234180
361274505
361276641
361297084
361299024
361323100
361329168
361349471
361360489
361364766
361412266
361437374
361441155
361451169
361473108
361489287
361494515
361499628
361501771
361528259
361532610
361535978
361576384
361587025
361600035
361620824
361641019
361641110
361644786
361647285
361662967
361668629
361671031
361674048
361700352
361704043
361704331
361714684
361718581
361735770
361737266
361738387
361766097
361770624
361774292
361775071
361779606
361789075
361802778
361819361
361820871
361829535
361831553
361836141
361844722
361862453
361863385
361874863
361874879
361887487
361894846
361896471
361909023
361918914
361930008
361931571
361936219
361955190
361968002
361984678
361988210
362013969
362016429
362018784
362027607
362072169
362072412
362073915
362078942
362082361
362090559
362090644
362097526
362107150
362107431
362109660
362114422
362142762
362172547
362176124
362177298
362184373
362189568
362190179
362193813
362221438
362225116
362232448
362237785
362256373
362286830
362290810
362294992
362319269
362322730
362330465
362331477
362346251
362347694
362371748
362383887
362384939
362393015
362393605
362393946
362441319
362445138
362451664
362457479
362460401
362470930
362488818
362494754
362506462
362525394
362543211
362547486
362559901
362575958
362580056
362584915
362589325
362607050
362608278
362611999
362615936
362616310
362620951
362622537
362635921
362637465
362642647
362643676
362657807
362692563
362715566
362724255
362767037
362782146
362802542
362816195
362821005
362858128
362859938
362862154
362880145
362891459
362912878
362915845
362988800
362991289
363001097
363013276
363019461
363030264
363047919
363056727
363068272
363072384
363073207
363083274
363087035
363092437
363117328
363122382
363160649
363162416
363170948
363191910
363211200
363215128
363276498
363281905
363294074
363305936
363314979
363316031
363318237
363326099
363355344
363380356
363390680
363407807
363409018
363410225
363420792
363425252
363426542
363427585
363446521
363453930
363455160
363456413
363490687
363515827
363531537
363551549
363553052
363556870
363563885
363576986
363582346
363595459
363597709
363599994
363607708
363610474
363616510
363620274
363622759
363641835
363647213
363651010
363659653
363663525
363688941
363712163
363714772
363723765
363725609
363726434
363735365
363747666
363760565
363763823
363768376
363778758
363792426
363798175
363832374
363843236
363847130
363847849
363850194
363855510
363858204
363860667
363867089
363895068
363896488
363896829
363918407
363919803
363924647
363925540
363929445
363930973
363944606
363950382
363970516
363981699
363984073
363985208
363987019
364019330
364026653
364052941
364054617
364054728
364059866
364076359
364078036
364089464
364121255
364141919
364142636
364144809
364165661
364170976
364177342
364198550
364212439
364215749
364248057
364264434
364290944
364292273
364292420
364306081
364336841
364340791
364348688
364350535
364357507
364358506
364359775
364365883
364376563
364377644
364383969
364386653
364387528
364388124
364391928
364399415
364400538
364426893
364429293
364429683
364440866
364460135
364461645
364464952
364491725
364495605
364495943
364501378
364509202
364525578
364533573
364546014
364572522
364587506
364604813
364607804
364608608
364610338
364612184
364639539
364653591
364669122
364679490
364683774
364702363
364745225
364768550
364784941
364792477
364794454
364804708
364810234
364812222
364817699
364825630
364832794
364843963
364848416
364860191
364863881
364865152
364866099
364871612
364872789
364901306
364916189
364919320
364935591
364965714
364969647
364981386
364987351
364987655
364992519
364994879
365001456
365007798
365012822
365016355
365034895
365035277
365063947
365064559
365065301
365066488
365096736
365109938
365116216
365116474
365130908
365132825
365170065
365177494
365194491
365196493
365198157
365200062
365200796
365227272
365242339
365266754
365275121
365289465
365296969
365307018
365318628
365324497
365332014
365334144
365339763
365342805
365344183
365365996
365378594
365379055
365381676
365383881
365387917
365406625
365415960
365420678
365426909
365430680
365430926
365464682
365515721
365521338
365563907
365569307
365577927
365586247
365592353
365607748
365628362
365641951
365650836
365652771
365652898
365678636
365694602
365702278
365715284
365722132
365730558
365733861
365735145
365742896
365759809
365761616
365762458
365763314
365771350
365772205
365780505
365786239
365807101
365814780
365826831
365829444
365837121
365845593
365852801
365872628
365894262
365903236
365918343
365923386
365924789
365937308
365961922
365971410
365986259
365987187
365991701
366016129
366024759
366052134
366054356
366059543
366060862
366064230
366082540
366087576
366117888
366130901
366136179
366136426
366139034
366160199
366160719
366177602
366179769
366186994
366195197
366197461
366198468
366219708
366226894
366227041
366232184
366278983
366286744
366292015
366296446
366299063
366313977
366356403
366367557
366372727
366374022
366379526
366397903
366399619
366400078
366400425
366408112
366419883
366428034
366441688
366444862
366470805
366473340
366477460
366508593
366515016
366522069
366532342
366559581
366567878
366583416
366586191
366617023
366634002
366636706
366648777
366673498
366683079
366686323
366686810
366689458
366691328
366700024
366709409
366726424
366736087
366751106
366763419
366763997
366774999
366783947
366786939
366842191
366853380
366854565
366860830
366867747
366873479
366882615
366901688
366910498
366934196
366939139
366942250
366950815
366986035
367032464
367035254
367045154
367059488
367065111
367065478
367074625
367089999
367094831
367096372
367099749
367099875
367109196
367115183
367122037
367132113
367148706
367160064
367160712
367162903
367165638
367166515
367168390
367171264
367174817
367178475
367182287
367184333
367202657
367207790
367214240
367216539
367223951
367240858
367252485
367255840
367262585
367272562
367279164
367290016
367293064
367331828
367332109
367334066
367349649
367352123
367358802
367376724
367380661
367386760
367388429
367397287
367397419
367400468
367408703
367455813
367460426
367464186
367499081
367507642
367522419
367522813
367584522
367590973
367591305
367594272
367595125
367602490
367604734
367606890
367610050
367627690
367643232
367659940
367686657
367689411
367691980
367728660
367740246
367798085
367802781
367804624
367811412
367841762
367842341
367844125
367844861
367847758
367848869
367878700
367880829
367902813
367926783
367927384
367928351
367948275
367948559
367948999
367952981
367961666
367990124
368034434
368040194
368042248
368057907
368062485
368069881
368088088
368088336
368127592
368135401
368137320
368144840
368145284
368151716
368164194
368170296
368174544
368215441
368222899
368236487
368273262
368287541
368297345
368302367
368304417
368311693
368329042
368356357
368363485
368371543
368392577
368406348
368410860
368417283
368427228
368447286
368451376
368455233
368462769
368470078
368484279
368485694
368498910
368500321
368505999
368521556
368527398
368564375
368567059
368599340
368616403
368639501
368648318
368665296
368671654
368702272
368705941
368711606
368731879
368741951
368755472
368787325
368801349
368815864
368821695
368829426
368832057
368832336
368836895
368873141
368882993
368888226
368892007
368892179
368903808
368926999
368932081
368977553
368981690
369008071
369031143
369040407
369041973
369045219
369067551
369081443
369082852
369107873
369113842
369135308
369163687
369164938
369165117
369173151
369189298
369196832
369209113
369217525
369218368
369243929
369250133
369299475
369309652
369313168
369314246
369334068
369334766
369335618
369355920
369358609
369367281
369385323
369393988
369402076
369408360
369412784
369439216
369441201
369443967
369452287
369478909
369479428
369486340
369501937
369515453
369526648
369543213
369547529
369575570
369618184
369628602
369629482
369630930
369675628
369676736
369679287
369687119
369688821
369690157
369698778
369721460
369729295
369753189
369768532
369768721
369784278
369786976
369832325
369835537
369840866
369845211
369846434
369859820
369863946
369869068
369877858
369888037
369894348
369895658
369903362
369909252
369918369
369929356
369938363
369938989
369956894
369962987
369967715
369968009
369968065
369972047
369976062
369981086
369983197
369988318
369994098
370011978
370030559
370077333
370078016
370084107
370105089
370127811
370129959
370156955
370164965
370169995
370184751
370184852
370185158
370225353
370225927
370228602
370235624
370242188
370255869
370262813
370288910
370295195
370325025
370328928
370330592
370343653
370356520
370407315
370411413
370416761
370417500
370420416
370432324
370433885
370443297
370443353
370445504
370448044
370454579
370458818
370464804
370465944
370483115
370513696
370515321
370525332
370567974
370569095
370575785
370593029
370600958
370609211
370612214
370617106
370647293
370660592
370663278
370677008
370699918
370701973
370707314
370725618
370731811
370732657
370740782
370743485
370759481
370772627
370775081
370798929
370807513
370812009
370815917
370822091
370823876
370824745
370830802
370835712
370837009
370846163
370864624
370868689
370882689
370890961
370894166
370895927
370928015
370934930
370945828
370968119
370989525
371024550
371040490
371050708
371058765
371074306
371077642
371081747
371088879
371091209
371113914
371116325
371122874
371126708
371131220
371152420
371157004
371171672
371186504
371227037
371234439
371241506
371261548
371281356
371295327
371306236
371306677
371317012
371326821
371363970
371386046
371389000
371396775
371414925
371415081
371420768
371431362
371432683
371436414
371437092
371443363
371449115
371463143
371472032
371508622
371513901
371525146
371529158
371530798
371544189
371557298
371562587
371569220
371577891
371587170
371604947
371608802
371635694
371637126
371639452
371644292
371652281
371656271
371664531
371666842
371691157
371702660
371733656
371779814
371780622
371785389
371786870
371786891
371790395
371819955
371830439
371830446
371834937
371839545
371842969
371858065
371858988
371859411
371902498
371924730
371927096
371928390
371934218
371945280
371949427
371957049
371976840
371979630
372009958
372014238
372027463
372035082
372038513
372043488
372059700
372062475
372063291
372071599
372071624
372080520
372082853
372110838
372112800
372119985
372121256
372154307
372155898
372170373
372183727
372184797
372225497
372229512
372234485
372250933
372258630
372266420
372288901
372294877
372305657
372306125
372311969
372341326
372350236
372391867
372410264
372413351
372414700
372423501
372426498
372432221
372442009
372447263
372450697
372455925
372475114
372477317
372492557
372516323
372517004
372548087
372568881
372576015
372580699
372609088
372614939
372628169
372633569
372647341
372655575
372688261
372705959
372709565
372717274
372718714
372734963
372736456
372745958
372747747
372757936
372758750
372777140
372780466
372785177
372792140
372819279
372871611
372893722
372905367
372934796
372940382
372967751
372969311
372998936
373011968
373014354
373022144
373029168
373062839
373117280
373117565
373130301
373133205
373140536
373151467
373168791
373176993
373182331
373205927
373207058
373218261
373222118
373256778
373264027
373274767
373299736
373305796
373311380
373315571
373321383
373325176
373351730
373354838
373377671
373384955
373387178
373406781
373407734
373442408
373446613
373455421
373491685
373500608
373517250
373521173
373523579
373554055
373556032
373556921
373563349
373580437
373592983
373608089
373614955
373634458
373634546
373670483
373686280
373689462
373715749
373720109
373732504
373740677
373746837
373748017
373768571
373775843
373781218
373784885
373790298
373794758
373796658
373827405
373829850
373841616
373854078
373856134
373892612
373898025
373910431
373928837
373936764
373939091
373957177
373966635
373975064
373975290
373981151
373984425
373991225
373992634
374012732
374029416
374047316
374051989
374073665
374076213
374079133
374080009
374085020
374090572
374091509
374119425
374148662
374200791
374236847
374249763
374269682
374272226
374287661
374294023
374294369
374308068
374345301
374347207
374352304
374370506
374384477
374387926
374390117
374390911
374470134
374518393
374527928
374536813
374543168
374555890
374593326
374605583
374609697
374610686
374642307
374643106
374653896
374657734
374672208
374682748
374695643
374704970
374710035
374712840
374714895
374720043
374731790
374739484
374767466
374768021
374770083
374771937
374772587
374797983
374821210
374829534
374856605
374863723
374877221
374880797
374888132
374893657
374909242
374910392
374955156
374965729
374982629
374986853
374988685
374994897
375013573
375033708
375062753
375067194
375067533
375088951
375093100
375117583
375118474
375136029
375142470
375143950
375147100
375149908
375184417
375195616
375212205
375215608
375229280
375231227
375262704
375279182
375283464
375287297
375288872
375290282
375292547
375316715
375321645
375331244
375339706
375340464
375345776
375362838
375366666
375370585
375373387
375382109
375384954
375395365
375409081
375428330
375430506
375430656
375438905
375439183
375453075
375453223
375470460
375472123
375476056
375479223
375486772
375499922
375521591
375527411
375532463
375536777
375541721
375551844
375564623
375583316
375586041
375603704
375619271
375632658
375634153
375645645
375648825
375658500
375673492
375677429
375702375
375710847
375722196
375722686
375729190
375734343
375752698
375755195
375778234
375792008
375806270
375812194
375818018
375825150
375833349
375837379
375853209
375854924
375857353
375866384
375870314
375872090
375881536
375908585
375911307
375911630
375915145
375919294
375923218
375928033
375986336
375987425
375993123
376006288
376010424
376022567
376028604
376034729
376052077
376074055
376102556
376114449
376125602
376128331
376129545
376143012
376149098
376156090
376171794
376174761
376192525
376208708
376226351
376228531
376246343
376248759
376249623
376255640
376272421
376285306
376295586
376333231
376334060
376369770
376375336
376399352
376406317
376434762
376459438
376459804
376463781
376486647
376502627
376511457
376518795
376523356
376538558
376539052
376543514
376548519
376572930
376574673
376601708
376607979
376610819
376643406
376647923
376674597
376678508
376704519
376716883
376731555
376740891
376765735
376774484
376784039
376786886
376802891
376803385
376813720
376824339
376825365
376825411
376825871
376849977
376862079
376873507
376876607
376878175
376881258
376888558
376890804
376890990
376894336
376903165
376907218
376918708
376934053
376952944
376969161
376980585
376984101
377000199
377000365
377033284
377041800
377043589
377066772
377074493
377091982
377110208
377111626
377112673
377121226
377169007
377170148
377191008
377200368
377219143
377220841
377229918
377255518
377275194
377278922
377314917
377316502
377325119
377338251
377344005
377350033
377372013
377401537
377404989
377411255
377418855
377427230
377432005
377455779
377464345
377485490
377529825
377531759
377535522
377543443
377544190
377574873
377580222
377589409
377593501
377596880
377604617
377616955
377628019
377637534
377642676
377643022
377673043
377686407
377694411
377694723
377710195
377715945
377716302
377737828
377762661
377765623
377771634
377781980
377793763
377804921
377809510
377817890
377824644
377849010
377862433
377865593
377872933
377891649
377897897
377903062
377913719
377924985
377970250
377986071
377989186
377993983
378004844
378007800
378015755
378018225
378028832
378035799
378042563
378043545
378051894
378058546
378059176
378059545
378085203
378105324
378157865
378160445
378164397
378178537
378183228
378191648
378212342
378222646
378222668
378233050
378233790
378254974
378262465
378286686
378287953
378316473
378318671
378322211
378340354
378344022
378348600
378358138
378370401
378386342
378397782
378400378
378420236
378426168
378430973
378443329
378478759
378484950
378488392
378488704
378489224
378497091
378531585
378540937
378549091
378569103
378579834
378585959
378589537
378592569
378626992
378642511
378645186
378651929
378661778
378665088
378670244
378721204
378739926
378749011
378756224
378757409
378760980
378761868
378776843
378777942
378778482
378796834
378805104
378834311
378847046
378886832
378934638
378941204
378943769
378955532
378957732
378968656
378973698
378983225
378989063
378989122
378992595
379005811
379027341
379071191
379078842
379100425
379107949
379107960
379109035
379116793
379135452
379141909
379144779
379150746
379164784
379168280
379174295
379181118
379190973
379213303
379213812
379216978
379234849
379251066
379280830
379282861
379288304
379289434
379293519
379301147
379322144
379327925
379336425
379344536
379355402
379361828
379364097
379364977
379396176
379400215
379402268
379403904
379409735
379418607
379418881
379429910
379430216
379446098
379453044
379490833
379498879
379516517
379541929
379542977
379559446
379577335
379580309
379586389
379632922
379635108
379656630
379682573
379690661
379694956
379709496
379711405
379712198
379735452
379749905
379750049
379761936
379796620
379829163
379833591
379836406
379843018
379847141
379853974
379855901
379889885
379890303
379895669
379911258
379914035
379925782
379929683
379934808
379935894
379971182
379975677
379976013
379982830
379988207
379995985
380013198
380025034
380039251
380043413
380057754
380074123
380083389
380090875
380094132
380100397
380125296
380132394
380149686
380177660
380178354
380180121
380202298
380206325
380217763
380218788
380218828
380228459
380234168
380237975
380264421
380274721
380292577
380304905
380309336
380316458
380332350
380382688
380385167
380396663
380427216
380434308
380435956
380447085
380471804
380480343
380495601
380501437
380509032
380510714
380532147
380541192
380542547
380543460
380544148
380566893
380574061
380590046
380598111
380598315
380601054
380611980
380630799
380632289
380641576
380668223
380669170
380696186
380713656
380718987
380764908
380767391
380768083
380782792
380795554
380811982
380818759
380842988
380868972
380881526
380881847
380898191
380899859
380909445
380914903
380917278
380925486
380935295
380941585
380966953
380982219
380994004
380994454
380996525
381000029
381014290
381028101
381045115
381048884
381050761
381055166
381056515
381058043
381067627
381084969
381087050
381101303
381102915
381103853
381112405
381112500
381133403
381136726
381138733
381144240
381176879
381199652
381208028
381215087
381222606
381255008
381259063
381274304
381280724
381288720
381295146
381309225
381311715
381313200
381325366
381343967
381352873
381367559
381371374
381372165
381374358
381406225
381415271
381439274
381440805
381449109
381452795
381484100
381493435
381494635
381511613
381520919
381522926
381529153
381536856
381552706
381556694
381583665
381583764
381594869
381617916
381639644
381662066
381665992
381670061
381672966
381682997
381688801
381732731
381736198
381749800
381751150
381766809
381773132
381787278
381790642
381790679
381793013
381826061
381837888
381838856
381841702
381870928
381872060
381880303
381883950
381886754
381893356
381894791
381905997
381909354
381910609
381917446
381921130
381924459
381947722
381958414
381975231
381975757
381976095
381988062
381992674
382009178
382029046
382057384
382063406
382072288
382079545
382092110
382102977
382110820
382113117
382116126
382118301
382123147
382134722
382139723
382141852
382148269
382159461
382175726
382178353
382197503
382200704
382217418
382235296
382235789
382240152
382240634
382243792
382244973
382248427
382270315
382307937
382324371
382372515
382386397
382391312
382399338
382401266
382401546
382405803
382406007
382417735
382430796
382431386
382435507
382452558
382465281
382478685
382483556
382490909
382504788
382516336
382525317
382529483
382544296
382545673
382547657
382558235
382560312
382564813
382569065
382586053
382604728
382633480
382675900
382679556
382680348
382683756
382697266
382711802
382714707
382720332
382724026
382750801
382751917
382756308
382770254
382771919
382775401
382780788
382781275
382791350
382791455
382817202
382829447
382835351
382847258
382850056
382851526
382864836
382875079
382888114
382896012
382906051
382913256
382916992
382929279
382969874
383006589
383006967
383011743
383015564
383026893
383039046
383041308
383052153
383054786
383088120
383132955
383199962
383208731
383222829
383229302
383229990
383231905
383259723
383307940
383315986
383321380
383322371
383347873
383359632
383421787
383436250
383442076
383445376
383459764
383465027
383467506
383474563
383486913
383497220
383499646
383500640
383505498
383516962
383531110
383532006
383547343
383548391
383570803
383592017
383595148
383595177
383595217
383600156
383612186
383620011
383630067
383642836
383645425
383676986
383680504
383683205
383689782
383700185
383714432
383721117
383726755
383744039
383752339
383788737
383791618
383829708
383845549
383846148
383847698
383893549
383916831
383929343
383939555
383948931
383956082
383956934
383966090
383996464
384004757
384010681
384034443
384039741
384051094
384051989
384053366
384055492
384061088
384062586
384066435
384066927
384071714
384079081
384079692
384086344
384097485
384111025
384114149
384122891
384133791
384140569
384148623
384159177
384167173
384179069
384189733
384192276
384192397
384195146
384201909
384220486
384229665
384241328
384248863
384251828
384270932
384306259
384317001
384317885
384326251
384341146
384361322
384363918
384365453
384367008
384368139
384373719
384385402
384421498
384432904
384441318
384444815
384453964
384485378
384499921
384514646
384531781
384541211
384541858
384554216
384578932
384582489
384583616
384592556
384596032
384612018
384612273
384619335
384639990
384645440
384645707
384668254
384671869
384679850
384691989
384716648
384726085
384730919
384734237
384739347
384742993
384743476
384750420
384752077
384755015
384769105
384770019
384785824
384789355
384806603
384855371
384860227
384862439
384890587
384891298
384901239
384936262
384946994
384949103
384950305
384961288
384965482
384989591
384992737
385000174
385000989
385046681
385061906
385085453
385090197
385091544
385100726
385107799
385151470
385164335
385236308
385269990
385271816
385271922
385274730
385278749
385283401
385297866
385297960
385310838
385312405
385316361
385323835
385330292
385334577
385343148
385347078
385353836
385356342
385392723
385408141
385411622
385413105
385417633
385438183
385438904
385449721
385467438
385512953
385530986
385547136
385554064
385556472
385557185
385570824
385572523
385597125
385631862
385643028
385652625
385665466
385665510
385674479
385685125
385687753
385692354
385693361
385702568
385733732
385739402
385752796
385761130
385765420
385766247
385771751
385795384
385799017
385802404
385806762
385817046
385835752
385844200
385845290
385871661
385872408
385872412
385880703
385893439
385895689
385903223
385912264
385932867
385941724
385941987
385944075
385952097
385984885
385996620
386017399
386020763
386025544
386030396
386034446
386042109
386048082
386048221
386074359
386099498
386127567
386132504
386140897
386142902
386151695
386163426
386198842
386210094
386210309
386217315
386217830
386227717
386230585
386236877
386270616
386287900
386290514
386306391
386326352
386339794
386343342
386390005
386397711
386398172
386412092
386426859
386438550
386440529
386442657
386452122
386455408
386462107
386481299
386489297
386493423
386498075
386506023
386525565
386534101
386534415
386537290
386541669
386595797
386620346
386651971
386667476
386678572
386690771
386703819
386736230
386736980
386741484
386744632
386759109
386772782
386778567
386815594
386824689
386824981
386825001
386828879
386846227
386846373
386861406
386861741
386862597
386864696
386868275
386869794
386903132
386907497
386933881
386942705
386943032
386944065
386947139
386958988
386966165
386981061
386987610
386999176
387004873
387025774
387091271
387092016
387094990
387123709
387125203
387125983
387130553
387131973
387137768
387172281
387182154
387212824
387218247
387234450
387244114
387251558
387262351
387270860
387275869
387281615
387285550
387290003
387315896
387324557
387330009
387344091
387346013
387349725
387366288
387368006
387376644
387421686
387452048
387453753
387472757
387485188
387491641
387494055
387507834
387512337
387518126
387528573
387528589
387554174
387571432
387571982
387582288
387594017
387598607
387600438
387606450
387614188
387615893
387617359
387651818
387677359
387694152
387696976
387706769
387748590
387750272
387771519
387783322
387786062
387796165
387797025
387822595
387823409
387824399
387852270
387880933
387882863
387894483
387918430
387920598
387971877
387977166
387978482
387991821
387994472
387996267
387997637
388001313
388012266
388024162
388032868
388046787
388057339
388057827
388060079
388093140
388110019
388135369
388189490
388196730
388199520
388201683
388215300
388243640
388246451
388254009
388257201
388259841
388264448
388271449
388277549
388282836
388289049
388294904
388312470
388319700
388336228
388360201
388370115
388370314
388372295
388390960
388391361
388393427
388417796
388431259
388468150
388483579
388487418
388507197
388523092
388525660
388535383
388551818
388565377
388578116
388580223
388580543
388598735
388620535
388626193
388646104
388648461
388671114
388671233
388673224
388686797
388720386
388729654
388751890
388754676
388771989
388787022
388809161
388821140
388821178
388836984
388848667
388852904
388854822
388893675
388955088
388959107
388961679
388991175
388992389
388994806
389004322
389004693
389020135
389036888
389042391
389071007
389071879
389090107
389110161
389118653
389121646
389129629
389132878
389135324
389140553
389145188
389145235
389161540
389181707
389188448
389190010
389194514
389197481
389225484
389234581
389248736
389264400
389265220
389281238
389311336
389315329
389320222
389320958
389323520
389329897
389340507
389350263
389362465
389373322
389391067
389412952
389412976
389418230
389419232
389421534
389426235
389426463
389433390
389438501
389443226
389448557
389461153
389478976
389479180
389487916
389494835
389495101
389515207
389530569
389534296
389545351
389546795
389552445
389554383
389568256
389574965
389574976
389577892
389581669
389611795
389620727
389622053
389632657
389647437
389653722
389662959
389672392
389692213
389701657
389707205
389709790
389716851
389733276
389741587
389762013
389763982
389766578
389828325
389839635
389861251
389869691
389874406
389886964
389887384
389913265
389921712
389926338
389926651
389927954
389950066
389950104
389957530
389991396
390008448
390016467
390026115
390037612
390038227
390050079
390056595
390065869
390069665
390069748
390076376
390078092
390093842
390106526
390111730
390115367
390118088
390122737
390143700
390145897
390149129
390149642
390164935
390173695
390173919
390175679
390177829
390191475
390208285
390215994
390261686
390264474
390265069
390277065
390280083
390280920
390301077
390306216
390320337
390342558
390368427
390397489
390413717
390414886
390423413
390430713
390436855
390444176
390446855
390448303
390490111
390501205
390507631
390518841
390527361
390528872
390532495
390537398
390537525
390540177
390573836
390581201
390595641
390604415
390607331
390655294
390655660
390680734
390684823
390690590
390694765
390698437
390720114
390727600
390730145
390751774
390752492
390767224
390777876
390785556
390808576
390827915
390829290
390836657
390838497
390840026
390861364
390869973
390885960
390912621
390927424
390929821
390932611
390944544
390956057
390966984
390978423
390978956
390996939
390997402
391012282
391026491
391039398
391048450
391057898
391060367
391079119
391080149
391080735
391094922
391097249
391109461
391121611
391146396
391161527
391168890
391168946
391173336
391179058
391215755
391216547
391225175
391238317
391242133
391247772
391271976
391279657
391280280
391293285
391293685
391302216
391313301
391315366
391318831
391321619
391355468
391357939
391377944
391379369
391383345
391384359
391401207
391413968
391422917
391442076
391442946
391449745
391451280
391451569
391464948
391490393
391502685
391514837
391519823
391521102
391554445
391575482
391600355
391615768
391625246
391653295
391658360
391677427
391702136
391710370
391710658
391727137
391744539
391749865
391764293
391776611
391800214
391817566
391847886
391866100
391873084
391881684
391902439
391933365
391937658
391959719
391997008
392001749
392025912
392026006
392031023
392041505
392082349
392089957
392095294
392100757
392127076
392130601
392134834
392147557
392147616
392154632
392156199
392169814
392189308
392238349
392248111
392260841
392264787
392266954
392278686
392282486
392302737
392312703
392335499
392342574
392353848
392365565
392380452
392400776
392405729
392416591
392417427
392426206
392447550
392457032
392462487
392466342
392501170
392533996
392555318
392591296
392597910
392601138
392602181
392604215
392607882
392608410
392623675
392629082
392637247
392641409
392653805
392678595
392682472
392687179
392696406
392746727
392749245
392763303
392767101
392767147
392777469
392778493
392784456
392790183
392798782
392807978
392817846
392823900
392847733
392854050
392881894
392882810
392889056
392911886
392945523
392966716
392970740
392981831
392982466
392986439
392992420
393010170
393021849
393043680
393058813
393068972
393072932
393075068
393083462
393083466
393098678
393115984
393118799
393127245
393127373
393160351
393163097
393164520
393166003
393169162
393171648
393189605
393228541
393244862
393245957
393246139
393258354
393258359
393269538
393290405
393293358
393296551
393306765
393315963
393319631
393325644
393335363
393349430
393354142
393372011
393373059
393400221
393419858
393442623
393448716
393454335
393466981
393477665
393489150
393493634
393510630
393532531
393572947
393579972
393587948
393606173
393619104
393627302
393651253
393659006
393668617
393672492
393688697
393696550
393705379
393709178
393716032
393734789
393747824
393754687
393766447
393766449
393773618
393811517
393823653
393894751
393921394
393921727
393941135
393958530
393975221
393976170
393993745
393995413
394006228
394011500
394032888
394036735
394043452
394044916
394053070
394066606
394093002
394099727
394109889
394124477
394138921
394145471
394159208
394161026
394184165
394201558
394203374
394232067
394240390
394268413
394268809
394287878
394309660
394315420
394329523
394352555
394371150
394397909
394401938
394416339
394427879
394435095
394442544
394466071
394468336
394471570
394476824
394482652
394487637
394489617
394492914
394509687
394548337
394552618
394554234
394561391
394583112
394586817
394592051
394598329
394622687
394622816
394627386
394674990
394680396
394686134
394687923
394690441
394691606
394699920
394705422
394705612
394727245
394737635
394756421
394757668
394772005
394792839
394803088
394807154
394808153
394842544
394847615
394847691
394849260
394865568
394878499
394881607
394882272
394892362
394898412
394905219
394915738
394917918
394920186
394930518
394940311
394944333
394989421
394995897
394996550
395020888
395051959
395061898
395063250
395068001
395070900
395072080
395104603
395105626
395111894
395116507
395121551
395134694
395149323
395158928
395161327
395177579
395178675
395202467
395221162
395228155
395240099
395245711
395250960
395257791
395273126
395281115
395291530
395295680
395299584
395301688
395309006
395312288
395313025
395320077
395334012
395383908
395389688
395392873
395394964
395397703
395407885
395408237
395423512
395425320
395443157
395443784
395443917
395446414
395474891
395476039
395479345
395484827
395500875
395512932
395521978
395528091
395538174
395544332
395548827
395586821
395593204
395599556
395627109
395649686
395664732
395672023
395678712
395685170
395692966
395694872
395696075
395716162
395725673
395736160
395741306
395758972
395765854
395782917
395795642
395798141
395807134
395811798
395826434
395833141
395844882
395860841
395861978
395877651
395880458
395883054
395898689
395899870
395955317
395972078
395983066
395992107
396010439
396011300
396022196
396078278
396094523
396113016
396119419
396120946
396125640
396139322
396145410
396158030
396180974
396192181
396217855
396223008
396240216
396250280
396271878
396272681
396280972
396288639
396290630
396295606
396297440
396313239
396323659
396331548
396337233
396344678
396344702
396349707
396372774
396374380
396402357
396407202
396428871
396429061
396445203
396458844
396489907
396490836
396529527
396530748
396534528
396535294
396535942
396554695
396562813
396586314
396611101
396624265
396635124
396650266
396658147
396665562
396696889
396698547
396706886
396715472
396722117
396724356
396761329
396780039
396796544
396837370
396839719
396866465
396876633
396877060
396879511
396882617
396883241
396899289
396903352
396911240
396912158
396916286
396935972
396968525
396980489
396995565
397000839
397023805
397030475
397030742
397032318
397037556
397041126
397046060
397053740
397075661
397078667
397094838
397107748
397118302
397124658
397143521
397145065
397169068
397180013
397192340
397194795
397204218
397208286
397211286
397212858
397228580
397238502
397242069
397255090
397257818
397260584
397265517
397287752
397292049
397303614
397310227
397313946
397335432
397350885
397368719
397379626
397379796
397389084
397390208
397397802
397424749
397432096
397433998
397453709
397455317
397457953
397461782
397464374
397474048
397475312
397479513
397498457
397499765
397514133
397519072
397537379
397541336
397546272
397564348
397591803
397611381
397634525
397639316
397655269
397662646
397669474
397675288
397697969
397705604
397722011
397728285
397729373
397730144
397733648
397740387
397747271
397757793
397810961
397862596
397881407
397887975
397891881
397924889
397937344
397948941
397955110
397960540
397994074
397996361
397997614
398000113
398009600
398010081
398023821
398039603
398048137
398055704
398086469
398096280
398098044
398105035
398106941
398128774
398133136
398138388
398140206
398149138
398150758
398154591
398155661
398156826
398160077
398161411
398166405
398179517
398205308
398209078
398227479
398239661
398271632
398280142
398283749
398285576
398290889
398300263
398304569
398319804
398323823
398353904
398366984
398384375
398401911
398406974
398427659
398449592
398462849
398465512
398479754
398482101
398484880
398490484
398503208
398504405
398541004
398548726
398550495
398554709
398562563
398570359
398577577
398585718
398593325
398595499
398598991
398603081
398610449
398621741
398635409
398638131
398647120
398703644
398709490
398727041
398754360
398763181
398778247
398783027
398792611
398796203
398796675
398798625
398846532
398858184
398866820
398867324
398889779
398910996
398913045
398923790
398923794
398938724
398938992
398948390
398962327
398970079
398981715
398983543
398987920
398998102
399013387
399058126
399077888
399082631
399091697
399092584
399094138
399104444
399122518
399126519
399133720
399139973
399141036
399173436
399174642
399182507
399211258
399231493
399232277
399233197
399241854
399245861
399255936
399266408
399288258
399318693
399331048
399337928
399364759
399366671
399373661
399397649
399406162
399407680
399422382
399437845
399442135
399453837
399463993
399466887
399474298
399480071
399482865
399488312
399512298
399525871
399529412
399540072
399541893
399546080
399552355
399556100
399557202
399563435
399573384
399578509
399583072
399589375
399612465
399632220
399648620
399657955
399674009
399679581
399686963
399693140
399695532
399695999
399721263
399747966
399748391
399758187
399766852
399771524
399778897
399783938
399791576
399799743
399804268
399806511
399806870
399835344
399839150
399859504
399879464
399889800
399894013
399903800
399935432
399941303
399958223
399963000
399982450
399987414
400009606
400016083
400020835
400040920
400045327
400048166
400063854
400069226
400072492
400080035
400082808
400083727
400084089
400098202
400120263
400124969
400132761
400132974
400144679
400174837
400174992
400181296
400197019
400197872
400202646
400213475
400244061
400266395
400301579
400324917
400328997
400337782
400344638
400352944
400353216
400353535
400364647
400365790
400369477
400374361
400375273
400384307
400388655
400428748
400431054
400433407
400442525
400452303
400461187
400482659
400504520
400505227
400528133
400535430
400541412
400549882
400559152
400566398
400582675
400593558
400599752
400606624
400615501
400643106
400662525
400669013
400672710
400706117
400713479
400728932
400732893
400734672
400743244
400744223
400748054
400753398
400765144
400778477
400779402
400800394
400805095
400852589
400881164
400885233
400888138
400924201
400936797
400941943
400945574
400957894
400962079
400965046
400978878
400992041
400996246
401002044
401004895
401011240
401013355
401027789
401042446
401050335
401066447
401079077
401079600
401118393
401119411
401120766
401121198
401125349
401184348
401194646
401197511
401229178
401234082
401237294
401250174
401255461
401281630
401370977
401386544
401389704
401404034
401408385
401416174
401420822
401428874
401437421
401440900
401443188
401448063
401453595
401455284
401464187
401472257
401475869
401506341
401506998
401507697
401508466
401514305
401516775
401524743
401548432
401559158
401610567
401615446
401638052
401644173
401648745
401675618
401677060
401677714
401680532
401684146
401688358
401750894
401772995
401792964
401802671
401817062
401818799
401831819
401832301
401859785
401865216
401873859
401877776
401885017
401892606
401894679
401894810
401896224
401899224
401914684
401924836
401930279
401931429
401939640
401944637
401946505
401950525
401963159
401985600
401990393
402006791
402014240
402023191
402036497
402037707
402081559
402081991
402084562
402085310
402090609
402125932
402163161
402164584
402165861
402177471
402198605
402200506
402227930
402236053
402247277
402263833
402268693
402286514
402295460
402297104
402299283
402316627
402323470
402330895
402345965
402348820
402356930
402362466
402364820
402399495
402403728
402411033
402415455
402427711
402436248
402444998
402468801
402493688
402493830
402514017
402523211
402527631
402536363
402542157
402543295
402567075
402571047
402572338
402601492
402614666
402639048
402654080
402656067
402668476
402684114
402699547
402704558
402729477
402738553
402763414
402771402
402785012
402785173
402789149
402803282
402808007
402812317
402815421
402830936
402833865
402834841
402853512
402855596
402861146
402872697
402896957
402918630
402921761
402941779
402944909
402946892
402967315
402997725
403002893
403009040
403022254
403038623
403061846
403062886
403064371
403072245
403076519
403098871
403106577
403108771
403119859
403140748
403141914
403144432
403150542
403166957
403167583
403212752
403217715
403257962
403259072
403266622
403269571
403287497
403288021
403298478
403300360
403329302
403331491
403331872
403338093
403339679
403352697
403367918
403385235
403390529
403402843
403406385
403418258
403439229
403444643
403466529
403468938
403497442
403518686
403522813
403524731
403535254
403535346
403538161
403558146
403561167
403580577
403585180
403599267
403617467
403619876
403628680
403631260
403632709
403644237
403647022
403650270
403661146
403675079
403678038
403691501
403705499
403726186
403740396
403742169
403745019
403752031
403762809
403763358
403766297
403770807
403776009
403786683
403801409
403812863
403814213
403818812
403826833
403836119
403837245
403850570
403854883
403857632
403867288
403875432
403884704
403890537
403894034
403902124
403940213
403949532
403955066
403965124
403974659
403987068
403987162
404008904
404029932
404048290
404073034
404073621
404083563
404096195
404115067
404119584
404127170
404129658
404154040
404166595
404189272
404200153
404208982
404230027
404244423
404249682
404256379
404263980
404280760
404283099
404312949
404338783
404340547
404349749
404357170
404360371
404368803
404432057
404437117
404446571
404461548
404468755
404477238
404487046
404490055
404520328
404536246
404542236
404552077
404558436
404575663
404583730
404592019
404592876
404602156
404603307
404607516
404611045
404617003
404637384
404640325
404669679
404686128
404699582
404726869
404738866
404746352
404751816
404776151
404778114
404789498
404797462
404799498
404806725
404807729
404814079
404817631
404824649
404827582
404838265
404851353
404854111
404881365
404884861
404888695
404892064
404894181
404920587
404927204
404931399
404949992
404966918
404973916
404988336
404994471
405001794
405014829
405095554
405108117
405136306
405151688
405161776
405171204
405181246
405191341
405194081
405198117
405214294
405232089
405232583
405234206
405234824
405242187
405247017
405250486
405287450
405289809
405301387
405302250
405320261
405320293
405330025
405394347
405401561
405417267
405428054
405430545
405432128
405453797
405460808
405466209
405467375
405470432
405479826
405487296
405498845
405509797
405524587
405530054
405541796
405547568
405551828
405552694
405574086
405590277
405597599
405608755
405609000
405623455
405625148
405644107
405651784
405665764
405701159
405702349
405720943
405738845
405760418
405761025
405776590
405783143
405785512
405792702
405801755
405814845
405817269
405819152
405821590
405823006
405843022
405843255
405846719
405861407
405867453
405881083
405885304
405902195
405930952
405939013
405971878
405999402
406049931
406068381
406110413
406111955
406117340
406125517
406125694
406127186
406145133
406145154
406151070
406152605
406164983
406168248
406172339
406176083
406188539
406216551
406222375
406225089
406239470
406249910
406251899
406263872
406264662
406266779
406267792
406288698
406300336
406312402
406327761
406336355
406342153
406369453
406372612
406400576
406422481
406423195
406425096
406431917
406436380
406439940
406441714
406446249
406458578
406461163
406469326
406473537
406486351
406501182
406502126
406503310
406505949
406520026
406527073
406527301
406531704
406548044
406552226
406560678
406570778
406605481
406607392
406618235
406618862
406640875
406650828
406658185
406666702
406676598
406682789
406687410
406706920
406710875
406732325
406739553
406750423
406755094
406759592
406770721
406800641
406813240
406837608
406846995
406858462
406860406
406865525
406873914
406880290
406881256
406910019
406933947
406935939
406938101
406987445
407008697
407015069
407050028
407087277
407116477
407127235
407143490
407147984
407157747
407181027
407187184
407197487
407199809
407207403
407207974
407227166
407233039
407247561
407247799
407261867
407266826
407272356
407272856
407272991
407313261
407318422
407319117
407333957
407345993
407350611
407365173
407367606
407368703
407383850
407389411
407392975
407402666
407415990
407430639
407440572
407467231
407498861
407499046
407520745
407531400
407541085
407548570
407571044
407571728
407572697
407579674
407581681
407597657
407600611
407624375
407625131
407636693
407644142
407666169
407676295
407687357
407709213
407718923
407728073
407742923
407765475
407801712
407801887
407812219
407835747
407836911
407844022
407854148
407855378
407860071
407867040
407868095
407871476
407881001
407881840
407892175
407893141
407914235
407917436
407941332
407942235
407977746
407982375
407989119
407990098
407994956
408001427
408029590
408031078
408064367
408065184
408067403
408080871
408100903
408106543
408121032
408136500
408159938
408160332
408198930
408233946
408235263
408247240
408253790
408275544
408280898
408310864
408314854
408323829
408330638
408331470
408352424
408358012
408362427
408391277
408401241
408411913
408416851
408418298
408429195
408436202
408455464
408476080
408486228
408491767
408502295
408503158
408513540
408518535
408549081
408565472
408578216
408590687
408592294
408593948
408594751
408640439
408652840
408670680
408682339
408692120
408698527
408711586
408727299
408730003
408731730
408736104
408745012
408775125
408777949
408780701
408793290
408795395
408823499
408835445
408847685
408847793
408851157
408860323
408863434
408873682
408874857
408897716
408916552
408920172
408954339
408962736
408968589
409003219
409015562
409027754
409067057
409079879
409089056
409090353
409090655
409100973
409103100
409107954
409114103
409145285
409147198
409150633
409171209
409173955
409183140
409193778
409207621
409243385
409274987
409276953
409281120
409289068
409289715
409293505
409295585
409303951
409318283
409324267
409331360
409341225
409353679
409364887
409388923
409396088
409399259
409406452
409419718
409429331
409444086
409458325
409468731
409476613
409495721
409495975
409508506
409518285
409535720
409535856
409541393
409541684
409542377
409567294
409593975
409594255
409600209
409600466
409641076
409698885
409699907
409711335
409717080
409738992
409778324
409781797
409783077
409783375
409800813
409812063
409827438
409836562
409839229
409842998
409849284
409857004
409882108
409892134
409895367
409908408
409951654
409965312
409966359
409998980
410001723
410014838
410015522
410022397
410027881
410028015
410071953
410083317
410089998
410091073
410092849
410093373
410103304
410107873
410109506
410135795
410139672
410141345
410154016
410164213
410183230
410183870
410220741
410228270
410242042
410246607
410254254
410267741
410272001
410273190
410275305
410298666
410336248
410338581
410350875
410353385
410359048
410361424
410371175
410372713
410408019
410437274
410444164
410444873
410450041
410471545
410471875
410483082
410483369
410484536
410505973
410522703
410530556
410531322
410532568
410542194
410553577
410554671
410580691
410600025
410600306
410634986
410635911
410637153
410644920
410673846
410680561
410703735
410710030
410713256
410719227
410741599
410743261
410750901
410785170
410819889
410827480
410829355
410839923
410906750
410907929
410924851
410931809
410936207
410936569
410948146
410950344
410954766
410958719
410972360
410976199
410977043
411006857
411029462
411038396
411049602
411051724
411060621
411068749
411070348
411076037
411084539
411088290
411092937
411103612
411109696
411118845
411126496
411133268
411160375
411170083
411170207
411207727
411216001
411230241
411230545
411234161
411247262
411260977
411312442
411314935
411357767
411381154
411386019
411390726
411404597
411410928
411412641
411433546
411449119
411467604
411468600
411468832
411471201
411490731
411493159
411516475
411542533
411546337
411553857
411562966
411564554
411572948
411585616
411600916
411617159
411626919
411710133
411751904
411774201
411784110
411787411
411800094
411801747
411805510
411814437
411818606
411819778
411873869
411885333
411917478
411933354
411944815
411947125
411960274
411961074
411978340
411985296
411987355
411991235
411992588
411993086
411998398
412000160
412005204
412019931
412024900
412028350
412029449
412036826
412045358
412057331
412060914
412070530
412073250
412073428
412093474
412112323
412119951
412120893
412124004
412134590
412140883
412148389
412152333
412161434
412163393
412167843
412175770
412178379
412198258
412217567
412223959
412240466
412241017
412252667
412264430
412277195
412296930
412304067
412323411
412331848
412355804
412358136
412364033
412376116
412388921
412391226
412411687
412411871
412425661
412434098
412440591
412451401
412454354
412454579
412459278
412460871
412473593
412479535
412480889
412486632
412508650
412513212
412534792
412536542
412560793
412583082
412598252
412616907
412653127
412656061
412664515
412674372
412679141
412689624
412712388
412718262
412720946
412722597
412725558
412747326
412766925
412786725
412794977
412820914
412826033
412831464
412832072
412851724
412853807
412856442
412881027
412882255
412884102
412889484
412889617
412900333
412912939
412916313
412924959
412926036
412949412
412956316
412961361
412970975
412979925
412991987
412992044
412998251
413006894
413011701
413015420
413034827
413049313
413059424
413086006
413092480
413095016
413115579
413121498
413129222
413138216
413149486
413158304
413161424
413165272
413165765
413179497
413184928
413190058
413195829
413259934
413291706
413295878
413297470
413301110
413315665
413316199
413322515
413333362
413353536
413358671
413361303
413368930
413371354
413375810
413383201
413384644
413393912
413408551
413409178
413411549
413433629
413436885
413472373
413490106
413494129
413500302
413502399
413508191
413514634
413516948
413517471
413531551
413534061
413536822
413564000
413569591
413579629
413595629
413597076
413620916
413634523
413639580
413647189
413668914
413677389
413677810
413686049
413688667
413692102
413693348
413695218
413698525
413714996
413716521
413719929
413737023
413756180
413787571
413802396
413806054
413816588
413819416
413824720
413843657
413854763
413859584
413876938
413878257
413897628
413920435
413943140
413948036
413954406
413956639
413970665
413974597
413977887
414003171
414006391
414022442
414044203
414057530
414094616
414105774
414106740
414125981
414149640
414161438
414172630
414183549
414204754
414209241
414211978
414215570
414220135
414222843
414224555
414233551
414247101
414249065
414253540
414257017
414262508
414310932
414314456
414328571
414348174
414350609
414358637
414367642
414368174
414371380
414381039
414381213
414385729
414393034
414399104
414404183
414419200
414421802
414426734
414429148
414442611
414450198
414483128
414494822
414506123
414539204
414567150
414578212
414586055
414587209
414590340
414610596
414629689
414632047
414666465
414681026
414684467
414690141
414691769
414713066
414719402
414720351
414723158
414741797
414776150
414794543
414799369
414828087
414830139
414840930
414844498
414863423
414865592
414870474
414879127
414884815
414891963
414896555
414899646
414908587
414929337
414959348
414964072
414964746
414970567
414981680
414981932
415003653
415003745
415019498
415034302
415046152
415058127
415061347
415068074
415072993
415083659
415102366
415107012
415110925
415115174
415134222
415143470
415149061
415162573
415165960
415169832
415179833
415191651
415193574
415209000
415212549
415215698
415221298
415227080
415239296
415240715
415246904
415248788
415250581
415251119
415256601
415261217
415270377
415300151
415305720
415317904
415339283
415344934
415346792
415373700
415394338
415405997
415412069
415432956
415442291
415443127
415447145
415467314
415478967
415484356
415488200
415493193
415497341
415503082
415504942
415522442
415523689
415534248
415542468
415552006
415552142
415554251
415568775
415570533
415570738
415587333
415598728
415611001
415615118
415626376
415633610
415638452
415640947
415646380
415666367
415680523
415688257
415719997
415720294
415734313
415734622
415751500
415754313
415763631
415765043
415766592
415769487
415772824
415778954
415800941
415808624
415814561
415817139
415819030
415822905
415827034
415851550
415863267
415866234
415873798
415886351
415888334
415900500
415940892
415962474
415968683
415983619
415990340
416009366
416044041
416053825
416096963
416097505
416112030
416118077
416118993
416154601
416161472
416163769
416170852
416187570
416201943
416218058
416236892
416236897
416246738
416255254
416276606
416315469
416317030
416317269
416323704
416327257
416333608
416342147
416351231
416353140
416355201
416363095
416381844
416407630
416448132
416460304
416471397
416478111
416480346
416485715
416493290
416510450
416515996
416543540
416550687
416552280
416565638
416568258
416570185
416601241
416622378
416623596
416629952
416631933
416643709
416650356
416652410
416659734
416662862
416664189
416674051
416677554
416680064
416680065
416681443
416704886
416708249
416710413
416716288
416719849
416740909
416744736
416751665
416783896
416790247
416795581
416797196
416798381
416805768
416817562
416823830
416851270
416852072
416852821
416854614
416856441
416870410
416870811
416877282
416887523
416894243
416894585
416895744
416900525
416911549
416911922
416925172
416926534
416942503
416944747
416944848
416971037
416971986
416982830
416988870
417012411
417016041
417021834
417022024
417022064
417026920
417032267
417036712
417037566
417041829
417046878
417055994
417065371
417073236
417076898
417088959
417120402
417132274
417152151
417172018
417176777
417182362
417186867
417192557
417200348
417214124
417232760
417241787
417249256
417250730
417251048
417257491
417260432
417292995
417296476
417299992
417311572
417322172
417323523
417325774
417331126
417342398
417342687
417354810
417356091
417363542
417371289
417372782
417373875
417375854
417390771
417396201
417405614
417426360
417429335
417437421
417445443
417446233
417453077
417469693
417470266
417502040
417503633
417504979
417508427
417550593
417551941
417573822
417601423
417604737
417613807
417636715
417643547
417652635
417659118
417680890
417687150
417698185
417699456
417710120
417716007
417727573
417732079
417739468
417745264
417770864
417782244
417782675
417796597
417798640
417806348
417812498
417817648
417819341
417822034
417826914
417829695
417840180
417855853
417857004
417859888
417861273
417875797
417876044
417898285
417900204
417905897
417936175
417940493
417945464
417945793
417951132
417984259
417989286
418015746
418024748
418035016
418059321
418060652
418073867
418092850
418094942
418098471
418120283
418132091
418157026
418158605
418158988
418170298
418183883
418188310
418195584
418201009
418217749
418240679
418264880
418271967
418288155
418289394
418300141
418301039
418314514
418323209
418325761
418328888
418334336
418342237
418353944
418370053
418373756
418380828
418402283
418412703
418413899
418421908
418449117
418466878
418470256
418473320
418473720
418535998
418552483
418555852
418630727
418631303
418633640
418669867
418686955
418708325
418725212
418734659
418738440
418738748
418750316
418753102
418755848
418764429
418787217
418795089
418800851
418822124
418822692
418834662
418838545
418839142
418866866
418884271
418888430
418910866
418913744
418917604
418918959
418931504
418968124
418971752
418981200
418989786
418999247
419001809
419019247
419030331
419031347
419038875
419055786
419063768
419064743
419065093
419082240
419096287
419097844
419111479
419140506
419181316
419191933
419193604
419201230
419215752
419222688
419223016
419243223
419246702
419252032
419276982
419277224
419289602
419307525
419319177
419320697
419325726
419341286
419342768
419360034
419365264
419397031
419407894
419415701
419433596
419446173
419488604
419494728
419498089
419506314
419511665
419522962
419528433
419542205
419543718
419546384
419577044
419594977
419604548
419607811
419632090
419653646
419655478
419674481
419680362
419682013
419687002
419693242
419694261
419699204
419711129
419713230
419761187
419766998
419776834
419783002
419793168
419804476
419807773
419823346
419841175
419847953
419858559
419861734
419886427
419890542
419929293
419943583
419943775
419971967
419978554
419983283
419989011
419990152
419991857
420025342
420028871
420036234
420038920
420039371
420040077
420100903
420117278
420117422
420118951
420121486
420130275
420140516
420140737
420142779
420147587
420156971
420158168
420171810
420173057
420179284
420221437
420228861
420229854
420231936
420245112
420259145
420275403
420282631
420297755
420303405
420314220
420317983
420333667
420343940
420350050
420352353
420357594
420362954
420366590
420373117
420374689
420377525
420398901
420402903
420441827
420449075
420450525
420454615
420457173
420457508
420457799
420473877
420475792
420478137
420489709
420501167
420511076
420516591
420520664
420523908
420547578
420561232
420581555
420586090
420596946
420609093
420613232
420621625
420637269
420638806
420643769
420655130
420668630
420727176
420731735
420735044
420738822
420749231
420758823
420774813
420792321
420796043
420803260
420804329
420807607
420835532
420839379
420844044
420844600
420866446
420910442
420911933
420914097
420918596
420922290
420977668
420979661
420984145
421002376
421008206
421013059
421022566
421022794
421031095
421046069
421053825
421055107
421055550
421073491
421084282
421090521
421094156
421137653
421158771
421159189
421169079
421174960
421185454
421194934
421214890
421226986
421231479
421234907
421239125
421243304
421248269
421260458
421263665
421274361
421279340
421280890
421285542
421292632
421322765
421338558
421345862
421369108
421372816
421375715
421389124
421414909
421425422
421428954
421443933
421450676
421460766
421462091
421465515
421488164
421491341
421503369
421515469
421548578
421549014
421557621
421558090
421569859
421583648
421586886
421592670
421595269
421604351
421606730
421615119
421629233
421643931
421649134
421676333
421679237
421687384
421702326
421721927
421726734
421734049
421740740
421746761
421749014
421750446
421771397
421790733
421796623
421801987
421819406
421860495
421861087
421867460
421867677
421868009
421868520
421879324
421899619
421900281
421902328
421906757
421908328
421916140
421940780
421963288
421965388
421970404
421971992
421984612
421988801
421996909
422000718
422001567
422011485
422056668
422057051
422068695
422070587
422097698
422097722
422101708
422105253
422111299
422116106
422136141
422140539
422141676
422151195
422170405
422181824
422197405
422204908
422222792
422239488
422255021
422257838
422258434
422259007
422269089
422270024
422270985
422272246
422291711
422295799
422300038
422300618
422318544
422322955
422335498
422338324
422338349
422364835
422367108
422384054
422437595
422439562
422441500
422452896
422454553
422457330
422467189
422485634
422493802
422497915
422513862
422518356
422529061
422534990
422535630
422562031
422572464
422575719
422580315
422652735
422658997
422665952
422682872
422703141
422704649
422713110
422719648
422734508
422738725
422739368
422742819
422745971
422757198
422758058
422766283
422773107
422804326
422807545
422813884
422846150
422851898
422852025
422855724
422856749
422858635
422861131
422862390
422872026
422872495
422875472
422879093
422898219
422928795
422948322
422958436
423003559
423013754
423036426
423056493
423060197
423075772
423077485
423080690
423081196
423088613
423104260
423118729
423123093
423132077
423136000
423146647
423153319
423155590
423177928
423204456
423210103
423218874
423225403
423233260
423233337
423263044
423268874
423284465
423314798
423315871
423318818
423321870
423335157
423366760
423373435
423398398
423448505
423450687
423453599
423458028
423463849
423466626
423503347
423513997
423527408
423536239
423560033
423586804
423608367
423608845
423617404
423620448
423622267
423627147
423631434
423635563
423639472
423647058
423671082
423677289
423681807
423685056
423697313
423707257
423712763
423713101
423714548
423715256
423718039
423722392
423736983
423754056
423798497
423806589
423809257
423811950
423815405
423826259
423827569
423833380
423841583
423891901
423896861
423941416
423942672
423948172
423953142
423954306
423964742
423966359
423973936
423974726
423976940
423990835
423996759
423998093
424011770
424018807
424025786
424028931
424029815
424033701
424038372
424041002
424053484
424060573
424067965
424113396
424113481
424135076
424156302
424159328
424171202
424174769
424180076
424183888
424188353
424188775
424204980
424215092
424219174
424226281
424239952
424254232
424271950
424274258
424286121
424292987
424319216
424329353
424346548
424358468
424371764
424373800
424385425
424398298
424405218
424427831
424429102
424430789
424436464
424446829
424447378
424454144
424458538
424460766
424466505
424469286
424475817
424483736
424520229
424522530
424526669
424571790
424572679
424573574
424579624
424585304
424587103
424592734
424619826
424629913
424631313
424632881
424636670
424641191
424699097
424704263
424708716
424711270
424716836
424723818
424728047
424753584
424773619
424778269
424778801
424784094
424785587
424798700
424807733
424821031
424832913
424839284
424849336
424867822
424876580
424878376
424878952
424879971
424881565
424883973
424885844
424891823
424910384
424916656
424918885
424922483
424941308
424942952
424950899
424971678
425022663
425036029
425036239
425044853
425054968
425058197
425068192
425072653
425087940
425088253
425094540
425095266
425131659
425164455
425177486
425179959
425212219
425212787
425216510
425229076
425249566
425292422
425319988
425329821
425349020
425365663
425368858
425383653
425402098
425402325
425405087
425413774
425413874
425420107
425420446
425437897
425447283
425457639
425463601
425489545
425491351
425497161
425507305
425511355
425516892
425517022
425537649
425557688
425569351
425585364
425590427
425591162
425594831
425594954
425595033
425597315
425606136
425619004
425620445
425625581
425626590
425633865
425637654
425642820
425644287
425646810
425658680
425659908
425667931
425681672
425759345
425761133
425764907
425796370
425797256
425798144
425800815
425801002
425813987
425818734
425847647
425852455
425852906
425885669
425893285
425899655
425906365
425921255
425928334
425950665
425968448
425972844
425976536
425981741
425991426
426004811
426006971
426026091
426049034
426059523
426079715
426101221
426112037
426115990
426118346
426122959
426123250
426124457
426129267
426146845
426173609
426181582
426186299
426187407
426200767
426206907
426215527
426225281
426229829
426234185
426235921
426251125
426259536
426284175
426285111
426290866
426297443
426308854
426310142
426326780
426332110
426353990
426377737
426392220
426424896
426430854
426434640
426452568
426475622
426479167
426485913
426488897
426493318
426493590
426523712
426529451
426538683
426555356
426578072
426581156
426585358
426622606
426636548
426639633
426657268
426674936
426684291
426698915
426705912
426710035
426734316
426740042
426751955
426763885
426766631
426773452
426788668
426793171
426805592
426810353
426835404
426844261
426851394
426860917
426861811
426881050
426887275
426894544
426894967
426898038
426918583
426951448
426954079
426954356
426954832
426957400
426959558
426983677
426985831
426986614
426986995
426987026
426990076
426998924
427002636
427005580
427008261
427015751
427017903
427024619
427032413
427095268
427102406
427104077
427105030
427119329
427123000
427137327
427140525
427148883
427160640
427161259
427180467
427180480
427210295
427219690
427227956
427230036
427231536
427236915
427249359
427258071
427267617
427269162
427269392
427273785
427293348
427320663
427330368
427367191
427367825
427383431
427393279
427410419
427416294
427421182
427435627
427438069
427438539
427450327
427452765
427461557
427462988
427463170
427465427
427466459
427468537
427475508
427491046
427501076
427506359
427513971
427514183
427542555
427551917
427553593
427587486
427591728
427592763
427593102
427596603
427624758
427627960
427632835
427650340
427669296
427679080
427686233
427688588
427691918
427695476
427698399
427704705
427719186
427743241
427753442
427753904
427755842
427770086
427790379
427820574
427821302
427837440
427842912
427847127
427851113
427853134
427856882
427857364
427861486
427862001
427871924
427874937
427881140
427901965
427910708
427921073
427929794
427943437
427961582
427970743
427993488
427995356
428023419
428023544
428067152
428091512
428097624
428101077
428110606
428133158
428162665
428163602
428193921
428196017
428205295
428214682
428217060
428223827
428235866
428240980
428247349
428295524
428297880
428321223
428327439
428332209
428335742
428341634
428379609
428383841
428415284
428418817
428420723
428428166
428431712
428438949
428439929
428459773
428490221
428525206
428530148
428569698
428583326
428631123
428646028
428646464
428653018
428672451
428688177
428703613
428707044
428708880
428716039
428720528
428738743
428742335
428746512
428772974
428786071
428794939
428806595
428809573
428813157
428831560
428874183
428877103
428899534
428915732
428922580
428924224
428933223
428944555
428946905
428973953
428999691
429003300
429008481
429014529
429023890
429025243
429048272
429050809
429073767
429088633
429118204
429127824
429127853
429133825
429140172
429142922
429144423
429149864
429152074
429152171
429156816
429161403
429164942
429202662
429226839
429242504
429247183
429267435
429274929
429276436
429282164
429292885
429295993
429335622
429336882
429343187
429345132
429357587
429360037
429368722
429391027
429421646
429421668
429425719
429442539
429443748
429452937
429459109
429481863
429487904
429499863
429501911
429508002
429539874
429546087
429547679
429553451
429561937
429564036
429570561
429572381
429573790
429578941
429583343
429590633
429605403
429619233
429628596
429638419
429639185
429642277
429687374
429702614
429707347
429710399
429712001
429717328
429718288
429719542
429728979
429741910
429742557
429753567
429753925
429785737
429792278
429793575
429807225
429815153
429841183
429872317
429874988
429876730
429885881
429887927
429889945
429896519
429930984
429936377
429956428
429961589
429970174
429970524
429977405
429990062
429994353
429997309
430081906
430087006
430092716
430105323
430128227
430130653
430138575
430158655
430167582
430174616
430179997
430188017
430200524
430201414
430204903
430222495
430225827
430247029
430254279
430277130
430307192
430319598
430325755
430332598
430346893
430347864
430365606
430371136
430375516
430389346
430412621
430419538
430449416
430450942
430481588
430486600
430503480
430514750
430523382
430525646
430537560
430544548
430549890
430568468
430572366
430582661
430585795
430593746
430594670
430634442
430637877
430639616
430654269
430678791
430707166
430725622
430727893
430754234
430759438
430770604
430791462
430834742
430839345
430841263
430882605
430885547
430901315
430925753
430936611
430937047
430939169
430940704
430945116
430949721
430958568
430982017
430992006
430992830
431000464
431014678
431023196
431033728
431044581
431045889
431046118
431048486
431055646
431064794
431069263
431071813
431084002
431093151
431095729
431105237
431112555
431116787
431120969
431148358
431159651
431164256
431168206
431180343
431183863
431183917
431189203
431196953
431214355
431218436
431239227
431245594
431248014
431256591
431257533
431264040
431277113
431290948
431300365
431308031
431314455
431332732
431347870
431355489
431355595
431388506
431429357
431431632
431441819
431486367
431525514
431526287
431526678
431526746
431534009
431542613
431543141
431549567
431567989
431574097
431580262
431593652
431594554
431595345
431618162
431649935
431653311
431663508
431663542
431671384
431679924
431715423
431723929
431729727
431744113
431747479
431751684
431759278
431770790
431772509
431782199
431786280
431805180
431805636
431806438
431813587
431815245
431821431
431866464
431878406
431889954
431899541
431926460
431930083
431952288
432006175
432006737
432011210
432017655
432034576
432046195
432055454
432056639
432062557
432070357
432074398
432086979
432101143
432105929
432110258
432111207
432115524
432134648
432138633
432140103
432141410
432143699
432156836
432162998
432178520
432192604
432204652
432217238
432227958
432229599
432236211
432238315
432241823
432248086
432248597
432260733
432266758
432270654
432276390
432287596
432289483
432293646
432293877
432297658
432305052
432305292
432319827
432327800
432328938
432333962
432349911
432354234
432376792
432378505
432389384
432417136
432426741
432440585
432441248
432454986
432469330
432501475
432508765
432542266
432571965
432575650
432593681
432597556
432620263
432622525
432625437
432641531
432644713
432664129
432668695
432672208
432677256
432679351
432679822
432690080
432709813
432720230
432726092
432731883
432742652
432769083
432784235
432819129
432819310
432844870
432852964
432871823
432886216
432898307
432942358
432944480
432957143
432962173
432982386
432998442
433023066
433032965
433039207
433042102
433047821
433058408
433077872
433088523
433089808
433099982
433101953
433108784
433113984
433121340
433121440
433133395
433139305
433153506
433179271
433194470
433208060
433208648
433212887
433228133
433262445
433264176
433272156
433286649
433334735
433341281
433361585
433366057
433392969
433393720
433396722
433402492
433405999
433417709
433425055
433429213
433461088
433469737
433482726
433485325
433488337
433492138
433497912
433517092
433520872
433527691
433535515
433555858
433582423
433606076
433606177
433618026
433675195
433675414
433690307
433710902
433713942
433726415
433739896
433759298
433767300
433796327
433802198
433803282
433803624
433809397
433809951
433828185
433828694
433842859
433853623
433862415
433867575
433874072
433928095
433963675
434017280
434024248
434024643
434027549
434035157
434042215
434073299
434097376
434140253
434172649
434172898
434178148
434191559
434196580
434211850
434220983
434243401
434247112
434261189
434261321
434327930
434345486
434357191
434360449
434412459
434419636
434425758
434441070
434453502
434458666
434467786
434492728
434493694
434512191
434513304
434515055
434526124
434534587
434539700
434548886
434585593
434608304
434619079
434647784
434648160
434655717
434661744
434684697
434685738
434688995
434698489
434706463
434706673
434726708
434735426
434738784
434741862
434747152
434756058
434761500
434762455
434763124
434777387
434778908
434778941
434801299
434815824
434820266
434822880
434825313
434826277
434831149
434835477
434837983
434841294
434856705
434859312
434862122
434862334
434863945
434875183
434883601
434903492
434905037
434930988
434937833
434945655
434953228
434953530
434967703
434968928
434979705
434988142
435007721
435031244
435033181
435035535
435039464
435052092
435082315
435083466
435087976
435103615
435116377
435120710
435122446
435123514
435141454
435158754
435172890
435174852
435176849
435192520
435199286
435202208
435258522
435264180
435265972
435274011
435302822
435336100
435343043
435356650
435376286
435392269
435393188
435399979
435403369
435419597
435426837
435433336
435434847
435441829
435442577
435448452
435448987
435460131
435461194
435470110
435484552
435496411
435497546
435510420
435521765
435532271
435542185
435549404
435558688
435576825
435579189
435605154
435609722
435617156
435637207
435640786
435690058
435690392
435709678
435720209
435748560
435749321
435757930
435762817
435779909
435784011
435791492
435796352
435816554
435849372
435880705
435881977
435886976
435891513
435894328
435897172
435898301
435914750
435916283
435919918
435920468
435929906
435936590
435941966
435980848
435983825
435999871
436000477
436007226
436009926
436012104
436016268
436019411
436022981
436040131
436041544
436065509
436100312
436105238
436111175
436112576
436115452
436128090
436128274
436135166
436151374
436170300
436177126
436177981
436200070
436213662
436227566
436240640
436241030
436245833
436252215
436256109
436263770
436279073
436295323
436319498
436323346
436334472
436363074
436377032
436377461
436384110
436386145
436397637
436398973
436423213
436450703
436462345
436472831
436476938
436484305
436522564
436530906
436544972
436546006
436563155
436572076
436572421
436583325
436598315
436623095
436636978
436641639
436643261
436665754
436669064
436674885
436679392
436683494
436695792
436713175
436733766
436734929
436764498
436768884
436770331
436786014
436786864
436787451
436788476
436793344
436807394
436835601
436838809
436844392
436855552
436859796
436869435
436881015
436884386
436886159
436917644
436951833
436981946
436988229
436991422
437011731
437012818
437029259
437043407
437068206
437075043
437077364
437107017
437123779
437139592
437159217
437163174
437176106
437197392
437198613
437200147
437207424
437208156
437243311
437246774
437247347
437256523
437265272
437267669
437267808
437274036
437276782
437288222
437295386
437295495
437299740
437315458
437318753
437320664
437340883
437347870
437358881
437363844
437371291
437382530
437414922
437415859
437435893
437440165
437447137
437466492
437468121
437471212
437492927
437502803
437505713
437507162
437510540
437513443
437522221
437524860
437546550
437581195
437596236
437598960
437622078
437625911
437636625
437637211
437638070
437659834
437671168
437690488
437699987
437711686
437728331
437731381
437749670
437756629
437757656
437761626
437767298
437777931
437784401
437790944
437802318
437803335
437805977
437807088
437807856
437826001
437828952
437834715
437864347
437869106
437871996
437921639
437932281
437947532
437963467
437975957
437993272
437999086
438023588
438042628
438060975
438078601
438087139
438091204
438117386
438125577
438133813
438138228
438142871
438150265
438179460
438186558
438197085
438225515
438230154
438241743
438251509
438253358
438276926
438282759
438295475
438295651
438318802
438321329
438325134
438330546
438345065
438345744
438366888
438367384
438374886
438379285
438402040
438406784
438422487
438466277
438474545
438476736
438497407
438506456
438509210
438510712
438514323
438554551
438568504
438578699
438579062
438586211
438592395
438655520
438657434
438699575
438703172
438705021
438706347
438724059
438727209
438728591
438735649
438745946
438750087
438777633
438781394
438804920
438817655
438818392
438830668
438833816
438853950
438873634
438874133
438886229
438890025
438892574
438903500
438918416
438929052
438949403
438957550
438965578
438970584
438984841
438987259
438987717
438989451
439009233
439009826
439012034
439018810
439022625
439036745
439039532
439048440
439053677
439072971
439078528
439079173
439086322
439087308
439095861
439102376
439120259
439129014
439130510
439145167
439151494
439226762
439227962
439234641
439236132
439346509
439370616
439381202
439382638
439390402
439398554
439425317
439438615
439439768
439469519
439492229
439500392
439506326
439508810
439515535
439517508
439522153
439537871
439539442
439540596
439555207
439588883
439603809
439608598
439609518
439614528
439623034
439623929
439656300
439664690
439673896
439687388
439691787
439710448
439713533
439714783
439716951
439721815
439732269
439773629
439779412
439794627
439805045
439837629
439842292
439850857
439853825
439870228
439872188
439879023
439882712
439889241
439900645
439901418
439907065
439908888
439911322
439930132
439934210
439942857
439992282
439997872
440002504
440025979
440036112
440053264
440056648
440067745
440089102
440114696
440169711
440199991
440204965
440205456
440207661
440209544
440235415
440247892
440271036
440312359
440317417
440323000
440326147
440328673
440331587
440347288
440355373
440359087
440361768
440362259
440366877
440370399
440370883
440376217
440378679
440392071
440397984
440407512
440446389
440454473
440469237
440472590
440477490
440479101
440494268
440509938
440511887
440512636
440526529
440532579
440540180
440540671
440544295
440560920
440573481
440584584
440584910
440596461
440599997
440613105
440619902
440641472
440654488
440656593
440661600
440662034
440666963
440669211
440677300
440680677
440681001
440682694
440688414
440689767
440692705
440726684
440729698
440753151
440765189
440765818
440776111
440777256
440779436
440782510
440788573
440802780
440821680
440833208
440834040
440836623
440838181
440847062
440851208
440851555
440857863
440858483
440864998
440871975
440892929
440893829
440910692
440928811
440930777
440932393
440941300
440953454
440953605
440979936
440980103
440998242
441000315
441020234
441025223
441031066
441039263
441041952
441073191
441097147
441099491
441103360
441111792
441113584
441115026
441117335
441117418
441119903
441125068
441155181
441172212
441178241
441185034
441185129
441190050
441202055
441232128
441256901
441257711
441295113
441303245
441309693
441335234
441341888
441372667
441400229
441431063
441437597
441451381
441468537
441472028
441475170
441478211
441484195
441487588
441490615
441492587
441497241
441513044
441534576
441537465
441541696
441546419
441548141
441557601
441578953
441580365
441610284
441618095
441628588
441646662
441674213
441674261
441697363
441702562
441725735
441743440
441760415
441831453
441838446
441846661
441850293
441867005
441871858
441908048
441912133
441935174
441937562
441947345
441964756
441983704
441992267
442018454
442023340
442026104
442035359
442056894
442062153
442079300
442087818
442095829
442099109
442102544
442112861
442115734
442117174
442122236
442135110
442135605
442143439
442152329
442164150
442187400
442219623
442229819
442241979
442243647
442246319
442284351
442285721
442290396
442309398
442313670
442324969
442325373
442341303
442351095
442359661
442362163
442366077
442367107
442367172
442372581
442414362
442423467
442431412
442435779
442449671
442456008
442466492
442472330
442494159
442524145
442527918
442536012
442545858
442547672
442555488
442570568
442597452
442602523
442602869
442614099
442652621
442668793
442684648
442686037
442686810
442697796
442708078
442725821
442736420
442740445
442756409
442773611
442786395
442795629
442799307
442803534
442806066
442819338
442820493
442823987
442824557
442834103
442838814
442845379
442864399
442869115
442869142
442892646
442909339
442919492
442922681
442957294
442957368
442967474
442974504
442987755
442988823
442993791
443001628
443011306
443012854
443014979
443015162
443028315
443031168
443036275
443041665
443041837
443060771
443068622
443072170
443073376
443073671
443075288
443081433
443085710
443087617
443094306
443136293
443143365
443143379
443156005
443173737
443180916
443194307
443205275
443237130
443246870
443272289
443280011
443290120
443291765
443295210
443305834
443323441
443334229
443334927
443342541
443346460
443349602
443361945
443367990
443402684
443406985
443408933
443422207
443433287
443436718
443441466
443442810
443461950
443467940
443480348
443483521
443516227
443529121
443545901
443551088
443552422
443552646
443555512
443567106
443580697
443600272
443603017
443625565
443627655
443635024
443639309
443643162
443644969
443650935
443654548
443675939
443694380
443699106
443719502
443723613
443731482
443731920
443732298
443733405
443738444
443749486
443765330
443770809
443780957
443783750
443792175
443799898
443803179
443814801
443818922
443826180
443864079
443913432
443916785
443922071
443955328
443962581
443967844
443972368
443973551
443978037
443999549
444007611
444021776
444033409
444036516
444038886
444054926
444070676
444072242
444081926
444086391
444097504
444098143
444108310
444110187
444133153
444138946
444142850
444180073
444184132
444188209
444205673
444206099
444216848
444218457
444222235
444231836
444248572
444250058
444267910
444281566
444328866
444329789
444330957
444331042
444343055
444343169
444354797
444360067
444360121
444365214
444365439
444381027
444381425
444383215
444387802
444402983
444407503
444427714
444434342
444453620
444457778
444461039
444467172
444476915
444500534
444512295
444520960
444521518
444549173
444549724
444557358
444571621
444586003
444592610
444597462
444624350
444675423
444676515
444701416
444765109
444770373
444770646
444775203
444785055
444797286
444798449
444824223
444838998
444850496
444856482
444857047
444885777
444889263
444891724
444907245
444927201
444950447
444957663
444966784
444975075
444976862
444980700
444988858
444989414
444996423
444997078
445003914
445009929
445011172
445042257
445046528
445046708
445047662
445050192
445060789
445063605
445102765
445120222
445122772
445134851
445157122
445189488
445206719
445207334
445208867
445210226
445215032
445248674
445250819
445286499
445295281
445301490
445303284
445316983
445320698
445323528
445332604
445339821
445339979
445390423
445407492
445411852
445422444
445424987
445425900
445431563
445442760
445474670
445484563
445496764
445512281
445520256
445524686
445534688
445540731
445549829
445551681
445570482
445575849
445590366
445600985
445612817
445626634
445641330
445653504
445666505
445668048
445669964
445696172
445703942
445735650
445752768
445776779
445786211
445795566
445804499
445821503
445832400
445846124
445848676
445862038
445862669
445864342
445883058
445889696
445902764
445927074
445933134
445933315
445950262
445966383
445972310
445977211
445980740
445986685
445987130
446002256
446002454
446048261
446065739
446072797
446103106
446105277
446107056
446139599
446139748
446161029
446163788
446167385
446170555
446171535
446178374
446184274
446184351
446195666
446195907
446204252
446223463
446235051
446237201
446269441
446272446
446272732
446292943
446325820
446328257
446339057
446341898
446343704
446345758
446352236
446364488
446405735
446405808
446433843
446434307
446436537
446445083
446500752
446502766
446514268
446522000
446548570
446573306
446574803
446595245
446606716
446613390
446627816
446655947
446659887
446667212
446679582
446707229
446707921
446712199
446741353
446745743
446756399
446758674
446774334
446774936
446788820
446798445
446801449
446806870
446818676
446831695
446857441
446878711
446885532
446888531
446905475
446920140
446921290
446942970
446958751
446983004
446997849
447006477
447018150
447056945
447060850
447079048
447090378
447103681
447114884
447121853
447124570
447126373
447129109
447136947
447137898
447146871
447147531
447149776
447168615
447188902
447205283
447227129
447244370
447247653
447249378
447250191
447252006
447256615
447256983
447271380
447305839
447310897
447321171
447324624
447335622
447335987
447351126
447358101
447373497
447375075
447377221
447380414
447411201
447417728
447420750
447447003
447464617
447493820
447519479
447527473
447532623
447556169
447557889
447559176
447578491
447601825
447608894
447621114
447621583
447624962
447642428
447654585
447661924
447684723
447689275
447693872
447715237
447725836
447736602
447736982
447738125
447794837
447800709
447805996
447813822
447826157
447839694
447840654
447859381
447874696
447875737
447881142
447881796
447887174
447890825
447893203
447949763
447958529
447980023
447983269
448013915
448035808
448043380
448055964
448057018
448063743
448064525
448065185
448065295
448077931
448088624
448089778
448090014
448126324
448133355
448137011
448146662
448150971
448165093
448177709
448178009
448204716
448211977
448214285
448219087
448221926
448224587
448226599
448227502
448243491
448252352
448261961
448285795
448311225
448318223
448320434
448326183
448332184
448336302
448345761
448356789
448362255
448369366
448372701
448383349
448389153
448404983
448406152
448406995
448425274
448428346
448428362
448429757
448433837
448442873
448457987
448463084
448469363
448475504
448479443
448518782
448520325
448524744
448528436
448543223
448543976
448568211
448568553
448570712
448609193
448615312
448629073
448670953
448692230
448706620
448710312
448724831
448725578
448738915
448741596
448742106
448759010
448760617
448769885
448779255
448780249
448799790
448811101
448813038
448821631
448841114
448843734
448879407
448885550
448886692
448906949
448918465
448925168
448985530
448995136
449017907
449021049
449021169
449030571
449040514
449051329
449062671
449109403
449131958
449133217
449144090
449171639
449184831
449184998
449188697
449201573
449205479
449229101
449240375
449250502
449250803
449257864
449261371
449264742
449275719
449278548
449303948
449306178
449322853
449346196
449350654
449358397
449366313
449368261
449370992
449383769
449406351
449411035
449413520
449424070
449428198
449431664
449446842
449459803
449468234
449483331
449496317
449497251
449502092
449525409
449526138
449556361
449557383
449562453
449576011
449578064
449581952
449587692
449606041
449613250
449632541
449649177
449662485
449669358
449684468
449701680
449707231
449709726
449711154
449747340
449760320
449762985
449763813
449772168
449774417
449784460
449784461
449793586
449793998
449794985
449801777
449802105
449834138
449836917
449837350
449842149
449843578
449852039
449852335
449882131
449885165
449888999
449905331
449910490
449921491
449939673
449943249
449952806
449956436
449965123
449965204
449970275
449970697
449978905
449979072
449984413
449987343
449992305
449995274
450033105
450042988
450046935
450051281
450057913
450074450
450083606
450088115
450111516
450114490
450116748
450140347
450147117
450147208
450148119
450150454
450161339
450180435
450185730
450186456
450188960
450200599
450214569
450216381
450217275
450219683
450229055
450229443
450237734
450247304
450253753
450276295
450277919
450280842
450302891
450303515
450308898
450315155
450329948
450333076
450339022
450342494
450345170
450351038
450355741
450359687
450361881
450377132
450407716
450411990
450434034
450436365
450454664
450461989
450473380
450487975
450514633
450531235
450543572
450571031
450572799
450577760
450585242
450588733
450593571
450610385
450614149
450616498
450651850
450663264
450682779
450715032
450724041
450730953
450761426
450775264
450779282
450818682
450828077
450850209
450870095
450875007
450877318
450902515
450902955
450903458
450910714
450920005
450930922
450937308
450961991
450966427
450972176
450977089
450984268
450994091
450997948
451000199
451017197
451021112
451048700
451052182
451062915
451075319
451088859
451102731
451135153
451163912
451171561
451176055
451177341
451180355
451182143
451184049
451196085
451204947
451205358
451207893
451217465
451266255
451267434
451269058
451282490
451285977
451305821
451351351
451369344
451377755
451409386
451411581
451413958
451440578
451442891
451445340
451467422
451471108
451495869
451546054
451563233
451581062
451583345
451590440
451606689
451627154
451630307
451636881
451653839
451667175
451682265
451688406
451697094
451703900
451720029
451729249
451737849
451753313
451754673
451758608
451771116
451780824
451788704
451795862
451797228
451800209
451819073
451828888
451828994
451843008
451855612
451874387
451884337
451885915
451892311
451893965
451906559
451909304
451921621
451946954
451988757
451999354
452000905
452018834
452024139
452025570
452030634
452035409
452038447
452047073
452064158
452064492
452070918
452082516
452086504
452102380
452129020
452134585
452142333
452154988
452166269
452167763
452193179
452202222
452238817
452244516
452247840
452249100
452252797
452256793
452259735
452285548
452293814
452326811
452332054
452348062
452383300
452400866
452402747
452402816
452419559
452423211
452427372
452440095
452461036
452483980
452495101
452500452
452506033
452515772
452531596
452532378
452547420
452551314
452574702
452578982
452580846
452582093
452603223
452611712
452616648
452636720
452643721
452656909
452657041
452663137
452667162
452669123
452676043
452677363
452685192
452686322
452721574
452731071
452739219
452766228
452776001
452784958
452787365
452808762
452811458
452825875
452826929
452827699
452832079
452835235
452862077
452901731
452905400
452907997
452921270
452923195
452926289
452943127
452943261
452950706
452952508
452964850
452969832
452982909
452988366
452989214
452992370
453015320
453024549
453033323
453034438
453042934
453044388
453045675
453068097
453071407
453085787
453105200
453108817
453115095
453155558
453166770
453175944
453204353
453210005
453271778
453285306
453285852
453291921
453295825
453305418
453322010
453322314
453322844
453326240
453326434
453342359
453352496
453363808
453375029
453375607
453393276
453404691
453421650
453434613
453436649
453444911
453455375
453497288
453503630
453509912
453512345
453517785
453534761
453535187
453537069
453553143
453554108
453567158
453596161
453604960
453606527
453611510
453612129
453623938
453626258
453633891
453657558
453686809
453687387
453691875
453705710
453708151
453711993
453722843
453722981
453731274
453760994
453764392
453770711
453778635
453808063
453816595
453818663
453829542
453876354
453880349
453895873
453898862
453899128
453916551
453936884
453949302
453954257
453969620
453972729
453982982
453983549
453991910
453993941
454001336
454001794
454015534
454029041
454032119
454041597
454047641
454052277
454067156
454070069
454072878
454073855
454076123
454078643
454094543
454108003
454130677
454141609
454151312
454169227
454173523
454184479
454187525
454204936
454208407
454209077
454217282
454228052
454244105
454252448
454262522
454265076
454278919
454279924
454319939
454325955
454328000
454330557
454332499
454350841
454352636
454375364
454381912
454383360
454393004
454410436
454427854
454439770
454452623
454480322
454489447
454490534
454491746
454502695
454513901
454526094
454544494
454554481
454557741
454560651
454561393
454564713
454567601
454568273
454570855
454571582
454578821
454609909
454613723
454622830
454625467
454630322
454637850
454648229
454654301
454660973
454670566
454678299
454685075
454695389
454708413
454727553
454758335
454764274
454788213
454789706
454806101
454809098
454809620
454816407
454840056
454854532
454884185
454901343
454901547
454913333
454915360
454924804
454937213
454955248
454964688
454969833
454988764
454992572
454998566
455005521
455013319
455026232
455031707
455040637
455043823
455053839
455061962
455079786
455086476
455094398
455099178
455129644
455133009
455136960
455139716
455140210
455147595
455150016
455183687
455184900
455185481
455187736
455187778
455189021
455199565
455202532
455217879
455219228
455222225
455234682
455246864
455253015
455268286
455268926
455279141
455283765
455285159
455287976
455317390
455321791
455343356
455349641
455352628
455357727
455368035
455369534
455380212
455380214
455385803
455387002
455397240
455410821
455413699
455414417
455415481
455421398
455434677
455447090
455447226
455454677
455466105
455468686
455471456
455483257
455483938
455490903
455505596
455509681
455530315
455534938
455544708
455549997
455551912
455567106
455567599
455568182
455577530
455579726
455596007
455621586
455632635
455638413
455641278
455653903
455671364
455700146
455713550
455718489
455724087
455730875
455736516
455736969
455742925
455746301
455754683
455772897
455788162
455799349
455832885
455843768
455849017
455851833
455893215
455893262
455911554
455916606
455939457
455943802
456003979
456010061
456015711
456020504
456024294
456073078
456079764
456097561
456098071
456101759
456105180
456106191
456126107
456148620
456158008
456169140
456177211
456177307
456213701
456227012
456230584
456239571
456243101
456245474
456253749
456268659
456275216
456278138
456310258
456347233
456356313
456356754
456361294
456371750
456392809
456396758
456399035
456411562
456422753
456423979
456443795
456454600
456456544
456456720
456460917
456477574
456487576
456512639
456517468
456536830
456540091
456546271
456555477
456566512
456575273
456586611
456589377
456594154
456597588
456600937
456612667
456628148
456637186
456638489
456648325
456654532
456662757
456663747
456666896
456671946
456676574
456676696
456678516
456686602
456688727
456698382
456714878
456718091
456726613
456735774
456790506
456790723
456809159
456832587
456864881
456887114
456888101
456889367
456900495
456904472
456917711
456918476
456931633
456947695
456949225
456949828
456951870
456961260
456980907
456993681
457005188
457021257
457026817
457029288
457045285
457047098
457049175
457052851
457065186
457069743
457072691
457074243
457110516
457114202
457131969
457133280
457140523
457154947
457168516
457187711
457227644
457228465
457230144
457237520
457249247
457256642
457268603
457270711
457293782
457296078
457310175
457321259
457362618
457369467
457370588
457378569
457380702
457389005
457392119
457399950
457410936
457450061
457482927
457486928
457512166
457513895
457522801
457572740
457592906
457601768
457627969
457650863
457654287
457660385
457684022
457695209
457697580
457707861
457711682
457718138
457734612
457742084
457757977
457778197
457795200
457808974
457811406
457824583
457826812
457830238
457838245
457838365
457842720
457843207
457854458
457859107
457870190
457875339
457878434
457880852
457890963
457904338
457907321
457928668
457947125
457969673
458010249
458016158
458041326
458082738
458095500
458130376
458134875
458141230
458149627
458165701
458185681
458191931
458193057
458216512
458219765
458222686
458236255
458243946
458246937
458253836
458277576
458286043
458288241
458299444
458321408
458338182
458348062
458354302
458354911
458371863
458385025
458388677
458390750
458414395
458419771
458424706
458429184
458440692
458459827
458496117
458502871
458507187
458525131
458534786
458546406
458566011
458566773
458585928
458607073
458616234
458626879
458646633
458696986
458698294
458701158
458708243
458714331
458717735
458735771
458740353
458748238
458757244
458775094
458799006
458801003
458815167
458833746
458846814
458859953
458872989
458898916
458911331
458932931
458962042
458963907
458981418
458989482
459021927
459023014
459026468
459039562
459048565
459062314
459062850
459066588
459076663
459076942
459086981
459093124
459097839
459103531
459114805
459116632
459145672
459156109
459165059
459198912
459202004
459203795
459207716
459219829
459243376
459290003
459293323
459310951
459332344
459351288
459354970
459356362
459362831
459365062
459365301
459383741
459389401
459398160
459409079
459428121
459435006
459446434
459450319
459476962
459503590
459512072
459526298
459532868
459539002
459540964
459542154
459550237
459550516
459553910
459556325
459563730
459572784
459576767
459583136
459603647
459606531
459616990
459618392
459623447
459628830
459638160
459639820
459650634
459651417
459656597
459663748
459671639
459674784
459713603
459721622
459735114
459741919
459763845
459771118
459772994
459774874
459781068
459786285
459798708
459803952
459806302
459821204
459839231
459855782
459855867
459886926
459896764
459939641
459960596
459973311
459990913
460001125
460002740
460015949
460020524
460031671
460043320
460057873
460058965
460068978
460072257
460077664
460078103
460081968
460084461
460094858
460096761
460096780
460096823
460104569
460113230
460126985
460135318
460162833
460177272
460192356
460192520
460196882
460197810
460202660
460213623
460237077
460241238
460334566
460335257
460344914
460351225
460355511
460368557
460370767
460377943
460378320
460381479
460386229
460393019
460408866
460451973
460465499
460487319
460501276
460504386
460509594
460515085
460519992
460531116
460533910
460588718
460589449
460592925
460604851
460606461
460609008
460619287
460630373
460635373
460659386
460675967
460685158
460685178
460734474
460742421
460743537
460743699
460763018
460775935
460783788
460789560
460790405
460805926
460811136
460828043
460833107
460838216
460845143
460860437
460876944
460888008
460898727
460910426
460911068
460919758
460920808
460922776
460929559
460951059
460956942
460975683
460978801
460979845
460981154
460988639
460989661
460996770
460999953
461003644
461007128
461011582
461014391
461022238
461026120
461035451
461048864
461050794
461055962
461077128
461099964
461101043
461140248
461147384
461156677
461164082
461164614
461175947
461181549
461204272
461220982
461239672
461245218
461245279
461247962
461269166
461293908
461298677
461302734
461313494
461316936
461332322
461339950
461351513
461363935
461381740
461388063
461390026
461392585
461404922
461410170
461411724
461422507
461436052
461447383
461452717
461456682
461459891
461482060
461497085
461498587
461510236
461520933
461537636
461541096
461544138
461554602
461563265
461586323
461592947
461616305
461651626
461691482
461695649
461698848
461718965
461740163
461741071
461746786
461763529
461779170
461783219
461791539
461803751
461817810
461821838
461824628
461825690
461847977
461857399
461869702
461880008
461892463
461892581
461902818
461943208
461957785
461961770
461974671
462018379
462028335
462033138
462041549
462048458
462054752
462057007
462077126
462082825
462130981
462136225
462167566
462181511
462182876
462187391
462227347
462230119
462261994
462266456
462290268
462315844
462327410
462335435
462343414
462345805
462358035
462360579
462361912
462369729
462385200
462433444
462435671
462449659
462454842
462473153
462501210
462509505
462534748
462539026
462543653
462578081
462583905
462585827
462599063
462599573
462605909
462614185
462636816
462640032
462645296
462662305
462694673
462696978
462716921
462726566
462728629
462746120
462768227
462774306
462776345
462791657
462794920
462801013
462807301
462817216
462831370
462838342
462844560
462845405
462845470
462851560
462864732
462869456
462872455
462877144
462878820
462886450
462887199
462911998
462922589
462922860
462923468
462932180
462939143
462939468
462943773
462954373
462990417
462991571
463007421
463016113
463026763
463029237
463039225
463055552
463055681
463060347
463079216
463104961
463107516
463110983
463120345
463124271
463127719
463134440
463141759
463144382
463148109
463152552
463154727
463160336
463193762
463197315
463209874
463214226
463215501
463215793
463239203
463252401
463253167
463259148
463261985
463271480
463294201
463301490
463308498
463311986
463316329
463319334
463330358
463331823
463337251
463338522
463343253
463357434
463365605
463375881
463384197
463392503
463398304
463430094
463433399
463435209
463435840
463437214
463444045
463448072
463450211
463453907
463482143
463498114
463505461
463508519
463512345
463518497
463523473
463537264
463542095
463553470
463556919
463565728
463572404
463586739
463600035
463617002
463618727
463620153
463620571
463637878
463641152
463652389
463673258
463694386
463696221
463759799
463763125
463765493
463765566
463778562
463799144
463801045
463803864
463807217
463807723
463810570
463815142
463840111
463848458
463854011
463887754
463888523
463912716
463923725
463929002
463979246
464002082
464004713
464004996
464029413
464037009
464038989
464047660
464053525
464057279
464072114
464136819
464148032
464166944
464209179
464213725
464214635
464234496
464235066
464235621
464238297
464258874
464265572
464275857
464288580
464306116
464310335
464337561
464348908
464348988
464367600
464378113
464385888
464390656
464394548
464396641
464431915
464432975
464437697
464447914
464470878
464476195
464484341
464543526
464558078
464582245
464586938
464612338
464614957
464654309
464657829
464661208
464664939
464666870
464673320
464675788
464677535
464699789
464727343
464731971
464732792
464734878
464745805
464762383
464765469
464777889
464790677
464792146
464794725
464806237
464808796
464810394
464815185
464815529
464822558
464827330
464844570
464851581
464853467
464854394
464867528
464875001
464876552
464889268
464900169
464952575
464963665
464983389
465009143
465010713
465015599
465018634
465033001
465037122
465051640
465053504
465060758
465061341
465069171
465069493
465081052
465083256
465090498
465094446
465103551
465111515
465117984
465140140
465171686
465173474
465185442
465195152
465208324
465209841
465212392
465214190
465235519
465254438
465258711
465266502
465284142
465290346
465300011
465306718
465310650
465314008
465317321
465331581
465358142
465360478
465391024
465392825
465429961
465442217
465446085
465448678
465452589
465455193
465468389
465477545
465493935
465499161
465506542
465509335
465514765
465531624
465551585
465580203
465592090
465618165
465633255
465661819
465673067
465690236
465701686
465706304
465708020
465736671
465748047
465769890
465773586
465790074
465799920
465805048
465810492
465812245
465830789
465831119
465835214
465836378
465867787
465880805
465907039
465923300
465926734
465933964
465935000
465938589
465940087
465956225
465983796
466030230
466057624
466061479
466081478
466105466
466110526
466132531
466133562
466147128
466158154
466159319
466162042
466180920
466183270
466203263
466238311
466249433
466251702
466264204
466303513
466307875
466402608
466404909
466423035
466435042
466451263
466451335
466462835
466494402
466511118
466536228
466541151
466577917
466578696
466581463
466590955
466592734
466602819
466630043
466637487
466637727
466643655
466665340
466683496
466688015
466689141
466711141
466721192
466737446
466740944
466746233
466747436
466750552
466753471
466763495
466788478
466799367
466812308
466817395
466818799
466838541
466840747
466843000
466849400
466887483
466891098
466904344
466915581
466915765
466919233
466925028
466933604
466953769
466957875
466997890
467039046
467059545
467071404
467084567
467112736
467154329
467160674
467193101
467208359
467219658
467227433
467256199
467264430
467272398
467278445
467293052
467306792
467307928
467308003
467311952
467316735
467331285
467335855
467340016
467343846
467347227
467352498
467371105
467385997
467388835
467399041
467436674
467444564
467447551
467457263
467459389
467474559
467480122
467481452
467491964
467495043
467500387
467515728
467521856
467531025
467533886
467535435
467552579
467578639
467582961
467594564
467634893
467643696
467659551
467659728
467666995
467685320
467703443
467705012
467705629
467721985
467741229
467784312
467787151
467789174
467790027
467818989
467821115
467834626
467844694
467855241
467862786
467880310
467888912
467908325
467910229
467914612
467925367
467941360
467943866
467954364
467957468
467970946
467976471
467985207
467986212
467987232
467987550
467988739
467990041
467991791
467999659
468019343
468030786
468030977
468043670
468059539
468063386
468068967
468081795
468119369
468119919
468125619
468129423
468129499
468136088
468148737
468175401
468180618
468192028
468193962
468219733
468225694
468239580
468244774
468246881
468249417
468250521
468276046
468276250
468285599
468285993
468309726
468311919
468321953
468326499
468328663
468331663
468343579
468348746
468349355
468351650
468366825
468377502
468378524
468383895
468386661
468394552
468407537
468410732
468417082
468418886
468423593
468425334
468430881
468430966
468432418
468436721
468443715
468467744
468469622
468472115
468486288
468493075
468510369
468510841
468512113
468516959
468563540
468563846
468566171
468573272
468575364
468583036
468584767
468615275
468632858
468642652
468686785
468687996
468713629
468718411
468730835
468751052
468757605
468772904
468777441
468788775
468792532
468799025
468799965
468815852
468850296
468863725
468864814
468903755
468916110
468916191
468929009
468952300
468955836
468962828
468967096
468986897
468988253
469016367
469019044
469032602
469033669
469043949
469066315
469097758
469112117
469120435
469121193
469121967
469122931
469132359
469141612
469142550
469151966
469154540
469158892
469159800
469166306
469172148
469174209
469191478
469196978
469199801
469201033
469220971
469222668
469236754
469240146
469243779
469244800
469249322
469254424
469267227
469276925
469281322
469284467
469291827
469295699
469301962
469312558
469324882
469335094
469352979
469375340
469392246
469394113
469398873
469406238
469407256
469417496
469417911
469426234
469429327
469431585
469439342
469451587
469451613
469456714
469458411
469463289
469467391
469475481
469482392
469517605
469530632
469565556
469600370
469601423
469619582
469639324
469660481
469668100
469679080
469684164
469689773
469692297
469693071
469695966
469700980
469741598
469760654
469767996
469819674
469835063
469853680
469865557
469900250
469910476
469934335
469939022
469946242
469948170
469961189
469963511
469983027
469989587
469996886
470004204
470006861
470019353
470029652
470034254
470048368
470048748
470049962
470052699
470063500
470084531
470084606
470130511
470130743
470139764
470153516
470156271
470171203
470171270
470191970
470195648
470202081
470257732
470262742
470280991
470287059
470294795
470295656
470305255
470355423
470364992
470383119
470386829
470397886
470401583
470409328
470409995
470420061
470430526
470441584
470466052
470474292
470475006
470484282
470533173
470558414
470568363
470595003
470597383
470647490
470656356
470665939
470668528
470672373
470729061
470730549
470731592
470737367
470755707
470759677
470762165
470767967
470768443
470775552
470778614
470778751
470790640
470790970
470805676
470815736
470820791
470825311
470850030
470854435
470862444
470867510
470870802
470915267
470929912
470932205
470938130
470968363
470979610
470989530
470991669
470993702
471006308
471018403
471021140
471036399
471045828
471056399
471078640
471107038
471111741
471120273
471127676
471132795
471137318
471139232
471145498
471178906
471180103
471191962
471203682
471203731
471213069
471219991
471240745
471240834
471242699
471242822
471242827
471293949
471295158
471302904
471312484
471324351
471328779
471334315
471337235
471345881
471363281
471385443
471387290
471393281
471398367
471426014
471431346
471441022
471482044
471499422
471500926
471511185
471519000
471541418
471550333
471554979
471556945
471562365
471565623
471583586
471607457
471644149
471650966
471664824
471672324
471681242
471689230
471690136
471705494
471729815
471763062
471766780
471786566
471789373
471821988
471823125
471826017
471832477
471839554
471851719
471863437
471870129
471889563
471892952
471926754
471929408
471929870
471933560
471940934
471950794
471965763
471976754
471977661
471990054
472018804
472024076
472036031
472042155
472045886
472071024
472077221
472112302
472138105
472142222
472158948
472161446
472164926
472168051
472171883
472175410
472181263
472186765
472201616
472215531
472239330
472243389
472266290
472271547
472272581
472280994
472286455
472302225
472304972
472312526
472321151
472330356
472342486
472354523
472360743
472367817
472373083
472380783
472391503
472402116
472439865
472447880
472455449
472455672
472455887
472456484
472458916
472479631
472502171
472502501
472507589
472521958
472527108
472531120
472533162
472538686
472549772
472566341
472570450
472575086
472590554
472593740
472598600
472607809
472629224
472631278
472662962
472663250
472699914
472702341
472738239
472746511
472751819
472793520
472794912
472800163
472805647
472819369
472844278
472846839
472879896
472880498
472895384
472901159
472910895
472912742
472917548
472922199
472936257
472945507
472950555
472964822
472975955
472983109
472989262
473010673
473028930
473031688
473053217
473069630
473071086
473079696
473083191
473089367
473089677
473097950
473104832
473109939
473120431
473122085
473124521
473128403
473131365
473135979
473138482
473143796
473148118
473166169
473166300
473166450
473168275
473172981
473183214
473183842
473193407
473199645
473199711
473202090
473203419
473216378
473218957
473219722
473255794
473274147
473274495
473286163
473314381
473342698
473350003
473350189
473375730
473379347
473397838
473405984
473429174
473445695
473451556
473459819
473464436
473471062
473489150
473495651
473520916
473524729
473526695
473527291
473528537
473541318
473553184
473560238
473560542
473561393
473570687
473593955
473610758
473612631
473626537
473629499
473636313
473640033
473642105
473649050
473654483
473664785
473676584
473681378
473699703
473708587
473709509
473713761
473716934
473718411
473740064
473741809
473742383
473778229
473780765
473781436
473795806
473824483
473824547
473830825
473833392
473835575
473846221
473852564
473857335
473857798
473860194
473862024
473876043
473878931
473883846
473892128
473903716
473906884
473910053
473924527
473949000
473955011
473969511
473989618
473990628
473992089
473992663
473996038
473996522
473999534
474005037
474011626
474016931
474020142
474022194
474022784
474040930
474054281
474062484
474067910
474074564
474075389
474079069
474084689
474085838
474092430
474121757
474128034
474172435
474194668
474215952
474230107
474246186
474252054
474258095
474260983
474266865
474269446
474293046
474335252
474335906
474359482
474364588
474388721
474392390
474392515
474394585
474401104
474435453
474486653
474489522
474506862
474509423
474518101
474526040
474528229
474530184
474538280
474545308
474590891
474594761
474595317
474599542
474623150
474629371
474630392
474636052
474636264
474643431
474645321
474646089
474663348
474671334
474682709
474683666
474684343
474696504
474702118
474703133
474717730
474724502
474725522
474727595
474749332
474753942
474754721
474762646
474767846
474809063
474816664
474824200
474835683
474848065
474850569
474857683
474857977
474884361
474890397
474913427
474925543
474928449
474930848
474935641
474947657
474963456
474969679
474976439
474980282
474985934
474990211
474992843
475014920
475020136
475036041
475044977
475054246
475069916
475090392
475098813
475103912
475170459
475174247
475178465
475185840
475186160
475188391
475219268
475225224
475256753
475273369
475280434
475297848
475306260
475311464
475318798
475339079
475339415
475347185
475349954
475351416
475364076
475365968
475380723
475381792
475395623
475408587
475417728
475443699
475450063
475458128
475460057
475475437
475476844
475494012
475507465
475509148
475514536
475516956
475525261
475537556
475537710
475564303
475576426
475583264
475603346
475610461
475610527
475620875
475649837
475657822
475719996
475736455
475739313
475740045
475756687
475758839
475779955
475797373
475818413
475825829
475850172
475854938
475869217
475873086
475885828
475887400
475894660
475909710
475911890
475962246
475965629
475977327
475979776
476043111
476046083
476047813
476048432
476064626
476069401
476087080
476089823
476096756
476100266
476103015
476106591
476108025
476116402
476136891
476152383
476174289
476177981
476197980
476208267
476217728
476229251
476257793
476261123
476273168
476275083
476290678
476294542
476299888
476301658
476304803
476310418
476324164
476334206
476334448
476336639
476355704
476365937
476371042
476375162
476392668
476411392
476432847
476439444
476446509
476469691
476476499
476489689
476508068
476513586
476525076
476532039
476545280
476564501
476564954
476570192
476575484
476579703
476580965
476587249
476600169
476606369
476645460
476655918
476661704
476686210
476694240
476701916
476777244
476777990
476797508
476810457
476823181
476861253
476872091
476872201
476877191
476891163
476904094
476909890
476913843
476943024
476959643
476960426
476964901
476969137
476969887
476981048
476987089
476993116
477006586
477017092
477030534
477038090
477050827
477066325
477087387
477090413
477103375
477114974
477128707
477129310
477135242
477161466
477164658
477167316
477174761
477180203
477207526
477220096
477235923
477244673
477248119
477251193
477264929
477278415
477279186
477281229
477296664
477301449
477321793
477360051
477390427
477416059
477430700
477448093
477465258
477475011
477488927
477491083
477491402
477492991
477507055
477508889
477535269
477535444
477540999
477547847
477566808
477574732
477578421
477630887
477644220
477652881
477663388
477698533
477711772
477714627
477723903
477725633
477731645
477767593
477775434
477777044
477782622
477788226
477810265
477813723
477816610
477817361
477819248
477829844
477844819
477853264
477866845
477867819
477868535
477882977
477890842
477907071
477921463
477933341
477942053
477942415
477967841
477978975
477979051
477980669
477983897
478002668
478017338
478017923
478043826
478056133
478058936
478063224
478080439
478099128
478119283
478120767
478127984
478161193
478163542
478181847
478189740
478203837
478205928
478233490
478241536
478265280
478277835
478290070
478294110
478310799
478315909
478337209
478368764
478379513
478396745
478398968
478438298
478470747
478471964
478473544
478491173
478499781
478502623
478506850
478516943
478524961
478536605
478537488
478541843
478575479
478609397
478613455
478622962
478629681
478632195
478638165
478640543
478657375
478664591
478670921
478673903
478685097
478689798
478700838
478705161
478708788
478717054
478745314
478751860
478755185
478763762
478783841
478790916
478791103
478798962
478800592
478804361
478805113
478805928
478812771
478819000
478821265
478831652
478841370
478847078
478868658
478871961
478885411
478902138
478930613
478961156
479013327
479015323
479029509
479029663
479035374
479055852
479059415
479066210
479071577
479086287
479092743
479094415
479126520
479162517
479163694
479171363
479172914
479192021
479195319
479200209
479202620
479204576
479214664
479216524
479225957
479280555
479297224
479298548
479302556
479310824
479319237
479322490
479365400
479377423
479396217
479408952
479413301
479433908
479434516
479441169
479445299
479448521
479462487
479476945
479500560
479501496
479524193
479528490
479540103
479542916
479544192
479563383
479576987
479581358
479586463
479586602
479588762
479612050
479616905
479625546
479633487
479641170
479663668
479680800
479695620
479699418
479732052
479742427
479746349
479747884
479756674
479760658
479762829
479790701
479801156
479811448
479815455
479865045
479874385
479882440
479883541
479888675
479892997
479907614
479911291
479915073
479916096
479925675
479943937
479952872
480002744
480061932
480082538
480093728
480106588
480134147
480138085
480156490
480158979
480162922
480194008
480194164
480247602
480249925
480274010
480280079
480284760
480293712
480337609
480344061
480348181
480362122
480364806
480365708
480386852
480396777
480402527
480402629
480409597
480441044
480455029
480467016
480467265
480485902
480508520
480516000
480516337
480517551
480519088
480521965
480541472
480549594
480561040
480564197
480593416
480602241
480605305
480618647
480623551
480653483
480659569
480684791
480718826
480722542
480727801
480745216
480755637
480760063
480761583
480768285
480769631
480772562
480777614
480785203
480789988
480844654
480874844
480901197
480917815
480924511
480930260
480944761
480945185
480963540
480975133
480975618
480976881
480977623
481003850
481022103
481026464
481033714
481034979
481036401
481037855
481059268
481065965
481072754
481072945
481090027
481091819
481096880
481115294
481118339
481123020
481149487
481161083
481200924
481206457
481210471
481224593
481227043
481233362
481234474
481237785
481261650
481275018
481285336
481323519
481361572
481362426
481373713
481399771
481402268
481414916
481417054
481418754
481433420
481449657
481462972
481468005
481481015
481515614
481530138
481532275
481549486
481550860
481556574
481580755
481589328
481589527
481604025
481606862
481614141
481618060
481629362
481632605
481639908
481645930
481648401
481652084
481654343
481659606
481668550
481677099
481683147
481685023
481721537
481724601
481732346
481747487
481764411
481776318
481787009
481808128
481823908
481825821
481864264
481866521
481870336
481879757
481908735
481918446
481936117
481951706
481963255
481969365
481993325
482046698
482056609
482076434
482087122
482088714
482108057
482116776
482120518
482126195
482134296
482149381
482180555
482227968
482241568
482244157
482247854
482282384
482283249
482309210
482314904
482320981
482324015
482355064
482356050
482364705
482367995
482368470
482377230
482382167
482385573
482410819
482422253
482422355
482436961
482439838
482446289
482461809
482462859
482468492
482477131
482484168
482492157
482509231
482517536
482520589
482521459
482526019
482546608
482557821
482558401
482580595
482582585
482604858
482605170
482617660
482693834
482696365
482712514
482716675
482731142
482744278
482745525
482747579
482751361
482757929
482760412
482766877
482777669
482783898
482786385
482814277
482815440
482829645
482834426
482837550
482839456
482845726
482858778
482877369
482885915
482888359
482890126
482896615
482906667
482917988
482988490
482994334
483000310
483001994
483023680
483035502
483042329
483066813
483080847
483090038
483092865
483131966
483139898
483158201
483158507
483168991
483189826
483217481
483218121
483232399
483238847
483243074
483253598
483255480
483264188
483329001
483334038
483346469
483351939
483355460
483411770
483450282
483482819
483484940
483515614
483518375
483519356
483526121
483555962
483573120
483597195
483624427
483642835
483651966
483682901
483693443
483705142
483722269
483753772
483758365
483774024
483789426
483815185
483820048
483834545
483836849
483858806
483865794
483866602
483869531
483871991
483884755
483890723
483895295
483917269
483928235
483936117
483938012
483942835
483950860
483955838
483956095
483963036
483973081
483979538
484016625
484021927
484023979
484027621
484028250
484030536
484045350
484052507
484066580
484070684
484074948
484082840
484086778
484090844
484095516
484098111
484098498
484115619
484116488
484121378
484136930
484145902
484150332
484157994
484176298
484189798
484202938
484209102
484263143
484274002
484282971
484290196
484298563
484325496
484327162
484344045
484350305
484358206
484363980
484364262
484380765
484381870
484381891
484384764
484385791
484399651
484409073
484409145
484424102
484425562
484431758
484451692
484456003
484459065
484460684
484472294
484473713
484489553
484499805
484511105
484535561
484539482
484547468
484551319
484558681
484592151
484614058
484625455
484636344
484652986
484663035
484678578
484719431
484731154
484736629
484750222
484756488
484759981
484760407
484766170
484782082
484787546
484798310
484807091
484820329
484828476
484832012
484835487
484845575
484855449
484861730
484863138
484925565
484926111
484931058
484938873
484946782
484948262
484950974
484952041
484952962
484952974
484957693
484958113
484960627
484960667
484989560
484997382
485001100
485005237
485009988
485010658
485023272
485049979
485061245
485061375
485065458
485093656
485093702
485095164
485108643
485114239
485141801
485142460
485159471
485195876
485226829
485242344
485249911
485284541
485286978
485291708
485292246
485305073
485312766
485315548
485317522
485323137
485327946
485335969
485358272
485374828
485384252
485384672
485401226
485407614
485419803
485426423
485436483
485436616
485444130
485453767
485469776
485471439
485493597
485493794
485502131
485507899
485516415
485523326
485525391
485534126
485541588
485548809
485556654
485556689
485566105
485569984
485608301
485617076
485624294
485627156
485631415
485666482
485681243
485681251
485681502
485685303
485702250
485719685
485726390
485755975
485776544
485783595
485785535
485819612
485834805
485850682
485858032
485904433
485916174
485916664
485920885
485955871
485959963
485969989
485984461
486017515
486049300
486053102
486074574
486074655
486076220
486087127
486089854
486094068
486099861
486105304
486110473
486122016
486122555
486134342
486152711
486156744
486167085
486178557
486192789
486204794
486214097
486217033
486235687
486283352
486286324
486288687
486316689
486337139
486343909
486377758
486428971
486436217
486437027
486449357
486453265
486465176
486468005
486469940
486474698
486477203
486484299
486494830
486505558
486511584
486514790
486518123
486554290
486566813
486583495
486586802
486597823
486609966
486614056
486643147
486655951
486656263
486684629
486695398
486700848
486711834
486713835
486715822
486731927
486773374
486791499
486808986
486820039
486829611
486868397
486886648
486890784
486894788
486895792
486907823
486908998
486911595
486921484
486954215
486955417
486973366
486981432
486984544
487001066
487017293
487024908
487025177
487047626
487058144
487068778
487104288
487104433
487118812
487125944
487133712
487146294
487147816
487193582
487203033
487237237
487244862
487246049
487254917
487256069
487257272
487258679
487263054
487282859
487310005
487327220
487347804
487348351
487355889
487360192
487367869
487398124
487399540
487434077
487446460
487451719
487453554
487454808
487474690
487492500
487504312
487534499
487549371
487562687
487565752
487600132
487600192
487601362
487630626
487653787
487657351
487661636
487668861
487696285
487726660
487728943
487734280
487754193
487774091
487781825
487804683
487806029
487824878
487827525
487829347
487838922
487841170
487856083
487876745
487887394
487888328
487894950
487930191
487931577
487948586
487955463
487958929
487965431
487968862
487968910
487973935
487975170
487988672
487996302
487999199
488008718
488023788
488037935
488040887
488056632
488088491
488088638
488098433
488101631
488126592
488126998
488128848
488131926
488134799
488143549
488172812
488173031
488182564
488191707
488192887
488199339
488209479
488223695
488230995
488238516
488240695
488241811
488253610
488275414
488280112
488281471
488303748
488314922
488323546
488328025
488330939
488364255
488365473
488372012
488403411
488430606
488434013
488457907
488464690
488465345
488479435
488483566
488492524
488547632
488552303
488589829
488604557
488607519
488627507
488639188
488640936
488704900
488723541
488727263
488727836
488733604
488733811
488738216
488743879
488763620
488764296
488777004
488799582
488802183
488802691
488804745
488815630
488818423
488828732
488835453
488839435
488889219
488894752
488904693
488906519
488922489
488970725
488974367
488980647
488980685
489025237
489043668
489046531
489051182
489062947
489065316
489074276
489079239
489088091
489100941
489118165
489125010
489145802
489153751
489157091
489158835
489160836
489162946
489167554
489168447
489171496
489204919
489209569
489214222
489215941
489218020
489219709
489223200
489233654
489236209
489237218
489237871
489243064
489250895
489252016
489268261
489269179
489275652
489296100
489298667
489315185
489338934
489348294
489352356
489367098
489376263
489394841
489411654
489429574
489456022
489466023
489468512
489473296
489482542
489482758
489485636
489485657
489490981
489491264
489492691
489493667
489504398
489529554
489545799
489546051
489546304
489590125
489590763
489595689
489601639
489612122
489638170
489652711
489662880
489672008
489677704
489692587
489755404
489758440
489762568
489777511
489788064
489796045
489806875
489823528
489843277
489861490
489863302
489872589
489885010
489888445
489894730
489901373
489912169
489914630
489933525
489934791
489937406
489940721
489958555
489966228
489997674
490014292
490035269
490042202
490048290
490051341
490056685
490062438
490066404
490069227
490070774
490071660
490100515
490103631
490105638
490120084
490137610
490145887
490152041
490159432
490162325
490181050
490224143
490231008
490241989
490243509
490247128
490248508
490274838
490301510
490308907
490309212
490331042
490331950
490333910
490353275
490369395
490373212
490374730
490380380
490392158
490393989
490395636
490406543
490442146
490457072
490461807
490505810
490522973
490541437
490547004
490550468
490552129
490562677
490566989
490570841
490574052
490589647
490600201
490604740
490612067
490612480
490625237
490631220
490642158
490642807
490651686
490672008
490672052
490673015
490686904
490697714
490706417
490708190
490729464
490730423
490743826
490744442
490745534
490760739
490761573
490767283
490773408
490780181
490783177
490809121
490809824
490824498
490828973
490843430
490847510
490854801
490885466
490889410
490900376
490909849
490910765
490921755
490923030
490935192
490947757
490948063
490948091
490958464
490980835
491000596
491003979
491014542
491014556
491015828
491040798
491041524
491046118
491046943
491057230
491060148
491061760
491073912
491104595
491117624
491121859
491128678
491149292
491166045
491168619
491170024
491174114
491180153
491184519
491192760
491196559
491233813
491234082
491252608
491255908
491292161
491304232
491323880
491337323
491348637
491371822
491379079
491386942
491394614
491413182
491416195
491427518
491428234
491446101
491459847
491473750
491480475
491488198
491490340
491494574
491497090
491510610
491515394
491556803
491565959
491577898
491588093
491588636
491590763
491591518
491591578
491634182
491637073
491649319
491657555
491687633
491715463
491727613
491729698
491735424
491745485
491756556
491775160
491776826
491802635
491806023
491808590
491810816
491812096
491822435
491825219
491830686
491836486
491853969
491857668
491867307
491897739
491903087
491924917
491940952
491943459
491953953
491980576
492013161
492016398
492053934
492066369
492075754
492092861
492107537
492128771
492140175
492149138
492165524
492197770
492203489
492211842
492224575
492226064
492238042
492251185
492258779
492259813
492279643
492295872
492325118
492338033
492350580
492354697
492361754
492370573
492386254
492389307
492389488
492411215
492419511
492438798
492444605
492450384
492455299
492458291
492458389
492465847
492466271
492471454
492487334
492489750
492497227
492498388
492501932
492506715
492519064
492521876
492572260
492573904
492579664
492581222
492583455
492589477
492595740
492599737
492616749
492623646
492626407
492649197
492731851
492734248
492782866
492798487
492803304
492813784
492815189
492817198
492818858
492833302
492834298
492834706
492839772
492844208
492864194
492875001
492880952
492893301
492897076
492900253
492913139
492915243
492917109
492919266
492947432
492950174
492958998
492968844
492968943
492969530
492978653
492988049
493006171
493030528
493032757
493039993
493048071
493059747
493060420
493106536
493125191
493127763
493155102
493172509
493176823
493176972
493214222
493230868
493270148
493275187
493282467
493298722
493321551
493323476
493334380
493335121
493340007
493346791
493351038
493355644
493371251
493379504
493394189
493402349
493404847
493407902
493410508
493422507
493423577
493442249
493455895
493463653
493468664
493470759
493491390
493494077
493495134
493498481
493513430
493518049
493539509
493544143
493546550
493565485
493574475
493589711
493597730
493605056
493611669
493619421
493629789
493634225
493642978
493662304
493664282
493680013
493700908
493709992
493741101
493743258
493744280
493763448
493771911
493786747
493794800
493798145
493798453
493871197
493875826
493883494
493891379
493905855
493913688
493927988
493938987
493956166
493963429
493963859
493972214
493978224
493990533
493994789
494006310
494045930
494053509
494061076
494061238
494063462
494067006
494090106
494093537
494107544
494125137
494133512
494145698
494163757
494175791
494189716
494206032
494209031
494225133
494231399
494240237
494246536
494258026
494267875
494275414
494288921
494304417
494330780
494332538
494365974
494367357
494368643
494393424
494394405
494425649
494440888
494446961
494464647
494509301
494511775
494512752
494515141
494518845
494518858
494522740
494537508
494562417
494571675
494589771
494604279
494606858
494608721
494620579
494623831
494634551
494652623
494669513
494672640
494681027
494684909
494710013
494720842
494728184
494730249
494734717
494736938
494742436
494816954
494825106
494825817
494832227
494845495
494849429
494862126
494876242
494882840
494889984
494897018
494900242
494953458
494954555
494956086
494965891
494976895
494991117
495026638
495032796
495036925
495038737
495040558
495054209
495059154
495071227
495073329
495078343
495121315
495122273
495122936
495124475
495134314
495142608
495146224
495150234
495175670
495211428
495231747
495240321
495241428
495251013
495270425
495285882
495286213
495293632
495294526
495301462
495311873
495322521
495328411
495343932
495349031
495365248
495380908
495398875
495400861
495434484
495438199
495446677
495453109
495455078
495459552
495497573
495498547
495509381
495514435
495530237
495536265
495546418
495564116
495581992
495586200
495595632
495605828
495621957
495622660
495622973
495633507
495641108
495646178
495656300
495668107
495668773
495688220
495696695
495703329
495738700
495739701
495746472
495781336
495783690
495799128
495815322
495816686
495827514
495828630
495844525
495846085
495850253
495850899
495868961
495878188
495880078
495885575
495885621
495889480
495908047
495919345
495959549
495981493
495993397
495995510
495996208
496011757
496013010
496019349
496026064
496037785
496062805
496071196
496081166
496081564
496107029
496108036
496111299
496126408
496128455
496139473
496140197
496145100
496146006
496146501
496173330
496188934
496202334
496204356
496204998
496205663
496216243
496216313
496217133
496227995
496239029
496243381
496254612
496256890
496258732
496259395
496260865
496263035
496267816
496292989
496305225
496318212
496337011
496343927
496365903
496372885
496376197
496414397
496426656
496435464
496440963
496443718
496461950
496479154
496484008
496513462
496514967
496526492
496529397
496537293
496542671
496547786
496550326
496555614
496558641
496576415
496593877
496628362
496632851
496684183
496687998
496690102
496708917
496730961
496747117
496749854
496762810
496779989
496792277
496799330
496826917
496830959
496839591
496873579
496877484
496882405
496884218
496886076
496899442
496917167
496922273
496922786
496924752
496928350
496932940
496938116
496951413
496983618
496988580
496989220
496990301
497018303
497021739
497033396
497059758
497077442
497079779
497085631
497117335
497132385
497139458
497152247
497154689
497171525
497181918
497186689
497200792
497206698
497212384
497218903
497225628
497229239
497247624
497248223
497257288
497258135
497272406
497323257
497324280
497324949
497336639
497348897
497362199
497376186
497377270
497383507
497383847
497411366
497418710
497425748
497454812
497466680
497495247
497498736
497505621
497509473
497522990
497525565
497542226
497543606
497583360
497589394
497597772
497618471
497628500
497649413
497665932
497666570
497679055
497681087
497690065
497691940
497734648
497735684
497737239
497740290
497749928
497758847
497772980
497792571
497795358
497814048
497837829
497845827
497853976
497869791
497870314
497921733
497926667
497946750
497966961
497979289
497987530
497992910
497998226
497999454
498002060
498003353
498015638
498034062
498040762
498041295
498104030
498113098
498125463
498141227
498144563
498165016
498168002
498169871
498180674
498194046
498206049
498216304
498219240
498230498
498235377
498236988
498240613
498241102
498242685
498261353
498265090
498286227
498314416
498315754
498318102
498352778
498366725
498380190
498382014
498400326
498404752
498409606
498409879
498428461
498440664
498443549
498467109
498479583
498487251
498495715
498496311
498497230
498521983
498546527
498550871
498574303
498582454
498587347
498591307
498614226
498616831
498652755
498660438
498665687
498679063
498682083
498682460
498684525
498686370
498690130
498696070
498699619
498707354
498717006
498727476
498731796
498754511
498768508
498769655
498773226
498794958
498795013
498795755
498805803
498805859
498814027
498837301
498838592
498848186
498866115
498871781
498914272
498915951
498936923
498957433
498967125
498967249
498971282
498974655
498992400
499007258
499020184
499034239
499039585
499040251
499042761
499063527
499071662
499078384
499081523
499095525
499098845
499103599
499114683
499116741
499119343
499121204
499182261
499189634
499199643
499251732
499273330
499294046
499308999
499309478
499330372
499341975
499348640
499366337
499377622
499385134
499388340
499402577
499413354
499426021
499439867
499442818
499457580
499468171
499468906
499477570
499477911
499539651
499544260
499590422
499592188
499594094
499608981
499613752
499622068
499624923
499630517
499640256
499652950
499662800
499664840
499667178
499680319
499690129
499714110
499787386
499788689
499791248
499818687
499823438
499832447
499864141
499878112
499887982
499909172
499910455
499919367
499971523
499975140
499979474
499984663
499985637
499993963
499998023
500012135
500034022
500039427
500040886
500042827
500047686
500048512
500059542
500060111
500062195
500078394
500094659
500124046
500129364
500149847
500155407
500189912
500191012
500197387
500216942
500228694
500244568
500259939
500269036
500277586
500281266
500306478
500309609
500332044
500354596
500359337
500366561
500377234
500393985
500397258
500400400
500432332
500443008
500466248
500474251
500488513
500502818
500508676
500553078
500555132
500555436
500566836
500575477
500579737
500580750
500585170
500600603
500611800
500612917
500632147
500648850
500654135
500659782
500662731
500667021
500674811
500675272
500687045
500688992
500723553
500724469
500726746
500745399
500753496
500773425
500785829
500808635
500810595
500824135
500829293
500832052
500837819
500842623
500860332
500866511
500870421
500877021
500877592
500887540
500896417
500897653
500898931
500900865
500904265
500919340
500933447
500937617
500997266
500998490
501006121
501009459
501022473
501023829
501026083
501036464
501054591
501062236
501064808
501099025
501106682
501150033
501154103
501166847
501174987
501181404
501199580
501202148
501250220
501262878
501268572
501272688
501293207
501294447
501294633
501304109
501321715
501326646
501339819
501339952
501340646
501345698
501346785
501354018
501355620
501361125
501363289
501402247
501404794
501428080
501448834
501488151
501489779
501498184
501502171
501508046
501510180
501530700
501531873
501541512
501543821
501547942
501553081
501559838
501572902
501586051
501628330
501640823
501643405
501658152
501660393
501676403
501688624
501696890
501705165
501711081
501718659
501741824
501766285
501768330
501771389
501773292
501777107
501780277
501780832
501799811
501817437
501826849
501833627
501850109
501862100
501877283
501879526
501895885
501915774
501922246
501930847
501933339
501939854
501941782
501944713
501954577
501961322
501964817
502005747
502019478
502020772
502035786
502038581
502043915
502044223
502056803
502060878
502084080
502094604
502096866
502097457
502107224
502114816
502117265
502128687
502138066
502142390
502168067
502177534
502202642
502206602
502208962
502234536
502250861
502256143
502276412
502276515
502288025
502289764
502293755
502296118
502296407
502303372
502306791
502314067
502333795
502374556
502381017
502391494
502397072
502399258
502407894
502419838
502466723
502467467
502487251
502491849
502492489
502499882
502508638
502522585
502523311
502550576
502568784
502585748
502587536
502588163
502596274
502617481
502645780
502652201
502653031
502668184
502679281
502700347
502702478
502706914
502712113
502723395
502733685
502742205
502743623
502750980
502753379
502758345
502776193
502779423
502791468
502795662
502799753
502802296
502805972
502822901
502822964
502824933
502840680
502854878
502859542
502865324
502873491
502894935
502911236
502919378
502940540
502947411
502988237
502998963
503001101
503031269
503035487
503065787
503094468
503102919
503116182
503126342
503128038
503128092
503156249
503158502
503176935
503181324
503184993
503204814
503218684
503219221
503220836
503225074
503253543
503253660
503262718
503301882
503314060
503315722
503320253
503325058
503325573
503350584
503373831
503375152
503390402
503395367
503397677
503401802
503411461
503412767
503415036
503415943
503421119
503422213
503422235
503422626
503423601
503428209
503468878
503475168
503477004
503489482
503494607
503495001
503517935
503520854
503554938
503556510
503573096
503577075
503577409
503582236
503582486
503587997
503603406
503656547
503675976
503683823
503687172
503693829
503709450
503710333
503714377
503741695
503784815
503794842
503801425
503851188
503852339
503854669
503856693
503904159
503918899
503928412
503937672
503949875
503967539
503987097
503989285
503999473
504000395
504013971
504018848
504029067
504047525
504057970
504062041
504062753
504075628
504082521
504095105
504109131
504137797
504154768
504164922
504165690
504194117
504207617
504210960
504215948
504232684
504235393
504237350
504241823
504260062
504264605
504268091
504348216
504354337
504387182
504394222
504409576
504413852
504415211
504433689
504469258
504473299
504482642
504487523
504510823
504523520
504529881
504531147
504531212
504539772
504550031
504554933
504575127
504579292
504581116
504581466
504586144
504609185
504610229
504615211
504631918
504655689
504666961
504668569
504670814
504675240
504680081
504685916
504703357
504703512
504704583
504709560
504713056
504726730
504730184
504748410
504750981
504763106
504764896
504778459
504780848
504783380
504801211
504802629
504818825
504844889
504893634
504901170
504904287
504912610
504914123
504932122
504934273
504935455
504937621
504960052
504964436
504968435
504971323
505001057
505007583
505024943
505027552
505032316
505033937
505036052
505039209
505058449
505082432
505091977
505096835
505107064
505116152
505117882
505117888
505119291
505135172
505152897
505154137
505174756
505208015
505223642
505226295
505242505
505248185
505249910
505256304
505257695
505292001
505298646
505299435
505302155
505312424
505314822
505318025
505321664
505334127
505334820
505345976
505358731
505418001
505418154
505437657
505439261
505439405
505441536
505448401
505450270
505463155
505465076
505466649
505476671
505499519
505546614
505549860
505550942
505553389
505553499
505565959
505567943
505584650
505601190
505617780
505637414
505644599
505651214
505659410
505660850
505663676
505678735
505684761
505690865
505699152
505720509
505725249
505726615
505731294
505736724
505739970
505742080
505744220
505745496
505749948
505755640
505763985
505793674
505805022
505837977
505843716
505883312
505883339
505892781
505901045
505916082
505934869
505936396
505949514
505949515
505961099
505968354
505972860
505976524
505982285
505994816
506005695
506031031
506039360
506044242
506045649
506050710
506056428
506064053
506069949
506079717
506087252
506090410
506090955
506096159
506115937
506123572
506123767
506136090
506144002
506145435
506157003
506178290
506179403
506180440
506213313
506214268
506214350
506224563
506228795
506232563
506236625
506243013
506269746
506270581
506272769
506290580
506292537
506305392
506308030
506323418
506335974
506352692
506380117
506386696
506395340
506401696
506406500
506419981
506443012
506468645
506472104
506517692
506521939
506524374
506531940
506550049
506555447
506566756
506575713
506580583
506587481
506587707
506588352
506596486
506602169
506602795
506607748
506608970
506610583
506613123
506621583
506640305
506645771
506667877
506676944
506679448
506681144
506683632
506690146
506693002
506729817
506740245
506756964
506760364
506764236
506767436
506772823
506800776
506820183
506822909
506830274
506830582
506843669
506844510
506847569
506863150
506863986
506868687
506878669
506900773
506908497
506975671
506976307
506998517
507005830
507009627
507021953
507052689
507059453
507065202
507089527
507091905
507104437
507109500
507114734
507142434
507145261
507159817
507200280
507213709
507247192
507255223
507271959
507274338
507285059
507290281
507299977
507344094
507350135
507352229
507358426
507360463
507367458
507416924
507423575
507453965
507455493
507460279
507463694
507471189
507487083
507495429
507496115
507501879
507517027
507522083
507523070
507528487
507539549
507553907
507556142
507588664
507597051
507608731
507613482
507621530
507626144
507634325
507638829
507674772
507716231
507725731
507727488
507734282
507737336
507741101
507741995
507744612
507749863
507759580
507762895
507809116
507818115
507819424
507820871
507829261
507830143
507854714
507871686
507876523
507884458
507888159
507892872
507895907
507895958
507898494
507901122
507916803
507920284
507926788
507930237
507947772
507955841
507960446
507965990
507995678
507998455
507998549
508007609
508017697
508023295
508029853
508064848
508071742
508076498
508092742
508100878
508107111
508111228
508112011
508143242
508157139
508177086
508192661
508194256
508194956
508233803
508234543
508242211
508294823
508298335
508303222
508320361
508321595
508328353
508336732
508337734
508357218
508364121
508377340
508454847
508460658
508476288
508477479
508481415
508486913
508508391
508521806
508525653
508535509
508538528
508562027
508567486
508572047
508577955
508583605
508601530
508605055
508608302
508613896
508618313
508629375
508639612
508648486
508648510
508652034
508657399
508662096
508664022
508677466
508679903
508684280
508705858
508708536
508709453
508713606
508753239
508754925
508756794
508758559
508768089
508785169
508795609
508796073
508804272
508809410
508834079
508838233
508839220
508843721
508844787
508858622
508862023
508864193
508875226
508885450
508898227
508919312
508920470
508922605
508930333
508963244
508976575
508978390
508980595
508982072
509006699
509009720
509011518
509036247
509073300
509079542
509107977
509109242
509126552
509152240
509158372
509165602
509168690
509170869
509172229
509177366
509181267
509184016
509188056
509201724
509216872
509224066
509224077
509263251
509265378
509294391
509305980
509309911
509314827
509320454
509322087
509353631
509355845
509357534
509370007
509378885
509397749
509401094
509409566
509412368
509412870
509429188
509433132
509433487
509452206
509454670
509458948
509470166
509473080
509477372
509478454
509492730
509499264
509506371
509535230
509545869
509548084
509550262
509554706
509556352
509562151
509567397
509602536
509602677
509606946
509611049
509612705
509612982
509619947
509628540
509683124
509708396
509709245
509709417
509717350
509723619
509734833
509736532
509736543
509742876
509755693
509755990
509761083
509765459
509810325
509812372
509832821
509840117
509877268
509894261
509902780
509912436
509917366
509921459
509925191
509928565
509929167
509939468
509941996
509946209
509954259
509963891
509965042
509970513
509976145
509985467
509988787
509996116
510019343
510034503
510040216
510040474
510063695
510076094
510081303
510083360
510086329
510091665
510126044
510127223
510129842
510150311
510167111
510172871
510173055
510249214
510249323
510252001
510262196
510268965
510278364
510287606
510295037
510303518
510309759
510320329
510322356
510328247
510338077
510339919
510343586
510366722
510376968
510384655
510398845
510403800
510416351
510420709
510434734
510439993
510445035
510450886
510503118
510515383
510519712
510530866
510536127
510555749
510559324
510582027
510587352
510613431
510623975
510626648
510629362
510669506
510672423
510674176
510676607
510678462
510686706
510709295
510714291
510719505
510729687
510760777
510769247
510781523
510782626
510804926
510809450
510837299
510839180
510842034
510852574
510861477
510903510
510904403
510910053
510914718
510933489
510935047
510958098
510970461
510975040
510991750
510996235
511002357
511020546
511037638
511041417
511044235
511046717
511057608
511062422
511079187
511088495
511122327
511126558
511132723
511137450
511141258
511150404
511162899
511163755
511166150
511174100
511177685
511180080
511181781
511194851
511195723
511198937
511204276
511215785
511225885
511235039
511235461
511248556
511274716
511315191
511338131
511348033
511355778
511360918
511381156
511440511
511442988
511463838
511470510
511476167
511500920
511536506
511536759
511538402
511538559
511539602
511548024
511553531
511568302
511584393
511589673
511598344
511598621
511617365
511649684
511652734
511666462
511673773
511689727
511693055
511693633
511703122
511705593
511711429
511712468
511715954
511721321
511733341
511735760
511743328
511753121
511780878
511784338
511813156
511821956
511831221
511840152
511869232
511882565
511899648
511919362
511927899
511936380
511947902
511961169
511975586
511997037
512021320
512025817
512041572
512043798
512046774
512048811
512064002
512075467
512085965
512098568
512115649
512147836
512150215
512150285
512151273
512160316
512160488
512174137
512177635
512185091
512199987
512216134
512221029
512238867
512260440
512261801
512264133
512277952
512278925
512281653
512305438
512310361
512328752
512349857
512357986
512360539
512375936
512376067
512383863
512385402
512385720
512394571
512423105
512428397
512446115
512452996
512465999
512472023
512499281
512512071
512525157
512541521
512555272
512557303
512560779
512577563
512582461
512586947
512596201
512618907
512634044
512643893
512654517
512657412
512679850
512691185
512727090
512729546
512744655
512745957
512758699
512805755
512822049
512822265
512874149
512897720
512936336
512968711
512973202
512999157
513021617
513022255
513024630
513028220
513037747
513045007
513054446
513059588
513107656
513121727
513136657
513144634
513149603
513154615
513187117
513187473
513203516
513225682
513234608
513250317
513272854
513285977
513290841
513295216
513319233
513338479
513352950
513353204
513365022
513375966
513398291
513404714
513416931
513438084
513442084
513509986
513510146
513521574
513533834
513536313
513536547
513544235
513544329
513555339
513565611
513571876
513585742
513600060
513602175
513616589
513630930
513645796
513648224
513658120
513659859
513682336
513690776
513734239
513734518
513735117
513769618
513774883
513778436
513778809
513791636
513812740
513815129
513824035
513830933
513852912
513865106
513871148
513871273
513871857
513873316
513874662
513906166
513909508
513937370
513958864
513968258
513971152
513981079
513998811
514008575
514022011
514041927
514048213
514055747
514065094
514074306
514089656
514091696
514100866
514105474
514107880
514110369
514115255
514141146
514146739
514154389
514195590
514201911
514207912
514241644
514242880
514253585
514272835
514273023
514279875
514282576
514287900
514310338
514327329
514358086
514402452
514402728
514419439
514437038
514439180
514440444
514454003
514456816
514461736
514463964
514494222
514504727
514506715
514510578
514514998
514526055
514533913
514581065
514590312
514591841
514624685
514650974
514663743
514682237
514693240
514694335
514701157
514703844
514704438
514712721
514719994
514742396
514754884
514788326
514789923
514801486
514806910
514824479
514829974
514833670
514834617
514839826
514850337
514853941
514857763
514919366
514926244
514933184
514933754
514941333
514946510
514964386
514969799
514971951
514985151
515002294
515014640
515014840
515016878
515038162
515066468
515067429
515084862
515085804
515086131
515091001
515094996
515101967
515103006
515106358
515124353
515124756
515126936
515127363
515131541
515135384
515142982
515149098
515157025
515179609
515186344
515189675
515205614
515223986
515228254
515239576
515244495
515245298
515250102
515256737
515263636
515266397
515267957
515275359
515275712
515281571
515361370
515383383
515391907
515392385
515417590
515425625
515449654
515458449
515459627
515467209
515468357
515476148
515476635
515487406
515491549
515496861
515530208
515537629
515540033
515559718
515564785
515566867
515567974
515568430
515568703
515571632
515596155
515607934
515613724
515616812
515645273
515662228
515679869
515693613
515694019
515761012
515785603
515791515
515794893
515834846
515840499
515843967
515848174
515853543
515859952
515862761
515865317
515870080
515879357
515879421
515882625
515886743
515890049
515906577
515913893
515921440
515929436
515942039
515944650
515945698
515946859
515947690
515959238
515972518
515976294
515994524
516016876
516022287
516032824
516044770
516048315
516054356
516054871
516068485
516069176
516072173
516085048
516101965
516114920
516116794
516159884
516179147
516183062
516191860
516194333
516198828
516206244
516226095
516226245
516227420
516240016
516241016
516241943
516268317
516275274
516284746
516332974
516369143
516370030
516379984
516391374
516393885
516400283
516402925
516409312
516422163
516425220
516427244
516429932
516438291
516438763
516448108
516450565
516450838
516503728
516509220
516510371
516510745
516518890
516528927
516559312
516560446
516577267
516601806
516602795
516614511
516628125
516629827
516634410
516634779
516644254
516655017
516659493
516672336
516681252
516684549
516694911
516700745
516704652
516705303
516717193
516717199
516718672
516726700
516743036
516746805
516748539
516766386
516767556
516782976
516806430
516811859
516822635
516825324
516828782
516831548
516833589
516834759
516844189
516852016
516854247
516860011
516878714
516884411
516886460
516890284
516906083
516910861
516926394
516942878
516947317
516950425
516961547
516973728
517024137
517030374
517060200
517084181
517096241
517097691
517128685
517139297
517139415
517164333
517169065
517199754
517212627
517215079
517227338
517240468
517247693
517262122
517280481
517286265
517288865
517289880
517299482
517300595
517308205
517322686
517361317
517374366
517374420
517376913
517388623
517391899
517392045
517393465
517394506
517397356
517403013
517405646
517457876
517459518
517460873
517461198
517473440
517477554
517489854
517527370
517527910
517532181
517559346
517559918
517563485
517569929
517571266
517573583
517578030
517582711
517583876
517597665
517601698
517602974
517612004
517621826
517624354
517634804
517640626
517654113
517670877
517679695
517686395
517692433
517725977
517759368
517764650
517770520
517775020
517783016
517785606
517792963
517797997
517812678
517822705
517822788
517832126
517843024
517864202
517866376
517895182
517895946
517900102
517900592
517904270
517922495
517924007
517948224
517949286
517954647
517956312
517962144
517971034
517979589
517985421
518002566
518005168
518011654
518018105
518018252
518029199
518035327
518068601
518077256
518079205
518101298
518116078
518124866
518152362
518156802
518183956
518216917
518217431
518270784
518286638
518289819
518314990
518357931
518363834
518372343
518376887
518439626
518465853
518466782
518487967
518492070
518517735
518519333
518521305
518529896
518548940
518564717
518565027
518576247
518578315
518595496
518600059
518631758
518642602
518663809
518666274
518674279
518676436
518682619
518701790
518714326
518716579
518753816
518781038
518796094
518822538
518841267
518847013
518850707
518860602
518861240
518863918
518878440
518883355
518890897
518892217
518899203
518904652
518905198
518938631
518940549
518942082
518971555
518976264
518977718
518995715
519024098
519032536
519045204
519047578
519063089
519074888
519089989
519103781
519107909
519119146
519119594
519123801
519126073
519126695
519166352
519173659
519174172
519183623
519184009
519184233
519185159
519186875
519191290
519191711
519192771
519208897
519210580
519215864
519233063
519252113
519258390
519301820
519306332
519306506
519316259
519321168
519321908
519325368
519373074
519379541
519382066
519385193
519385801
519390416
519393690
519406769
519410079
519425371
519426590
519428725
519447476
519448417
519465027
519490821
519500836
519503045
519514553
519516072
519524594
519531074
519534927
519536409
519536949
519564888
519569933
519578820
519597515
519607444
519611186
519666189
519668693
519675043
519678998
519712939
519719099
519725217
519733144
519742441
519781583
519789178
519818484
519821659
519829423
519831294
519836377
519837966
519842407
519851180
519856361
519857466
519858929
519870961
519872535
519879627
519899681
519906583
519915203
519926598
519930351
519945830
519958923
519959891
519960990
519966904
519983814
519984511
519997029
520011866
520024252
520038632
520042121
520043316
520068485
520084776
520121391
520128491
520130790
520136319
520144865
520151319
520167301
520179243
520183415
520193080
520201340
520212807
520219580
520221239
520221411
520231622
520234150
520251999
520256258
520257239
520263527
520291891
520304426
520318959
520320584
520365459
520369863
520374945
520387745
520388644
520400358
520407499
520411860
520412641
520432741
520438602
520446221
520455144
520464211
520494148
520502881
520503224
520505599
520522056
520529637
520533567
520538130
520543802
520550641
520561693
520608895
520618518
520619962
520620077
520631679
520646137
520655756
520658456
520661612
520676285
520676858
520680411
520686482
520692379
520697983
520707808
520715960
520745835
520755964
520766655
520776714
520792546
520796967
520810722
520818220
520826925
520830543
520834946
520862889
520865364
520871252
520877404
520887913
520893250
520898099
520903704
520929407
520955182
520970180
520982140
520990409
520996967
520997927
521005113
521006744
521006821
521026449
521027570
521030189
521043489
521049756
521070487
521085764
521106261
521116740
521117451
521128142
521131151
521137904
521139699
521163610
521170993
521181481
521185236
521193085
521194770
521206287
521220910
521233329
521275150
521276920
521307678
521320270
521321868
521323644
521324917
521342126
521344350
521348140
521360452
521367530
521376707
521407369
521408457
521414072
521443651
521468942
521471507
521499540
521504461
521512263
521523203
521525280
521531341
521535801
521545204
521548128
521565680
521578956
521624191
521625008
521627512
521632943
521639121
521642192
521682994
521697235
521704468
521707715
521726902
521731196
521749198
521751778
521766132
521769310
521778953
521786399
521820120
521840327
521843911
521844643
521848563
521861045
521867886
521884319
521884456
521895261
521926729
521938163
521938615
521939510
521944404
521945799
521956119
521957659
521962810
521969867
521986643
522007677
522017159
522043889
522049321
522064774
522065607
522067850
522070054
522096483
522103690
522107088
522112693
522125184
522141483
522170132
522174547
522184438
522185309
522188811
522197241
522199811
522212913
522219991
522234013
522240749
522243193
522244734
522246959
522247983
522260800
522284239
522287153
522288772
522315208
522317282
522369235
522374635
522379397
522382432
522387843
522390819
522426974
522438061
522442956
522460778
522490176
522515458
522525930
522528116
522529986
522545164
522546041
522562059
522600326
522605603
522608807
522610500
522639534
522652034
522664079
522679658
522680278
522690022
522711983
522718379
522728139
522730171
522736445
522741515
522785345
522786635
522789784
522794133
522806385
522808879
522813014
522821284
522828355
522835444
522845143
522850049
522875821
522883233
522888086
522895774
522901420
522902041
522917095
522919740
522920875
522948776
522952423
522987572
522989093
522989357
523015203
523055940
523058315
523066580
523073379
523101739
523107963
523124925
523141783
523150515
523156644
523170799
523188744
523198783
523202718
523220031
523230267
523249127
523251960
523257626
523261768
523279904
523281106
523298205
523302304
523309513
523313205
523347832
523347947
523351867
523376313
523377305
523440375
523442940
523450920
523453204
523458203
523464505
523488442
523489265
523504338
523510742
523514909
523522925
523529842
523536482
523539913
523579570
523603446
523634013
523652557
523654519
523654789
523673035
523682689
523692248
523713060
523730741
523737743
523756360
523769623
523773847
523783263
523785693
523797549
523817333
523821509
523832372
523874113
523918659
523924204
523931680
523937701
523943891
523946529
523948060
523952847
523961507
523972635
523973457
523981067
523987944
524000516
524002707
524017237
524023984
524026852
524027137
524027429
524031155
524035410
524063544
524064275
524069547
524083920
524092099
524093969
524097036
524097532
524101848
524114560
524121555
524129994
524133491
524146623
524161461
524170854
524179815
524182606
524184347
524204122
524237873
524241473
524250366
524271654
524280121
524310363
524335899
524339272
524373538
524393116
524397922
524398066
524402352
524411097
524413332
524421209
524434718
524438902
524463661
524492570
524515052
524539867
524555437
524571783
524621839
524635530
524635734
524647370
524659525
524660739
524680117
524737521
524742426
524745840
524755679
524757176
524768312
524783162
524784841
524800528
524801485
524813329
524818947
524838684
524839474
524842042
524859013
524864893
524865148
524868625
524872065
524873619
524901477
524926207
524937188
524946204
524959187
524964321
525002643
525005811
525006491
525014523
525024352
525024781
525035712
525035905
525037184
525042929
525084976
525086416
525105104
525108247
525109335
525115709
525144802
525195179
525206306
525224585
525253374
525254044
525259223
525280290
525302192
525335042
525355319
525375129
525384578
525413298
525414783
525415653
525416777
525431307
525431565
525437635
525448237
525478213
525489881
525507253
525518284
525577048
525607219
525616664
525635454
525636269
525651861
525657352
525657709
525660061
525686012
525687267
525692030
525692514
525694158
525723172
525724652
525725964
525741139
525758269
525765339
525772408
525793426
525825408
525845009
525860497
525866698
525892454
525903836
525904046
525919345
525923359
525924169
525931008
525933460
525960345
525974895
525977370
525986957
525990805
525993922
525999373
526006885
526016596
526019378
526021281
526023067
526023728
526039131
526054771
526080485
526085501
526102269
526105833
526108472
526109289
526109855
526116229
526123063
526124838
526125171
526126609
526128353
526136096
526156985
526168021
526180751
526190288
526197212
526200229
526203650
526225763
526252697
526258154
526271853
526280458
526291162
526296467
526300648
526309756
526329982
526346248
526347712
526363168
526379050
526379583
526390674
526399282
526405030
526422287
526422374
526429907
526461491
526469425
526474200
526474950
526483147
526493458
526496826
526500080
526512188
526519344
526522876
526535564
526565100
526567593
526595897
526599486
526606270
526619559
526629336
526678235
526688529
526691984
526694661
526706244
526710245
526726232
526727042
526759512
526782684
526784464
526786392
526828335
526843350
526865510
526879286
526888320
526888897
526892152
526903075
526904333
526914744
526937488
526941030
526957288
526965593
526979936
526990892
527001060
527003477
527028503
527041985
527066698
527069900
527087786
527090831
527093449
527149212
527160597
527168112
527187728
527196571
527244828
527250250
527264223
527274272
527278073
527279369
527282228
527284927
527299644
527329131
527332043
527332163
527369299
527370806
527384105
527394639
527406511
527409685
527419639
527457270
527459827
527471695
527476194
527488402
527491104
527521957
527524743
527538232
527549809
527551861
527567211
527570937
527570992
527574687
527578148
527581519
527592091
527599458
527603987
527605224
527635913
527656510
527661015
527662843
527668052
527668587
527668863
527670479
527674377
527680040
527694579
527703021
527709507
527723412
527727293
527737827
527739081
527739576
527741221
527745227
527759702
527786397
527797839
527798348
527807553
527819596
527821828
527834612
527837020
527851626
527866659
527871911
527879608
527883419
527897690
527909943
527932237
527941972
527944319
527945664
527949457
527966195
527969016
527975810
527986366
527990316
527998111
528021193
528023868
528029003
528034807
528038926
528041754
528055217
528087849
528093895
528112298
528140065
528142377
528173330
528207673
528214589
528222281
528222364
528226883
528240456
528245145
528252908
528255821
528300116
528305573
528312895
528314878
528322212
528342135
528345476
528348056
528353920
528378573
528383514
528429393
528437381
528447668
528462052
528468532
528475272
528478602
528480141
528502703
528504503
528513801
528534197
528565723
528581496
528588472
528608405
528620492
528627897
528636810
528638693
528642255
528643299
528650716
528653128
528660137
528668025
528694474
528706524
528714173
528737147
528754095
528761349
528761551
528785167
528789215
528794469
528806605
528833204
528843421
528868698
528890502
528895828
528896228
528896865
528906678
528911310
528917076
528929209
528934554
528945300
528968729
528974743
528978672
528985799
528995845
529005598
529015958
529022903
529044926
529055583
529074082
529078584
529095001
529104003
529170276
529175167
529175407
529191611
529217376
529218001
529229435
529252376
529255489
529257733
529262244
529283878
529303582
529320355
529338767
529342167
529362018
529363226
529411157
529432341
529435202
529480794
529515493
529538356
529547771
529548463
529549016
529549506
529559264
529568771
529570606
529587836
529600686
529611823
529629249
529630383
529644928
529655857
529666724
529677446
529689800
529705985
529713041
529716763
529721662
529729770
529754521
529763244
529768182
529771938
529773808
529790956
529811923
529820524
529821760
529824163
529833377
529873600
529878747
529896978
529923829
529928469
529940702
529950476
529963140
529966035
529976741
529977948
529980849
530054035
530081826
530104471
530106267
530109843
530111227
530122471
530126033
530126128
530132746
530170220
530178104
530185226
530199509
530247948
530264391
530267537
530289426
530302176
530304780
530310264
530353024
530367044
530371334
530373724
530378230
530388115
530396935
530398287
530402488
530426731
530427875
530437015
530444876
530445447
530447399
530447925
530456912
530471411
530479238
530484300
530493294
530497335
530515260
530523599
530533784
530539785
530556454
530556813
530566463
530570735
530601812
530612938
530627670
530634036
530645082
530671355
530679238
530680199
530701021
530719448
530726531
530726882
530737051
530740364
530777737
530784302
530805205
530809068
530819970
530821775
530834046
530847285
530864084
530875093
530879024
530881449
530894013
530896927
530901678
530903608
530913983
530916504
530917865
530921235
530923399
530931822
530944874
530972242
530984155
530999545
531003214
531011703
531017403
531026481
531049465
531057343
531058462
531060201
531071438
531088339
531097017
531101078
531113446
531142064
531142687
531143661
531177094
531187187
531192494
531193092
531193196
531196012
531200042
531206520
531245528
531247074
531277310
531277412
531284834
531298497
531306610
531319332
531324504
531338451
531346590
531356293
531380326
531389202
531397484
531411470
531426078
531434234
531436908
531441099
531463398
531465563
531466862
531488347
531506919
531516130
531550702
531551539
531561010
531564615
531566274
531569124
531584507
531584640
531598452
531609936
531620466
531634408
531635051
531644018
531654427
531655209
531664862
531687685
531688367
531726613
531738021
531739998
531767728
531797534
531828029
531836470
531849469
531851019
531879148
531884160
531887163
531897704
531909602
531919000
531937420
531942040
531954510
531964006
531966964
531994702
531995932
532006016
532022349
532023093
532034149
532038636
532094971
532097127
532109450
532140709
532150341
532150763
532169576
532174601
532176210
532177999
532181767
532188594
532208760
532220459
532221947
532223659
532261820
532264033
532270814
532273481
532282227
532291462
532308936
532322326
532337191
532342226
532354129
532354764
532356415
532369114
532369391
532378574
532468224
532481561
532491490
532504008
532511185
532514493
532517444
532527600
532548383
532558103
532568233
532585589
532587375
532594995
532598167
532612123
532612718
532617929
532629685
532632587
532647817
532677024
532680079
532686840
532690137
532691607
532709188
532715316
532720677
532725602
532727832
532740662
532744037
532744153
532750696
532750829
532800265
532810486
532829918
532837554
532840511
532855550
532861263
532861721
532868035
532870674
532873398
532878394
532890855
532908141
532916863
532921341
532931850
532940394
532941889
532948408
532949798
532959896
532968220
532989736
532993024
532997620
533020721
533023739
533042847
533053293
533065602
533071562
533076200
533110110
533114256
533122352
533135322
533137093
533141380
533143561
533144062
533156715
533169566
533169698
533174924
533177500
533185357
533191004
533205289
533207315
533231618
533232595
533245554
533252402
533258135
533265594
533276011
533283246
533294254
533306949
533312473
533322377
533322572
533328665
533341176
533343092
533343176
533345632
533350588
533360175
533391113
533394436
533414787
533431382
533445887
533461891
533471462
533483935
533497466
533537687
533538976
533543503
533573519
533578658
533591313
533603996
533619903
533621619
533623362
533632477
533647577
533653683
533694180
533695447
533698631
533699407
533705880
533711025
533724837
533730385
533750016
533753589
533763357
533764288
533770549
533770771
533786839
533787823
533792805
533803004
533805652
533805821
533806952
533821935
533822541
533838260
533866899
533871462
533882487
533883366
533908542
533917200
533946187
533955202
533956119
533958562
533988109
533999819
534001221
534022627
534040852
534041225
534052022
534052079
534063281
534081343
534105187
534122305
534144929
534159170
534182163
534190281
534216245
534238760
534264457
534269372
534270820
534324220
534339251
534344063
534347578
534385424
534393904
534407457
534418434
534441811
534451801
534453873
534490486
534503002
534511586
534538294
534547456
534571626
534582275
534590986
534602515
534611384
534626118
534642801
534654994
534674761
534675681
534681728
534682691
534698429
534698648
534700780
534710598
534715930
534737406
534773741
534774281
534785303
534798786
534809090
534817996
534830792
534831723
534838445
534850343
534860993
534865667
534866055
534891716
534895841
534901463
534914330
534917736
534954192
534960979
534986557
535012137
535021305
535025791
535031707
535055839
535068346
535079656
535093804
535096962
535104348
535114379
535128754
535128823
535130234
535134832
535140859
535157336
535181731
535183620
535193218
535202100
535205742
535207674
535213177
535226139
535263124
535269708
535288163
535313433
535325558
535326552
535336772
535337156
535353558
535370789
535373441
535373450
535388432
535412684
535415803
535419246
535435874
535438941
535442043
535442688
535443397
535460876
535487022
535487933
535491159
535515455
535515473
535540845
535543655
535572637
535572739
535580936
535582537
535609585
535630305
535649328
535653866
535657976
535663020
535668024
535695090
535695454
535712283
535735682
535739821
535740020
535748692
535751377
535755108
535779287
535784039
535788322
535790647
535791283
535793995
535828026
535830070
535851586
535862034
535865301
535880361
535880488
535883713
535896510
535897680
535910584
535913492
535937749
535940545
535941212
535950805
535958231
535975352
535975912
535977011
535983483
536010612
536019896
536023493
536047010
536048228
536056647
536067914
536076015
536080399
536090409
536093087
536122996
536126641
536136466
536157883
536160673
536172274
536175073
536186025
536198159
536206925
536207244
536207416
536223140
536250010
536259032
536280133
536311752
536321814
536334602
536340581
536360386
536369590
536372842
536373742
536379015
536383382
536397298
536407359
536411612
536415406
536428662
536439772
536442749
536456939
536459335
536462018
536484275
536484906
536506357
536521578
536538111
536540102
536543960
536559720
536560069
536569153
536573718
536595546
536623718
536624022
536639850
536640617
536649906
536671665
536684003
536688590
536700310
536705362
536708939
536709404
536716663
536739294
536774841
536811004
536842134
536842818
536858219
536864136
536864711
536873574
536878021
536879256
536894562
536904460
536920466
536924159
536934370
536941698
536964257
536965081
536977955
536978114
536978604
536982882
537015425
537036140
537040168
537042346
537050527
537056294
537082426
537088176
537116474
537133511
537142997
537167068
537180795
537196880
537232508
537245855
537248353
537289737
537290178
537333488
537340794
537359588
537370958
537372418
537378001
537381582
537417815
537423182
537450903
537466130
537476255
537482827
537491060
537494610
537512654
537543284
537559565
537565480
537565753
537567775
537586438
537594028
537607909
537614243
537615610
537640623
537649785
537654173
537670057
537679142
537700171
537706349
537708253
537719864
537721680
537726916
537739239
537743629
537748117
537766788
537771690
537793528
537820020
537825303
537832379
537833394
537860485
537862916
537865500
537870482
537873970
537879074
537881479
537900943
537902459
537906813
537907423
537912956
537917717
537918665
537921520
537921797
537933569
537945118
537958661
537958922
537968259
537983226
538019997
538048920
538072536
538083031
538087711
538090133
538093708
538095997
538109326
538110099
538115365
538122660
538125847
538130811
538146308
538150710
538168361
538179823
538179864
538181965
538184471
538205348
538228918
538241766
538263187
538272737
538274741
538285705
538289857
538290676
538302946
538319474
538320409
538321040
538322434
538339769
538353114
538358815
538365423
538367291
538369189
538380455
538387686
538397931
538398864
538405395
538416570
538438066
538449278
538460123
538517457
538521352
538525081
538543769
538557650
538559990
538563114
538600175
538621242
538629488
538649342
538674433
538716039
538721956
538722394
538745765
538747217
538757641
538758196
538764242
538765542
538781682
538796978
538800560
538830120
538853357
538858549
538861668
538873120
538888412
538898075
538906374
538912210
538927201
538966327
538991882
538996195
538997128
539017002
539040354
539053549
539103708
539107913
539109085
539113063
539119095
539128796
539133605
539135566
539136023
539146667
539158294
539168762
539173630
539194629
539200253
539220736
539232808
539234634
539240255
539255249
539263863
539278735
539282428
539282805
539289070
539292012
539298944
539301163
539311183
539312022
539313374
539314448
539331186
539364383
539371787
539380719
539387558
539398405
539399484
539428082
539432033
539432179
539445334
539447392
539493443
539498342
539506698
539512221
539541677
539550484
539573621
539585926
539586103
539590126
539612945
539614730
539620044
539635567
539637195
539643419
539646772
539655249
539673975
539688589
539714182
539723811
539731452
539761503
539789223
539790344
539790705
539799709
539834737
539838159
539841002
539852809
539871270
539874300
539880621
539917602
539925216
539927952
539947065
539959022
539967588
539971638
539973375
539996950
539998082
540009507
540015506
540019590
540021608
540036383
540038794
540039546
540049303
540090562
540098223
540106390
540113248
540114707
540139496
540147051
540156256
540171937
540186973
540193773
540209910
540223543
540227654
540228284
540239660
540246563
540266298
540272185
540273776
540284740
540285653
540311043
540317488
540321132
540334206
540334999
540355336
540398103
540412100
540415602
540432493
540463949
540475017
540489899
540497216
540498237
540505318
540512322
540521642
540522438
540537448
540569931
540574614
540576216
540596846
540606895
540625642
540640643
540675510
540704701
540721445
540724197
540740226
540775179
540788341
540807289
540822210
540826307
540828628
540857919
540858759
540866672
540884985
540899544
540903739
540914516
540928663
540929156
540937181
540941640
540951225
540957003
540957319
540961599
540963708
540967341
540981904
540983069
540987464
540987975
540991476
541004247
541009614
541035047
541038074
541046088
541050437
541067777
541084924
541094442
541158858
541159826
541162221
541189417
541190752
541207370
541229768
541236462
541250928
541268919
541299159
541334194
541348185
541365514
541370122
541389303
541408948
541414865
541415951
541438357
541439511
541442790
541459975
541465595
541470000
541472529
541488880
541494424
541495218
541519795
541565917
541586129
541593506
541604965
541608797
541609103
541614927
541616435
541626838
541628199
541629254
541629417
541633699
541637344
541637705
541656223
541663827
541683132
541702677
541714200
541723494
541763316
541763854
541788137
541795211
541796353
541796770
541804311
541810418
541814604
541830626
541833580
541834559
541852245
541854453
541867028
541868547
541872520
541877849
541891669
541905028
541912221
541914192
541931360
541932263
541935948
541986813
541991865
542023148
542033299
542057786
542062903
542077848
542079699
542081090
542088863
542094876
542101965
542103355
542118005
542121206
542122730
542128054
542137157
542141583
542147755
542152990
542165109
542171235
542217445
542233044
542234470
542247273
542248643
542249118
542258320
542272616
542304292
542327592
542347768
542350152
542350874
542359157
542368829
542378351
542414451
542432065
542434871
542437148
542446376
542446462
542475770
542479880
542543215
542543799
542548105
542559873
542575731
542577731
542589812
542594190
542595966
542609980
542619636
542622768
542628781
542634794
542657475
542672351
542694811
542764566
542766391
542776312
542788060
542801382
542807951
542809189
542832084
542837807
542841602
542841967
542843886
542863914
542887474
542888018
542889061
542890028
542919260
542933473
542959125
542978089
542979267
542989618
543003806
543004035
543004184
543023110
543033025
543047632
543076898
543077288
543084317
543098765
543099773
543101173
543121524
543133134
543146129
543151958
543167651
543188529
543216066
543217618
543218772
543245459
543251499
543259862
543264064
543293940
543305810
543368983
543369230
543371709
543410120
543416516
543432246
543434070
543439229
543444041
543452754
543467290
543474045
543490888
543494681
543498242
543502980
543535155
543535319
543543761
543548316
543552881
543567780
543587686
543623156
543624664
543638413
543641624
543648977
543651245
543663529
543668548
543681815
543693669
543711040
543731489
543748329
543749486
543763238
543777117
543786348
543797239
543825136
543825201
543827776
543833871
543854507
543859432
543866037
543872211
543879781
543882683
543888324
543893808
543900637
543903765
543918317
543924275
543931513
543958617
543962039
543971833
543979624
543992137
544014852
544027548
544058979
544082262
544084024
544085097
544117863
544123633
544131288
544152113
544163443
544173647
544173811
544193026
544200359
544206558
544212930
544213053
544215853
544217985
544227109
544237443
544253298
544270122
544275052
544287027
544300246
544307351
544310243
544317011
544317407
544340992
544346443
544357536
544357667
544370742
544394369
544412289
544416332
544429331
544431694
544448523
544457109
544464538
544473056
544474910
544500276
544500428
544515191
544517968
544523754
544539144
544545894
544549249
544565044
544572005
544590017
544607802
544617881
544660664
544663400
544681350
544690254
544726896
544736072
544742646
544751887
544755105
544777034
544780420
544781820
544782404
544827726
544831308
544849319
544872279
544884198
544897398
544897769
544916626
544920429
544932287
544959602
544961201
544977523
544980916
544982649
544984486
544996883
545017242
545018887
545022698
545035383
545037953
545038297
545040497
545057321
545067730
545069846
545076587
545089441
545090102
545093083
545099512
545103849
545124003
545137518
545139888
545147481
545152469
545159028
545163531
545180904
545190596
545195915
545197275
545203202
545204783
545206912
545216852
545230413
545232904
545235573
545246686
545247003
545249362
545252158
545256133
545257969
545259442
545260841
545270962
545285329
545300741
545312106
545321709
545345026
545348581
545367348
545367803
545370040
545379916
545394889
545410321
545416737
545428525
545433536
545459614
545471688
545475706
545481269
545495375
545518462
545518903
545527944
545549236
545563265
545572048
545572161
545581724
545594094
545596624
545604708
545617183
545626162
545635584
545653258
545670093
545685613
545686733
545688242
545700696
545729642
545737953
545746856
545749918
545763677
545776749
545792526
545801509
545805799
545839274
545842014
545844172
545849733
545851698
545883225
545888778
545897802
545909963
545931162
545937327
545950798
545961911
545972025
545988540
545995972
546023892
546050975
546053644
546057033
546088319
546088857
546091145
546124214
546126079
546126388
546129308
546131448
546156943
546163038
546169269
546192987
546195762
546197157
546200459
546209218
546215127
546223105
546246034
546246191
546247410
546251916
546258070
546259873
546269309
546276739
546291567
546309058
546326198
546332437
546335060
546346412
546352227
546363805
546374595
546396165
546396500
546397663
546402972
546403177
546423740
546426474
546428166
546431462
546446509
546448324
546449271
546456373
546480950
546481097
546495396
546495608
546497056
546501423
546514189
546524797
546527046
546545238
546557685
546557941
546559555
546574850
546578082
546590909
546595899
546608518
546612530
546631681
546633714
546639577
546642060
546645530
546673854
546685386
546690837
546699031
546705533
546706481
546743010
546751161
546752802
546756012
546775088
546830464
546830872
546833061
546855118
546860408
546862014
546873258
546894938
546924464
546928481
546953438
546996422
547010288
547011258
547014504
547040056
547043649
547052837
547053382
547054497
547054827
547093877
547093895
547108772
547115371
547121034
547131108
547137996
547141701
547146184
547152630
547197157
547202065
547205969
547212016
547215479
547221021
547230618
547231492
547236656
547247967
547254445
547288674
547289733
547292122
547311558
547327493
547335912
547345731
547355216
547358546
547369956
547373595
547397037
547406692
547408618
547414373
547430913
547435705
547440389
547446386
547472142
547474670
547480408
547481754
547489590
547499251
547500135
547504558
547510900
547511926
547529209
547533961
547533963
547546813
547549370
547562912
547567325
547572808
547574356
547577485
547610236
547614404
547626641
547630622
547632771
547635915
547653174
547662641
547674902
547681721
547689994
547690018
547693715
547699229
547701833
547718325
547718700
547725069
547731004
547732676
547744958
547761800
547791353
547802487
547806331
547815992
547844494
547848040
547849322
547864891
547871380
547877376
547921419
547936771
547944738
547968885
547978500
547998546
548001573
548002204
548007220
548009272
548019328
548019424
548024725
548030249
548096978
548104908
548117877
548125843
548131454
548133911
548135666
548136369
548146458
548166469
548180400
548213188
548221688
548226947
548227157
548241667
548264237
548266365
548266589
548280193
548310100
548317429
548331169
548335778
548341272
548344499
548345271
548360515
548361707
548370897
548373157
548392663
548394287
548395202
548413935
548440984
548449080
548453772
548457621
548468822
548473556
548478522
548479895
548482258
548483362
548496457
548505761
548506218
548525906
548544050
548545736
548546599
548547606
548556258
548574459
548576836
548597313
548665232
548673287
548678649
548686739
548697495
548702643
548714498
548720022
548724979
548751980
548757151
548768732
548777570
548777778
548799689
548813973
548837416
548841330
548846268
548849297
548898797
548910734
548916779
548938552
548996628
549002684
549003004
549010574
549016572
549018402
549020070
549020169
549028842
549036328
549041186
549045635
549047425
549061522
549066203
549131847
549136377
549154742
549160255
549237614
549243610
549259814
549267520
549269360
549290245
549322274
549328631
549334142
549335581
549343960
549362234
549366706
549387488
549396556
549397735
549398444
549399316
549403243
549427786
549440388
549459435
549474416
549492242
549500090
549528190
549528764
549532406
549537796
549556825
549556951
549567651
549567764
549578168
549583185
549601819
549603005
549610256
549611658
549628710
549632249
549638737
549642031
549669589
549675036
549681168
549682418
549682973
549693352
549698651
549713184
549717807
549723055
549786916
549795895
549802277
549808164
549851220
549855975
549867007
549874572
549896557
549905192
549913529
549916655
549926624
549946860
549952102
549963843
549966955
549968648
550000722
550023148
550038034
550065265
550066680
550072623
550098370
550104313
550106795
550109162
550112818
550112825
550113334
550136688
550140470
550148688
550152071
550184081
550189338
550203413
550209200
550213465
550239423
550244235
550250428
550252883
550259718
550269400
550274987
550281513
550290475
550306694
550322672
550334340
550338983
550344305
550365897
550368628
550382443
550398693
550403340
550409972
550414915
550419515
550420786
550428240
550431839
550437641
550440817
550447176
550455399
550460717
550468435
550479848
550481738
550488665
550489357
550493098
550510973
550516486
550531111
550536267
550544496
550608534
550610372
550622092
550628836
550655067
550681435
550682765
550686275
550689393
550694348
550698285
550706971
550708004
550713665
550723184
550723614
550735802
550736162
550745882
550748217
550757516
550757854
550776194
550788239
550820832
550823293
550842536
550848929
550856866
550894241
550900171
550916973
550923414
550931225
550935187
550939065
550957232
550969339
550978220
550985441
551009306
551017393
551018425
551025108
551026310
551030978
551038072
551052010
551052378
551055700
551057451
551061235
551062491
551102655
551107790
551119667
551130873
551150703
551154894
551165471
551176649
551186470
551188557
551191118
551195525
551198740
551201070
551238134
551260227
551260347
551261450
551278923
551295920
551297246
551317250
551345819
551361624
551375266
551385202
551390473
551416909
551417141
551418562
551423483
551423538
551459440
551460184
551463723
551473465
551496178
551504215
551509798
551511890
551523754
551591203
551595611
551621104
551658483
551661111
551662990
551664279
551704861
551707481
551708408
551710485
551710709
551712988
551715604
551718160
551721801
551723966
551726450
551730497
551735509
551737696
551738393
551749342
551754465
551762907
551764302
551783376
551786836
551811395
551825857
551850796
551855015
551859798
551866591
551885767
551890469
551903287
551912859
551919854
551920679
551926151
551926731
551929051
551931816
551941176
551977585
551980334
551987794
552005255
552028443
552042910
552044339
552046105
552056783
552072458
552092113
552095622
552115354
552123166
552140637
552151093
552154559
552168375
552178936
552189337
552205126
552206915
552249816
552274049
552287065
552288665
552310170
552311911
552338958
552339020
552341662
552343665
552355543
552374619
552387474
552414640
552434293
552454825
552463920
552465186
552469898
552488018
552502401
552534213
552585002
552590144
552593463
552607087
552611672
552619632
552623365
552636504
552640933
552654170
552656064
552670707
552677331
552692323
552700249
552704670
552708190
552715187
552726875
552738996
552755653
552755814
552762708
552764453
552766469
552787752
552791876
552798412
552811603
552814635
552816057
552827238
552829089
552858887
552879436
552886289
552941880
552953690
552998580
553000015
553018581
553030973
553037964
553058468
553062632
553063735
553104380
553114880
553124358
553124957
553146236
553160328
553180145
553195469
553206790
553213589
553216934
553218336
553222531
553223565
553225801
553239599
553248863
553259413
553262264
553275904
553277527
553277727
553298446
553304993
553305386
553308944
553309586
553314990
553331998
553335727
553346577
553351893
553370020
553371579
553434745
553446177
553452972
553458206
553466988
553471344
553481188
553495689
553516058
553527259
553534535
553535482
553545040
553568674
553573144
553575196
553578650
553586569
553604267
553640809
553669786
553672395
553691156
553692684
553700512
553734157
553737991
553739382
553743496
553745413
553746980
553765364
553777956
553780569
553795921
553801440
553806631
553814646
553825208
553827337
553831198
553833372
553839729
553874614
553877460
553881534
553895533
553911738
553922515
553958500
553971754
553982471
554030195
554045325
554047646
554076586
554085929
554087186
554091701
554154433
554156729
554160529
554183186
554191531
554204971
554210625
554214503
554217696
554242574
554256502
554257084
554272054
554278297
554278356
554288219
554290979
554292016
554308573
554327919
554341230
554369186
554373345
554389280
554402079
554402218
554422540
554450789
554478219
554521428
554533726
554535408
554547714
554550824
554552855
554564378
554564577
554567223
554569994
554581170
554586987
554595687
554604175
554615527
554617917
554630034
554649144
554657837
554666309
554669072
554670762
554696899
554712603
554714703
554770186
554777415
554790121
554809683
554813811
554815319
554832108
554861902
554867130
554878721
554883911
554897717
554907926
554913939
554938126
554943792
554950158
554972096
554975365
554978844
554985275
554994199
555002929
555020091
555021734
555035791
555038630
555038704
555066475
555079118
555103211
555124830
555136598
555136629
555141209
555142673
555153822
555156491
555161727
555205627
555215776
555219086
555227554
555253603
555270619
555274578
555285565
555310097
555310737
555312653
555315878
555323906
555344544
555345097
555348631
555350363
555360709
555367230
555388496
555392902
555395518
555410060
555411457
555421202
555446458
555469646
555469853
555481653
555508738
555514655
555521817
555555696
555560069
555560090
555565125
555585541
555588910
555589300
555591510
555595332
555595879
555606269
555606725
555607660
555608414
555633736
555647188
555682963
555684003
555685585
555708905
555711555
555715403
555731216
555732564
555750176
555751591
555764327
555776006
555788053
555788481
555822889
555828612
555831459
555832837
555836005
555838623
555840078
555845444
555851934
555855090
555855761
555881286
555885395
555887683
555902364
555902547
555916433
555923985
555931170
555966499
555969926
555976815
555981998
555982838
556041119
556065632
556073239
556075853
556079280
556099088
556121620
556128727
556129183
556138088
556146763
556148625
556160123
556171875
556172373
556206574
556217335
556227133
556238947
556240474
556244556
556249154
556254835
556268919
556281838
556283877
556286896
556288020
556307892
556326655
556328448
556340925
556345107
556358388
556362635
556366343
556390639
556401216
556404263
556406750
556415586
556427586
556433649
556435652
556438542
556444657
556462125
556512588
556517383
556553965
556580199
556582944
556589613
556634675
556637487
556641892
556646736
556655929
556660412
556731111
556745377
556747158
556759815
556773280
556789395
556801756
556806960
556811382
556811913
556815438
556827861
556834279
556835049
556838176
556859153
556904857
556921758
556923308
556930922
556957192
556968070
557034281
557041277
557047968
557070783
557122562
557172102
557201254
557204223
557205916
557208790
557220995
557232052
557233717
557242360
557263644
557325911
557330778
557347397
557351640
557374225
557392971
557398231
557400514
557422471
557456448
557456793
557457093
557497307
557580304
557594148
557609206
557610118
557615595
557618527
557623153
557625414
557648624
557649571
557660602
557664123
557667213
557667858
557671541
557680400
557686902
557692733
557709581
557709910
557712728
557737483
557740563
557747687
557751979
557753045
557763850
557767997
557770161
557773452
557779553
557784220
557797819
557809003
557815169
557816542
557850132
557854805
557862323
557864728
557872059
557887443
557890718
557898972
557943349
557953164
557975238
557976979
557979279
557985318
557991759
558022657
558043960
558065993
558078854
558079086
558080999
558087956
558095845
558096204
558109545
558160458
558163411
558163629
558164523
558173242
558178438
558193575
558219827
558231887
558232714
558243719
558250946
558252813
558253643
558254817
558274195
558282791
558291304
558316750
558331569
558334428
558336366
558340095
558346777
558366102
558394750
558406245
558411137
558422402
558436645
558455903
558468155
558469682
558478092
558480079
558493723
558511414
558521779
558525966
558543434
558559377
558571003
558573334
558589347
558594777
558606000
558613282
558620541
558628465
558632235
558637576
558652617
558659750
558700146
558701604
558717889
558730269
558733433
558738005
558738324
558741440
558742547
558753106
558769947
558780656
558786073
558788949
558807905
558808250
558826716
558827626
558831201
558831778
558845243
558854379
558855749
558856021
558858428
558869286
558878591
558890510
558934669
558935357
558959425
558977082
558996166
559004210
559057921
559066533
559075614
559090852
559093720
559102573
559105942
559116269
559117501
559122519
559128933
559164276
559194682
559194923
559204145
559210282
559215353
559215470
559218827
559220108
559221190
559221806
559224571
559225087
559267187
559284457
559298634
559307623
559315360
559329797
559344146
559361406
559373535
559380489
559382657
559408719
559409339
559413126
559447059
559493338
559493563
559519958
559520965
559532717
559534604
559544164
559559565
559561583
559563603
559570896
559578157
559592035
559609806
559610712
559625389
559628776
559635231
559638555
559639322
559640617
559646687
559647078
559668986
559671353
559688453
559698910
559714830
559718983
559719789
559720197
559728337
559747135
559754204
559774819
559793466
559820786
559822262
559844190
559844617
559860998
559865413
559880011
559886201
559887853
559892470
559923042
559952866
559957917
559959182
559966183
559969719
559984526
559994862
560000773
560009722
560013843
560022500
560030855
560035606
560043817
560054580
560057237
560058186
560067547
560078188
560138373
560146260
560149085
560150681
560157734
560176912
560196017
560200853
560206500
560207305
560209670
560213987
560238065
560244694
560266225
560271225
560297125
560328300
560344001
560349572
560351622
560358300
560366813
560375669
560381383
560394891
560398040
560405590
560422900
560424364
560426798
560430686
560436456
560442305
560469648
560471843
560477459
560506768
560519016
560519629
560536040
560536435
560539148
560540820
560546506
560547298
560549709
560551251
560558246
560564313
560570879
560589637
560621009
560623849
560632299
560646577
560684406
560690932
560692719
560704280
560709199
560714220
560723499
560735302
560737306
560767501
560773403
560774732
560784748
560797968
560803898
560808402
560809033
560819870
560824003
560824969
560842490
560847275
560854104
560855014
560868009
560869401
560899614
560902471
560908808
560914903
560920822
560925017
560945818
560968995
560974623
560990752
561010404
561023767
561023884
561026414
561030570
561050009
561052462
561054321
561054614
561075900
561106803
561138150
561142563
561164849
561192463
561198027
561217313
561217915
561218670
561221618
561223903
561224365
561254932
561262989
561281387
561288520
561303947
561324884
561325810
561340825
561354681
561363770
561371766
561379600
561383829
561391129
561412924
561423050
561423787
561424634
561427730
561433037
561478655
561480497
561484401
561487895
561505862
561512606
561520279
561535719
561546590
561548107
561562393
561625840
561639768
561668762
561674351
561691603
561708579
561740641
561760086
561769365
561772598
561775316
561795824
561800298
561810347
561812561
561822129
561854346
561867334
561875835
561886208
561898470
561901737
561905636
561920164
561923765
561926139
561932005
561932653
561944348
561947013
561951770
561968762
561982521
562015828
562036626
562040816
562058827
562064434
562066039
562088646
562128908
562145625
562160337
562168634
562182094
562203275
562207939
562208912
562213604
562221002
562222748
562225571
562252703
562254626
562254801
562261049
562261273
562311964
562338016
562353232
562365255
562374074
562378169
562394149
562401215
562401728
562405203
562406440
562415713
562418583
562419848
562464218
562468529
562469542
562485474
562491794
562507044
562523430
562543307
562546407
562551437
562567665
562584393
562592142
562597891
562598947
562599569
562611307
562625259
562628027
562629288
562629652
562631668
562643640
562645385
562652025
562677885
562712842
562719261
562731570
562735885
562745228
562745579
562773523
562774978
562783031
562791273
562799916
562833487
562836087
562841569
562844932
562852355
562856324
562892967
562908353
562912688
562913452
562954996
562972607
562984189
562991405
563001447
563015320
563036664
563055143
563067649
563082114
563084977
563102200
563116953
563124573
563129142
563131165
563167218
563170314
563173152
563175491
563187567
563194881
563204167
563227958
563236824
563247845
563262220
563262762
563276455
563284564
563284632
563287701
563287858
563298099
563310788
563320035
563332266
563339662
563339935
563347464
563350874
563362485
563363051
563374344
563376689
563384680
563400090
563414986
563417558
563436060
563439131
563439837
563465639
563468845
563480350
563490675
563499909
563505826
563514237
563515874
563524350
563529869
563532513
563538823
563548140
563594959
563609116
563610409
563631856
563639759
563649646
563665825
563668816
563702348
563728472
563746971
563755584
563761910
563777053
563784478
563786203
563796144
563805808
563806895
563817271
563818050
563827564
563828357
563838301
563842378
563875052
563881703
563890218
563893459
563902544
563909951
563926738
563928338
563935403
563937418
563938048
563951842
563952114
563955819
563958307
563962059
563969617
563976514
563983209
564033363
564039569
564040359
564041417
564044046
564045244
564053336
564060077
564073456
564107293
564113840
564127017
564129812
564136132
564160590
564185827
564186767
564187125
564195410
564196256
564207661
564215949
564249841
564251577
564277618
564297530
564298888
564303118
564311838
564315331
564319911
564330554
564348069
564350765
564356704
564363437
564370035
564378233
564378641
564380112
564390279
564393948
564405522
564406117
564420156
564423547
564438139
564468932
564475045
564477412
564478618
564487278
564527676
564566707
564567468
564575003
564591843
564599410
564604187
564628744
564639857
564657372
564694516
564717731
564746604
564760283
564762564
564782533
564786339
564808227
564819171
564825941
564829933
564830762
564831072
564858537
564859251
564861016
564866874
564874540
564883146
564885546
564903133
564912248
564916506
564920170
564970749
564973684
564989725
564996053
565007851
565016668
565026324
565033192
565042853
565062877
565068948
565077134
565097780
565139510
565150834
565173357
565190040
565193474
565196407
565212743
565228609
565245663
565270906
565274838
565280165
565289130
565300462
565312206
565325755
565326818
565331853
565336358
565364687
565366074
565368808
565372720
565374279
565374523
565376350
565405119
565418220
565419764
565423417
565435103
565436698
565470293
565481877
565482815
565484457
565491035
565491615
565524423
565526928
565537149
565546945
565547221
565557413
565574214
565605337
565618535
565619284
565644021
565644331
565646332
565647021
565656225
565657453
565675059
565689576
565690074
565692178
565695345
565695986
565717592
565726392
565740902
565746910
565747451
565760301
565775486
565776037
565781549
565789373
565791601
565824590
565828594
565836474
565843831
565854528
565875667
565877050
565881156
565883803
565887510
565888859
565902955
565957228
565958426
565963590
565974374
565979954
565980004
566004019
566016946
566022372
566022911
566037896
566047378
566065060
566076339
566079385
566094743
566102108
566114573
566130828
566140412
566157786
566169425
566179971
566188840
566207949
566212163
566222028
566226605
566228175
566236562
566238692
566261631
566277205
566284790
566290264
566299441
566312758
566316571
566319026
566338605
566353185
566357672
566381538
566392812
566399838
566446025
566453173
566473258
566492332
566493347
566494722
566495116
566524116
566528301
566531559
566548633
566552206
566553303
566554065
566564381
566566492
566614889
566619183
566641799
566647807
566653366
566656640
566656878
566658101
566669956
566687648
566689850
566697731
566723016
566728092
566787583
566805785
566823645
566826781
566830039
566831678
566836332
566847199
566853704
566861876
566864591
566873209
566893159
566893455
566931257
566933871
566935165
566939701
566958777
566963976
566967447
566983012
566984662
566984722
567005823
567008194
567008467
567023642
567036220
567039409
567055076
567059609
567061226
567067850
567076849
567089019
567096191
567099579
567104693
567106614
567127651
567133056
567134190
567144742
567150751
567168288
567197867
567202227
567225083
567258128
567284002
567285112
567302030
567311621
567329664
567334606
567343960
567374964
567379369
567402155
567412693
567415392
567432029
567444877
567450675
567450941
567457593
567461999
567462878
567468752
567477415
567489326
567495426
567529322
567563861
567566779
567585761
567589522
567592589
567610276
567649433
567655129
567657981
567665574
567699898
567713313
567738083
567749805
567756167
567766569
567767053
567778154
567782957
567805004
567820372
567820657
567828417
567840662
567851998
567887116
567892945
567926873
567927495
567947388
567969795
567983960
567988015
567998708
568006142
568011182
568013818
568020697
568021663
568025973
568045312
568050544
568069043
568069129
568069991
568091424
568093785
568109433
568138461
568153321
568155243
568160870
568169194
568170656
568171648
568174403
568203219
568211639
568222546
568225381
568228885
568232400
568245662
568247650
568251412
568252620
568254217
568266751
568269695
568283886
568307650
568316820
568328762
568330918
568340880
568354953
568364305
568368956
568377718
568396376
568396963
568404956
568417182
568417659
568441067
568453881
568488381
568491791
568503419
568526277
568558526
568558699
568559532
568571359
568571692
568576788
568580129
568591705
568596424
568621081
568646195
568655869
568677871
568679643
568683440
568696498
568697551
568703121
568714693
568725758
568731498
568737649
568752641
568760512
568761907
568766189
568789441
568793374
568805273
568808390
568811218
568841794
568861513
568878111
568913251
568927680
568934224
568968549
568972074
569013625
569027301
569032540
569046807
569052840
569059419
569060415
569072168
569102464
569110232
569136371
569154904
569155327
569164473
569166638
569174578
569180510
569183435
569206288
569214566
569221040
569231580
569250170
569262914
569265146
569275928
569276498
569289820
569295982
569317298
569332086
569348948
569351214
569354964
569381096
569381127
569388176
569394909
569411008
569425972
569441949
569446704
569453725
569462105
569483511
569495783
569530781
569546032
569547649
569558782
569559741
569569314
569570114
569574550
569580558
569583305
569586931
569633111
569641351
569644280
569648656
569651022
569652138
569658992
569667598
569693652
569703880
569714879
569717986
569735936
569740025
569746949
569751887
569754417
569779889
569795169
569799047
569823615
569837662
569841313
569847041
569861711
569866224
569867543
569881362
569887793
569888035
569896190
569899311
569905186
569907885
569970617
569978190
569985298
569992437
570017686
570035139
570046990
570055923
570063768
570068621
570074622
570084614
570108459
570188999
570193665
570198085
570208564
570213869
570214328
570230834
570233759
570247617
570261263
570266920
570293967
570307126
570332134
570344258
570362515
570365593
570373936
570380213
570393117
570429337
570431723
570438134
570466109
570470326
570506856
570511977
570523034
570565538
570568894
570571146
570587827
570605475
570611226
570616457
570637134
570638801
570639091
570642471
570646639
570648946
570660794
570663329
570669545
570672988
570680045
570681682
570685880
570695175
570699362
570700243
570726265
570729306
570730048
570733168
570739209
570740732
570741371
570771385
570780586
570784282
570805748
570813435
570825478
570836038
570838392
570846204
570849241
570852727
570858192
570864258
570885133
570897355
570900189
570900647
570903252
570943612
570956715
570990327
571000168
571004426
571010750
571019489
571030169
571073448
571077865
571080578
571092362
571103108
571104313
571109935
571124925
571130671
571141661
571149942
571158437
571180187
571191233
571195056
571198561
571205684
571258329
571266310
571274135
571287192
571289841
571296932
571301475
571303876
571305050
571309232
571313921
571320587
571326915
571330000
571335460
571340107
571341511
571345818
571361763
571370369
571380014
571381863
571410215
571414287
571419542
571438351
571458561
571477381
571477836
571486209
571487145
571490600
571492606
571493696
571507430
571516743
571535944
571544776
571554565
571556162
571570358
571607051
571628706
571630678
571640691
571642498
571653729
571669665
571700366
571705207
571709112
571717121
571717645
571719029
571726788
571729154
571730215
571744705
571767116
571767198
571803407
571812896
571812902
571813016
571824329
571835844
571836135
571852558
571857454
571864808
571866740
571871905
571891851
571898305
571912606
571916477
571932364
571944271
571953586
571964680
571970443
571981507
571982750
571992831
572003881
572044162
572044255
572051095
572060975
572068910
572079480
572084157
572087243
572095355
572095694
572102212
572106388
572106403
572114105
572128639
572131899
572174594
572177738
572181976
572185861
572192555
572196788
572224242
572225822
572248964
572265923
572301138
572301322
572310102
572338794
572347300
572355927
572356550
572378617
572386708
572393976
572396634
572429290
572437851
572486487
572488455
572490850
572491543
572507886
572520383
572520464
572529678
572531213
572544858
572555089
572566564
572566833
572570770
572585774
572586105
572586786
572603358
572642994
572645032
572650290
572670870
572675584
572687199
572709390
572714443
572715131
572726324
572727593
572764495
572769029
572773324
572779083
572783307
572785311
572786563
572801335
572805141
572806813
572824382
572825503
572836749
572838673
572847983
572861814
572906281
572925211
572934935
572939434
572941049
572942131
572946071
572962004
572964009
572975365
572975769
573025479
573029200
573035470
573035674
573074552
573075819
573076246
573081231
573087631
573091579
573091702
573100904
573115259
573115588
573136151
573149842
573154633
573191270
573193436
573193788
573195923
573199077
573204759
573206461
573227243
573228312
573250618
573261796
573296314
573299234
573325262
573359826
573376994
573399386
573421372
573429420
573433005
573433446
573439163
573440541
573444121
573461100
573469242
573471936
573477770
573493518
573496151
573538361
573549454
573557366
573563708
573567869
573572300
573594115
573598329
573611987
573643176
573653475
573667843
573678549
573687709
573696757
573697829
573702507
573714643
573715998
573717078
573720921
573725547
573727931
573730587
573730997
573738819
573742074
573749671
573757706
573757963
573765011
573773939
573796867
573800365
573809233
573811996
573830256
573836558
573839361
573843337
573862640
573863951
573873433
573873793
573879185
573884101
573899611
573910054
573910688
573932130
573936103
573940193
573945632
573958134
573961009
573971406
574004655
574007844
574009132
574014689
574017640
574032310
574040556
574057219
574064938
574076674
574091986
574094963
574108460
574118984
574121873
574138853
574150904
574176338
574184287
574207113
574230642
574250505
574257104
574264446
574265027
574265339
574271520
574288318
574290874
574297022
574298430
574325775
574330174
574352388
574374411
574382533
574383965
574399790
574406224
574410393
574442150
574449669
574461722
574464599
574467054
574469543
574475543
574478988
574499347
574518305
574522256
574535763
574580614
574587789
574593585
574625932
574626755
574656428
574673994
574696914
574706969
574711819
574714564
574714879
574736198
574738267
574746489
574750707
574751126
574755873
574758288
574774266
574776272
574779213
574780700
574798692
574805168
574822482
574835835
574838716
574848903
574870607
574885855
574887656
574908406
574925816
574933843
574937139
574943598
574948974
574954216
574957817
574965855
575012255
575020163
575025124
575044550
575047925
575055802
575057056
575092146
575098731
575102737
575113573
575142689
575143871
575166872
575171604
575204330
575217821
575221329
575252072
575264598
575285748
575301994
575315014
575317917
575354565
575372001
575379199
575402194
575403588
575410107
575417552
575464391
575464813
575467394
575484019
575486299
575491140
575515161
575527797
575542884
575543170
575556975
575580199
575583416
575657550
575664814
575681509
575695880
575712464
575714384
575717590
575723336
575729901
575731353
575756907
575774891
575781256
575788618
575789827
575795225
575797058
575797385
575799190
575806010
575816597
575819046
575822968
575879301
575882783
575901070
575911741
575913221
575924360
575931427
575952394
575953461
575960626
575975628
575979590
575983517
575993029
575993607
575996503
575997417
576016635
576057200
576068328
576071849
576081184
576081802
576084458
576106875
576118590
576122802
576124328
576135388
576149821
576165142
576174250
576193180
576204697
576214620
576224156
576231310
576233502
576234911
576241620
576250314
576250431
576263637
576266664
576276930
576281855
576283890
576306248
576309256
576314263
576319949
576325757
576349531
576351129
576357697
576360502
576364129
576372001
576389752
576400907
576402076
576415357
576432647
576434573
576435427
576438864
576447889
576458138
576485417
576493432
576493703
576496882
576501083
576501740
576525435
576535907
576543343
576557238
576574476
576578098
576578887
576584447
576601860
576612903
576616113
576623520
576637160
576646456
576648085
576672698
576673156
576678618
576680458
576687048
576696717
576698724
576700996
576703155
576737944
576742487
576742944
576769136
576777560
576786429
576805643
576834864
576842826
576844339
576856154
576856714
576857923
576872646
576879928
576880430
576888051
576889911
576935059
576948086
576955335
576967506
576978161
576990183
577000047
577016223
577042164
577068192
577070437
577072832
577080990
577086668
577097248
577097684
577138732
577154391
577163298
577163343
577167399
577167954
577176092
577183180
577196473
577208022
577215657
577250288
577259081
577277244
577281423
577287009
577292038
577292253
577293557
577295305
577306108
577315141
577319340
577337353
577354544
577369910
577372085
577408935
577424649
577428409
577435971
577437867
577439548
577443006
577454870
577459199
577464531
577470629
577471065
577484909
577492627
577493472
577501889
577527366
577536600
577540420
577554235
577554569
577572537
577573956
577596757
577628307
577681475
577714321
577746286
577750066
577759384
577766651
577772811
577780999
577799883
577802796
577820469
577834233
577840980
577846603
577866277
577924494
577928462
577947531
577950500
577957575
577960247
577972564
577974093
577976457
577985167
577989150
577993978
578012867
578041513
578056888
578065453
578076959
578088593
578096645
578100074
578109873
578129144
578139910
578155401
578158915
578163730
578167217
578178056
578200135
578201973
578206589
578210286
578214023
578217493
578220488
578220554
578246167
578249238
578275277
578279250
578280132
578293691
578294980
578295046
578299542
578311887
578314181
578321997
578359664
578362994
578393260
578421976
578431544
578432029
578458935
578462787
578463586
578477459
578491609
578491843
578507299
578509544
578530886
578545920
578547090
578552151
578575254
578576838
578578209
578579836
578581864
578586320
578599627
578604300
578610075
578627165
578628126
578637861
578647465
578649556
578659793
578667257
578685385
578685450
578694114
578701817
578707823
578709586
578712363
578730178
578734821
578760793
578773745
578785942
578801869
578816679
578831335
578833936
578866588
578871679
578874201
578888955
578976434
578991586
578996413
579002920
579016807
579029985
579030811
579045626
579046501
579053248
579064657
579066887
579088275
579088895
579090212
579092184
579098699
579100744
579108144
579112821
579136203
579139447
579145015
579148051
579158549
579173463
579180303
579199622
579213831
579219445
579221131
579222249
579236686
579243397
579249824
579255120
579256732
579285316
579288716
579306202
579325628
579327307
579335507
579353413
579363060
579382183
579397942
579433622
579437273
579481895
579484861
579506822
579507094
579517442
579530514
579543910
579546315
579557918
579579225
579608786
579609849
579652451
579663793
579664507
579684805
579695125
579700334
579705748
579711275
579717155
579727755
579736621
579740035
579742716
579745110
579746000
579757146
579758466
579758488
579774404
579779792
579780789
579792969
579799161
579830583
579839583
579854708
579871472
579890312
579891793
579901709
579909157
579971404
579983496
580000407
580016322
580025533
580029744
580029992
580030651
580038399
580048501
580054573
580060267
580067427
580085993
580095622
580095906
580100624
580114615
580124985
580126644
580133857
580164515
580172707
580178994
580185486
580185879
580190928
580195080
580242349
580254530
580264550
580278366
580282514
580285121
580310076
580310410
580368911
580373226
580391655
580392249
580395535
580411357
580414336
580420301
580432261
580434043
580465359
580472051
580488480
580494360
580498312
580515775
580517347
580526271
580536199
580538341
580556296
580565733
580586915
580591739
580595309
580606758
580634568
580647007
580658169
580660191
580673681
580681823
580686102
580691345
580695294
580707648
580715966
580760352
580767033
580773274
580776948
580782185
580786603
580791544
580800340
580801096
580805623
580811467
580811530
580829259
580836957
580839118
580870132
580873372
580875085
580901211
580913519
580923808
580944058
580953295
580959470
580967194
580969620
580978999
580979221
581008738
581011452
581021382
581029914
581064290
581074837
581095111
581110063
581135216
581137588
581143515
581147385
581176125
581184109
581190696
581191489
581191533
581193822
581197029
581211765
581211815
581235443
581241995
581246107
581254927
581293042
581299577
581301552
581303542
581312296
581342655
581347885
581348577
581359693
581377976
581418261
581482047
581485895
581503166
581518848
581530897
581532413
581550765
581572531
581578403
581586897
581611130
581622044
581633823
581646978
581650362
581653009
581662433
581663146
581684451
581714054
581783742
581785364
581789375
581802770
581806673
581824907
581833236
581841834
581875805
581878976
581892428
581894648
581897433
581936101
581938334
581938782
581961414
581978999
581995196
581995887
581999748
582023365
582023923
582033885
582058566
582063844
582072583
582076003
582083138
582103822
582137137
582155000
582160604
582175068
582177939
582183336
582191459
582210720
582218031
582218326
582220396
582238606
582239411
582242211
582243764
582245426
582284874
582295354
582297429
582298135
582310290
582311540
582311830
582323920
582325609
582344024
582346456
582348815
582356352
582372408
582385334
582407945
582415421
582420134
582430604
582432169
582436309
582481148
582506068
582517518
582534409
582559359
582567447
582574516
582575950
582627846
582637935
582644049
582675312
582689609
582692573
582695843
582696848
582723052
582731797
582741841
582745402
582750820
582759482
582760413
582761668
582762174
582763854
582771194
582771725
582791088
582792736
582793562
582796076
582800739
582820750
582828216
582830984
582835343
582837606
582850693
582853747
582857391
582870666
582894225
582899935
582918722
582940178
582943816
582944103
582951998
582961083
582977018
582984418
583002577
583004320
583019435
583043991
583052761
583072245
583075449
583077703
583085863
583100377
583106440
583119717
583138583
583151748
583155979
583170223
583182005
583182991
583186439
583188440
583188618
583197362
583199756
583202345
583202682
583222005
583224427
583228825
583238794
583283409
583283525
583285814
583292352
583316454
583336584
583355202
583355420
583376130
583378754
583383981
583399435
583417110
583423719
583460465
583472264
583473752
583477332
583480956
583482529
583488250
583496688
583501781
583501817
583503183
583525214
583533366
583539029
583543545
583562167
583612968
583619594
583628028
583641773
583647614
583648129
583657849
583677397
583714326
583722267
583726110
583742068
583752046
583764319
583786797
583790360
583796175
583820597
583821204
583864454
583867199
583892454
583899079
583902294
583934632
583938915
583939717
583962167
583970719
583997689
584003491
584005246
584039118
584040223
584041755
584052226
584074561
584084876
584089536
584135072
584162044
584189155
584211523
584243964
584258726
584264883
584280263
584284139
584287293
584304640
584319438
584321301
584322470
584332558
584346069
584363391
584365839
584367266
584376864
584390157
584394922
584409506
584426135
584438505
584447957
584449938
584450225
584450947
584475523
584504025
584523387
584533923
584540631
584541204
584557099
584587747
584606376
584610861
584649051
584656718
584683344
584684180
584695750
584711188
584722187
584761542
584770200
584796617
584799562
584819755
584823937
584834208
584838734
584840292
584850476
584856981
584861711
584867922
584870191
584883896
584885639
584886179
584887861
584894892
584907984
584928939
584929068
584935202
584937822
584938136
584945984
584957997
584960978
584961900
584962573
584963222
584966253
584968712
584978751
585001640
585022888
585041432
585057255
585063040
585088745
585097402
585106696
585117439
585117756
585124514
585125946
585138065
585163001
585165776
585167292
585182020
585226076
585241800
585247402
585249424
585250997
585251291
585269452
585277371
585279933
585298614
585304133
585308702
585309631
585317543
585347288
585357701
585369287
585378854
585379013
585395274
585423084
585424979
585429140
585438885
585440714
585441433
585446827
585451000
585451512
585460044
585463865
585475392
585517526
585520109
585526088
585560708
585560948
585563192
585575239
585604773
585615130
585616268
585617675
585664699
585682730
585688946
585690440
585704166
585705651
585722587
585729782
585730693
585782188
585800688
585815012
585820930
585826687
585830192
585840099
585863773
585868406
585891312
585898334
585907587
585918127
585921122
585925023
585925733
585925931
585938505
585952504
585952679
585972274
585976362
585976681
585980204
585982691
585988594
586000032
586021497
586031364
586031940
586037632
586053428
586062852
586064301
586076004
586076110
586083746
586084191
586095660
586122885
586133684
586147217
586175542
586183018
586185212
586187662
586198928
586211697
586234380
586237148
586253850
586256064
586275121
586276096
586291234
586291656
586296030
586296912
586299124
586324762
586335351
586351430
586359011
586368226
586382221
586387272
586403173
586408239
586408865
586416745
586418452
586422792
586437541
586438723
586442558
586446727
586454537
586467224
586480874
586484893
586507188
586514997
586528142
586532367
586534654
586536444
586537351
586556925
586557696
586570156
586577877
586578695
586587175
586592521
586610664
586627743
586630729
586635516
586648906
586670953
586671942
586680793
586682024
586686868
586688651
586695135
586696139
586720814
586730808
586754385
586757745
586760712
586761584
586764926
586766098
586768650
586794418
586808871
586824197
586828811
586852792
586867734
586881822
586881976
586900034
586912290
586924200
586924223
586941025
586942436
586950987
586956541
586991215
587008419
587011307
587016598
587021248
587034038
587038508
587054509
587079132
587079243
587080991
587081662
587082995
587136888
587156442
587190113
587195211
587202996
587215414
587234622
587247169
587250024
587254758
587342154
587366245
587367172
587397232
587405392
587407777
587415882
587472501
587475390
587484747
587510109
587512807
587517880
587530160
587530549
587539929
587551214
587551626
587564247
587603799
587603873
587605829
587629988
587639792
587656404
587660732
587671933
587678137
587682437
587699380
587704354
587714721
587722014
587723877
587735593
587736492
587750208
587751755
587761930
587763147
587766892
587776435
587784801
587809030
587809497
587855709
587858481
587859186
587859404
587860893
587876678
587884074
587893275
587894271
587898376
587898797
587910482
587914745
587922685
587926022
587939052
587977491
588005568
588023167
588031743
588034954
588036891
588047678
588048965
588059490
588075451
588079423
588101892
588117555
588136850
588155618
588178059
588181351
588196746
588197738
588216292
588217085
588218648
588224974
588228499
588233895
588234479
588241095
588251835
588269290
588276670
588281725
588282383
588295886
588296111
588311737
588328029
588333809
588333850
588345031
588345217
588347906
588353420
588356699
588360007
588371574
588393533
588400094
588412075
588416356
588424427
588437226
588451319
588458418
588488009
588488417
588488920
588500413
588512380
588523547
588528836
588544969
588551954
588557455
588571950
588574854
588592932
588628732
588633696
588644530
588652719
588659522
588671393
588694940
588699439
588701759
588718518
588736854
588745040
588766380
588768124
588771584
588774658
588777447
588785819
588810129
588816612
588817209
588823730
588829125
588831584
588831660
588840145
588851832
588874353
588878542
588879172
588884737
588884809
588896202
588903065
588908942
588915631
588927359
588935421
588940250
588947523
588948308
588954009
588957669
588963957
588969775
588969808
588978547
588980828
588983132
588987088
588990237
589005104
589009248
589026248
589032804
589055108
589056014
589060974
589064747
589069946
589074241
589118681
589123966
589126724
589129434
589139672
589140284
589155391
589167404
589171585
589192217
589203063
589208246
589211801
589220417
589226932
589231754
589245043
589253367
589260383
589264817
589270304
589274932
589278042
589280909
589292561
589294304
589298224
589313392
589319717
589343042
589343765
589345495
589348080
589348085
589374638
589385197
589386068
589386813
589393242
589399071
589419512
589419954
589426289
589431238
589437854
589445809
589447180
589448525
589448806
589465941
589498658
589505622
589510578
589523556
589526057
589534032
589536743
589542760
589546507
589569722
589577132
589587108
589598650
589616699
589639284
589639664
589640987
589642133
589652180
589664505
589677801
589683771
589689782
589697506
589702160
589719062
589720136
589737047
589739061
589744431
589748803
589749843
589759765
589766858
589791435
589792218
589818506
589823381
589860662
589877279
589889032
589894736
589897360
589907064
589907601
589923765
589933893
589953416
589957131
589976002
589982816
589988001
589992318
589994699
589999713
590006263
590007163
590027841
590050027
590053033
590057549
590076226
590089421
590090473
590102430
590105128
590112322
590120599
590121610
590133913
590146547
590171732
590197156
590206739
590233159
590276159
590312878
590345786
590372417
590393321
590407877
590419796
590419843
590422254
590425098
590442417
590443596
590450774
590460362
590473531
590489732
590491629
590556100
590572526
590573842
590578307
590585705
590604440
590608417
590619434
590622645
590655169
590657959
590666264
590670467
590671933
590681633
590682082
590687134
590689317
590700877
590721169
590724847
590725843
590730210
590746823
590767750
590776788
590781409
590796406
590797013
590798635
590810384
590819108
590819718
590829230
590829480
590856597
590862473
590863939
590877814
590879098
590928374
590937211
590957069
590957405
590958540
590961884
590964040
590972191
590996512
591001099
591011481
591015632
591020558
591020835
591023196
591024524
591032836
591053694
591075148
591087081
591103901
591124026
591127165
591133583
591135943
591159269
591173402
591174557
591185694
591186659
591191018
591205464
591211377
591224534
591226709
591255460
591262719
591262998
591269317
591272920
591274027
591284630
591287751
591300661
591315737
591316357
591337684
591407888
591436731
591441383
591446506
591460208
591469659
591477328
591487019
591500084
591511476
591526095
591548103
591561535
591577776
591581254
591585849
591587411
591600760
591605298
591613793
591622923
591623056
591641316
591651848
591654505
591658083
591669274
591692595
591692790
591713595
591723210
591729295
591747201
591751035
591755480
591756432
591756667
591774461
591785528
591797937
591798003
591806139
591818661
591820764
591836144
591836695
591842637
591853689
591854625
591864109
591897782
591899880
591914538
591943571
591949822
591952782
591953765
591966414
591986947
591995755
591997714
592001752
592014402
592023822
592032631
592033337
592039150
592045888
592056569
592059320
592067659
592100318
592125849
592125894
592141046
592169305
592174031
592243201
592244854
592248597
592265248
592273445
592275849
592288658
592317939
592333813
592338217
592339596
592358542
592361526
592366054
592368143
592369840
592371677
592394125
592397776
592408910
592414992
592444279
592457058
592464995
592465925
592484802
592488029
592509509
592509533
592511806
592513954
592525019
592544979
592550136
592610980
592624925
592637892
592645325
592645328
592652212
592656072
592657849
592668538
592676059
592681689
592701996
592702573
592711954
592714915
592717053
592721251
592722777
592723556
592736728
592750127
592751455
592752182
592758499
592761859
592767621
592792669
592794544
592799377
592800544
592824665
592828476
592829337
592830633
592833206
592834907
592842376
592850444
592869568
592896484
592900288
592905601
592914217
592914553
592916887
592918586
592922472
592925284
592928614
592938322
592955156
592962437
592970191
592995778
593013239
593017146
593025052
593044417
593053851
593064489
593066908
593072875
593080316
593115619
593135390
593147520
593149982
593159382
593160841
593163164
593177467
593186593
593194443
593198345
593198533
593200877
593201697
593205527
593213236
593214675
593218170
593222542
593225852
593230104
593242615
593243861
593257704
593265755
593279048
593318298
593337463
593366066
593369203
593389930
593395171
593419328
593419347
593437252
593478764
593498991
593538466
593545553
593551356
593558999
593582212
593585100
593652280
593705086
593724539
593731354
593736733
593745381
593745841
593746787
593753794
593760852
593760993
593764109
593764832
593777419
593791009
593792959
593800088
593800172
593800414
593804402
593820680
593830797
593900658
593912256
593928737
593934876
593937490
593944624
593953264
593961431
593977835
593980674
593981898
593983265
593985376
593993134
594003025
594011162
594039218
594043840
594054474
594072103
594085514
594127425
594141410
594141715
594144001
594174334
594203791
594218612
594220442
594221716
594255392
594264410
594273741
594303092
594310002
594317140
594350798
594396725
594397103
594414332
594427742
594449864
594472930
594482501
594495519
594498178
594500767
594515902
594518161
594518693
594522139
594528345
594530210
594530657
594530678
594533748
594542575
594558895
594574587
594582514
594584208
594588086
594601462
594611481
594616226
594619013
594619202
594621144
594624491
594631333
594634151
594634312
594636535
594654277
594662986
594678215
594688182
594689133
594692143
594696127
594696589
594712465
594745523
594748431
594755587
594768679
594776086
594786400
594789036
594789242
594817464
594817805
594823833
594848940
594849119
594858660
594865621
594873196
594884151
594904799
594908459
594918330
594918993
594942218
594945241
594959778
594962357
594985785
594986494
595002276
595059768
595072558
595084289
595085632
595085673
595100513
595117870
595119206
595141783
595157058
595167266
595181355
595181963
595182156
595186892
595199730
595232839
595255708
595260563
595277491
595283510
595285176
595285698
595293605
595320410
595328913
595334733
595336119
595338839
595354696
595366156
595373693
595383995
595390403
595393298
595395391
595415530
595417697
595437365
595442679
595449674
595461845
595468475
595470943
595493150
595494269
595495637
595498920
595504133
595506901
595507323
595548374
595555695
595557963
595591377
595594821
595607453
595620166
595640035
595650354
595660286
595688434
595690213
595693091
595698442
595699623
595703529
595719016
595723361
595733017
595740784
595752977
595760847
595769162
595776569
595787530
595798620
595821319
595841537
595853324
595861019
595878527
595878666
595891881
595893369
595901056
595916962
595921768
595926064
595950937
595969964
595998541
596002589
596031602
596033706
596036753
596050975
596051225
596053197
596081653
596085494
596085768
596099237
596105936
596113439
596117267
596125524
596126126
596156506
596157534
596158687
596162944
596165909
596213267
596216794
596236213
596243068
596243217
596247549
596256992
596275164
596276521
596294838
596295782
596315195
596341787
596347956
596367900
596379404
596384177
596387915
596399609
596424412
596434116
596437582
596445903
596458230
596459733
596468882
596475533
596500365
596524063
596544304
596561915
596581556
596587121
596589099
596608019
596610111
596613549
596640108
596662312
596668582
596690489
596703927
596722115
596722391
596731864
596734357
596739514
596742216
596744161
596753102
596757022
596757065
596774821
596784075
596800558
596801682
596860250
596861410
596880617
596893405
596911055
596969864
596970052
596970703
596971635
597010430
597010587
597034918
597044249
597080726
597080958
597082273
597099021
597102219
597114704
597125621
597147657
597148446
597155128
597158323
597175816
597183805
597194114
597200316
597224363
597229017
597235829
597236901
597238558
597251364
597267316
597278437
597291990
597298123
597308762
597318332
597319317
597331295
597332994
597336422
597350911
597359010
597360343
597370935
597380504
597392645
597410900
597424848
597427193
597435308
597438299
597443682
597445294
597446894
597448707
597461552
597466546
597467530
597469337
597471681
597475314
597482553
597486400
597486401
597492940
597523249
597540677
597575403
597583309
597585669
597610261
597625924
597630893
597641178
597646474
597650559
597654739
597664955
597688831
597691270
597691405
597694603
597701390
597702278
597744697
597746751
597753713
597759397
597760022
597764820
597777021
597783470
597786904
597794636
597812652
597814903
597832964
597850675
597870175
597874127
597888885
597895849
597907982
597927773
597929865
597938818
597967464
597969890
597975942
597989036
597991181
598029387
598049291
598081201
598081891
598092558
598095605
598131219
598139736
598151502
598158998
598179313
598186092
598193206
598195734
598213410
598224664
598244643
598253660
598257384
598261224
598270399
598285852
598306830
598307183
598309550
598318088
598328809
598331619
598335613
598359540
598363101
598377517
598383183
598390284
598412085
598444086
598449890
598451449
598457755
598459343
598459378
598502316
598521500
598524486
598548251
598568099
598577002
598623206
598643590
598649976
598654377
598655016
598688736
598702873
598713209
598717107
598742208
598750730
598767964
598779430
598784695
598791839
598805070
598814201
598831851
598831973
598837340
598842763
598844670
598846193
598861304
598871225
598873543
598885282
598888028
598936194
598947114
598950844
599014297
599016879
599023745
599040686
599045921
599107136
599107702
599139067
599155435
599182049
599196048
599223769
599225243
599259006
599264636
599268943
599278151
599282503
599283449
599285314
599289061
599310329
599315443
599322823
599326911
599333699
599338774
599383884
599384375
599386405
599387118
599392787
599419953
599441847
599450187
599450477
599450588
599463595
599466479
599500275
599502988
599517883
599525637
599531009
599531481
599536063
599536489
599569299
599579055
599604874
599614254
599635617
599650131
599657117
599667615
599684519
599685968
599689981
599707982
599715177
599747975
599754293
599768422
599768851
599776538
599779330
599813592
599814899
599815247
599831228
599849508
599852458
599865584
599866397
599876524
599901245
599901517
599913041
599918957
599921280
599923191
599927171
599954091
599954597
599956941
599966143
599970487
599984172
600013485
600014344
600016510
600019330
600028240
600040019
600040256
600052876
600066300
600073861
600105407
600120731
600130954
600146810
600150214
600155830
600168347
600177776
600177967
600224354
600232668
600244397
600251965
600255655
600263130
600265332
600284486
600300038
600312432
600313081
600316404
600322545
600330811
600334975
600337770
600380448
600380548
600389894
600395832
600418154
600418611
600421304
600424228
600440851
600441345
600443160
600459948
600472871
600488365
600494883
600498394
600530301
600536664
600540388
600547278
600555251
600562217
600565117
600566007
600568616
600575453
600585178
600586386
600589574
600601910
600618016
600640226
600644541
600657968
600677020
600683193
600686352
600688805
600717085
600720308
600753295
600778985
600802174
600805169
600810348
600811802
600829439
600834053
600835492
600855813
600859228
600861249
600865549
600868850
600889711
600916411
600926614
600928837
600930391
600936395
600946259
600972661
600973552
600982780
600986196
601002515
601010356
601038797
601050642
601053597
601068228
601069748
601071519
601074663
601087307
601095386
601106381
601106790
601134237
601151067
601169437
601170192
601184825
601215691
601217197
601239431
601240890
601249126
601252694
601268753
601270149
601270981
601288435
601298315
601300096
601316379
601322185
601345906
601348825
601369876
601381691
601385682
601393632
601393763
601414282
601414463
601414808
601416819
601443981
601445189
601461204
601463018
601466402
601467776
601476803
601512239
601518432
601533829
601539113
601549449
601566499
601569835
601574071
601606827
601621254
601625649
601636299
601650820
601652456
601663088
601666034
601675097
601678450
601692176
601721118
601726996
601735291
601783575
601787150
601794337
601805605
601822773
601861997
601892006
601895165
601908744
601922660
601929165
601933349
601935266
601942208
601950491
601953754
601954003
601959531
601978121
601990658
602007706
602009021
602017779
602019514
602023030
602028320
602028554
602054597
602056086
602072792
602072798
602082016
602087043
602092833
602094922
602102605
602103008
602109330
602111440
602112807
602113755
602130487
602155230
602164168
602167105
602167509
602168944
602169076
602176412
602201468
602202062
602206431
602215217
602218432
602230631
602232157
602240526
602280152
602289496
602310970
602351232
602367676
602382765
602398087
602399690
602406948
602407830
602412711
602419502
602432939
602450639
602451704
602478988
602482127
602486940
602494764
602497029
602498171
602503039
602507311
602525722
602527431
602533039
602536542
602541570
602549750
602551390
602553206
602568145
602582226
602598429
602609987
602611815
602624736
602630065
602641437
602645273
602669101
602693027
602721152
602724142
602731229
602734080
602773536
602788146
602795641
602805420
602805737
602811497
602836971
602843745
602844085
602855134
602865090
602879512
602884461
602888263
602888645
602891791
602897667
602908664
602913357
602932672
602962957
602977618
602980020
603024613
603026723
603044866
603062364
603066948
603071374
603074227
603084702
603098684
603098785
603101881
603114373
603126690
603130627
603155509
603166753
603171077
603171514
603176800
603197743
603205857
603225476
603228090
603235681
603255224
603261085
603272243
603275024
603296162
603298001
603304158
603326257
603331246
603336773
603356469
603377330
603395518
603397813
603404190
603412252
603420479
603423530
603441699
603443444
603456000
603476932
603480103
603482039
603490193
603505099
603511241
603512490
603514504
603534645
603548936
603556867
603596751
603605751
603623780
603641465
603650209
603651010
603675086
603675578
603677191
603681525
603690530
603705908
603722768
603724975
603745632
603768356
603783246
603794021
603800171
603806001
603807023
603813133
603822457
603829450
603835480
603845332
603847064
603863242
603898707
603911214
603911573
603916776
603927796
603932656
603932701
603935993
603936046
603940445
603980410
603981827
603987684
603989898
603994026
604018022
604021035
604039359
604041307
604045815
604055742
604056279
604083040
604083685
604091130
604107902
604116224
604116843
604121122
604129213
604137447
604154325
604226784
604228453
604239419
604240287
604250137
604252708
604278797
604290644
604298214
604300214
604312570
604333319
604333395
604358410
604365438
604378617
604398658
604405993
604428552
604432452
604435379
604451761
604454911
604455710
604463537
604464854
604478989
604490892
604501035
604516210
604529740
604533040
604533119
604558017
604611303
604612072
604614501
604617450
604634046
604637885
604642605
604646602
604676755
604689117
604699960
604717451
604728667
604747678
604754446
604771097
604791265
604799900
604818633
604825190
604827482
604845001
604865069
604878589
604887367
604890253
604891170
604898301
604908918
604911305
604928147
604929681
604948135
604954298
604961051
604994990
605007980
605010832
605019937
605031973
605050584
605055945
605060724
605064507
605071756
605087464
605088527
605092319
605094340
605120579
605132512
605153063
605163891
605166192
605167348
605176269
605176355
605180186
605197446
605204048
605219239
605233789
605252201
605252248
605271005
605282534
605288479
605319961
605322003
605372746
605398254
605411198
605415017
605415929
605433424
605433811
605447435
605451474
605492814
605511013
605521984
605529683
605560270
605575471
605599333
605602697
605606470
605616103
605619025
605620949
605622901
605645065
605647469
605661473
605671514
605679221
605696560
605701425
605701464
605714344
605719578
605719870
605739675
605740452
605754766
605758329
605771771
605781807
605790124
605806095
605810669
605836211
605850252
605851423
605878514
605915015
605916385
605948010
605954258
605974863
605995520
605996325
606003925
606015285
606025097
606034690
606047994
606057863
606068274
606077627
606091034
606097614
606099252
606106284
606110941
606132269
606133634
606158194
606163595
606163907
606164071
606166579
606201859
606204937
606210856
606212249
606231076
606255043
606259400
606259431
606259449
606266930
606274357
606277881
606279944
606298157
606300470
606303572
606304273
606319739
606322328
606323515
606360606
606372998
606376364
606383446
606391218
606395812
606398191
606432179
606455160
606457779
606473648
606481990
606497362
606514240
606520450
606539586
606545330
606547258
606547294
606549338
606580943
606591575
606595451
606624651
606631628
606640831
606644083
606658415
606668878
606678261
606688594
606693702
606705865
606708894
606712701
606730927
606732122
606742692
606752721
606760018
606808839
606809468
606824951
606827996
606838699
606847553
606860185
606870041
606874923
606879935
606882380
606883903
606909960
606912439
606915088
606922073
606925249
606930724
606945487
606952023
606959016
606969434
606977394
606983898
606994050
607007903
607019075
607022379
607057385
607082841
607089753
607137803
607157354
607158757
607181806
607183511
607191490
607202515
607212003
607243810
607244334
607246084
607274986
607292620
607297322
607299153
607322891
607327226
607331329
607343607
607346843
607371229
607372033
607380285
607380882
607388604
607401578
607444466
607447184
607451502
607458174
607480998
607481548
607487102
607496343
607529966
607547234
607557109
607559420
607563486
607581238
607583986
607588263
607588514
607588611
607599655
607600659
607603674
607604063
607610350
607665582
607677727
607695818
607706576
607712512
607713087
607726345
607728705
607734610
607745711
607761484
607765727
607767803
607791592
607807223
607822837
607830105
607833034
607835326
607843474
607843698
607851163
607870051
607879073
607882930
607884842
607923639
607957828
607958218
607958953
607971241
607983837
607986251
608008013
608013259
608013819
608024083
608068599
608074888
608087467
608098859
608101923
608103563
608116038
608125295
608126372
608173855
608182580
608198964
608200189
608220966
608225115
608236689
608237368
608237801
608246622
608249966
608260527
608260660
608278250
608286965
608287706
608289420
608295710
608297064
608303317
608310341
608322535
608328016
608345805
608357463
608358104
608358800
608371474
608388808
608390135
608395088
608401836
608425052
608428200
608435653
608467075
608478751
608500520
608512944
608515855
608519457
608524573
608531649
608532091
608541202
608544026
608552570
608556739
608565496
608567985
608572722
608574691
608576047
608578312
608584118
608588992
608628207
608632051
608632708
608681560
608684387
608687964
608696074
608698724
608702041
608754065
608758075
608760467
608780623
608783604
608792713
608857605
608863037
608872627
608884219
608905217
608936982
608943499
608952388
608993639
608995981
609004021
609006741
609016237
609020619
609023289
609024789
609035322
609054308
609055206
609087605
609099151
609110562
609148149
609157027
609176362
609181248
609185234
609187603
609198824
609209503
609243141
609267795
609273887
609276353
609278577
609283636
609292629
609301320
609301503
609320746
609335259
609343173
609343190
609354251
609369511
609372358
609377086
609391777
609392231
609426842
609446537
609454995
609463468
609467323
609478749
609483786
609494690
609497020
609502911
609513480
609539032
609549771
609561828
609570049
609579604
609593400
609596485
609601756
609610502
609613474
609636158
609668173
609688505
609690235
609699339
609702422
609711163
609721655
609748587
609768181
609768793
609769211
609776890
609779204
609783609
609789504
609802160
609813032
609821505
609829500
609829889
609861304
609861392
609874672
609893373
609931048
609932432
609957117
609968483
609968692
609987321
610003528
610010035
610018505
610023814
610028081
610028508
610044782
610053016
610073967
610076857
610106804
610110384
610113036
610127145
610133186
610147163
610151473
610162849
610164090
610166709
610186299
610193305
610200899
610216253
610222135
610236290
610240649
610253382
610257095
610280376
610282635
610307426
610309984
610315842
610318277
610324508
610329839
610338091
610369393
610374146
610383984
610401995
610406954
610408755
610448739
610449759
610484845
610499643
610511159
610539766
610547805
610549749
610552238
610572285
610594660
610595397
610604447
610612777
610643226
610646463
610646507
610648752
610650103
610655729
610657154
610729486
610733063
610737692
610738700
610743243
610746827
610757336
610761041
610777189
610786651
610797325
610825564
610835513
610845565
610846244
610854132
610855786
610861121
610865050
610878979
610885061
610893846
610899234
610899627
610906084
610911996
610919378
610946524
610953150
610977541
611013328
611019284
611032845
611074771
611079858
611081964
611101046
611105010
611106553
611163973
611164083
611166633
611172793
611184679
611210189
611210513
611211930
611227849
611261711
611263332
611284962
611293953
611294506
611296822
611297626
611305727
611327948
611343897
611346957
611354539
611357646
611358337
611360596
611364562
611375183
611377128
611379200
611381390
611388313
611392261
611392647
611398185
611398362
611402674
611424340
611429825
611439149
611456025
611457984
611466684
611486949
611490672
611491871
611493443
611507262
611516506
611519572
611526011
611572357
611575250
611585707
611593441
611612956
611628426
611638409
611653622
611696116
611710134
611715849
611717617
611722666
611729479
611730174
611758810
611758813
611761205
611779546
611781968
611789094
611839558
611842960
611866976
611885931
611898626
611898825
611899300
611909772
611924508
611934829
611941684
611957073
611963152
611978069
611980209
611986977
612003065
612025328
612028252
612034060
612035517
612056595
612060711
612066173
612069008
612076713
612096988
612100717
612101583
612107953
612122268
612139362
612160568
612165660
612205838
612207144
612212127
612213194
612220576
612267586
612268083
612307053
612316216
612319949
612323937
612327892
612335227
612336635
612340246
612348615
612350241
612353905
612367963
612369469
612376725
612377786
612381317
612392940
612415611
612416394
612420399
612438035
612443731
612446325
612470805
612480425
612490141
612493966
612497412
612501112
612527936
612530919
612534866
612540582
612553558
612562261
612565067
612568715
612573010
612607935
612614842
612622202
612641675
612643068
612647322
612669571
612684444
612703587
612713604
612726432
612733656
612755805
612783454
612798176
612802039
612803685
612808273
612823261
612853741
612855132
612859113
612866145
612885927
612907188
612923776
612940299
612942258
612951366
612961096
612967478
612975192
612989079
612989184
612998109
612998994
613006868
613013971
613018937
613024624
613034782
613049689
613084661
613088197
613089728
613091661
613125444
613159506
613168818
613175213
613176165
613191693
613202466
613203329
613206950
613208794
613209597
613218137
613228205
613230873
613255725
613261976
613288155
613291969
613294789
613300875
613307650
613334461
613350852
613351061
613366448
613368014
613400558
613403783
613406383
613420924
613443698
613447036
613447833
613461365
613461884
613491009
613501684
613506317
613506869
613507240
613511095
613517947
613538296
613539664
613541553
613546415
613550660
613550914
613551683
613552615
613563810
613574810
613576781
613616866
613643389
613645367
613652560
613664283
613683069
613684313
613690111
613709926
613717509
613720527
613728869
613754943
613783382
613808838
613833864
613834618
613835235
613836008
613840279
613843454
613855152
613855171
613860595
613863255
613880789
613927158
613966915
613969533
614001265
614011930
614018353
614018368
614034460
614039825
614044935
614045211
614070255
614074507
614083076
614085880
614085883
614098689
614148553
614179162
614179701
614188469
614195065
614200552
614201138
614237246
614239036
614260842
614269769
614283421
614288339
614297005
614297281
614299657
614322205
614328267
614328358
614331109
614351920
614352059
614361275
614368457
614369294
614387170
614413319
614414566
614420229
614434608
614436407
614454386
614478571
614503417
614507778
614517722
614543252
614547043
614550456
614555561
614566996
614574395
614580470
614593456
614611080
614612145
614617188
614631703
614637364
614645687
614684049
614685226
614698877
614727943
614751107
614760876
614767696
614775788
614791648
614801093
614802817
614816557
614831433
614833783
614895366
614898219
614900961
614909197
614912175
614938417
614956783
614963188
614977430
614982165
614985057
614990021
615009742
615022929
615049351
615058475
615058554
615062134
615067912
615073479
615077518
615078536
615109415
615123318
615130171
615130955
615140142
615147355
615150592
615151281
615179274
615181652
615212005
615215526
615230724
615248759
615277056
615284634
615286206
615290499
615302656
615317250
615339663
615383907
615429290
615434077
615458285
615478817
615486850
615489681
615514119
615516309
615516619
615518127
615535702
615543481
615573549
615589411
615599372
615640741
615642214
615642434
615647217
615649270
615683601
615697449
615722741
615724846
615733275
615756053
615766051
615781474
615786634
615787797
615789658
615805046
615819999
615824707
615825456
615844172
615844575
615877939
615884192
615887944
615898531
615898825
615914741
615919366
615935693
615950652
615960199
615963229
615967441
615976357
615996076
616014307
616017851
616019296
616033067
616039428
616039897
616051213
616062252
616063361
616082996
616096049
616100103
616120008
616126278
616126749
616143869
616159986
616164323
616175105
616191270
616191536
616204463
616222756
616274896
616282701
616284884
616287611
616291337
616314707
616329373
616349310
616360460
616365069
616367867
616370360
616384489
616386798
616393927
616398808
616423545
616442085
616444520
616452678
616458288
616461029
616479128
616481147
616501207
616509595
616544926
616588671
616591599
616594239
616645112
616650023
616682773
616694330
616701020
616760869
616761128
616763557
616769523
616774114
616775629
616777656
616795974
616803230
616812119
616828318
616846665
616849566
616862050
616867801
616874423
616880237
616882859
616891922
616899421
616899930
616900790
616924233
616924992
616925316
616926473
616936079
616940618
616948875
616957116
616967452
616980563
616985564
617004580
617022322
617050251
617063364
617063804
617067167
617079272
617088912
617093272
617104922
617113953
617116500
617125763
617132000
617143392
617143800
617154070
617154311
617160047
617160387
617181776
617196717
617203312
617224294
617228175
617240420
617248868
617249878
617276992
617279213
617289722
617304182
617321792
617325250
617337068
617337454
617339142
617339313
617340889
617347919
617360548
617361134
617361937
617390814
617395959
617397975
617398462
617402369
617414708
617438500
617453395
617466079
617469767
617473939
617497350
617522509
617522521
617529808
617563101
617567173
617574784
617584020
617584624
617585256
617601505
617613897
617618778
617632321
617638344
617660879
617665893
617673339
617677581
617684726
617694376
617701112
617701324
617733446
617754718
617756687
617778751
617792747
617838289
617846465
617855444
617859946
617864993
617871894
617877682
617891904
617892453
617911518
617917988
617933688
617970817
617973008
618011624
618011700
618016555
618019522
618026265
618026599
618032082
618039114
618050235
618056302
618065074
618082117
618091551
618125370
618140248
618158422
618159392
618163506
618169036
618188738
618250683
618251385
618288952
618296710
618300097
618301142
618303915
618310296
618311728
618312689
618319467
618326683
618328084
618333221
618354846
618361105
618377981
618383439
618390751
618417461
618430385
618435482
618449526
618457452
618460212
618462711
618472954
618509905
618517430
618517554
618539077
618548541
618554549
618577272
618593646
618632181
618637912
618640222
618652844
618661111
618675485
618679116
618708336
618709833
618712577
618726195
618728453
618749688
618771542
618773904
618779552
618781818
618788190
618793104
618796910
618805570
618824888
618838457
618842253
618864742
618880878
618891146
618894318
618897706
618903509
618918955
618927931
618929129
618930187
618955686
618956550
618962107
619022646
619034724
619041661
619052005
619055813
619076405
619080815
619093498
619113949
619116177
619126755
619132307
619151397
619163660
619165858
619195797
619199859
619220599
619250953
619253491
619256448
619267416
619282229
619300023
619304277
619316130
619334905
619358646
619388024
619388952
619404151
619405723
619459814
619484149
619504370
619512658
619513138
619517796
619605542
619641700
619655451
619678234
619687001
619690272
619705932
619726424
619759367
619761193
619765139
619778424
619790646
619813836
619827837
619848105
619858146
619874434
619877316
619879914
619880967
619881371
619886679
619887914
619903012
619906675
619910215
619915681
619916633
619940473
619947253
619967634
619976146
619977491
619988594
619997330
620001831
620004614
620005344
620013116
620038848
620054166
620067608
620071950
620085575
620089146
620089622
620095980
620102828
620105441
620113098
620115118
620120522
620132392
620142076
620160346
620168696
620184358
620186231
620201060
620212653
620221912
620239541
620273772
620301359
620316528
620318570
620320082
620320114
620327716
620335675
620335698
620348746
620356316
620359349
620364516
620379174
620395507
620395559
620398189
620403123
620413339
620422157
620423569
620438362
620443110
620443302
620456200
620473743
620476478
620480872
620480906
620491875
620498729
620507487
620530157
620544601
620549841
620572584
620580457
620596402
620606946
620644284
620644921
620689287
620713601
620718713
620736394
620740476
620747709
620752180
620755268
620761619
620766372
620776103
620790598
620799792
620800988
620807161
620833522
620833938
620838760
620842370
620850290
620854721
620868398
620904289
620906429
620918446
620922681
620950562
620958310
620968655
620992402
621000352
621001034
621004316
621032399
621063063
621103946
621107937
621109929
621110104
621113835
621115671
621116067
621119475
621123107
621123642
621137116
621149009
621168538
621181752
621182284
621182394
621202439
621212950
621217669
621217748
621220608
621225464
621228576
621231635
621238878
621244157
621259867
621263500
621268749
621269075
621297179
621298411
621334760
621338702
621352117
621394963
621397731
621434893
621444948
621456368
621482576
621485284
621516731
621520371
621524721
621528220
621533723
621546118
621570141
621571070
621593460
621602330
621603898
621615461
621618401
621625429
621643643
621680170
621687493
621690195
621705469
621718106
621726258
621735820
621757910
621774419
621777101
621783216
621783996
621791551
621792484
621798980
621855899
621856440
621856761
621865579
621866380
621873050
621886181
621889194
621892817
621912792
621913500
621917073
621931062
621943256
621947074
621955320
621969784
622019290
622027187
622050928
622062018
622087312
622115845
622127847
622151872
622165708
622172171
622177229
622188529
622197825
622208729
622209151
622217943
622223657
622224334
622227509
622248484
622283884
622303970
622339331
622340529
622351303
622352501
622360426
622365532
622385767
622390306
622391350
622411682
622412071
622417919
622439207
622456267
622464215
622472303
622476128
622476163
622476482
622476954
622480917
622481748
622509513
622517468
622525991
622527004
622531813
622543927
622554495
622555174
622558665
622586094
622605218
622617855
622628737
622639480
622650032
622656655
622669503
622670518
622679742
622695040
622701448
622704930
622709805
622723566
622725237
622741099
622751802
622761941
622763742
622782413
622783277
622792586
622796338
622823916
622831619
622861606
622863722
622879683
622880013
622901803
622906056
622916143
622925811
622941471
622952989
622964019
622966190
622969027
622977913
622987333
622997786
623010836
623025075
623032314
623051699
623054717
623074619
623075854
623089350
623094591
623094978
623096956
623120462
623129075
623139073
623139961
623148931
623164190
623178438
623184728
623198824
623199640
623200315
623209353
623210438
623224447
623239165
623241789
623248870
623255624
623264798
623274031
623274843
623290968
623298849
623302128
623324738
623329159
623329511
623341185
623344846
623359821
623388534
623408586
623416738
623422486
623451193
623455215
623457999
623461342
623466636
623472276
623491491
623501769
623522699
623530181
623534913
623549400
623567753
623568240
623575728
623583814
623586272
623589027
623607218
623611990
623617457
623625768
623631058
623644010
623649160
623651967
623652380
623657228
623658539
623688749
623701132
623703889
623714550
623727913
623728773
623732306
623739817
623745063
623752261
623753023
623756572
623759680
623771697
623788523
623817364
623828196
623839003
623842324
623846886
623848378
623857978
623867265
623893155
623895772
623940019
623969410
623973952
623988627
624011024
624013878
624023285
624043523
624049693
624054131
624059982
624062126
624073936
624097728
624102847
624114016
624131707
624145957
624165686
624174186
624200279
624213964
624224404
624230527
624232085
624244294
624247627
624264211
624265788
624273971
624289319
624301692
624317140
624317729
624331719
624354933
624355932
624358069
624364159
624371566
624381810
624388067
624412681
624427242
624428260
624430378
624443282
624500125
624517812
624529780
624538098
624547861
624557482
624579624
624588232
624591534
624592919
624600755
624608509
624616194
624617339
624665602
624678177
624682655
624684414
624702342
624708036
624740957
624743963
624749645
624813770
624817106
624822641
624836537
624854479
624874991
624878978
624881101
624889564
624900043
624906900
624932182
624936219
624955647
624956644
624970055
624979089
624979540
625005395
625008323
625008693
625010907
625012605
625015642
625027672
625040025
625046583
625067710
625072358
625084942
625091448
625113352
625146097
625163157
625170206
625182483
625189264
625196888
625200970
625203489
625219551
625220090
625224496
625225683
625226228
625239931
625246034
625246675
625246842
625268331
625282957
625290312
625305475
625308751
625308862
625316042
625321033
625338179
625359311
625385356
625386775
625394621
625415654
625417232
625420609
625432038
625432113
625435735
625461783
625464459
625469693
625476756
625530240
625538643
625544703
625547978
625554327
625597431
625597783
625612554
625631360
625633065
625649711
625706351
625724192
625759417
625762634
625766806
625793395
625804811
625816498
625832388
625841551
625868184
625880969
625881122
625893776
625901332
625915032
625924399
625925484
625942329
625951687
625956936
625965522
625973863
625981194
625990723
626006396
626046228
626074425
626077680
626083645
626091939
626096487
626103317
626113484
626119892
626138049
626138951
626140898
626143462
626148524
626151846
626153525
626153863
626163986
626166716
626174884
626183043
626191012
626191210
626199085
626212147
626219722
626238417
626272920
626275231
626295796
626301230
626310451
626311903
626319001
626321780
626331982
626349160
626364054
626368343
626378838
626381610
626393008
626414182
626414213
626442396
626468224
626478031
626485615
626485986
626486740
626499158
626505640
626505943
626520580
626521021
626549691
626570618
626581868
626587932
626610507
626611695
626614341
626624459
626625597
626635395
626635750
626663168
626664654
626678340
626687480
626694956
626701267
626705126
626731663
626750992
626759161
626765310
626770793
626797729
626798007
626816415
626819850
626839784
626843488
626851524
626851999
626877351
626896100
626899472
626917144
626921650
626932487
626952409
626992106
627030876
627031665
627073968
627084356
627091338
627114831
627136749
627151409
627154332
627164935
627168667
627171611
627173401
627174180
627189885
627192471
627210624
627212133
627223684
627247024
627254586
627264680
627282605
627288467
627289850
627297370
627320322
627324662
627341047
627345897
627353992
627399675
627404551
627405672
627422485
627439100
627444704
627455173
627485736
627516737
627519755
627553387
627557475
627567420
627567449
627570598
627578693
627588168
627589216
627599990
627609764
627636434
627664287
627669085
627670757
627677373
627699044
627706313
627718785
627720316
627753886
627755933
627792715
627793372
627796374
627797857
627804219
627807276
627828775
627838542
627869324
627874242
627874929
627889351
627890965
627925091
627937480
627942641
627952671
627957950
627997712
628012860
628019352
628020087
628035302
628044616
628050361
628053371
628055951
628079088
628079802
628099506
628101916
628109060
628116308
628125420
628128367
628139901
628139986
628148006
628153711
628159678
628166551
628177140
628189217
628195292
628201583
628209135
628211559
628211998
628220894
628226108
628242774
628258092
628264984
628279479
628280258
628284082
628313582
628327104
628331019
628331210
628334327
628351949
628357393
628367372
628370966
628391955
628410182
628413565
628428865
628453967
628460622
628468998
628469349
628474229
628494209
628514898
628520375
628523822
628545630
628579428
628579525
628609378
628619060
628626176
628632346
628657316
628659828
628677380
628689262
628710080
628728310
628742384
628743566
628764043
628767322
628799870
628813382
628821858
628822634
628824169
628844696
628870243
628887622
628911434
628912189
628915913
628929064
628953411
628954033
628983176
628983843
629013378
629015299
629017988
629026057
629041530
629100079
629106203
629106411
629107429
629121561
629131194
629138802
629148694
629154666
629160195
629166486
629173986
629182521
629201740
629202335
629209728
629221582
629221787
629222607
629223497
629225435
629235812
629255017
629284994
629285627
629286818
629290678
629294027
629305204
629306338
629314496
629326827
629348445
629348923
629372740
629382420
629394286
629404019
629410117
629416683
629419946
629432204
629439894
629466439
629468459
629500296
629530844
629533891
629540164
629550395
629554635
629567554
629573924
629585653
629601498
629601853
629615646
629616720
629626538
629643271
629652127
629680487
629686556
629699981
629705202
629711663
629737624
629740944
629752149
629763116
629777784
629781662
629787088
629790123
629829824
629837907
629851591
629857258
629875907
629879364
629907490
629917617
629931076
629951284
629954149
629964430
629975926
629980535
629985589
629988956
629990952
629999890
630006475
630009064
630010475
630025059
630040399
630049294
630056656
630076222
630077902
630083246
630114336
630120787
630131981
630139434
630144794
630154752
630156409
630161014
630165798
630177443
630194466
630208171
630227331
630234943
630246345
630259508
630318395
630331485
630338496
630355871
630357648
630367927
630372746
630384527
630391886
630392488
630400948
630405323
630412718
630418071
630429883
630437149
630457444
630499165
630506692
630510199
630530102
630544287
630545536
630545784
630564946
630589212
630598531
630621982
630651087
630661883
630668702
630681733
630684673
630701858
630725541
630727477
630746053
630746517
630762034
630787912
630792627
630797890
630814175
630830341
630833689
630838777
630849424
630860383
630883028
630896078
630907581
630907810
630908807
630931662
630932461
630953916
630965897
630966933
630970021
630987569
631010747
631012607
631014747
631033257
631040263
631053946
631054261
631056388
631062854
631071067
631077076
631092277
631097464
631109082
631111042
631120379
631121935
631126232
631134945
631136611
631137655
631155010
631179966
631185229
631204765
631217650
631221389
631237702
631237848
631242081
631246734
631255781
631259658
631263735
631265558
631268887
631300143
631301866
631302376
631316421
631361242
631371932
631377857
631382576
631386444
631424377
631425786
631430690
631438012
631442632
631464663
631477544
631481199
631487558
631540635
631546960
631551883
631569004
631575086
631577898
631618246
631625707
631627213
631630281
631659423
631690734
631690983
631707856
631722779
631733947
631734215
631734973
631744915
631747840
631754147
631757026
631759215
631761457
631773280
631780947
631781991
631795767
631804531
631821994
631825658
631829961
631865617
631867816
631870223
631875991
631888153
631899641
631901896
631906046
631916157
631929596
631944149
631948976
631954999
631973704
632005859
632022139
632024238
632059721
632064798
632076981
632079271
632093724
632097310
632103225
632116975
632123529
632162295
632173715
632186629
632187514
632210868
632239669
632244239
632266088
632267322
632270538
632290057
632294133
632298214
632302996
632307240
632308773
632312194
632312354
632318871
632320152
632356534
632357993
632362716
632365190
632382216
632386827
632392916
632402355
632417909
632438615
632450751
632467498
632476252
632502271
632513843
632530699
632541438
632553316
632569557
632585346
632590957
632597542
632611486
632628053
632629770
632653667
632696034
632697247
632706146
632706448
632719224
632733089
632760105
632771907
632781486
632782731
632783250
632792383
632793955
632807135
632821449
632836290
632838201
632847363
632851266
632877652
632881716
632882790
632898728
632903563
632952345
632956424
632970316
632971200
632995076
633010647
633022570
633027762
633051621
633100199
633100784
633111902
633119426
633159200
633163036
633165118
633170257
633176615
633187139
633190402
633204620
633212944
633228203
633230516
633237078
633249595
633265738
633266786
633281886
633284198
633292015
633294904
633331502
633347911
633363943
633397353
633397754
633398561
633417529
633418521
633430360
633433832
633466307
633470295
633499550
633510761
633515646
633538867
633544610
633547857
633563924
633577142
633620997
633627826
633647639
633654974
633693647
633713998
633716170
633724427
633732011
633748437
633752623
633759933
633775375
633776651
633777342
633791577
633797559
633800481
633811909
633814031
633874609
633875815
633879102
633898800
633932357
633935221
633946856
633954744
633979350
633979833
633980207
633988419
633989191
633995551
634002309
634002322
634006558
634020035
634035467
634037629
634044046
634059785
634061423
634068371
634071701
634074791
634088571
634093668
634102020
634116307
634124974
634129193
634131622
634133489
634137033
634139382
634139989
634144255
634178954
634190157
634190596
634193424
634212184
634224677
634225206
634234434
634238019
634249863
634250606
634282865
634297133
634307628
634308086
634321800
634323131
634329168
634341991
634376399
634377923
634386327
634394018
634394906
634404421
634419180
634434116
634435691
634440413
634444653
634446116
634448353
634451866
634465289
634470293
634473009
634474458
634486320
634496425
634502379
634521090
634544285
634556507
634562998
634565479
634571721
634581561
634584925
634612895
634631004
634632836
634633852
634639829
634648972
634658382
634685807
634694003
634697104
634707836
634719414
634724832
634741711
634749014
634799296
634833247
634839627
634860616
634862567
634865178
634877486
634895561
634896503
634910271
634916237
634974404
634975121
634977639
634979343
634983466
635008530
635018698
635019926
635022129
635023181
635044825
635052583
635072563
635083583
635084053
635095910
635105573
635107398
635124294
635131855
635138874
635158715
635187309
635191150
635201143
635214065
635245319
635245752
635251555
635252391
635260328
635261010
635265811
635279212
635280193
635293822
635304869
635320180
635323062
635332051
635336733
635344692
635345687
635347152
635359608
635368102
635370661
635370883
635384798
635399475
635399919
635408479
635415372
635422895
635439698
635455583
635471503
635489562
635493533
635493734
635507165
635516968
635522305
635527681
635528760
635543836
635548303
635568099
635577945
635579512
635591138
635605778
635627382
635627619
635644012
635655526
635656857
635662752
635677530
635678373
635704625
635705626
635715892
635718981
635731107
635737989
635738036
635738932
635741284
635747299
635752610
635770340
635770472
635773933
635788407
635829984
635831107
635855104
635867864
635869977
635888275
635916007
635921048
635930849
635934743
635935993
635939508
635947788
635959041
635961761
635965039
635975125
635996761
636006757
636012224
636038362
636064256
636115757
636124775
636129552
636131528
636131556
636146558
636151736
636159246
636190934
636191465
636224936
636237157
636239141
636266270
636272839
636305334
636306860
636317534
636358579
636360007
636360211
636367319
636387631
636398659
636400258
636407411
636428450
636465149
636471428
636509600
636510211
636515895
636526047
636527850
636531981
636543823
636548136
636557061
636570573
636584284
636587147
636589959
636591525
636594869
636630245
636650475
636657940
636673619
636680466
636682072
636707264
636729195
636731012
636749892
636807783
636811236
636819126
636837752
636852933
636866655
636872873
636885019
636889885
636907105
636910303
636912621
636931440
636946277
636954758
636974459
636978929
637002713
637030813
637031332
637053383
637078415
637080084
637112601
637120818
637126883
637127769
637134767
637142450
637176706
637178878
637185447
637187108
637189649
637198016
637206871
637237037
637242217
637259387
637267765
637275923
637276318
637279412
637285147
637309572
637335407
637341533
637344748
637345252
637352035
637357573
637358170
637358727
637379033
637382002
637386266
637389609
637395795
637402512
637409622
637411836
637435587
637446312
637460273
637472653
637488648
637502645
637504014
637526886
637531282
637559027
637561305
637565066
637566992
637571363
637590635
637603654
637603801
637606065
637610485
637614342
637616990
637630336
637643168
637658296
637661636
637668087
637670453
637691604
637700275
637712929
637720098
637721088
637739617
637748199
637752517
637768513
637771598
637781672
637809891
637810738
637824848
637838747
637853671
637876292
637879381
637882719
637890914
637891327
637894408
637920130
637933832
637933871
637952280
637955704
637964669
637965264
637968409
637974182
637980730
638012320
638017290
638021610
638024923
638030786
638051779
638059289
638060224
638064062
638090572
638098297
638099092
638109642
638121797
638161865
638190572
638222040
638228566
638233017
638235189
638252738
638276093
638276199
638294453
638299458
638318201
638327648
638342161
638345218
638363368
638406395
638424921
638426783
638429974
638432648
638450238
638455936
638467774
638487809
638513471
638557216
638561457
638565269
638565599
638604681
638604890
638611593
638612532
638638592
638639630
638648217
638649304
638653510
638656153
638669442
638702934
638706903
638710549
638719695
638720470
638729140
638731994
638738166
638742242
638742339
638776531
638826578
638827385
638832635
638848498
638848822
638860938
638880360
638888260
638898949
638907656
638907785
638928277
638951574
638953880
638960687
638962358
638967187
638973722
638981508
638982680
638994099
639007250
639023587
639039794
639051038
639061670
639084266
639099580
639150228
639163382
639174827
639179492
639189969
639195407
639201961
639209254
639210989
639211388
639257847
639264408
639267971
639294921
639315547
639326635
639338603
639364635
639414584
639415078
639449703
639465080
639465616
639475873
639487323
639501505
639539289
639543850
639549800
639554580
639566269
639578851
639582542
639585898
639586704
639586758
639588414
639588550
639607606
639625248
639670625
639683143
639684258
639717989
639723929
639728674
639730124
639746156
639751596
639752910
639765738
639801381
639806936
639827086
639845511
639845973
639850031
639859113
639869400
639880746
639885629
639907872
639921692
639940620
639944446
639967123
639985427
639985525
639987573
639991979
640009373
640012045
640012088
640056848
640058541
640067545
640085511
640087702
640101045
640104393
640104920
640113671
640122396
640124696
640134240
640159984
640162835
640162988
640165468
640181745
640189536
640191647
640198671
640202089
640216914
640237436
640268593
640272740
640294542
640297286
640300495
640300679
640318192
640338780
640341962
640347197
640352459
640382572
640396789
640401833
640403433
640403934
640419998
640424851
640441079
640456017
640460091
640463528
640466513
640466526
640473760
640481405
640481667
640483387
640485908
640503163
640511037
640513280
640515896
640540972
640546909
640548376
640561937
640563690
640573223
640582909
640598153
640635713
640646960
640651648
640653674
640655714
640656223
640671417
640680381
640691594
640698068
640703652
640716908
640729075
640733923
640735011
640748714
640760416
640773445
640783180
640785780
640788473
640790390
640794791
640796101
640797612
640801447
640805597
640811687
640828486
640835190
640854311
640869335
640879592
640886759
640909472
640910466
640926440
640927664
640939279
640941677
640943393
640968862
640995822
641024757
641039090
641046095
641064351
641108240
641132989
641151997
641158052
641162701
641165382
641179372
641184284
641199959
641211268
641219447
641220269
641245155
641265915
641267860
641280221
641290978
641295245
641328861
641333745
641338460
641339603
641355720
641375613
641388836
641402819
641434800
641437225
641455519
641460447
641470899
641476783
641479973
641492661
641493344
641502799
641505184
641520884
641539045
641562447
641598299
641599907
641604648
641637581
641660535
641666352
641679275
641680101
641686957
641710918
641711404
641715389
641719277
641730976
641734074
641741720
641742129
641753187
641785498
641796504
641802248
641820497
641822443
641829440
641863201
641905297
641906959
641910972
641925955
641938994
641953035
641961633
641961831
641961833
641979115
641993330
642012375
642020683
642033090
642034390
642042883
642064784
642068387
642086842
642099401
642134636
642139408
642168144
642173097
642190579
642191208
642194271
642207899
642209270
642222497
642227217
642227447
642270083
642285093
642289546
642292798
642304995
642327222
642357611
642387125
642388444
642422080
642424516
642435331
642437280
642451863
642475865
642485950
642522310
642534071
642534111
642541051
642541446
642546359
642548721
642558604
642559489
642561157
642570525
642578324
642608483
642613650
642620226
642624396
642634912
642638346
642642331
642646311
642653487
642670316
642671433
642674657
642683230
642720492
642722156
642728893
642740104
642753837
642759647
642761767
642772442
642774935
642788526
642808868
642870866
642894596
642923046
642923717
642952297
642958510
642960239
642973326
642982444
642982997
642992330
642994315
642994335
642995440
643001354
643003606
643013413
643018980
643026645
643058767
643063679
643076250
643077981
643086082
643088791
643106555
643114724
643129467
643147951
643152487
643160627
643160930
643171110
643176976
643181586
643184979
643186337
643201264
643209105
643218882
643233740
643243074
643249116
643253203
643257037
643266803
643282088
643285097
643285359
643315246
643315789
643337947
643338638
643345700
643349659
643351686
643354772
643354824
643385978
643393801
643411608
643426462
643438957
643448727
643457984
643460728
643463736
643505384
643514803
643526558
643530170
643530235
643538915
643552998
643556922
643557357
643557667
643559629
643572921
643579724
643594864
643607679
643618612
643623238
643635694
643635710
643638544
643641255
643643004
643644724
643654731
643663978
643666610
643667421
643672593
643679574
643679896
643688155
643706131
643733234
643748385
643765055
643769285
643781230
643792093
643795109
643804404
643807580
643820526
643823912
643833755
643835468
643856078
643876162
643886348
643888356
643888955
643889300
643889348
643904515
643910035
643918092
643926060
643932220
643940185
643953976
643970377
643972092
643983596
643990515
644009865
644020408
644038722
644063074
644085118
644093324
644094970
644127459
644128611
644136002
644139387
644146708
644152530
644168508
644175366
644187618
644201491
644215303
644221475
644227233
644248223
644267749
644280903
644281532
644313406
644320552
644327817
644330443
644335829
644337300
644345306
644349766
644359601
644361520
644370081
644401599
644413503
644427443
644429949
644442549
644447763
644453651
644483220
644489789
644511526
644529054
644541351
644542950
644553851
644569276
644572869
644610245
644610472
644612466
644614573
644619301
644624750
644671145
644674561
644677252
644699252
644736575
644747451
644762427
644763771
644781216
644788758
644796375
644796942
644809953
644819592
644842660
644846387
644876279
644959890
645026076
645028168
645100497
645105678
645126232
645130339
645134393
645137124
645140318
645141387
645157021
645160486
645192847
645200638
645207414
645214070
645216346
645222935
645227861
645242834
645252727
645265717
645272679
645292992
645294622
645305845
645318296
645320934
645323104
645344944
645348927
645354248
645356802
645376350
645384585
645396420
645396456
645405964
645407283
645408639
645411851
645414355
645431745
645447331
645469676
645470407
645485666
645487813
645487888
645518756
645521462
645541986
645542521
645549446
645554451
645561275
645562785
645585288
645601113
645612932
645621542
645622633
645632739
645633898
645644147
645647370
645668745
645674058
645675492
645710941
645711756
645713821
645721413
645758147
645758502
645765994
645768679
645781465
645783614
645787791
645807640
645852102
645855770
645860063
645897751
645941060
645958478
645961902
645976598
645983039
645989408
646007389
646036834
646045849
646070918
646084071
646091118
646096284
646107109
646122101
646123899
646131083
646132296
646164384
646168634
646169878
646170535
646171824
646185735
646186511
646198501
646199883
646200594
646226203
646229413
646230695
646240753
646244620
646254695
646265197
646266166
646268179
646272675
646291686
646296923
646313393
646343155
646348360
646380454
646380685
646421265
646426028
646432281
646434589
646446908
646457115
646495822
646501349
646536435
646537939
646544627
646545155
646562472
646583236
646596366
646604293
646635667
646649845
646663569
646668651
646685967
646686139
646690007
646733138
646746068
646764006
646767079
646778028
646779756
646783068
646816886
646820714
646829910
646843918
646848788
646853120
646858881
646863967
646865508
646866246
646871715
646882204
646884380
646907131
646914358
646922461
646952674
646971236
646974314
646991910
646999879
647004451
647007173
647010339
647030950
647032180
647049183
647049331
647049352
647053769
647081665
647098136
647103354
647105025
647130248
647138200
647164419
647189437
647192471
647201276
647224580
647228326
647233782
647238275
647253954
647259789
647278264
647289066
647296756
647303333
647306241
647353840
647373636
647403151
647404529
647408836
647412574
647483898
647490381
647501419
647528876
647533955
647546963
647576920
647583116
647593768
647601418
647606592
647615747
647623164
647626765
647635299
647637151
647669103
647673009
647673281
647681835
647705384
647707901
647745062
647746427
647752628
647753604
647754517
647755937
647757183
647761601
647763306
647801119
647806622
647811242
647814794
647822641
647827262
647829482
647840995
647871837
647873462
647901822
647914874
647946328
647948847
647969362
647978775
647983366
647993903
647998175
647999747
648001301
648003916
648045727
648083558
648088386
648120385
648124627
648128973
648134872
648141139
648174487
648189724
648192626
648203263
648203849
648216261
648231381
648232514
648256440
648264260
648265692
648275596
648277401
648279756
648281560
648285791
648296575
648305287
648312381
648314942
648340971
648368436
648372176
648372446
648394417
648424242
648468068
648495115
648513204
648519390
648519875
648527922
648534990
648550356
648553626
648556432
648559011
648587672
648597781
648599093
648601541
648609917
648644203
648644405
648654062
648694369
648698702
648714246
648723062
648728184
648728509
648747946
648750976
648752808
648753544
648754598
648760237
648776324
648779617
648781643
648783386
648793318
648801841
648855090
648867800
648871893
648882664
648935794
648957469
648971089
648972304
648973345
648980799
648993523
649014423
649028520
649031971
649069035
649075921
649083376
649092737
649112526
649127084
649128335
649128784
649131896
649138709
649145969
649149603
649149674
649153914
649186435
649196383
649205136
649225149
649227630
649243767
649251343
649264722
649265284
649282855
649290687
649305653
649341310
649357841
649373487
649379370
649383890
649404505
649409399
649437384
649447994
649458972
649468389
649483438
649483794
649486246
649492582
649509704
649532063
649545267
649569740
649580905
649603379
649614557
649623478
649646156
649646564
649654587
649657966
649712345
649712584
649715166
649717374
649728417
649751053
649756590
649761959
649770324
649784675
649788309
649794393
649825195
649847531
649852090
649856679
649857676
649881263
649895187
649898887
649906145
649927380
649935219
649937022
649942626
649961322
649966099
649972248
649975130
649975375
649992699
650000384
650014299
650022037
650045789
650047970
650064644
650065232
650083711
650104266
650104770
650121826
650125854
650126271
650137072
650138508
650140759
650147595
650164835
650171681
650179537
650196871
650208201
650223159
650236438
650264473
650267396
650269366
650296504
650307926
650311235
650320004
650324885
650326185
650326190
650375112
650387052
650413543
650417011
650422091
650436851
650445164
650449656
650451732
650453044
650506043
650540101
650567512
650582147
650582707
650587230
650610603
650612378
650629331
650647558
650649173
650658503
650684727
650684940
650688900
650692015
650727287
650731278
650741493
650765675
650773605
650791309
650811720
650818180
650826868
650829387
650835284
650843138
650854902
650855581
650864660
650874720
650893658
650901387
650912505
650913642
650918732
650930978
650933042
650937004
650940242
650947279
650975808
650984894
650989088
650992324
650998509
651012422
651016199
651043423
651055301
651072649
651089161
651089976
651105154
651112198
651119400
651123714
651130501
651147760
651178356
651184139
651189332
651195424
651197852
651206111
651211789
651233219
651246939
651250626
651251834
651255835
651259261
651269457
651285474
651297368
651302531
651312357
651340981
651348537
651350002
651355453
651381262
651381954
651393632
651406778
651426539
651436484
651437541
651442083
651443059
651445112
651453091
651462712
651480571
651485705
651506323
651506343
651511404
651520754
651528689
651552660
651583444
651583531
651587051
651595708
651615370
651622228
651622777
651624801
651656869
651665080
651684836
651705282
651712146
651720373
651739718
651745723
651758481
651763901
651771460
651785085
651790873
651807632
651813310
651855334
651865680
651877938
651898787
651963467
651968426
651980717
651983734
651996979
651997843
652001307
652024973
652056406
652065425
652068130
652072478
652078421
652091684
652094624
652097516
652103516
652105036
652107114
652119767
652127632
652167696
652188945
652190719
652194772
652207559
652212665
652237607
652243369
652255478
652259822
652310089
652325003
652326976
652330183
652336900
652362645
652378633
652380344
652386097
652391637
652426875
652431670
652439997
652462589
652468278
652471235
652484943
652493420
652498887
652506226
652515193
652523890
652546351
652562091
652569924
652573452
652603304
652617781
652623383
652624866
652647619
652664286
652670706
652677547
652693397
652713293
652725769
652728925
652753051
652756150
652757338
652761739
652773046
652812502
652820708
652841759
652861709
652861733
652875787
652903292
652937178
652966120
652981026
652987599
653023403
653034580
653050445
653063648
653087777
653091781
653133343
653150184
653150185
653155003
653157318
653161077
653163594
653181571
653181755
653191273
653193759
653196984
653198072
653219978
653224832
653225793
653240721
653250760
653257615
653274082
653277779
653289111
653292317
653293997
653298570
653311978
653317627
653317896
653326476
653327173
653337050
653362513
653366960
653373189
653394131
653396980
653399078
653402811
653416037
653419686
653451884
653456182
653460459
653460600
653465077
653476125
653477257
653483142
653488848
653501570
653508428
653509612
653519540
653531523
653536349
653545154
653554492
653554867
653555865
653558239
653559406
653563415
653578953
653598458
653618096
653625619
653656977
653671742
653689860
653700756
653723935
653735665
653736547
653750272
653750512
653760016
653761752
653772147
653774082
653774592
653784394
653784860
653798986
653827259
653830730
653833712
653838047
653844522
653844716
653855984
653879012
653898127
653899648
653902932
653910135
653927592
653936059
653939809
653940232
653947806
653949041
653960823
653980059
653989260
654004517
654005911
654007493
654008895
654016598
654018766
654039940
654040068
654041717
654049482
654062738
654065132
654073334
654113386
654129463
654130954
654142248
654159179
654161663
654163685
654178335
654181880
654189070
654190516
654192832
654214380
654223998
654237436
654258986
654276778
654293899
654310005
654322791
654331121
654335561
654387923
654399580
654403413
654416060
654425447
654426549
654461984
654463742
654483060
654483908
654489028
654500553
654533128
654549099
654563483
654566821
654568109
654616183
654631040
654633619
654634360
654654969
654672316
654690589
654701766
654706037
654716080
654729579
654747741
654756413
654771024
654793625
654842333
654870830
654888486
654890029
654893212
654898322
654910702
654922740
654937286
654946821
654950333
654953904
654963649
654967924
654984332
654984672
654985743
655009864
655022863
655032608
655069759
655080712
655090830
655092605
655107094
655126504
655132869
655146981
655161664
655164750
655166166
655168186
655169570
655175917
655181297
655183172
655234164
655235669
655238856
655241521
655264243
655270133
655271908
655307837
655325547
655334436
655355151
655358598
655365157
655385090
655386084
655393362
655401537
655415408
655457783
655458628
655473221
655477749
655499043
655499470
655520360
655533362
655552067
655555758
655563412
655574130
655581370
655612575
655619627
655622305
655628636
655646001
655663097
655671349
655675407
655689337
655693796
655694809
655702124
655724146
655726592
655731556
655740809
655764177
655780139
655791663
655805132
655809161
655837791
655838107
655844427
655871897
655875023
655887325
655912946
655920265
655932573
655945173
655954727
655955375
655973610
655990024
656003205
656003410
656011241
656031397
656036725
656046375
656047583
656063216
656091866
656093392
656100911
656105181
656126492
656128045
656130947
656133457
656135837
656147639
656160977
656165108
656179016
656218381
656219656
656253513
656256607
656281243
656295378
656325455
656349672
656354038
656356947
656362698
656376649
656379085
656381100
656382977
656389444
656400246
656403564
656405415
656417790
656419888
656433400
656436606
656447388
656454046
656472040
656503057
656568551
656580010
656602960
656618201
656642858
656654153
656665079
656681500
656712801
656715962
656716272
656718242
656725603
656726640
656730076
656738816
656750427
656754760
656780293
656794388
656802945
656816678
656818340
656820359
656821189
656827268
656864135
656885586
656886554
656889064
656893551
656915520
656921852
656923161
656925392
656934461
656955750
656956537
656963191
657009471
657018196
657026221
657028816
657042903
657045587
657060579
657061579
657063876
657121813
657133263
657134737
657144553
657148670
657153192
657193275
657196733
657205892
657215716
657216729
657249819
657252804
657253963
657264225
657268292
657303027
657308714
657337819
657338707
657339259
657345047
657347717
657383207
657383848
657391952
657399339
657403860
657408243
657442787
657483137
657494405
657506036
657546690
657552798
657573027
657583397
657584460
657605504
657610171
657613016
657619472
657638556
657648210
657652906
657656449
657673668
657673692
657690776
657697333
657706718
657715702
657721576
657733718
657738676
657749339
657759060
657765769
657766982
657788875
657789599
657791013
657792409
657811569
657836088
657843147
657844683
657846374
657851262
657857826
657898710
657924470
657947416
657947656
657963850
657968233
657980443
657981513
658009011
658015255
658022069
658041184
658043728
658051796
658140622
658144981
658157412
658164310
658167642
658175766
658222840
658243181
658281061
658284807
658295294
658313456
658323920
658352732
658355013
658380516
658384546
658385964
658390616
658393863
658398947
658407705
658432225
658439695
658446387
658446907
658447517
658447603
658485241
658492336
658496675
658530263
658531006
658534306
658553586
658554279
658558136
658558612
658582569
658584703
658589863
658591728
658593163
658614506
658618817
658621127
658658907
658668803
658669185
658671452
658675681
658701672
658710858
658736558
658785847
658800514
658806821
658813102
658819679
658839687
658856568
658870299
658872737
658885819
658886719
658893466
658896967
658897007
658936452
658942244
658953389
658964435
658968181
658970741
658990267
658992797
659004793
659047613
659048957
659079927
659096619
659097380
659100620
659115126
659132312
659142703
659147821
659149270
659169731
659170164
659173637
659180055
659197981
659201240
659208830
659240742
659253151
659283034
659298533
659303582
659313450
659313558
659321723
659324272
659326995
659330732
659345467
659352314
659372829
659380772
659404790
659426806
659434521
659448999
659469455
659469958
659485732
659510068
659516735
659523854
659537936
659552455
659565398
659581713
659588866
659596657
659619299
659624717
659632614
659643886
659664160
659673980
659688120
659693156
659694013
659731885
659748556
659767777
659770505
659776545
659781771
659788182
659791034
659792489
659808959
659830138
659842192
659846048
659847513
659873583
659886562
659903579
659918338
659923302
659929419
659955480
659960278
659983770
659995282
660004666
660005778
660029969
660038362
660043115
660052924
660067450
660074621
660077615
660081871
660085894
660097605
660112829
660144135
660144572
660150987
660151837
660162648
660176009
660177561
660186753
660200013
660205163
660217140
660218715
660218822
660246934
660252158
660268898
660268931
660272403
660281393
660286640
660316141
660323577
660330353
660333567
660334674
660337449
660350572
660357916
660373876
660381379
660401593
660427742
660432465
660467831
660469492
660473329
660492129
660493247
660507239
660528113
660532097
660534565
660540255
660590390
660593288
660608631
660622407
660625637
660685160
660687573
660719407
660737314
660753507
660753520
660765016
660768889
660771889
660772525
660774043
660786978
660793967
660794685
660813577
660816242
660823447
660826189
660831372
660847566
660858792
660870594
660872669
660875207
660886493
660892729
660895447
660899151
660907497
660910629
660946532
660950032
660953948
660982117
660986548
661008956
661009257
661035924
661050804
661050972
661062453
661078102
661079718
661091921
661108524
661112657
661115092
661125340
661129168
661130199
661148212
661149853
661150737
661162732
661185290
661185839
661190484
661194013
661214083
661219911
661223759
661233417
661253565
661256389
661257823
661261789
661265260
661287640
661301308
661331270
661371467
661384092
661395732
661407448
661411599
661422980
661433409
661454506
661466470
661474347
661483192
661497071
661499203
661525338
661559237
661577188
661585293
661600532
661623432
661635827
661644148
661675011
661676673
661677553
661677572
661679184
661679432
661738805
661747574
661772289
661774994
661775497
661802202
661804416
661817070
661834071
661835094
661846541
661855469
661855991
661858066
661866655
661883059
661885064
661885980
661907186
661919458
661920346
661929043
661930477
661933198
661940876
661957130
661972470
661984418
661986094
662016907
662059322
662061563
662079579
662085586
662101238
662170811
662178930
662184316
662192292
662192723
662197346
662206291
662215716
662217725
662248548
662285655
662286236
662289437
662296770
662300802
662308334
662310102
662323020
662324071
662324580
662340267
662341094
662344074
662352878
662361898
662381397
662388025
662388433
662420712
662425638
662426264
662451503
662460327
662469445
662469588
662485000
662494149
662496011
662498936
662505563
662506545
662509680
662524687
662527225
662537468
662549556
662576323
662588363
662590148
662615411
662617264
662624589
662628829
662662080
662662690
662690930
662697510
662698463
662703314
662706013
662729344
662731625
662745154
662750070
662754400
662756979
662762764
662785928
662794567
662821895
662829417
662835031
662847144
662867954
662886708
662897731
662918778
662948886
662973135
662995088
663018665
663034746
663057255
663063102
663070269
663084461
663109076
663120292
663123658
663123702
663129193
663140686
663167987
663172748
663175382
663177396
663180622
663182136
663187482
663199754
663209051
663210678
663216021
663249466
663251327
663265648
663275846
663297185
663299253
663304180
663306443
663309961
663316085
663330908
663397935
663406170
663447907
663448779
663479648
663485375
663488772
663503341
663534593
663535117
663550991
663552619
663561096
663564698
663608672
663615509
663618446
663631809
663635204
663650826
663662322
663671480
663679850
663693833
663701622
663704817
663709285
663740137
663765659
663805681
663806600
663821023
663832929
663834434
663835767
663850684
663855062
663856045
663869825
663876594
663878349
663887434
663888393
663895456
663924828
663941785
663952996
663981681
663983215
664002537
664005439
664006720
664013763
664022533
664024765
664030236
664060261
664101215
664114448
664115906
664116029
664121710
664142916
664152229
664156040
664171185
664171234
664174274
664180310
664184986
664229230
664241998
664280406
664296783
664311672
664315309
664328509
664340957
664341155
664349187
664353675
664357112
664371933
664381894
664385778
664405342
664422993
664424820
664432638
664436671
664443791
664449286
664453423
664473854
664482128
664484938
664486653
664488881
664521074
664534490
664545331
664555370
664568350
664573180
664574545
664574801
664576679
664578268
664591774
664596824
664606575
664607105
664610779
664614165
664636661
664638997
664639533
664639536
664643802
664650018
664664295
664673913
664674846
664681997
664694597
664705738
664741194
664744865
664748240
664758458
664765759
664766178
664775464
664789773
664817807
664818218
664822816
664833673
664858777
664859297
664877762
664891270
664900670
664910701
664913758
664928753
664939117
664939765
664940254
664947785
664970569
664973206
664983444
664993127
665014049
665030993
665031959
665046063
665057582
665073380
665080496
665080556
665089859
665105437
665106218
665109284
665112035
665152745
665156873
665200946
665201227
665204371
665227051
665241716
665241809
665242490
665249672
665256739
665262319
665264309
665286963
665301941
665308540
665309083
665311626
665315527
665342477
665349060
665349626
665357294
665361923
665374808
665377072
665379200
665384275
665403102
665419300
665419595
665422548
665435119
665451460
665452841
665458870
665462156
665469888
665474226
665507083
665514051
665542163
665543489
665544734
665554577
665580001
665594396
665599441
665607263
665608633
665613897
665625324
665685608
665702884
665714319
665718245
665726002
665726875
665729502
665733389
665743385
665760244
665764791
665766451
665778784
665785534
665799006
665822997
665831473
665834954
665842524
665850539
665862559
665866872
665874758
665897123
665897569
665897689
665906077
665913767
665919103
665924736
665932929
665934901
665944360
665961353
665966823
665973220
665976983
665982114
665986462
665998139
666021208
666027244
666039401
666045368
666053076
666053157
666075914
666113741
666118152
666123695
666124054
666125788
666144434
666182852
666183585
666191740
666209769
666213398
666223835
666229703
666243103
666244831
666247078
666251544
666253713
666258599
666261791
666274086
666294422
666309540
666323029
666323930
666324015
666330257
666370075
666387622
666392266
666418444
666419586
666430200
666447864
666452880
666463255
666464764
666471663
666476715
666502192
666524269
666532535
666554885
666559188
666561322
666562441
666563723
666569492
666570346
666576135
666594782
666609248
666616627
666622639
666656709
666662175
666662783
666674835
666694138
666717352
666736501
666748913
666754503
666754897
666787357
666792362
666827043
666852615
666894426
666900875
666904748
666909296
666911020
666917154
666925432
666929089
666949080
666950253
666954819
666968759
666982480
667003917
667009323
667011847
667033571
667058348
667059137
667061165
667099405
667102472
667104632
667107985
667120249
667121874
667130285
667131013
667132202
667137128
667171562
667177631
667185452
667193672
667211344
667216541
667220997
667234645
667244605
667245801
667251969
667254344
667257316
667261844
667269122
667275394
667284153
667292787
667310812
667318587
667338857
667339796
667345867
667348723
667349876
667365210
667372958
667390907
667398835
667402773
667415401
667427007
667455133
667459847
667466945
667469295
667475108
667497176
667510856
667533682
667537841
667539574
667544906
667546147
667561459
667562033
667572061
667581493
667611465
667630875
667635713
667640709
667642925
667644059
667644940
667711213
667711414
667726255
667749141
667761523
667776276
667798289
667808216
667833882
667839790
667846651
667850541
667860749
667874025
667884122
667885045
667887568
667889735
667903900
667911092
667935345
667945670
667960775
667972041
667987321
668004494
668004516
668008257
668008928
668019839
668027984
668045485
668052925
668054364
668071402
668073329
668074475
668093593
668104226
668114064
668124348
668125480
668133290
668146122
668151699
668162666
668163083
668165877
668166666
668181673
668183834
668190979
668194304
668197678
668202668
668204747
668252011
668257862
668270026
668270777
668285005
668291697
668293934
668302134
668307847
668309634
668310090
668312213
668323837
668329118
668335351
668339934
668342135
668346038
668350147
668355291
668364062
668376159
668383981
668389882
668393141
668403605
668407919
668411435
668415943
668425645
668426990
668438075
668447910
668451151
668465536
668466434
668478336
668486312
668490208
668514303
668523204
668530617
668549746
668558781
668559963
668565307
668579336
668594895
668597320
668612712
668621275
668648130
668652131
668667234
668676113
668680256
668700534
668703356
668705865
668719584
668722546
668726856
668763111
668764105
668775525
668815962
668815968
668825418
668852177
668864398
668877641
668899318
668918782
668945727
668960526
668973380
668973891
668983013
668996416
669000430
669015895
669037744
669038898
669038936
669049243
669061474
669077941
669079423
669085895
669086711
669108871
669117778
669119465
669138468
669142576
669143819
669159029
669162940
669172774
669175501
669186198
669192633
669199825
669220079
669229127
669235173
669246901
669254991
669264038
669265999
669270875
669286244
669289964
669300133
669341071
669349654
669355356
669369983
669370848
669372571
669382098
669390570
669390769
669395100
669399829
669401967
669425828
669455970
669478534
669480957
669489908
669495061
669495543
669503684
669510927
669518326
669527878
669544460
669580086
669593341
669607192
669630778
669644269
669656373
669676509
669682608
669683756
669690104
669690365
669696032
669697170
669713538
669724097
669742136
669765742
669769096
669786733
669797097
669808071
669860950
669868050
669904666
669924219
669934132
669943268
669947026
669948965
669975563
669985969
669995766
669997568
670026151
670037478
670041557
670042838
670048080
670052030
670095824
670096654
670117969
670129507
670140848
670145865
670155425
670167207
670177159
670187394
670192861
670196577
670203299
670212528
670249296
670250941
670273047
670328780
670330674
670339535
670353942
670356159
670366939
670368460
670374969
670398170
670494401
670498857
670499439
670506433
670523450
670531421
670592277
670593853
670594862
670599475
670618296
670639413
670641933
670651614
670663872
670667659
670676972
670678685
670688389
670689261
670716355
670725269
670726083
670732475
670733705
670737770
670758790
670763689
670771268
670800733
670818909
670842806
670850086
670879637
670881117
670915451
670926877
670950874
670965461
670979079
670985949
670990316
671012176
671016580
671033421
671034695
671036644
671049370
671050811
671054908
671056028
671080943
671085994
671104450
671114326
671118578
671124368
671142710
671150203
671154830
671155448
671162482
671170540
671191518
671196074
671200731
671201491
671205868
671212205
671217323
671253712
671277048
671277708
671278347
671287940
671289320
671310507
671310526
671311368
671313344
671330883
671348804
671356169
671364105
671366165
671376766
671382318
671385658
671386836
671388177
671405635
671412328
671418455
671444793
671451084
671466516
671471539
671474836
671499413
671503779
671537201
671551652
671557180
671576509
671580589
671593843
671601851
671613300
671632172
671661080
671717277
671744448
671768436
671770664
671776174
671776850
671804851
671829639
671829719
671840089
671846321
671857770
671869055
671884980
671903561
671920087
671933855
671938622
671947330
671961248
671962241
671976426
671998597
672000090
672002128
672029792
672043813
672053163
672067624
672087438
672108643
672109423
672140463
672150043
672161414
672182306
672182420
672191199
672194911
672206763
672215107
672235178
672236073
672243225
672253638
672255939
672265072
672270984
672293613
672295309
672300679
672312080
672312804
672323675
672341350
672349637
672391506
672392533
672411363
672417754
672421619
672433520
672445988
672455262
672468452
672476120
672480090
672486404
672492109
672510151
672512436
672512596
672535331
672552510
672556687
672568657
672568779
672570388
672572061
672572140
672582355
672599992
672609706
672612877
672615070
672635291
672647230
672672554
672700985
672701199
672718703
672722920
672739418
672739512
672752796
672775619
672785640
672796479
672813798
672814566
672814969
672820493
672821655
672826442
672836376
672839970
672847830
672852154
672859592
672864326
672879446
672880045
672885335
672890290
672898132
672910550
672918577
672919933
672921397
672939237
672952286
672956308
672962754
672979950
673001050
673006629
673007426
673033497
673033671
673034764
673043138
673072474
673083462
673091798
673100575
673140900
673153575
673167085
673171248
673184879
673193641
673199861
673207395
673256979
673281944
673285165
673288760
673294761
673298678
673309532
673312926
673336292
673337819
673343115
673347242
673351605
673351810
673351881
673352666
673354526
673397730
673411193
673415368
673417266
673443222
673478852
673486086
673497069
673500784
673501753
673509255
673513969
673514734
673536131
673536933
673538684
673552789
673553826
673571159
673572245
673575938
673597891
673598256
673609271
673614946
673620594
673621854
673624191
673629960
673630398
673643381
673658095
673674736
673682565
673690025
673691621
673700278
673733153
673735098
673738270
673753299
673762040
673768090
673776981
673780865
673794135
673799431
673825722
673828385
673869348
673891620
673919399
673927607
673930281
673938009
673945166
673955588
673977794
673980211
673984520
674027102
674027988
674068288
674087154
674094111
674106081
674110915
674117656
674120209
674186995
674193987
674195434
674207824
674221144
674221593
674224031
674232064
674232836
674233062
674243284
674267719
674293917
674298770
674308598
674313884
674314695
674327076
674329492
674343567
674343737
674345901
674362949
674364622
674370635
674375970
674376993
674382308
674403071
674411260
674413375
674442790
674451629
674457972
674463189
674466334
674477121
674479365
674479478
674483944
674492504
674493867
674503476
674503509
674522485
674538989
674539171
674549912
674566207
674574944
674584795
674588467
674593133
674594239
674601829
674617883
674629356
674630244
674650046
674665156
674667576
674669160
674675914
674704017
674706569
674717531
674730811
674731521
674739242
674740464
674750965
674759827
674762892
674767108
674773955
674774279
674774314
674776599
674777860
674781590
674791855
674817660
674834447
674844969
674864084
674868948
674870897
674886881
674893025
674897548
674899314
674900386
674906867
674911356
674914182
674924366
674932695
674947687
674962584
674970538
674970912
674971981
674984833
675015264
675019216
675030114
675040996
675053656
675055303
675060492
675080655
675092689
675138177
675141480
675170639
675177378
675179121
675183492
675212084
675234056
675247379
675260437
675268537
675270756
675294268
675297412
675301147
675305580
675315335
675322746
675326557
675331417
675333903
675348835
675349883
675354257
675355643
675377133
675379391
675393000
675394688
675403170
675404788
675406779
675409772
675470019
675476964
675489179
675490891
675502703
675515272
675516085
675528643
675532522
675551743
675564818
675577127
675581098
675591286
675618969
675633657
675635695
675635769
675636413
675647776
675659874
675660418
675698772
675705338
675721075
675758057
675777607
675789442
675796303
675802026
675806333
675831157
675843977
675851174
675857082
675884638
675885824
675888841
675917232
675923589
675924821
675934495
675935733
675936865
675956786
675963961
675971045
675973231
675991794
676006309
676029361
676038660
676048633
676051656
676053878
676066968
676077528
676082184
676110231
676110257
676122904
676129671
676134116
676143675
676163430
676168884
676169429
676193063
676198901
676210357
676212532
676214028
676220381
676225742
676230942
676255486
676256791
676262281
676273780
676285024
676325002
676327311
676346592
676356381
676362305
676376267
676382075
676398098
676414340
676435785
676442252
676453291
676458539
676459042
676463723
676477827
676483534
676498959
676506480
676510847
676525649
676529901
676546429
676584825
676615308
676625107
676678078
676710206
676710301
676725553
676740139
676747420
676754311
676772708
676795600
676803563
676808848
676818576
676829228
676835403
676837510
676866700
676882901
676909468
676914268
676917563
676924802
676926410
676933170
676948031
676988289
677007278
677012536
677015252
677024745
677039078
677067053
677090624
677093678
677095099
677095162
677102915
677109424
677112494
677121785
677130803
677148194
677157321
677183634
677192841
677216474
677223896
677234347
677241508
677244030
677249419
677256927
677272600
677282022
677296524
677327219
677328539
677335750
677355218
677359404
677365485
677366742
677371416
677371426
677377791
677391929
677395520
677407317
677414151
677414907
677423073
677442478
677445886
677446458
677449011
677450324
677455864
677461506
677467430
677473428
677476938
677480393
677491360
677493148
677536860
677541172
677541562
677544067
677545021
677545304
677565007
677585349
677587755
677594193
677616604
677621436
677628687
677658257
677669059
677679496
677680128
677685572
677703430
677705283
677711499
677717215
677723423
677733318
677736281
677742224
677753823
677773820
677777448
677780506
677781149
677783881
677785714
677796230
677806355
677815895
677819433
677822249
677822772
677826232
677842883
677844378
677850890
677861405
677877845
677882641
677887045
677896191
677915177
677925722
677946558
677949587
677967216
678007372
678031760
678034169
678063847
678101307
678112662
678113588
678113753
678144076
678154916
678171872
678179080
678181888
678182023
678186608
678187518
678207672
678222334
678227119
678244071
678250092
678261626
678303738
678316067
678317338
678324498
678327655
678343521
678363459
678366960
678370418
678386471
678402347
678404301
678409204
678412401
678424247
678456520
678467134
678476687
678478308
678484860
678486511
678569883
678572738
678579058
678585010
678586732
678622880
678628925
678628945
678632618
678657117
678677794
678697027
678702442
678708258
678724641
678729837
678731190
678741375
678749666
678751846
678768989
678775828
678788202
678797430
678811589
678812972
678832741
678849165
678855284
678874622
678891800
678898272
678905293
678907809
678946469
678959651
678960700
678961516
678985591
678993982
678996754
679006346
679008236
679016094
679053326
679061290
679068495
679076823
679094532
679103132
679114132
679130206
679143916
679166141
679177782
679189254
679199052
679206649
679210381
679222945
679224830
679245632
679266255
679272486
679291336
679294187
679296521
679309921
679324961
679342699
679344874
679347678
679369725
679374230
679408302
679411359
679441893
679447581
679454869
679480437
679481708
679486364
679509757
679519125
679522807
679528555
679528637
679592535
679595314
679618679
679622764
679631196
679638115
679641061
679642281
679651373
679668195
679672488
679673889
679675836
679685634
679697939
679720132
679736402
679739272
679778607
679782881
679790846
679801624
679817966
679824023
679824277
679828057
679843885
679859350
679868919
679878589
679881368
679903223
679904141
679909506
679910545
679940609
679992877
679993020
679993643
679999859
680000762
680007339
680031691
680035776
680048356
680074012
680074130
680081355
680109573
680128252
680148026
680153387
680159866
680169408
680171874
680172576
680184124
680184884
680191726
680195444
680217356
680261648
680280388
680282572
680289628
680289747
680309548
680313098
680328130
680335409
680349077
680362437
680364384
680369928
680425107
680439785
680442859
680454360
680458807
680474199
680477730
680485972
680507389
680512510
680514272
680533293
680554812
680567431
680569536
680570854
680576893
680589981
680591305
680601718
680603001
680607864
680627811
680629628
680629840
680649863
680650343
680675720
680698719
680731305
680746339
680770938
680771142
680782350
680784294
680786209
680793261
680805132
680808095
680814137
680816852
680819039
680821920
680833580
680843381
680845031
680846523
680854825
680856905
680868848
680881377
680888769
680894024
680899454
680902997
680905342
680908606
680926300
680931460
680962164
680963599
680971300
680986300
681010390
681013886
681014629
681045858
681068180
681071392
681075732
681076613
681079328
681094069
681095284
681099117
681121689
681121827
681146902
681163086
681172075
681179795
681180976
681183205
681194391
681201301
681225790
681231458
681236565
681250447
681253070
681267194
681272772
681306243
681320729
681323701
681326214
681342401
681343210
681356306
681368223
681389590
681389933
681390552
681397666
681399122
681410383
681427029
681427331
681441572
681445246
681446638
681456910
681471267
681479298
681485127
681489319
681508922
681514342
681522612
681542118
681557350
681581155
681591652
681592278
681601414
681604995
681608976
681621363
681621492
681623001
681637144
681637553
681646598
681651137
681672163
681673157
681694694
681704717
681705917
681729086
681731171
681733362
681742046
681743225
681752680
681760274
681770041
681789824
681814492
681825056
681861804
681869133
681874026
681896372
681913710
681916472
681917706
681920326
681921316
681923184
681924954
681925019
681938837
681976442
681977857
681989958
682001218
682013505
682019249
682030444
682046304
682049234
682071878
682073413
682083846
682089798
682099629
682102921
682103990
682130429
682131056
682131120
682146434
682156264
682158554
682177848
682183885
682186076
682188653
682194729
682205625
682212251
682213104
682215261
682216019
682232302
682249114
682259350
682259507
682284476
682289995
682291360
682295364
682295775
682298148
682299939
682311309
682312048
682312510
682313443
682318362
682324986
682334022
682338027
682342081
682360788
682369575
682377518
682379214
682379636
682388718
682400758
682427309
682429768
682431830
682440014
682440276
682442449
682443707
682460078
682463734
682465372
682473087
682479568
682484034
682525263
682539903
682542841
682548842
682549443
682555183
682572611
682584730
682586603
682593208
682610485
682619351
682621075
682632116
682645903
682649569
682690676
682695236
682724536
682728905
682747797
682757385
682765857
682773610
682806354
682815726
682822737
682850209
682865967
682887192
682894380
682909519
682916931
682975348
683001284
683004285
683006480
683034025
683036684
683048206
683053853
683064722
683105881
683107629
683122791
683123752
683147002
683150322
683170513
683181961
683186742
683188590
683201516
683221645
683224313
683232484
683236085
683252581
683252617
683257381
683268118
683275029
683281541
683314977
683317041
683317541
683320449
683320802
683324050
683331534
683344066
683346116
683349816
683363619
683371804
683391851
683395176
683401829
683404731
683414169
683416518
683419157
683421986
683422016
683426112
683445452
683449663
683452855
683459299
683467162
683488882
683491822
683498903
683512345
683529476
683530251
683530560
683534922
683542596
683561124
683580750
683590818
683623941
683633380
683636503
683654663
683661314
683663862
683668229
683672128
683674085
683692722
683697144
683704862
683710726
683721197
683721778
683730024
683761442
683762494
683785997
683789007
683814473
683823687
683837703
683846072
683859245
683867690
683881210
683883534
683883675
683884060
683888637
683904618
683907022
683931278
683932319
683934105
683938251
683947953
683952520
683971694
683981839
683984611
683984835
683991752
683997244
684002895
684002988
684048010
684048621
684052707
684054805
684075678
684077523
684119212
684140671
684160574
684177629
684184132
684190240
684217166
684220954
684224236
684281110
684288180
684296555
684296620
684322220
684333406
684344281
684346763
684356535
684360884
684363665
684376634
684391511
684406653
684408245
684416489
684419584
684431068
684469878
684487291
684546091
684548390
684554106
684602258
684651642
684657559
684667741
684673854
684674453
684690286
684693928
684694337
684733668
684742009
684767074
684769980
684773289
684781232
684783197
684808116
684820545
684822671
684834152
684861624
684862249
684873760
684874841
684899748
684983781
684985252
685013263
685020929
685033653
685057262
685064220
685082325
685100217
685122285
685123535
685129918
685132996
685135183
685139401
685153417
685194759
685196654
685196664
685223523
685236530
685241704
685265937
685277562
685296105
685337903
685362802
685365196
685368013
685379589
685416140
685416215
685420662
685425414
685432825
685434149
685437214
685450884
685464358
685475284
685488116
685499477
685499524
685502945
685521201
685530529
685546213
685547927
685549643
685579350
685597066
685600807
685609750
685610307
685612433
685614087
685614529
685619104
685634644
685641244
685644788
685645745
685667689
685700903
685702950
685745682
685756724
685765518
685778125
685792555
685793560
685801763
685811890
685815509
685825328
685829330
685850348
685916634
685922855
685954683
685968340
685972110
685984491
686002767
686011102
686026719
686029277
686029995
686031748
686045095
686047808
686048852
686074133
686082406
686083089
686099717
686130756
686132041
686134333
686139933
686156281
686163544
686167489
686170507
686187029
686187695
686196860
686223844
686233139
686261906
686269382
686275935
686277061
686279777
686283260
686284227
686293446
686302077
686303964
686320117
686325834
686333433
686339753
686350670
686351322
686360421
686365358
686410493
686413124
686437021
686448442
686454091
686458628
686469523
686474767
686479568
686484188
686504089
686506881
686527436
686535761
686539442
686541594
686544740
686560912
686566799
686567666
686568078
686574450
686588868
686593319
686608059
686610916
686636150
686641385
686642963
686645599
686646162
686648599
686656164
686657568
686664224
686682991
686708910
686715238
686718007
686721502
686762136
686767459
686770484
686780355
686787504
686826999
686828443
686833419
686836641
686859473
686868396
686872203
686874195
686890402
686896712
686903375
686911550
686946125
686960742
686979876
686988052
686989514
686998742
687009885
687023615
687033845
687050498
687061768
687065162
687065256
687068610
687069095
687069595
687071352
687081628
687090441
687107931
687118874
687120024
687121788
687164377
687185574
687204830
687241365
687251717
687278365
687281461
687298925
687328038
687337963
687354707
687366594
687372365
687372975
687376195
687382778
687396789
687396809
687404900
687422287
687428897
687432732
687435168
687438176
687446139
687449792
687455839
687458754
687461066
687467307
687467671
687468859
687483853
687522002
687527865
687532261
687562754
687580634
687581669
687590516
687622745
687630362
687641015
687642146
687655840
687681502
687681928
687685355
687685679
687685965
687712344
687715501
687716969
687718702
687726798
687745929
687748684
687766460
687772162
687787370
687803176
687835074
687851026
687857033
687866676
687886378
687897951
687913280
687935135
687990198
687999096
688033748
688034944
688047476
688055881
688055933
688071944
688078551
688084473
688088407
688088706
688091346
688108849
688109858
688114909
688143523
688149585
688156380
688159640
688168570
688180807
688192272
688192621
688207595
688209675
688222357
688240515
688241819
688250802
688253210
688274719
688284356
688284663
688298362
688310743
688313749
688335741
688342083
688344168
688353803
688353861
688367412
688369717
688377923
688380728
688387114
688390349
688396970
688398104
688411175
688418063
688430156
688430697
688443069
688444358
688445384
688448550
688460908
688465831
688468941
688471551
688479975
688483160
688488861
688499980
688500670
688505004
688506500
688525028
688525040
688531377
688538110
688540602
688545364
688563598
688566108
688567413
688567976
688577788
688580998
688581042
688597397
688598307
688619912
688623524
688624065
688631670
688632385
688640481
688643883
688651109
688660612
688675027
688676857
688704250
688717158
688730757
688763254
688768642
688769256
688775479
688783483
688788437
688791168
688800056
688800940
688803994
688807817
688809864
688822738
688839636
688851449
688874249
688875987
688884791
688905484
688907564
688908189
688909607
688917579
688919275
688919661
688921975
688924683
688924870
688944427
688945249
688948395
688976495
688976626
688981413
688997080
689012904
689030114
689039501
689047258
689052106
689063600
689069462
689096062
689108409
689109176
689113577
689127150
689136683
689149077
689149351
689153654
689190727
689196259
689245870
689248514
689248923
689257319
689257934
689262142
689279375
689286088
689286693
689290356
689301913
689316860
689322085
689331072
689335572
689336149
689348055
689368883
689387221
689421740
689434236
689446731
689448541
689457985
689465107
689475014
689478794
689504664
689513035
689516039
689523719
689524716
689528039
689528834
689580673
689595280
689609036
689610004
689616335
689617137
689626114
689630913
689640053
689646784
689654033
689660683
689675574
689688262
689706430
689715673
689724178
689750314
689754862
689766510
689782725
689789919
689809443
689839721
689868075
689875397
689875671
689886102
689892576
689915281
689924771
689943981
689945742
689951624
689954316
689959143
689961110
689976147
689990038
689994823
689999435
690002249
690004427
690014365
690017116
690067803
690088433
690121580
690152227
690156152
690167731
690177034
690194705
690208097
690209880
690212609
690215041
690230918
690231136
690231971
690239974
690240022
690250572
690265921
690266324
690278097
690296342
690297786
690318471
690322426
690323973
690329039
690329455
690337493
690368690
690371097
690384444
690387714
690411948
690413580
690415616
690422381
690443786
690443996
690507041
690519538
690537712
690539872
690554225
690555486
690556058
690556758
690560666
690599744
690605002
690606525
690619879
690632069
690632176
690637158
690657146
690674874
690679781
690688771
690689896
690704584
690707073
690712029
690713392
690721575
690725359
690733429
690751416
690756390
690773980
690776099
690780229
690780327
690783131
690790560
690795954
690807408
690810895
690821996
690828942
690830735
690847995
690849608
690853959
690857717
690862870
690863606
690870601
690892595
690915480
690922334
690953439
690967890
690977780
690978486
690999440
691008490
691015433
691018918
691019307
691021727
691021867
691032932
691035324
691073803
691086109
691088856
691096994
691097610
691107230
691122260
691128662
691129214
691137782
691138062
691138745
691148481
691150511
691155955
691173181
691187814
691213460
691217286
691220403
691229790
691242015
691259298
691263823
691264303
691276125
691276821
691279989
691281789
691293481
691297437
691336963
691341451
691362132
691365979
691411074
691428921
691466800
691500522
691529508
691530126
691532980
691535058
691568619
691569128
691597020
691601579
691606869
691608063
691621930
691648890
691652520
691660227
691670704
691673775
691680559
691692605
691693304
691698558
691719790
691733144
691736861
691736940
691773777
691776520
691779849
691786028
691787930
691810342
691816820
691827581
691832783
691872101
691876453
691896293
691901551
691905076
691905980
691907507
691924896
691926528
691927471
691927618
691929252
691937399
691945514
691945794
691961295
691979088
691981686
691988948
692001648
692013807
692038174
692043851
692048567
692049027
692070394
692076283
692104368
692125167
692127822
692143074
692153877
692162420
692172132
692185227
692185650
692207362
692213166
692219316
692226363
692226778
692254564
692286745
692290846
692295547
692298489
692303684
692306390
692324659
692325314
692331326
692331590
692336231
692339182
692351575
692366274
692373965
692392331
692407937
692411297
692424094
692436393
692445500
692458437
692471401
692478697
692479323
692495072
692499458
692505499
692530599
692537210
692543435
692551664
692553757
692556838
692564779
692575513
692582686
692588144
692591202
692591959
692599539
692607327
692607765
692627184
692636056
692639471
692650345
692659952
692688760
692708936
692717679
692723897
692746575
692753852
692773535
692775949
692782826
692819557
692823379
692835757
692836298
692844768
692865369
692870439
692902938
692928303
692929042
692937865
692945871
692962881
692976313
692984095
692992708
692992818
692997135
693026461
693028627
693034311
693044703
693056974
693073457
693075824
693075858
693082912
693088325
693132082
693140437
693159667
693167345
693170379
693173853
693199551
693212329
693222434
693242463
693244310
693245894
693247259
693248845
693265077
693272551
693276257
693292281
693311700
693311808
693313763
693327975
693339208
693345923
693349260
693350537
693351030
693382165
693391454
693413354
693424675
693439544
693455784
693458348
693470432
693471071
693471243
693471593
693474245
693475103
693483609
693492756
693496539
693525642
693535510
693538419
693545707
693562098
693562814
693567066
693567856
693610418
693611791
693614418
693641952
693643649
693650081
693674653
693692873
693700485
693700674
693706585
693728905
693729850
693731343
693743979
693754143
693758392
693767831
693775749
693780086
693783139
693785142
693786856
693800035
693850179
693858660
693861612
693871829
693872792
693899878
693900793
693905895
693929682
693934524
693936172
693949682
693956663
693960048
693961898
693967147
693979833
693993847
693996241
694021942
694025706
694056067
694056662
694063589
694075345
694094012
694096202
694115966
694123602
694140052
694145603
694152653
694153483
694157559
694187874
694200126
694204527
694219904
694223183
694230835
694233722
694248424
694248653
694254334
694263997
694266458
694284303
694284480
694314539
694321891
694330573
694332538
694333441
694345484
694374730
694418391
694440528
694441749
694446108
694447997
694454500
694468580
694475780
694476832
694489646
694503490
694503984
694514261
694521240
694536558
694542592
694561144
694562111
694579144
694581308
694581761
694598797
694616012
694617006
694618691
694637224
694640484
694642781
694651939
694652434
694656256
694656267
694658449
694667824
694679498
694679812
694686205
694711033
694713894
694739339
694740988
694780132
694782485
694795495
694811365
694815763
694833023
694840836
694872921
694887674
694891251
694897964
694906281
694925506
694938272
694954794
694957093
694971888
694975853
694978321
694978531
694986342
695029209
695043972
695045434
695046987
695050800
695058508
695060229
695074949
695075211
695083257
695103638
695126342
695126472
695135312
695150520
695151281
695154820
695172093
695176467
695191241
695199229
695216737
695223146
695224518
695242370
695244676
695249225
695260468
695262034
695275169
695283403
695299429
695304172
695324233
695329666
695333311
695336474
695339703
695364505
695369967
695382065
695389552
695395927
695420023
695432433
695434615
695436078
695442693
695455206
695459556
695462842
695485952
695518094
695609048
695621919
695627677
695647031
695651615
695656693
695662445
695662489
695667664
695668265
695672569
695685417
695726704
695731209
695742921
695753856
695768623
695770132
695802436
695806010
695825412
695827639
695853795
695865194
695875597
695881843
695886922
695892348
695906545
695907887
695908252
695915896
695921255
695935397
695935539
695950059
695988589
695988792
695989284
696019106
696030238
696033121
696042573
696047193
696075079
696075274
696076717
696110661
696115865
696123089
696143787
696159408
696176321
696178070
696183563
696185398
696204652
696207609
696211740
696214357
696219822
696223157
696229060
696231443
696257216
696270669
696271070
696284459
696289881
696295074
696316590
696317691
696339631
696351945
696352148
696353026
696373445
696379539
696388701
696389032
696393409
696405886
696415177
696416942
696424817
696425771
696446863
696459634
696461464
696471901
696477748
696493926
696496190
696496604
696497515
696506824
696511517
696514982
696519819
696522179
696527521
696537344
696552338
696562512
696576592
696581128
696595018
696595053
696599663
696610042
696611934
696616279
696625095
696625538
696635862
696647960
696661959
696683599
696685821
696714315
696725092
696734306
696750373
696755877
696760797
696770142
696774879
696782097
696803531
696807754
696825512
696835979
696847217
696854193
696856380
696865016
696913952
696914629
696919982
696927764
696935489
696938195
696942843
696949585
696958187
696960640
696965845
696969251
696973379
696982939
696983620
696992847
696995457
696997295
697003773
697008895
697013480
697063228
697075508
697096308
697109909
697125722
697126026
697126904
697142017
697156589
697167971
697176942
697178324
697188073
697194588
697202539
697223645
697226052
697230865
697243689
697258451
697259781
697272137
697281073
697289106
697295307
697305572
697310878
697314333
697317014
697317336
697325161
697334660
697337683
697338996
697359109
697361421
697364133
697364306
697368440
697369553
697378086
697386549
697392761
697393564
697416184
697416714
697425926
697429491
697434207
697454628
697459587
697471308
697504195
697532154
697532832
697559817
697560174
697565575
697578159
697583828
697600536
697622799
697627866
697634699
697637309
697649403
697661219
697672504
697681861
697688023
697691913
697715309
697718629
697721346
697721375
697722066
697727641
697738091
697746427
697762366
697793793
697808720
697810183
697810774
697822449
697825465
697841658
697847838
697863627
697871171
697877601
697890214
697913020
697913931
697923846
697926852
697929496
697955917
697958497
697959106
697963497
697965579
697966020
697967003
697995800
697998964
698005954
698010623
698034305
698039393
698048522
698055863
698066721
698073575
698084016
698100792
698100817
698102012
698110016
698135160
698169226
698173442
698175842
698189919
698196329
698201460
698202670
698210629
698213241
698224234
698228646
698240523
698243138
698274259
698276548
698308849
698310237
698326841
698336292
698369773
698387527
698410564
698419103
698423466
698426554
698433845
698438523
698440730
698447966
698454924
698462703
698465394
698477227
698484438
698486898
698488982
698490620
698523863
698524524
698542825
698545806
698555018
698565861
698578556
698616250
698636634
698647267
698656768
698657647
698663101
698666908
698668522
698690682
698732960
698734638
698766427
698777454
698780807
698781642
698802632
698803859
698808291
698823763
698832640
698832810
698834876
698849776
698860457
698879263
698880911
698887531
698906864
698925284
698944189
698945716
698954965
698965597
698982794
698983614
698988070
699005984
699006560
699012432
699036970
699046090
699066799
699086910
699095008
699114801
699124310
699130035
699150263
699160998
699186809
699194460
699251385
699259508
699264193
699273879
699286373
699310795
699317305
699318403
699342028
699350004
699353098
699416417
699418919
699427500
699432888
699435303
699440952
699446664
699448827
699452954
699467920
699492689
699505314
699506943
699509691
699535114
699536122
699537286
699538960
699550592
699552935
699561395
699564417
699580443
699598776
699620781
699630760
699639534
699642676
699665056
699666305
699673119
699678293
699694636
699731049
699731362
699747541
699754463
699758425
699767431
699769436
699795441
699798472
699835426
699842154
699847926
699849927
699869498
699889764
699892779
699902031
699912892
699917586
699923092
699927943
699938384
699973528
699976087
699977242
699994421
699999754
700025687
700032363
700034624
700035514
700053078
700062112
700070057
700074635
700089958
700101584
700107613
700163539
700181776
700185056
700187497
700194421
700196831
700202474
700218434
700219369
700224022
700230463
700237542
700253976
700256243
700266655
700296719
700305621
700316322
700340355
700340880
700342034
700345653
700357815
700401923
700413654
700419247
700451900
700472561
700485070
700493624
700504411
700511636
700516198
700536642
700541542
700553871
700564453
700618672
700676290
700677391
700702519
700721967
700723274
700725979
700734819
700764671
700765031
700766995
700777546
700785191
700792841
700797540
700801064
700803612
700812481
700816043
700822207
700841758
700848453
700854656
700882025
700886801
700888496
700906161
700911716
700920611
700921484
700943389
700955972
700960648
700968645
700981657
700987565
701007605
701008654
701049696
701070040
701070507
701082534
701087484
701098579
701105343
701116413
701125446
701154130
701155684
701157408
701187370
701187381
701204678
701206299
701209666
701219613
701226620
701235836
701248410
701251705
701263134
701264274
701276596
701278744
701287563
701290472
701301022
701301399
701304757
701308215
701328927
701338491
701342283
701352131
701376170
701380097
701409242
701431150
701434221
701443490
701449022
701449478
701469622
701486322
701507075
701514144
701521223
701528702
701538871
701559453
701564225
701569808
701582794
701609272
701619635
701642668
701654875
701659036
701685413
701691520
701702650
701725028
701726260
701737434
701738350
701743611
701749910
701764478
701767278
701775723
701786583
701842798
701867227
701878856
701879065
701881356
701885458
701908614
701917139
701922422
701946094
701980906
702005371
702007359
702026099
702033933
702050054
702052377
702056669
702063150
702067285
702091890
702101435
702116557
702141270
702145300
702151829
702162175
702170477
702177814
702182754
702192103
702214534
702226858
702252567
702261720
702271761
702284232
702307146
702314007
702319259
702324822
702335401
702351708
702361173
702398639
702410864
702424601
702439078
702455437
702460319
702465517
702468723
702470836
702474926
702483833
702495601
702497134
702504609
702508665
702520654
702535266
702557022
702559398
702564629
702567516
702585316
702593758
702600299
702600537
702602253
702604777
702623199
702638587
702667417
702667928
702680747
702683806
702698205
702710271
702710676
702713207
702727782
702746400
702754541
702755335
702773361
702787888
702788349
702798733
702815744
702839299
702846243
702852411
702852533
702872010
702882285
702882665
702893633
702920928
702923341
702933744
702934232
702991518
703000535
703004375
703050754
703051660
703053720
703058561
703069982
703071761
703087428
703093390
703098024
703100216
703109178
703130211
703135719
703147849
703155393
703164903
703166242
703173051
703208931
703232669
703235496
703238896
703252745
703266761
703269214
703272369
703275766
703277068
703288177
703290699
703295981
703301186
703342363
703343453
703359536
703429201
703436406
703438903
703445784
703451554
703466156
703471316
703475634
703506387
703521121
703537617
703546788
703554011
703595374
703595894
703610386
703617827
703624060
703658868
703662007
703663881
703668728
703673189
703687056
703743051
703746082
703776502
703782241
703789878
703812317
703867395
703871122
703879723
703880949
703885250
703889060
703890305
703895158
703901718
703906617
703919170
703919345
703933129
703964513
703966286
703971271
703980500
703995457
704007386
704022900
704028363
704032888
704036736
704047391
704056415
704117291
704118045
704127055
704131927
704137481
704145604
704154943
704169797
704175584
704177810
704180404
704185609
704189356
704199240
704203214
704225085
704227082
704234661
704237096
704240107
704242679
704251279
704260471
704269469
704275057
704283948
704295281
704305067
704315806
704326722
704333391
704334637
704346611
704354215
704358456
704380550
704389807
704416833
704425239
704426522
704432825
704440154
704441293
704471568
704471686
704487757
704490937
704502206
704503418
704508606
704508783
704520269
704523706
704524847
704530403
704534577
704535553
704544840
704545071
704551793
704554534
704575193
704579962
704582645
704589602
704589928
704609341
704611226
704615815
704634558
704635684
704645013
704652394
704662232
704665134
704667213
704673023
704692120
704697771
704700356
704703877
704706525
704730819
704754597
704762942
704771626
704787236
704793220
704822895
704837325
704839459
704846030
704853304
704867333
704881626
704886085
704888090
704892734
704894520
704897591
704912419
704913601
704918732
704926262
704928436
704935776
704942061
704951846
704959558
704965644
704983203
704987195
704993029
705000181
705012459
705014587
705022328
705027246
705029451
705034597
705035822
705065851
705077198
705078559
705080715
705080877
705092895
705147693
705161174
705179511
705193649
705228393
705245590
705283550
705301225
705305989
705328732
705334993
705337952
705347023
705363566
705377662
705410623
705412465
705418327
705427825
705429815
705444618
705449544
705457762
705486944
705496013
705499277
705502512
705530760
705541320
705544760
705550974
705558108
705560159
705574401
705584501
705622805
705633174
705641854
705665506
705671657
705678260
705680465
705685129
705685411
705693143
705698479
705698672
705731951
705735590
705746029
705797367
705797434
705807642
705811985
705814291
705819738
705828705
705895417
705901220
705917381
705922103
705929402
705938837
705939414
705943341
705946349
705965606
705993942
706018462
706024252
706025782
706041227
706053825
706061061
706062376
706076674
706079416
706095171
706124980
706138134
706139761
706154477
706159700
706172659
706176081
706178725
706178905
706180970
706191528
706208519
706214205
706244724
706259242
706263376
706271184
706278398
706284574
706293476
706299465
706303840
706317197
706326789
706330059
706331594
706353200
706355119
706363574
706370031
706374125
706375645
706400993
706413664
706417344
706418000
706421637
706423680
706429958
706438156
706439647
706443348
706445751
706463022
706463633
706482326
706482764
706489632
706501074
706509363
706511535
706514425
706520227
706547202
706548323
706567865
706571191
706573067
706575913
706576117
706584536
706606346
706607550
706629279
706633515
706647061
706680857
706681512
706703155
706703582
706722372
706732657
706736036
706746925
706747054
706773813
706777212
706787542
706834214
706837074
706838474
706858068
706861356
706867533
706885135
706903732
706914250
706956679
706970404
706991676
707000823
707002935
707005105
707007807
707015135
707019929
707021158
707035269
707039968
707064236
707089338
707092215
707101133
707107882
707158210
707167137
707173612
707178901
707180154
707182442
707195678
707203445
707224923
707236259
707238194
707242105
707242961
707246668
707247961
707249284
707254031
707271462
707286644
707300904
707320941
707325513
707358722
707366529
707386875
707394852
707405511
707407057
707409609
707409793
707414235
707419623
707430676
707451260
707460175
707467102
707468276
707470447
707484666
707503793
707507944
707518314
707534206
707540460
707543435
707555264
707556412
707589953
707604019
707605268
707626693
707628434
707633405
707635877
707660092
707699482
707708539
707728493
707729382
707733327
707764402
707778305
707790005
707802938
707810849
707825290
707834885
707842536
707857686
707875261
707876056
707877154
707879542
707883847
707887755
707891215
707907838
707914370
707923379
707926542
707927910
707928407
707933123
707935610
707943050
707960945
707962237
707967445
707970089
707970418
707972409
707972568
707982205
707985439
708005784
708019857
708020961
708043059
708054619
708055477
708064234
708076000
708077982
708079359
708087375
708088094
708096909
708117882
708121055
708143146
708152156
708156829
708161850
708169270
708170423
708182994
708184811
708191113
708204384
708205233
708210238
708260550
708265979
708305235
708321014
708333228
708335547
708338067
708346601
708354579
708365918
708378979
708386021
708386617
708407293
708418451
708424905
708430700
708437076
708459672
708466444
708468353
708469717
708474919
708485220
708497551
708509642
708511341
708511959
708543781
708554925
708559934
708566017
708573558
708579044
708597460
708598678
708614153
708640494
708643904
708644813
708649757
708676871
708680440
708692896
708715546
708740819
708743821
708745607
708759047
708787850
708815253
708823871
708825294
708828852
708839824
708847345
708865262
708867597
708868079
708868547
708897112
708918601
708940494
708944861
708953892
708990649
709000975
709013119
709038788
709055126
709056175
709067942
709068760
709072945
709076129
709102806
709114311
709127037
709147656
709155401
709159073
709159487
709163663
709191307
709194970
709240971
709253524
709254306
709256414
709266850
709284862
709288411
709302087
709303798
709307567
709314520
709364166
709373043
709375078
709375793
709383910
709414204
709419951
709438581
709474038
709486509
709500966
709517841
709525958
709535746
709544256
709547905
709555902
709571894
709580303
709625600
709640518
709658487
709664037
709681277
709699262
709765909
709769447
709797039
709817576
709822628
709839604
709878950
709879635
709881911
709890259
709915309
709923922
709924199
709930409
709937175
709951986
709988553
709996472
710023359
710030822
710070224
710114041
710141780
710150700
710154691
710159361
710176792
710193976
710231754
710253448
710255998
710261186
710275822
710283441
710298501
710318440
710319372
710322622
710338316
710342091
710346480
710355500
710366831
710381219
710393807
710405353
710411189
710415118
710421433
710432575
710437902
710438174
710450729
710454468
710456654
710462454
710488606
710491610
710503542
710524442
710532597
710546508
710547525
710552740
710559050
710562595
710564925
710618363
710619079
710619929
710624866
710626501
710629437
710642889
710643169
710661822
710673839
710688418
710690665
710718919
710719434
710723599
710731299
710736874
710737089
710739345
710751979
710774819
710781400
710782631
710807127
710810601
710813266
710816566
710857951
710866227
710872599
710886436
710898825
710903653
710913757
710922054
710979812
710980941
710985347
710988221
710989783
710994387
710999064
711017287
711018460
711020814
711021131
711025056
711038499
711047282
711060803
711062209
711073866
711074486
711094902
711122686
711124046
711170731
711171158
711184639
711194880
711201491
711219210
711219372
711227566
711243459
711249704
711267058
711270189
711273700
711292168
711301509
711306582
711308516
711310730
711313295
711325446
711363840
711364546
711366452
711368413
711384559
711406555
711414120
711418740
711428121
711463364
711473551
711477816
711488586
711501256
711514781
711526775
711532540
711533538
711554084
711558047
711574693
711580022
711587625
711588621
711589192
711592108
711602289
711620504
711622671
711629883
711634687
711643459
711643946
711658232
711660759
711672375
711677471
711715958
711723362
711734742
711748428
711759232
711759530
711794085
711800060
711812937
711819119
711835226
711842781
711876215
711878878
711906179
711931603
711939850
711943609
711949434
711963899
711967075
711972595
711982755
711984462
711987252
711998710
712022992
712040240
712041111
712051747
712073126
712078493
712095658
712099356
712113649
712115360
712119281
712124212
712131672
712141001
712144923
712149185
712155269
712160608
712177874
712181668
712185033
712223209
712226148
712227881
712228284
712231689
712236958
712237873
712238217
712260414
712294056
712321545
712326079
712330669
712342076
712351657
712355505
712355696
712356764
712358889
712364400
712380608
712397448
712400239
712418738
712419997
712431156
712443756
712466591
712479365
712490347
712499174
712502945
712512996
712523510
712524015
712525302
712528145
712535051
712538525
712547698
712548239
712551839
712570872
712574378
712580056
712600771
712609256
712614337
712614702
712632852
712634234
712645008
712676249
712685217
712691523
712697235
712704449
712714384
712726169
712728642
712733277
712737651
712751970
712758976
712766371
712767201
712789337
712801272
712812883
712833090
712834645
712840515
712840971
712849662
712880102
712892147
712898774
712923464
712933886
712941672
712946104
712952098
712959403
712964337
712972771
712983932
713000378
713007531
713019654
713021590
713022981
713023337
713043692
713049061
713049232
713049926
713059507
713059574
713083469
713096501
713105458
713105704
713112259
713136442
713146181
713148825
713156259
713195022
713197006
713198414
713231212
713246282
713249119
713265721
713265732
713267281
713270257
713278092
713281459
713283347
713285222
713292721
713297639
713299339
713312678
713316204
713349753
713363969
713389334
713396576
713397773
713399441
713430490
713449871
713469920
713476045
713481175
713483115
713484845
713494011
713499778
713505224
713508101
713512313
713525861
713538605
713564417
713572416
713577763
713580530
713587713
713597106
713598277
713640476
713651156
713654183
713656434
713663814
713668535
713672265
713683646
713694428
713699269
713734920
713750369
713752875
713759227
713768624
713772098
713789333
713800922
713807992
713810164
713823232
713851783
713890572
713902552
713903443
713916628
713922762
713930840
713942707
713944458
713950193
713952552
713978417
713983899
714003305
714018289
714067309
714071332
714072804
714096705
714098633
714110907
714117509
714123247
714125332
714148257
714153185
714160886
714161295
714164036
714169033
714173872
714175824
714181576
714188937
714196211
714199753
714205960
714213810
714214717
714218315
714225255
714240309
714240537
714282719
714287140
714292218
714294334
714297040
714304966
714317755
714334236
714352314
714382239
714384681
714387943
714410604
714419618
714421663
714425925
714431422
714465285
714473469
714481148
714503119
714516240
714525765
714560868
714568492
714569027
714576096
714609621
714641208
714660920
714667980
714673087
714686949
714696612
714697857
714705355
714718482
714731382
714743839
714745908
714756632
714782694
714804046
714840241
714840352
714843468
714848996
714852757
714882996
714897498
714901170
714902851
714922232
714923801
714940170
714971626
714975285
714975721
714989309
714996530
715029047
715031397
715045161
715047806
715062931
715121705
715146113
715149640
715154074
715161219
715174106
715180172
715207829
715220696
715234863
715235980
715247510
715247722
715249423
715257352
715264712
715271783
715286507
715289971
715290531
715292119
715293112
715295145
715299128
715349918
715362294
715366015
715381143
715384204
715408786
715426347
715430416
715452941
715463183
715488924
715499035
715503904
715515809
715530838
715549164
715551016
715562632
715585719
715593122
715593256
715596953
715629778
715632001
715634963
715635413
715648393
715691107
715693353
715694072
715701878
715706273
715729516
715730966
715732895
715741033
715754541
715756587
715765641
715772714
715819878
715821828
715822373
715826837
715837433
715838147
715852273
715855115
715859215
715864888
715873765
715877479
715877708
715883910
715890273
715891852
715940652
715941794
715942981
715944273
715944883
715947535
715949492
715954981
715959513
715961363
715969788
715972589
715974454
715998583
716016098
716044225
716049329
716055150
716061927
716070693
716085298
716097315
716100512
716106389
716115666
716124418
716124446
716135481
716136658
716172755
716176176
716205712
716217272
716221083
716228634
716245994
716256319
716261320
716269273
716271654
716282301
716293003
716293174
716302043
716308193
716312970
716333494
716355379
716361035
716384511
716394119
716418180
716431459
716437457
716438991
716454693
716463100
716485617
716497551
716525274
716552936
716558200
716559404
716578044
716621281
716626659
716628058
716639540
716665230
716688285
716690798
716694383
716717107
716728518
716749368
716758780
716766527
716785468
716789066
716800390
716827788
716830545
716832995
716849336
716856029
716880966
716899151
716905426
716918636
716936613
716940693
716965026
716973050
716982586
717000564
717020771
717070686
717075284
717089075
717089170
717098563
717098742
717110865
717123520
717165903
717169486
717183514
717187693
717207376
717254859
717256885
717259328
717279446
717285130
717286858
717308719
717312326
717327391
717331627
717335550
717338609
717388640
717394745
717395999
717405230
717407401
717407609
717418881
717438492
717440727
717446077
717460289
717466889
717467589
717467606
717498887
717519538
717521293
717521347
717525641
717531968
717551182
717561327
717608514
717636872
717641471
717646287
717667517
717677721
717681291
717693061
717695360
717710249
717714968
717718055
717729706
717747951
717749778
717755039
717761823
717764074
717772171
717778251
717783725
717786319
717820080
717831612
717850253
717858517
717871857
717880285
717882402
717894003
717894686
717895071
717901012
717907390
717908545
717916114
717922731
717928955
717936615
717938406
717940278
717957548
717957576
717986991
717987721
718002295
718028423
718069363
718074326
718074885
718081594
718087440
718089459
718091567
718092159
718099759
718103602
718110245
718113346
718134785
718135204
718138144
718139525
718166715
718188427
718190641
718196118
718201403
718205474
718207901
718207987
718214705
718217903
718230365
718246632
718252819
718263790
718295286
718300089
718303130
718303367
718313420
718316512
718317905
718322766
718335682
718338308
718340996
718349337
718379083
718399240
718413344
718437469
718446834
718464313
718467532
718479676
718496177
718498130
718507473
718518523
718525234
718536121
718548561
718556891
718578182
718583248
718585899
718593710
718625684
718628062
718631875
718664548
718666466
718675664
718678730
718680763
718683268
718699775
718704725
718705310
718710611
718751888
718755967
718757562
718766144
718792679
718793835
718794685
718799315
718801642
718826437
718852699
718858003
718868182
718881494
718884948
718890998
718903905
718906003
718907504
718916297
718918850
718927458
718964505
718975689
718977559
718985697
718993808
719008370
719009601
719018334
719019140
719019436
719040031
719043086
719046878
719092136
719101566
719120646
719165069
719198864
719201406
719210530
719224206
719246177
719247878
719249611
719253020
719272798
719274493
719281478
719289230
719291868
719300865
719325477
719336315
719342151
719358905
719372586
719379033
719383102
719425536
719448476
719467528
719487087
719492437
719504241
719505333
719524217
719527811
719543176
719548405
719577289
719584753
719620018
719633903
719648174
719662930
719672758
719690650
719694826
719699552
719701952
719705427
719710974
719727902
719734338
719753931
719774883
719777256
719781564
719783935
719801552
719803089
719814188
719814295
719823043
719832212
719852536
719855775
719879544
719880943
719887345
719889237
719910492
719925980
719937651
719945191
719948883
720028522
720042468
720045118
720050440
720064784
720072264
720114505
720114976
720118436
720133709
720139586
720151751
720157534
720166549
720172935
720174329
720175062
720183785
720195243
720196033
720203914
720212772
720217996
720223918
720228230
720240957
720242700
720274631
720287221
720289200
720308222
720347521
720347593
720367264
720367778
720378474
720403317
720410965
720419725
720421936
720424971
720428325
720469169
720469802
720472506
720492460
720503553
720507586
720508433
720519720
720525612
720528376
720529437
720537963
720558159
720563571
720571599
720586010
720588969
720591886
720617430
720617575
720625918
720631571
720635804
720645386
720685065
720699192
720708808
720716304
720718247
720726394
720727807
720728255
720732148
720740104
720746570
720756685
720774120
720780936
720800940
720805180
720809240
720809276
720812494
720831715
720840384
720843538
720850331
720853024
720853144
720860434
720861003
720872160
720883316
720895597
720895699
720919789
720924833
720928143
720942046
720948836
720950364
720967107
720985447
720986244
720988018
720988259
720997327
721002846
721003608
721021259
721036009
721037155
721064754
721081148
721082675
721083762
721096197
721105174
721127457
721131830
721143165
721152681
721154971
721195585
721196095
721197314
721201009
721238636
721302619
721338319
721397308
721405611
721414848
721440961
721455335
721467311
721485836
721514964
721524733
721529406
721555512
721585758
721592001
721598553
721607367
721662457
721672832
721673443
721687047
721703339
721707565
721719006
721724838
721728544
721730360
721739936
721744884
721748077
721777687
721786984
721788107
721798496
721800564
721819505
721846980
721862593
721892777
721961727
721962827
722005400
722012103
722017537
722049054
722068606
722084160
722114811
722118023
722141695
722152859
722154861
722156654
722184667
722200509
722203013
722210617
722220075
722238727
722243116
722260748
722295505
722296206
722307661
722338879
722344855
722352712
722363819
722372406
722379853
722391529
722399827
722400285
722424980
722440270
722443864
722448584
722459200
722460663
722482973
722488259
722492587
722508532
722541134
722548533
722553201
722577480
722603405
722625857
722631296
722635205
722637733
722648173
722670673
722684033
722727901
722728480
722737707
722742566
722750629
722750665
722759802
722788694
722797702
722816185
722825940
722839226
722843300
722848959
722852185
722855191
722892799
722896260
722899938
722904028
722936481
722939136
722942877
722969775
722978760
722980408
723023615
723059359
723060830
723095384
723140673
723143499
723148149
723176498
723176522
723180886
723198328
723203053
723216652
723220433
723224957
723229005
723235960
723238612
723252766
723266842
723276524
723282564
723320273
723330751
723339402
723356292
723362830
723388265
723424763
723424784
723424801
723455830
723467327
723467512
723475616
723488333
723503273
723529659
723548442
723576548
723584903
723611949
723625950
723626849
723647744
723648245
723663538
723667953
723682825
723718527
723720232
723730735
723731937
723743772
723786718
723794837
723833425
723836464
723845087
723857727
723858837
723864014
723872537
723887373
723891496
723896356
723896653
723928947
723941812
723965893
723979962
723992658
723992934
723992947
724006753
724021817
724024220
724041574
724043322
724043354
724064224
724077876
724105452
724108223
724109758
724111984
724124656
724158002
724160281
724177307
724182228
724186042
724186121
724186670
724191748
724206946
724221453
724230365
724233546
724243857
724255582
724268417
724272799
724286215
724287576
724288824
724301232
724324616
724329622
724351731
724354501
724357067
724371089
724371432
724375032
724396729
724416459
724417252
724421911
724422638
724446551
724462467
724489064
724489696
724497138
724503237
724508840
724518130
724524240
724525044
724528560
724534969
724546560
724547995
724551305
724554184
724589185
724595460
724596671
724597010
724600699
724632808
724657499
724690727
724691517
724693419
724714985
724723803
724724424
724745747
724764449
724797240
724804556
724820128
724822918
724834185
724852604
724862647
724875853
724889198
724901189
724927947
724937651
724943644
724957490
724960191
724971407
724972625
725002680
725015753
725031289
725041695
725046772
725057551
725059839
725066906
725081205
725082841
725126198
725134641
725142297
725145417
725150773
725168150
725196761
725224909
725227934
725229154
725230443
725239646
725251701
725278587
725279802
725282766
725286742
725291127
725294141
725296829
725299900
725312555
725327947
725343009
725343164
725350345
725370832
725379117
725415033
725420368
725421426
725426406
725456448
725457970
725462502
725481867
725511463
725513131
725525758
725527042
725529027
725531048
725560560
725578568
725585607
725591683
725621720
725622096
725646630
725652031
725657581
725658741
725658761
725663225
725682221
725718665
725719273
725728512
725730773
725747159
725747936
725769465
725773947
725774347
725781480
725802903
725803119
725804638
725808502
725808601
725848282
725857683
725857933
725858059
725858201
725859273
725873144
725893237
725908922
725915569
725919114
725922815
725923159
725939177
725961662
725964367
725966155
725967903
725975129
725981983
725984686
725988375
725990321
725991178
725991594
725996155
726010222
726010292
726010925
726011130
726020069
726025252
726027736
726028705
726031679
726035293
726043417
726046113
726057390
726060674
726092138
726092284
726101589
726103966
726108694
726125129
726135050
726145576
726162602
726165915
726166211
726167506
726183604
726196267
726196675
726200093
726206983
726226513
726227312
726235295
726236343
726241549
726293388
726300230
726305963
726320938
726324577
726325074
726355035
726361120
726363489
726366669
726374326
726409037
726428249
726430699
726431240
726447233
726451740
726454135
726472715
726486214
726498656
726511031
726522485
726530408
726537045
726559033
726568808
726575706
726584180
726591634
726592533
726615052
726645837
726667294
726671977
726676375
726681641
726687331
726692223
726695986
726711928
726717156
726726572
726730317
726766791
726776503
726781874
726787705
726799916
726817572
726824558
726838552
726853378
726854088
726859099
726865933
726873108
726876532
726887525
726909555
726925279
726928699
726941289
726944780
726945901
726946880
726947509
726949915
726959261
726960765
726961825
726966926
726967478
726970084
726977913
726980219
726981752
726981800
726988742
726997072
726999648
727003958
727016669
727017855
727021746
727023388
727031380
727035827
727043886
727044636
727058798
727066450
727077412
727096916
727103955
727107074
727107506
727108604
727120925
727121998
727127363
727132153
727132966
727136862
727143112
727159031
727175688
727215563
727243320
727270962
727290806
727302880
727305516
727315407
727334080
727336621
727339916
727375434
727376952
727388369
727399305
727413703
727416344
727424180
727461066
727479493
727489848
727495172
727501509
727511821
727533487
727537261
727569845
727579000
727582931
727619006
727626452
727628111
727631182
727639202
727646917
727665711
727669334
727670716
727682891
727721194
727722668
727722794
727740128
727744196
727767327
727780245
727790583
727825966
727836394
727847229
727858200
727863476
727870268
727923841
727937851
727941074
727948535
727950472
727967459
727999395
728014707
728034661
728037643
728044607
728050553
728060492
728063504
728077820
728078070
728084811
728094146
728095651
728095825
728105136
728132212
728134263
728156792
728177464
728224750
728237987
728245646
728250783
728252822
728273426
728278549
728287096
728290669
728310657
728326573
728332215
728354661
728355384
728358876
728367552
728368023
728377976
728383038
728384726
728385148
728392149
728394138
728394587
728406150
728407713
728407771
728411186
728439304
728441665
728447489
728451208
728458380
728468212
728471579
728474007
728481532
728484073
728484729
728502940
728518506
728518771
728543840
728593845
728620062
728628479
728636995
728649360
728656276
728666907
728691222
728705407
728724866
728744530
728746027
728750830
728765842
728766394
728781680
728799162
728813278
728854866
728877153
728896038
728900532
728941848
728942365
728945533
728951121
728966381
728967721
728968211
728976917
728979496
729002864
729016878
729018573
729019724
729030205
729036456
729047881
729049257
729058852
729091036
729096781
729151510
729151628
729164393
729178252
729194159
729197735
729201812
729204565
729208479
729212118
729214730
729226984
729233205
729258740
729268299
729276857
729307272
729308953
729309928
729311107
729311601
729322621
729323913
729326984
729330009
729340192
729373386
729378130
729380693
729386907
729389050
729396501
729399628
729416672
729443325
729447573
729454562
729461511
729467559
729476196
729490095
729505967
729511741
729512203
729562533
729594169
729599802
729611766
729612356
729668200
729677076
729692221
729692457
729710321
729739944
729742905
729753177
729754765
729761781
729766492
729776882
729778851
729792355
729792433
729793193
729794849
729795082
729810170
729818897
729821349
729824416
729839088
729888131
729893310
729898911
729899563
729907738
729945162
729947528
729951472
729952687
729958628
729967924
729986261
729992403
729994898
729994974
729997938
730002164
730011622
730024831
730090977
730101565
730102736
730106379
730113234
730123724
730157015
730157325
730162522
730165640
730218695
730219545
730228951
730230640
730248560
730249089
730254741
730262781
730267368
730271756
730283891
730296655
730297632
730303139
730327286
730338584
730349758
730375390
730388923
730390995
730404530
730410731
730414684
730431970
730439723
730447510
730456770
730460025
730476946
730489266
730506773
730535804
730549127
730550260
730552967
730558921
730569942
730580968
730621083
730642964
730644170
730655106
730655866
730656933
730663044
730691768
730697741
730702799
730708492
730716158
730730325
730733078
730771654
730780213
730781775
730795385
730818387
730821745
730826585
730835496
730843436
730849556
730856340
730866626
730869971
730870059
730870653
730872904
730884675
730885992
730892045
730905504
730962380
730966018
730991609
731000020
731018382
731020781
731044166
731053160
731055394
731058154
731095085
731103410
731109789
731111035
731113745
731116240
731121110
731127396
731137862
731160057
731160557
731186647
731211435
731226066
731226866
731227833
731231839
731234021
731264649
731291661
731291917
731294645
731295270
731310126
731310899
731317607
731337420
731343048
731346610
731350823
731397559
731401507
731413466
731431289
731434046
731438724
731470210
731485478
731489064
731500962
731516341
731525565
731531204
731554787
731560408
731563081
731572866
731581313
731583190
731583673
731586620
731588164
731589705
731591221
731609749
731617284
731621342
731629892
731661126
731661964
731671076
731680363
731680496
731703710
731710822
731713424
731715596
731761150
731764146
731771998
731775169
731778024
731788762
731801501
731814672
731836708
731843131
731844434
731901114
731902092
731902810
731910477
731917921
731940197
731954954
731964411
732016976
732042777
732056405
732063041
732071740
732086833
732092397
732094442
732101307
732105843
732111584
732121362
732124270
732126426
732133927
732137954
732154264
732166426
732192634
732204944
732205254
732215705
732219050
732238715
732242739
732270250
732271692
732280867
732281160
732282279
732292763
732298795
732307483
732310968
732313892
732349721
732386010
732411443
732414775
732424805
732429794
732435481
732443643
732451599
732455298
732457591
732476010
732527482
732533359
732537110
732550330
732573412
732587524
732611715
732623693
732644295
732669331
732687467
732718386
732728069
732733538
732750173
732759444
732762512
732796570
732801856
732820068
732829823
732830769
732832049
732863604
732887680
732887786
732893427
732894242
732896552
732906861
732927673
732948272
732962614
732965377
732970310
733016252
733028867
733031141
733032207
733063940
733064785
733078726
733093408
733108222
733109421
733127040
733132421
733143413
733145061
733158504
733215297
733234375
733245526
733280957
733284497
733302325
733309812
733311402
733311666
733313210
733340424
733344181
733351082
733376346
733401406
733407941
733411859
733420280
733431038
733431928
733440195
733443101
733445096
733456834
733461694
733502859
733503234
733513409
733518884
733527068
733529090
733529559
733531464
733534309
733550775
733567694
733577070
733581788
733597533
733603908
733611776
733619959
733637565
733638923
733643344
733658343
733677490
733698577
733699456
733699902
733719369
733732736
733732958
733769710
733780334
733804487
733808321
733810325
733814764
733815449
733834300
733853459
733856366
733864875
733872061
733873319
733873927
733881133
733882163
733887810
733912111
733914379
733934355
733954162
733958057
733962684
733969128
733970983
733991143
734026765
734027937
734046714
734047104
734058509
734064922
734077797
734092987
734093575
734097784
734100857
734104338
734106061
734116377
734137243
734138292
734176573
734185434
734198213
734198869
734199088
734213854
734227231
734228636
734246153
734252336
734256365
734257672
734261776
734290972
734312447
734320093
734325652
734331636
734344858
734346494
734353587
734357591
734364614
734370334
734379660
734387052
734404494
734426666
734427420
734433000
734437422
734438131
734440952
734445976
734447347
734451611
734461452
734484024
734496298
734499738
734500042
734511321
734545845
734562043
734568208
734578395
734606739
734608529
734609847
734615012
734625050
734625385
734629942
734631872
734638090
734650010
734667648
734669320
734677348
734683904
734707670
734711648
734713006
734715789
734739127
734743840
734758446
734767199
734775556
734816046
734822403
734839494
734843161
734876075
734896776
734908403
734923094
734935025
734935487
734965525
735002516
735016863
735027676
735028999
735056255
735062184
735063633
735067371
735073793
735091960
735095138
735097113
735107851
735140663
735161236
735169161
735169338
735176816
735194039
735211104
735212427
735223140
735229862
735244353
735247587
735262858
735281873
735288644
735321192
735348861
735351430
735381326
735402305
735406333
735410125
735410396
735463981
735475569
735481383
735485848
735487192
735497644
735515664
735523241
735536123
735551836
735554341
735557490
735561935
735590749
735612153
735622718
735641277
735657956
735659275
735681990
735682688
735722307
735726821
735751109
735757736
735789723
735790975
735794887
735798874
735799027
735802081
735804937
735811579
735834874
735861758
735868171
735876054
735885707
735886658
735932320
735936359
735944288
735955063
735956836
735958398
735961225
735963491
735965969
735968139
735973980
735974022
735986074
735998956
736003732
736045565
736052068
736056122
736056219
736064791
736065414
736071517
736092690
736110217
736111339
736128624
736129748
736136539
736137832
736147612
736153843
736154179
736169265
736185807
736190415
736194134
736201070
736203628
736207706
736219088
736228970
736231168
736253478
736264920
736281500
736286063
736292405
736300091
736307871
736311798
736312984
736321551
736325759
736327426
736347318
736349126
736349341
736359323
736362899
736370459
736373425
736385338
736409734
736415866
736442251
736443980
736444055
736445161
736451087
736463616
736486273
736493535
736501465
736510606
736512594
736525481
736528814
736546398
736548385
736552682
736560958
736564019
736564229
736568671
736589382
736592874
736597398
736602016
736610050
736631972
736632325
736637555
736638436
736641761
736675794
736685891
736693298
736695689
736696608
736712541
736716321
736723325
736731196
736733422
736761041
736787329
736792575
736796311
736813610
736833990
736838576
736845335
736859837
736883649
736883888
736888629
736898271
736928980
736935463
736943287
736948036
736959828
736960925
736983607
736987311
736990072
736993102
737007462
737015829
737044940
737060794
737089718
737097301
737121635
737131232
737138616
737163244
737166897
737192429
737193373
737205737
737211626
737222882
737229377
737232483
737239630
737247623
737251182
737267539
737269175
737279351
737281004
737306181
737323123
737332232
737334727
737340978
737342217
737354819
737399068
737403665
737437709
737445718
737471100
737477127
737479707
737484910
737485271
737532426
737538273
737543113
737547343
737552338
737554662
737556580
737572019
737589625
737591927
737609656
737613379
737618486
737647997
737655711
737672118
737672947
737707494
737713403
737723647
737749833
737760204
737764105
737766113
737799363
737800667
737811426
737816575
737829496
737837698
737845859
737883523
737890095
737893906
737894033
737900546
737903477
737940496
737958343
737962695
737977952
738005827
738005878
738051984
738082919
738097150
738117232
738128444
738141697
738156757
738183398
738190015
738193174
738218775
738219805
738245121
738245838
738250105
738255315
738261763
738264844
738267566
738269150
738269584
738272247
738304099
738311851
738312389
738322748
738330287
738338972
738340551
738344309
738376311
738378352
738392335
738393712
738395803
738399598
738419680
738427582
738431644
738439265
738455299
738479920
738482047
738500330
738515581
738518905
738521482
738525133
738557057
738559715
738566887
738590344
738594362
738604835
738608587
738611294
738611650
738632308
738652699
738662255
738677642
738679978
738692990
738724387
738749742
738752512
738763559
738765773
738767809
738785439
738785550
738798759
738809838
738817393
738824595
738833584
738839947
738852495
738853827
738866282
738871207
738928798
738940260
738949655
738950602
738954166
738955125
738970704
738979288
738992817
738993236
739005399
739005844
739013694
739029069
739045060
739070059
739087251
739090441
739094825
739102882
739103433
739103649
739104792
739105013
739135100
739145286
739146908
739160884
739193918
739204073
739220302
739222105
739225061
739241905
739250085
739251819
739251932
739273180
739277962
739282792
739286031
739286673
739291717
739299903
739312730
739328027
739329396
739352284
739354606
739365915
739384533
739392050
739406540
739430835
739433743
739444731
739469884
739476092
739484692
739485149
739507804
739513234
739528424
739578111
739605027
739606424
739607258
739616504
739625438
739649210
739654862
739680306
739682327
739687167
739694826
739700334
739709929
739713076
739718270
739719305
739756178
739757985
739760124
739773508
739800008
739808406
739827568
739844459
739845845
739869479
739882943
739883487
739907780
739914227
739915988
739924355
739925328
739951724
739957752
739960783
740002551
740007448
740022488
740033959
740044668
740056216
740074727
740077815
740078372
740081894
740093447
740108649
740137338
740152821
740154996
740188143
740206186
740210013
740266336
740284480
740298170
740313428
740317100
740318243
740350653
740359526
740361831
740369995
740386680
740416005
740450151
740475719
740483342
740484442
740496079
740500311
740502524
740506729
740525691
740532321
740542187
740557270
740573964
740592836
740593461
740605420
740619450
740642319
740662803
740667056
740672816
740710123
740716836
740718250
740720972
740728779
740760867
740761355
740770568
740775857
740786546
740794240
740812554
740824175
740845402
740854687
740875654
740882474
740883452
740883917
740891179
740893112
740903852
740925544
740932468
740955471
740963757
740966010
740971854
740976253
741003014
741005670
741017638
741019450
741028182
741055677
741063455
741112242
741132268
741135881
741160112
741160776
741171378
741178196
741188056
741190119
741230634
741231976
741239521
741240943
741251814
741265215
741279845
741293956
741321106
741341358
741348418
741373087
741374611
741374720
741384517
741420440
741429589
741443930
741448628
741453925
741459664
741505497
741525670
741538017
741554394
741569264
741585632
741589363
741605257
741622423
741623936
741639013
741645021
741649070
741686682
741688991
741702599
741706978
741714280
741751676
741753608
741761394
741800608
741870006
741873944
741893037
741910776
741927092
741938913
741974520
741977448
741977474
741981156
741993027
742005436
742013211
742034527
742034891
742046342
742055336
742081262
742097832
742105581
742107482
742116074
742121809
742121936
742128470
742134065
742139034
742148828
742156424
742184391
742189258
742196358
742210711
742217466
742226511
742233922
742235118
742265355
742272454
742273639
742287003
742292239
742297164
742298513
742304086
742309033
742316368
742323737
742341187
742351822
742371700
742377574
742380708
742386052
742386812
742397682
742423756
742424618
742438509
742457216
742504497
742515531
742538119
742573107
742623078
742637308
742637533
742654368
742657613
742658422
742661669
742681954
742688714
742691788
742700908
742710847
742718269
742753978
742759384
742773884
742779971
742795406
742845362
742852747
742864102
742871072
742883988
742886563
742891683
742895204
742909550
742926722
742932247
742932782
742937163
742969314
742983949
743004153
743011934
743017339
743030244
743030871
743066505
743080004
743094087
743125887
743145874
743153732
743157064
743174872
743182188
743183681
743185388
743196942
743213758
743216445
743217441
743225998
743233038
743244392
743244920
743252561
743255066
743270941
743324785
743337174
743343220
743360254
743361403
743365147
743375720
743388043
743391872
743418720
743427386
743436514
743449588
743457550
743478103
743504717
743528845
743560932
743567626
743579891
743596044
743599325
743613073
743634475
743640244
743666031
743674537
743678983
743690749
743698580
743698777
743705706
743706725
743724903
743726678
743726845
743738494
743750570
743762218
743770154
743770799
743778078
743792987
743793591
743819142
743831067
743831685
743876431
743885285
743889373
743908326
743924437
743949950
743964723
743977877
743982857
743983166
743986753
744008437
744011988
744016321
744027940
744029406
744046652
744058158
744059122
744059967
744063413
744071393
744078707
744102858
744113732
744132661
744136979
744139594
744141499
744143589
744145238
744156868
744162538
744169229
744187384
744200683
744201786
744202721
744205757
744208292
744217216
744232470
744247420
744248456
744254451
744254735
744262398
744274593
744287973
744289578
744296997
744316624
744319107
744335974
744343385
744353999
744358925
744367131
744378174
744379768
744415407
744431598
744450798
744454820
744469553
744472253
744472564
744481875
744484716
744514911
744518041
744521845
744529806
744539238
744555917
744561684
744624875
744631239
744633495
744634764
744650027
744654122
744712244
744715066
744725873
744727763
744730475
744730841
744738393
744744427
744753531
744756918
744769107
744769862
744772561
744775685
744778761
744784331
744827968
744836677
744842185
744845143
744849663
744856616
744859146
744859535
744893579
744894001
744897103
744897633
744899648
744916108
744917119
744932949
744953368
744969660
744997172
745002608
745038338
745042454
745047863
745048768
745048891
745074454
745080286
745087488
745123380
745149639
745178766
745187888
745195232
745195547
745219439
745220703
745230432
745232834
745250481
745256264
745292210
745303145
745305994
745306978
745309507
745352414
745355826
745358075
745361444
745386965
745409324
745409732
745411216
745411894
745416384
745417198
745427452
745464125
745465500
745477682
745505191
745549803
745551330
745551638
745579369
745583877
745625115
745650137
745652519
745655761
745657873
745676466
745698059
745701717
745712844
745713896
745734924
745758379
745759719
745760177
745768065
745770099
745789004
745789225
745799646
745825659
745826490
745843093
745871543
745877054
745882836
745890270
745893519
745901672
745926009
745960501
745982902
745992216
745999163
746019404
746038543
746048911
746066193
746080505
746095053
746096506
746096779
746098840
746108246
746123246
746132972
746138361
746138810
746142665
746163427
746163719
746194146
746200226
746203155
746211241
746218215
746225950
746234536
746272722
746280190
746285344
746287785
746300673
746311386
746317251
746334126
746356455
746369915
746370499
746371499
746378564
746388355
746391662
746408737
746409577
746413120
746415856
746434468
746446873
746461323
746470932
746479406
746482003
746490422
746507140
746512331
746519641
746533194
746533951
746534374
746548944
746554684
746564888
746568999
746601020
746615404
746615848
746618042
746621883
746625505
746628134
746630257
746651012
746654283
746674328
746678509
746678550
746688210
746705213
746744331
746752324
746756076
746758156
746772478
746795545
746796550
746798150
746800121
746804564
746812259
746829223
746847427
746851169
746851279
746852061
746892817
746906417
746922984
746926687
746942844
746961667
746962747
746963904
746976186
747018732
747026329
747047516
747055533
747076097
747080285
747091364
747098791
747119458
747139519
747143154
747145767
747154775
747162949
747163664
747166450
747183000
747183652
747191806
747199280
747219465
747273764
747296397
747305661
747323578
747324676
747325050
747333580
747372023
747379965
747394785
747429590
747433420
747450839
747464906
747467893
747469532
747469776
747471264
747496069
747504961
747514192
747519719
747527996
747571325
747579252
747592870
747615645
747634052
747635195
747637090
747640226
747641775
747648278
747657920
747664132
747677661
747681504
747686404
747692633
747696527
747709227
747717680
747719873
747753896
747763065
747771874
747774616
747778770
747780167
747790853
747792494
747794625
747796515
747812067
747814282
747820323
747823016
747829821
747840801
747842119
747852263
747854806
747856888
747861912
747874404
747890016
747912526
747918458
747923362
747925084
747931515
747943599
747957025
747959412
747965053
747975434
747983676
747987675
747988047
747988528
747998034
748002524
748011238
748017857
748036166
748048773
748053059
748059413
748075944
748086783
748088373
748089920
748104942
748114807
748119057
748123588
748137627
748140287
748153883
748158431
748160974
748213548
748218108
748221935
748231382
748249021
748251509
748254474
748256934
748260945
748269782
748272310
748283367
748293748
748309891
748317744
748318987
748322475
748327776
748330068
748333301
748355031
748356821
748364236
748373305
748395272
748396255
748410442
748412683
748443624
748444018
748462466
748480294
748485814
748490638
748499106
748517883
748538525
748550153
748556204
748561463
748593141
748603306
748603627
748613141
748615823
748620805
748626227
748669284
748696633
748710516
748721498
748722275
748725618
748727443
748730953
748742843
748749026
748765016
748789032
748827054
748830704
748837899
748841763
748843146
748846570
748846759
748855765
748856181
748878467
748880273
748884245
748903593
748907417
748910872
748916830
748931590
748941997
748962886
748964637
748980302
749012938
749016025
749020430
749043732
749048821
749056786
749072882
749075166
749081601
749113440
749119850
749123533
749123907
749132432
749134361
749135080
749136653
749142916
749145208
749159726
749162216
749166355
749198274
749215782
749219886
749245163
749245980
749246173
749247164
749287517
749299895
749301553
749304008
749323152
749325974
749361800
749376480
749381722
749411075
749427421
749431988
749435137
749443970
749464712
749467408
749472296
749488095
749492215
749537451
749562193
749578644
749600717
749604684
749611507
749612348
749613349
749619657
749625056
749639692
749648064
749652093
749662089
749667705
749685632
749711418
749729160
749740962
749744209
749780049
749791889
749792517
749795209
749811503
749835784
749859345
749894267
749908705
749930654
749950684
749955133
749956836
749982812
749985757
749990665
749993186
749997512
750002653
750003939
750008197
750008856
750026390
750032571
750042467
750045627
750049850
750055044
750061537
750062617
750077457
750080326
750083092
750091129
750093170
750098921
750103739
750109114
750115315
750119136
750119925
750128931
750134638
750145161
750146161
750152434
750159127
750170863
750201599
750222125
750225185
750227472
750228098
750264648
750283266
750300393
750311995
750313688
750326980
750335876
750348684
750356879
750357712
750358245
750367307
750396890
750407970
750433820
750437569
750439117
750445936
750446972
750452073
750455436
750474039
750475020
750481200
750483483
750484050
750491782
750493702
750507340
750521428
750526632
750540847
750547597
750555787
750562456
750572524
750575806
750577676
750612683
750615252
750629988
750645567
750652237
750654309
750654902
750656113
750657596
750709805
750720824
750721987
750734693
750767283
750779794
750782911
750786904
750802049
750811211
750814262
750824160
750825775
750831029
750842559
750845422
750852207
750875616
750877247
750903419
750909437
750910098
750924738
750929388
750948285
750967624
750976673
751006181
751016937
751018193
751023770
751023870
751026786
751029506
751060119
751067718
751111129
751145801
751151697
751163347
751184684
751185654
751195310
751196071
751201707
751213022
751216047
751216809
751238398
751244921
751255941
751261621
751268697
751269101
751275614
751279000
751301946
751302016
751305506
751307754
751320153
751326489
751328797
751338386
751340688
751346129
751356139
751356682
751366192
751380167
751399902
751403843
751412297
751425033
751429136
751437046
751437712
751439188
751443166
751459829
751472168
751483633
751493493
751501782
751504037
751509712
751517097
751520851
751556686
751563859
751569727
751574123
751578172
751579359
751587949
751589014
751602341
751609252
751622032
751627886
751630978
751642136
751648072
751658097
751660518
751661763
751697039
751704102
751723150
751727914
751742539
751752124
751759383
751762497
751766408
751780197
751788705
751800091
751801798
751804037
751814855
751834605
751838028
751848849
751848855
751850093
751869871
751871428
751873284
751921942
751925072
751927950
751931355
751946734
751960247
751965620
751967847
751984736
751994080
752025587
752046121
752047451
752055888
752057804
752058824
752069720
752071721
752077802
752103903
752108368
752111323
752113389
752127850
752129587
752135546
752141575
752148762
752172255
752179834
752197251
752203967
752204336
752209952
752242855
752245294
752245731
752249583
752270180
752274868
752303063
752321452
752331067
752339278
752343851
752344214
752345719
752347326
752348694
752352140
752360990
752386229
752392685
752401124
752412287
752468705
752487226
752500936
752501731
752503743
752506464
752508672
752518300
752520996
752529170
752555453
752569241
752576436
752591042
752611985
752617079
752618092
752619250
752619900
752626834
752628118
752630181
752633032
752648705
752652880
752655372
752663579
752670790
752670870
752674270
752690889
752691276
752701220
752701266
752706540
752743959
752744230
752746429
752766830
752768506
752777218
752780318
752790018
752794911
752806454
752806574
752808584
752811498
752832513
752859916
752860144
752865710
752871387
752891373
752906433
752951343
752953239
752974807
752978705
752985256
752996624
753011867
753017212
753021151
753029448
753033171
753065166
753065216
753069745
753072021
753094064
753100501
753106369
753114344
753116648
753131086
753131826
753146655
753147249
753151511
753154999
753160881
753177522
753189065
753223497
753245525
753252548
753261315
753275932
753282769
753291684
753308712
753313199
753313508
753314376
753327439
753328082
753335351
753343831
753354059
753358019
753361244
753363983
753396772
753400148
753405274
753417795
753420025
753434532
753437269
753449603
753458182
753479870
753480702
753510488
753512570
753522699
753524527
753561742
753561866
753573684
753578420
753582783
753584493
753593165
753605190
753629658
753639429
753641617
753670210
753671881
753685509
753703045
753721898
753745160
753757057
753762985
753769197
753769616
753798049
753812364
753836638
753860193
753862476
753862903
753870418
753885195
753887495
753902896
753912451
753913419
753920855
753923012
753947328
753991578
754004610
754009644
754012345
754013478
754018664
754039698
754054144
754069006
754070331
754071433
754072558
754077740
754082231
754086491
754086798
754089757
754091777
754108260
754111381
754112034
754130853
754136477
754141458
754160786
754175211
754183545
754197193
754210124
754216409
754222818
754223261
754227465
754240333
754250136
754293843
754309240
754319611
754339642
754373779
754384343
754396966
754411385
754415212
754426855
754470216
754475505
754482589
754490251
754499652
754516050
754520319
754530866
754537610
754544141
754555317
754574714
754575446
754594302
754629390
754653350
754658386
754685194
754700468
754700520
754731698
754734744
754734915
754736519
754758503
754796671
754807096
754808207
754810698
754814764
754817939
754819238
754820486
754830952
754837154
754842258
754851422
754877798
754892684
754893379
754907508
754915461
754915861
754926049
754934736
754944270
754950792
754974827
754996745
755006489
755007080
755011365
755019975
755023829
755035646
755038587
755047355
755047808
755056212
755062043
755073619
755073918
755083043
755087409
755087663
755103207
755117852
755154915
755163327
755182961
755186267
755202224
755215312
755233558
755255977
755273688
755277337
755278674
755307866
755366787
755368387
755406034
755422268
755437128
755438256
755457594
755461470
755463816
755470572
755473228
755476925
755477164
755480795
755483164
755489761
755517474
755559204
755571552
755598712
755608607
755628363
755653062
755661842
755665110
755668340
755669217
755680140
755694656
755696309
755699985
755701052
755709274
755714615
755745170
755745173
755753597
755772400
755774923
755781950
755784093
755789847
755818117
755824850
755840805
755841108
755857751
755872017
755882859
755887495
755891913
755904781
755914723
755917277
755918821
755939806
755950113
755963307
755963590
756011535
756032426
756051496
756059244
756062073
756067526
756085639
756086484
756086772
756103297
756111065
756122530
756128479
756142066
756149726
756151467
756175179
756193327
756226833
756246374
756277245
756278966
756282178
756286274
756294740
756306023
756323523
756342097
756349453
756365768
756381042
756381048
756411770
756412264
756447009
756468419
756488175
756510186
756527565
756530171
756540164
756563495
756585387
756588579
756590484
756614690
756629504
756639605
756639932
756640254
756649157
756677442
756716128
756733402
756754333
756767761
756770116
756776607
756779514
756798295
756816004
756822732
756825460
756837177
756883510
756910106
756923709
756927868
756928597
756937069
756965831
756988534
756990288
757010337
757018490
757021128
757025866
757029212
757035308
757036829
757040283
757043960
757044290
757060082
757089311
757093717
757094115
757121827
757134935
757143510
757144947
757158248
757177388
757189357
757197392
757202496
757221595
757234126
757262158
757264710
757284865
757312718
757320841
757331433
757335088
757341757
757347649
757360352
757379907
757386380
757394979
757399275
757404085
757406232
757421669
757440159
757452593
757455293
757470011
757470533
757478895
757488531
757488995
757505115
757510593
757513213
757530171
757534969
757536642
757540629
757561348
757567755
757609597
757632769
757632941
757635293
757637309
757652261
757653246
757668637
757677787
757682878
757690893
757693268
757711888
757724888
757730457
757732397
757743176
757744610
757760075
757766949
757798263
757799610
757806614
757826626
757828695
757838587
757841558
757843123
757866904
757875435
757875830
757875847
757894428
757901656
757912267
757922781
757937464
757944044
757958950
757963617
757964604
757968026
757972975
757979239
757995428
758024327
758033338
758040249
758083525
758125487
758137590
758200517
758206282
758210593
758233498
758233555
758235833
758236385
758242265
758276007
758298150
758300120
758308377
758318686
758319640
758322740
758324004
758343165
758360268
758364149
758365312
758380606
758384734
758386365
758396702
758406574
758413366
758456595
758466224
758512733
758519431
758519465
758542260
758544989
758564509
758579665
758591230
758591613
758608230
758618622
758633503
758649160
758659195
758662199
758663008
758685557
758695633
758706753
758717114
758721013
758734359
758735762
758759820
758780738
758799482
758799491
758830386
758840300
758846396
758863152
758863742
758866996
758875825
758877388
758893019
758913903
758920224
758930503
758942381
758961143
758961877
758967202
758976079
758999508
759008075
759021643
759027462
759028819
759035924
759070105
759074168
759091727
759097362
759098421
759103413
759123169
759161987
759170731
759177437
759179947
759182897
759208114
759214659
759215968
759223163
759224498
759228174
759244824
759247004
759262469
759266275
759315580
759320845
759323601
759325060
759342393
759350679
759357260
759368165
759368982
759370984
759373630
759376923
759395068
759402768
759409050
759428630
759435406
759437467
759475140
759484542
759487309
759500097
759506941
759522803
759523084
759525352
759525626
759526633
759531848
759561022
759562131
759563877
759577382
759577602
759583318
759606048
759616537
759623468
759625486
759626836
759666570
759672677
759697701
759700546
759723244
759753887
759761065
759770346
759781395
759790329
759799605
759808661
759835481
759852217
759870268
759874372
759875936
759876728
759889515
759894334
759900314
759901386
759915480
759950089
759953609
759956303
759972675
759974524
759976209
759989506
759995807
759998593
760012926
760020042
760023928
760024443
760043831
760047798
760056019
760056235
760062300
760068131
760070415
760071463
760092087
760098236
760115298
760129380
760130463
760134509
760144627
760151810
760167811
760186333
760240888
760271558
760275727
760281529
760288632
760289704
760291476
760305183
760326442
760357080
760361195
760368889
760372334
760377389
760384839
760407440
760414240
760423833
760426173
760436036
760447659
760452920
760453351
760469926
760496760
760552355
760556728
760597613
760607072
760613562
760617579
760625336
760627728
760628444
760637734
760663296
760665749
760698108
760709816
760738556
760743610
760750385
760750681
760751835
760754768
760756970
760762613
760763709
760785845
760801192
760813655
760817243
760827253
760827454
760843372
760898089
760900264
760908265
760921788
760925992
760932284
760951535
760962256
760965274
760976865
760980451
760982664
760983815
760986827
760991804
761011373
761026103
761040478
761066022
761067457
761067472
761073665
761082316
761089368
761094601
761109692
761111449
761125302
761127574
761129339
761160774
761168722
761187244
761188644
761188701
761199169
761199199
761200569
761234332
761240074
761243628
761264108
761265178
761268213
761282189
761287558
761320660
761320963
761333050
761340656
761349069
761351665
761358267
761362588
761388118
761397871
761405136
761406578
761406953
761408797
761418376
761426199
761431044
761440586
761464425
761489381
761493866
761494252
761502540
761525736
761529586
761534757
761541088
761542958
761543619
761555901
761557587
761558916
761567254
761578108
761587956
761589675
761606151
761608659
761624351
761626740
761640535
761672446
761693216
761704125
761712162
761715671
761717814
761744744
761751705
761757460
761764731
761768287
761769865
761773789
761782509
761790971
761796936
761798161
761804094
761857447
761875559
761888227
761891099
761895773
761896621
761903037
761930774
761933852
761934096
761970735
761973720
761977920
761983499
761994195
762016463
762019776
762026887
762035649
762041737
762047674
762052444
762074128
762088888
762098507
762099586
762111010
762141441
762143213
762145612
762154681
762155919
762174307
762178904
762191977
762204796
762225606
762233953
762274923
762276057
762284980
762288408
762291160
762301954
762306687
762311904
762328943
762338921
762346043
762355346
762370311
762372633
762377754
762385144
762397264
762423590
762426155
762434476
762437808
762439416
762470266
762478967
762492099
762519443
762533792
762534975
762535988
762538085
762542189
762542623
762545689
762550661
762561640
762583807
762593315
762609678
762627535
762630493
762636712
762645352
762647503
762654380
762674843
762684704
762694669
762768661
762795874
762809308
762815337
762822740
762823704
762830231
762845297
762854835
762860140
762861022
762862038
762863511
762877480
762877813
762877929
762882200
762888942
762895804
762896798
762898046
762944997
762947177
762950672
762951750
762974178
762985129
763010171
763019649
763027912
763038498
763041518
763045777
763048217
763053584
763055762
763066619
763076812
763082428
763085322
763113360
763123556
763127809
763130347
763150589
763153412
763154403
763199696
763239691
763241164
763256381
763281431
763302318
763306610
763307371
763311922
763325272
763340479
763362835
763371593
763372677
763377979
763394123
763398688
763409642
763423440
763440158
763441575
763460224
763462199
763463213
763471951
763474161
763474562
763485891
763486687
763512120
763515832
763541088
763548997
763568387
763570054
763572143
763574755
763583079
763586903
763591437
763600400
763636658
763638720
763644521
763645958
763648657
763660680
763670229
763676732
763696824
763702358
763704534
763706188
763712977
763714733
763722112
763728414
763736603
763737951
763740568
763742539
763753907
763754132
763761250
763765400
763771855
763780505
763795122
763803995
763808123
763818366
763819686
763824756
763825481
763827896
763836475
763846511
763847257
763857802
763887659
763887878
763980021
763999773
764007745
764030106
764052055
764062364
764091159
764092191
764107655
764111308
764116136
764120323
764143565
764151335
764165482
764165840
764168033
764168154
764171435
764172087
764179310
764179508
764181288
764182387
764218074
764220781
764223610
764230299
764233615
764237264
764240917
764268474
764273832
764276461
764277894
764298441
764301851
764305193
764308109
764311005
764317947
764339981
764350231
764350732
764355988
764364169
764364423
764379939
764397551
764403565
764404358
764405213
764425144
764442430
764446174
764449154
764452484
764452926
764464695
764467725
764482554
764554742
764570287
764583093
764585593
764587947
764598842
764607955
764653633
764655065
764664234
764669762
764674346
764694592
764702742
764709164
764726305
764728928
764732214
764739987
764745377
764764698
764775024
764778914
764805383
764811476
764812436
764814664
764823776
764841542
764881925
764882732
764890474
764903844
764916642
764941031
764942178
764951818
764953911
764957782
764979986
765017416
765029596
765030031
765048145
765049580
765052152
765079413
765085639
765089501
765105460
765110150
765129662
765133586
765143058
765158519
765169047
765169153
765190144
765193943
765194020
765195132
765211670
765216751
765218496
765247317
765252457
765277354
765290984
765297494
765301098
765305077
765326183
765364193
765374737
765391576
765413517
765429100
765433552
765443434
765449847
765450979
765453875
765460723
765485297
765503719
765505514
765526630
765532303
765538137
765551783
765554975
765560138
765563058
765572050
765572357
765587533
765587651
765603559
765618593
765622779
765634160
765648275
765648621
765663148
765683470
765690727
765725032
765781260
765783226
765787705
765793306
765794710
765804836
765822987
765826188
765844933
765856729
765863777
765893226
765895071
765895342
765901706
765932615
765957656
765973449
765983042
765986054
765994336
766000075
766007248
766010809
766040998
766043006
766047224
766048889
766070974
766077836
766078993
766080871
766094503
766099211
766104629
766118808
766128762
766135269
766145569
766182770
766186310
766197475
766210393
766225658
766254692
766258453
766293042
766299282
766311099
766315926
766322467
766339644
766344007
766344575
766358020
766358294
766366068
766377694
766380862
766381133
766381602
766398066
766408012
766411058
766417634
766453338
766479571
766486565
766515164
766530935
766532665
766550174
766550735
766573003
766573650
766575148
766584552
766593710
766595745
766603917
766608184
766645624
766654832
766659758
766681878
766685289
766699296
766706243
766707513
766714595
766715083
766744451
766755135
766762034
766762642
766770779
766780829
766795938
766812872
766815682
766829010
766833132
766835771
766836614
766854818
766855665
766863072
766881214
766902970
766908141
766927072
766933234
766934951
766939564
766944590
766969578
766971574
766975195
766980939
767022569
767027916
767050263
767050635
767055560
767062485
767106671
767109369
767112154
767113239
767173734
767181253
767198680
767200053
767264359
767285532
767322061
767328132
767345570
767354132
767356429
767363967
767379074
767402237
767413980
767419768
767420503
767440904
767463430
767473740
767477539
767478075
767507974
767508417
767509153
767520503
767537698
767573542
767573791
767579793
767580003
767592962
767598112
767603682
767620600
767628410
767629905
767639078
767666161
767681217
767689275
767705236
767743568
767747023
767750137
767788374
767789319
767793583
767814598
767845954
767890384
767891446
767897912
767898628
767898764
767907004
767907206
767909769
767927523
767931671
767933568
767944490
767956365
767960169
767972832
767975832
767986747
767987724
767996728
767996850
768016667
768036782
768040038
768040078
768042701
768045074
768070590
768073443
768080003
768098664
768098931
768099240
768099359
768101223
768108070
768119595
768125279
768125708
768129941
768133911
768144973
768146486
768154824
768169086
768178610
768180179
768194192
768202708
768232514
768261802
768307904
768308956
768312855
768333952
768344682
768348994
768353822
768361651
768370593
768375283
768385367
768399684
768426169
768434419
768437357
768442033
768461806
768490808
768505746
768511878
768512157
768515213
768516082
768531323
768537011
768537153
768537156
768548627
768555122
768562598
768567702
768571949
768577129
768594158
768601377
768605849
768626646
768643502
768647260
768655932
768660377
768681718
768684650
768685179
768685314
768686987
768698142
768722791
768752070
768752624
768765188
768814504
768819636
768846636
768854281
768877478
768881089
768891516
768891541
768928163
768946307
768948350
768965321
768990377
768990784
768993260
769011712
769013270
769014836
769014845
769021919
769025097
769033288
769038633
769046162
769047873
769070096
769074206
769074796
769117885
769124899
769171364
769189882
769201781
769205971
769210887
769212139
769218272
769221705
769227472
769276629
769286292
769292229
769300171
769301914
769311272
769315320
769328398
769330050
769338510
769341815
769356777
769364199
769369158
769370174
769375973
769401250
769414084
769419756
769425395
769434386
769443673
769445398
769452800
769471009
769477343
769481771
769488855
769493451
769506093
769516730
769518035
769555584
769572392
769577550
769590419
769596301
769598561
769603009
769605754
769613897
769627385
769628135
769629453
769634934
769640059
769642096
769645289
769658221
769667812
769669212
769697693
769717160
769726753
769727975
769758185
769762923
769766103
769772021
769781842
769789421
769803607
769807154
769819781
769829352
769837512
769854110
769854916
769865726
769879531
769889416
769891603
769893471
769904624
769904626
769909516
769945181
769947247
769968914
769971542
769976145
769976997
769983777
770000561
770007893
770024230
770039874
770047952
770048124
770050972
770070953
770072878
770075767
770082980
770090206
770110317
770126738
770134350
770136090
770139824
770144645
770168014
770170204
770184114
770189680
770190264
770232507
770236666
770254796
770261730
770268087
770278915
770287723
770330716
770331102
770337096
770382857
770391326
770397026
770406719
770412208
770420879
770456919
770457179
770457706
770463670
770483098
770503318
770525420
770527904
770535745
770557247
770570212
770586727
770590192
770590897
770627028
770627862
770637192
770668573
770671818
770675662
770698218
770698774
770725061
770774304
770788787
770794374
770796687
770804657
770808032
770827122
770835585
770842132
770868051
770886095
770899244
770907827
770908687
770938865
770941117
770952326
770973211
770979798
770990399
771000070
771003331
771031033
771033269
771035797
771036374
771049266
771065721
771071937
771078591
771086000
771108218
771110588
771114043
771127657
771136894
771158026
771176428
771181994
771184679
771184916
771191324
771196724
771281623
771297996
771312843
771313303
771326652
771330959
771332644
771339140
771342260
771348376
771349281
771351915
771362529
771394973
771405290
771412371
771428862
771431068
771443707
771451498
771452453
771452488
771465482
771469464
771469516
771474982
771482048
771483442
771483715
771487828
771491795
771501821
771507263
771512042
771518700
771521065
771532776
771556757
771569452
771577485
771591507
771607760
771610098
771614778
771615057
771616430
771620863
771621456
771626125
771637627
771669824
771670630
771671282
771673553
771678504
771679474
771685773
771687116
771689113
771700861
771709328
771709964
771715325
771732623
771784055
771789760
771789849
771792542
771798733
771807141
771816288
771817775
771821548
771835969
771837203
771870254
771873018
771874363
771887286
771892613
771894288
771919529
771942502
771944921
771958061
771983219
771985398
771986906
771988059
772000212
772004318
772004454
772017243
772027807
772029992
772030127
772031541
772045505
772061950
772076054
772115546
772122117
772134649
772150004
772162760
772171031
772178579
772210689
772219241
772232899
772251099
772261366
772265867
772288589
772306139
772317364
772324491
772330528
772332166
772362740
772375096
772378001
772403973
772404334
772423629
772428867
772429028
772444945
772456532
772458394
772460621
772473676
772520677
772521653
772537254
772557274
772563080
772575018
772582659
772588409
772594850
772598264
772607955
772609265
772612250
772626065
772630547
772633919
772666881
772693300
772705882
772717249
772733489
772747184
772750086
772759931
772761475
772768963
772770011
772781654
772783953
772784835
772794222
772808641
772811037
772817807
772823610
772847771
772853029
772857032
772867820
772869527
772877831
772887504
772889635
772897119
772924613
772935306
772957496
772971357
772985643
772987645
772989796
772995955
772999061
773000457
773001071
773004664
773065970
773082457
773094234
773113388
773120661
773128389
773128987
773133263
773144796
773154651
773180226
773201542
773203667
773217347
773219134
773220667
773221207
773235395
773237874
773250033
773261172
773266066
773269283
773292080
773301664
773309331
773317742
773323584
773328541
773330203
773339507
773341164
773346202
773358781
773369094
773369484
773370294
773385283
773392676
773399028
773401182
773428439
773429009
773435473
773441947
773454946
773465999
773469326
773473135
773530961
773537953
773568966
773595297
773609747
773619680
773631840
773631850
773633684
773640732
773663716
773682335
773712852
773729007
773744583
773754632
773786823
773802203
773808271
773821377
773825077
773838020
773889360
773890574
773899729
773901653
773903117
773932683
773937771
773938805
773944713
773979931
773981607
773992360
773997828
774000626
774019933
774030638
774040250
774052366
774056757
774063063
774074903
774079450
774098640
774105400
774122435
774134376
774148000
774158914
774162320
774163637
774174334
774180936
774187833
774191007
774195523
774214094
774221315
774227671
774242986
774244108
774271769
774280638
774287279
774289086
774299372
774302844
774324118
774360404
774365967
774372595
774396110
774402424
774411087
774429018
774437113
774443860
774444220
774455914
774459172
774462090
774462308
774476098
774477765
774481306
774493007
774506662
774519819
774528007
774540944
774549588
774551371
774587695
774628577
774681593
774705098
774708186
774712722
774713995
774719605
774724391
774724570
774739772
774760865
774766897
774766909
774784888
774785852
774797555
774832270
774836734
774837789
774852112
774856789
774871762
774890671
774902277
774926948
774936121
774937121
774946600
774949133
774960538
774968932
774992723
774994192
775000508
775012667
775025543
775046434
775074864
775097621
775141380
775143482
775152726
775154089
775157137
775173788
775174334
775189945
775220890
775235864
775236648
775262324
775263783
775273306
775273462
775276826
775292270
775312964
775326754
775329393
775347630
775350997
775364515
775378253
775378738
775383575
775393175
775395544
775398203
775402953
775428266
775434756
775445116
775458378
775483388
775502232
775505801
775513620
775522090
775524264
775531750
775554815
775570110
775574863
775588764
775590380
775602784
775627705
775642128
775653171
775664938
775666452
775673898
775687090
775703075
775703535
775704644
775708592
775708933
775716423
775723960
775800526
775825427
775830055
775830397
775834364
775838986
775847077
775848640
775853175
775863423
775873967
775874436
775885686
775887898
775894873
775922133
775936595
775939909
775940647
775945949
775949271
775955245
775979462
775993537
776020708
776023681
776024666
776038311
776046949
776088916
776095554
776120614
776120888
776134891
776137779
776162738
776167774
776171892
776185715
776192500
776198058
776214865
776238623
776239192
776259871
776266310
776271657
776285027
776307685
776341048
776343406
776345645
776356868
776382362
776398876
776402459
776442613
776443744
776452838
776458518
776469714
776472868
776482524
776487390
776497787
776547865
776560482
776572305
776590891
776602605
776606499
776623487
776640660
776646609
776654817
776670029
776673208
776683469
776683623
776711536
776717396
776727813
776748042
776753124
776781158
776803685
776807057
776825372
776837973
776842112
776888669
776898183
776898790
776900591
776923705
776931727
776942753
776944088
776959496
776982607
776984178
777015917
777029906
777032885
777076923
777078541
777078798
777079271
777088177
777093238
777099430
777114238
777117619
777131264
777138205
777144564
777147667
777162629
777164590
777168031
777183077
777193595
777207838
777230928
777242741
777243889
777259075
777268021
777272969
777273021
777276314
777277151
777287212
777292296
777295506
777301620
777308796
777325504
777329268
777332584
777334103
777361719
777365957
777393690
777399757
777404993
777406322
777415877
777428729
777430160
777460028
777467433
777486500
777500673
777504195
777507383
777507919
777523295
777527813
777558608
777563755
777573850
777577115
777577309
777586179
777589436
777598529
777600343
777606097
777606915
777616237
777623964
777641034
777651538
777660034
777662619
777672216
777707813
777711831
777715214
777734150
777763308
777772043
777778223
777790001
777800655
777846869
777867542
777881569
777892126
777914337
777917145
777921016
777942721
777949670
777949730
777972964
777978374
777979945
777984765
777986972
777996141
777998890
778003853
778009047
778036038
778050752
778070201
778071657
778072534
778073840
778075632
778079142
778079780
778085101
778087109
778089877
778097089
778099975
778105325
778115653
778118609
778119516
778130818
778135543
778167283
778188039
778206341
778206748
778209215
778214056
778221601
778229975
778237306
778254567
778270718
778271412
778299113
778299490
778307186
778307363
778308781
778325670
778344857
778351934
778353110
778363063
778369470
778379816
778384444
778396456
778399912
778431114
778433489
778433657
778434027
778436555
778439546
778445895
778452453
778459862
778467770
778472390
778490071
778509115
778521353
778538199
778560118
778565924
778584906
778600773
778610936
778621224
778635013
778650664
778658478
778690300
778693259
778696879
778699174
778701362
778707156
778711556
778716493
778721108
778721184
778725740
778726473
778731664
778735559
778754441
778758467
778763036
778764972
778775105
778777350
778803794
778804555
778853407
778878153
778884902
778887532
778903119
778907204
778911629
778917701
778918367
778925860
778949978
778965898
778966840
778977557
778977952
778983887
778984562
778986762
778989947
778994222
779003777
779014399
779035335
779037526
779043664
779044890
779065924
779090546
779098751
779117705
779128473
779142128
779161999
779162173
779163998
779170907
779173345
779204334
779206088
779209525
779213351
779220716
779229863
779237036
779238470
779264335
779271199
779274141
779274907
779300289
779303639
779304388
779320518
779323865
779326523
779365330
779368798
779395693
779396106
779398877
779402252
779446488
779463445
779494008
779502928
779503016
779516514
779533484
779573606
779606013
779623310
779638837
779643622
779644727
779649228
779650175
779677458
779684005
779697672
779701813
779716777
779720420
779730833
779746599
779763350
779778956
779784081
779854927
779865435
779870071
779881206
779884005
779888638
779893662
779915153
779948958
779951231
779951995
779964074
779969714
779975436
779979915
779984458
779987787
779989320
780020568
780021205
780030139
780043352
780061737
780069157
780073920
780081540
780089616
780115190
780116421
780119405
780126265
780126298
780135538
780142580
780155031
780162166
780166604
780172472
780215590
780217187
780222090
780224852
780228901
780235386
780237512
780237663
780242006
780252106
780254058
780270586
780284730
780289271
780294855
780311622
780325319
780329271
780329668
780346827
780357484
780362677
780381170
780409832
780434960
780457184
780461115
780461579
780478831
780505272
780524642
780533371
780576749
780605506
780620425
780624573
780647730
780674060
780675367
780695124
780717270
780724984
780725648
780736608
780751064
780758965
780775040
780781863
780788083
780800567
780801335
780812851
780818034
780843302
780850937
780865319
780879805
780880186
780889079
780900931
780903469
780904415
780910213
780914627
780921582
780922345
780923613
780933913
780954415
780961233
780968047
780968172
780968804
780979453
780979679
780981494
780995357
781040770
781052142
781056703
781088883
781100215
781111907
781127186
781141521
781148689
781151011
781151480
781152439
781157769
781166631
781192382
781202972
781222335
781224299
781229959
781231672
781236353
781255602
781262926
781275252
781288075
781297267
781312222
781316872
781323150
781327911
781349842
781370310
781370848
781392887
781398621
781401541
781417168
781419149
781432501
781434736
781446322
781461046
781470916
781485124
781519901
781520506
781524158
781545645
781546192
781548944
781556686
781558787
781600463
781627094
781634535
781691793
781692106
781697443
781697516
781698875
781700579
781707109
781721016
781727215
781740669
781755436
781769719
781780044
781793779
781796497
781798835
781823800
781826354
781836643
781839724
781842149
781856426
781863168
781868183
781880535
781887791
781900841
781910962
781924506
781929520
781941025
781958196
781987300
781994338
781999130
782001727
782009443
782027083
782052147
782055190
782076107
782083218
782092082
782099499
782103934
782111535
782121722
782125018
782153403
782163337
782184138
782185326
782185829
782190415
782201175
782208205
782216019
782241414
782256627
782265105
782281190
782288039
782295968
782297202
782303297
782327958
782328903
782330507
782332113
782392563
782402133
782427704
782436614
782438907
782459911
782476998
782488442
782506047
782506169
782527510
782530978
782542848
782545549
782547393
782547712
782548752
782557225
782562751
782566713
782582846
782623328
782628447
782652308
782663146
782663430
782670395
782678667
782681586
782681690
782683636
782691736
782730114
782736419
782738272
782738283
782743741
782746577
782755132
782757364
782761336
782789220
782804677
782809537
782812350
782851269
782872524
782892694
782898515
782905158
782909207
782925006
782926427
782934666
782942131
782942869
782948546
782956718
782958384
782989583
783002740
783010111
783010771
783014184
783014979
783046893
783051184
783057923
783064102
783084740
783090570
783098150
783107903
783110591
783113934
783121452
783122044
783130969
783132226
783136446
783140032
783206920
783209302
783211752
783215620
783216329
783226214
783247782
783263340
783263788
783278912
783286469
783294955
783306411
783339118
783345674
783349703
783367379
783375688
783387682
783397867
783402128
783435407
783446023
783449730
783459880
783461814
783482575
783500365
783507780
783524183
783531943
783532311
783562424
783570847
783575158
783597818
783602824
783609636
783619574
783624532
783640643
783652257
783653700
783674993
783676053
783695323
783720452
783772646
783816590
783825913
783833159
783839614
783846939
783850992
783855789
783858048
783881143
783881188
783894891
783903484
783904373
783916349
783941169
783944925
783945955
783949491
783952853
783955748
783979343
784034602
784050164
784078071
784089403
784136085
784138686
784147413
784153356
784176474
784177678
784178495
784184189
784200773
784208767
784213207
784222535
784222905
784248929
784249776
784256530
784256534
784264702
784264744
784275049
784298682
784299928
784305054
784307782
784308460
784309510
784314836
784317819
784331445
784335306
784349567
784355611
784373047
784395738
784396389
784401527
784403611
784404128
784408496
784413098
784419079
784439377
784452957
784465719
784472986
784481514
784486572
784501005
784504686
784512371
784514609
784534898
784573910
784582945
784614679
784618142
784622159
784627580
784637599
784668953
784674327
784676517
784692123
784696874
784699185
784709942
784724325
784772439
784808378
784808446
784821723
784840356
784883547
784911449
784919439
784922226
784922527
784941309
784948369
784948492
784988626
784994444
785008433
785041256
785050623
785074749
785074801
785085661
785091142
785093106
785131717
785153921
785174588
785176356
785180760
785190158
785192663
785195043
785207218
785209247
785216516
785223278
785223312
785239999
785253158
785273601
785299492
785305436
785309855
785324845
785327668
785352222
785368417
785399470
785421527
785447316
785475305
785482929
785484103
785487653
785502714
785505620
785507525
785507675
785508043
785511755
785518735
785545094
785547181
785567703
785567941
785568218
785588589
785602261
785619883
785628317
785631609
785634698
785646647
785647945
785667622
785668796
785677331
785683071
785694615
785713684
785718691
785732373
785743053
785765524
785766170
785770358
785787033
785802074
785804419
785815097
785819544
785850762
785851399
785887485
785890670
785891332
785900161
785902772
785909345
785911659
785921706
785928399
785929394
785938613
785954046
785962485
785963662
785967972
785977506
785981317
785985040
785990335
786026824
786032067
786037057
786058463
786062386
786068929
786085709
786096836
786097113
786099334
786108811
786116564
786143664
786150607
786180643
786185651
786203285
786212204
786215248
786223825
786224934
786226819
786227645
786232372
786245114
786262731
786264667
786267299
786272967
786282909
786283637
786303955
786306868
786309884
786314187
786318668
786340990
786368222
786376633
786384870
786384993
786403421
786405875
786435339
786439248
786449888
786460240
786469718
786490018
786502920
786511167
786512336
786517803
786542032
786577990
786592483
786596226
786596643
786600487
786633482
786636960
786638926
786643727
786654938
786659040
786663913
786668819
786675766
786686656
786689617
786689923
786692781
786700120
786702326
786705250
786706852
786733260
786746992
786749776
786781429
786786146
786795054
786821889
786836840
786876769
786876823
786880924
786889620
786890505
786897295
786897343
786907825
786915492
786921699
786934684
786936973
786943616
786965193
786970933
786972804
786993548
786999554
787000478
787010540
787022944
787027947
787055489
787068784
787072120
787081981
787084390
787095539
787109018
787125516
787141068
787170034
787184235
787199371
787211674
787213400
787218834
787221077
787231340
787245662
787246419
787250483
787267857
787281569
787300627
787303630
787308391
787311286
787314923
787326205
787326636
787337613
787349408
787350938
787356470
787371082
787398783
787399497
787404743
787424220
787442731
787480637
787482066
787483118
787483407
787507858
787520640
787522511
787525878
787549807
787560113
787560291
787567070
787570210
787575534
787585720
787590576
787614595
787614727
787623729
787625887
787629486
787631989
787635304
787667324
787673999
787683394
787684296
787689278
787707301
787709896
787725632
787729456
787739497
787743179
787749491
787756531
787770812
787780963
787781289
787791616
787791874
787793314
787827658
787832244
787834031
787863451
787878431
787884569
787894405
787898044
787909673
787923836
787956545
787967793
787984785
787985348
787998315
788013324
788017641
788017731
788022664
788037621
788052708
788053889
788059076
788061092
788067106
788069743
788079119
788080259
788096308
788111432
788118780
788136380
788158783
788197430
788219950
788225745
788226781
788226866
788234543
788236147
788242039
788248662
788289946
788333218
788339322
788340275
788358215
788373876
788380221
788391110
788394508
788399272
788422379
788439743
788501396
788529911
788542107
788568850
788584258
788597490
788600587
788619863
788621365
788628009
788629430
788644960
788670306
788675398
788679536
788692925
788704726
788704939
788717738
788722977
788737885
788749568
788763307
788764814
788785703
788831334
788846338
788849538
788861915
788866445
788879613
788890190
788907783
788947872
788953751
788959029
788965153
788966814
788982928
788993407
789003250
789007482
789008924
789019616
789020948
789032379
789042486
789056859
789070984
789091459
789119618
789130869
789141829
789147546
789149446
789158010
789161609
789173443
789177005
789178317
789179032
789182883
789188857
789189792
789190035
789207975
789210941
789223855
789233007
789251638
789259841
789270944
789283649
789286267
789302982
789307022
789313644
789325953
789326061
789334571
789356712
789363206
789366121
789389869
789406530
789409849
789424924
789435438
789438874
789469109
789473228
789474490
789480475
789481057
789513495
789516601
789524848
789527229
789546100
789556646
789563138
789565954
789566623
789573805
789593409
789606280
789634464
789637006
789638231
789651738
789653631
789657709
789667723
789679088
789685051
789688025
789695931
789704886
789713459
789713461
789723971
789729032
789738378
789741182
789746630
789746876
789755074
789757916
789778897
789783190
789794668
789821422
789828212
789828426
789828949
789857486
789858506
789869129
789869655
789869746
789891080
789895345
789898207
789915582
789919096
789933495
789940767
789940827
789941474
789957405
789963670
789966203
789967442
789989510
790006428
790013908
790030769
790035992
790077085
790081186
790093664
790094017
790116230
790125951
790133210
790158147
790160156
790168567
790172978
790180137
790183359
790189661
790198359
790198955
790209258
790224317
790238797
790245370
790249005
790278946
790284876
790292068
790292760
790307725
790317881
790335042
790337007
790347884
790359975
790360446
790395057
790399401
790416860
790432135
790448404
790458864
790465005
790468866
790491558
790500458
790502856
790506816
790529067
790535613
790549797
790553459
790572029
790575161
790576310
790581901
790597593
790632391
790645669
790653101
790671094
790677436
790699521
790701814
790714816
790806881
790820510
790824749
790841499
790842980
790864467
790867625
790886171
790902591
790914028
790923610
790928425
790936540
790944442
790947228
790948223
790948236
790948468
790951775
790973643
790980043
791017373
791020670
791039231
791045063
791094346
791101326
791101401
791102867
791109032
791125629
791176371
791190548
791192469
791196784
791207760
791209244
791211875
791239619
791251346
791255825
791256890
791257560
791265403
791286701
791297482
791300278
791314012
791316519
791317421
791346386
791351079
791367053
791388862
791398378
791410776
791414493
791417068
791418907
791430461
791441139
791466429
791485259
791501721
791502470
791505214
791507106
791517456
791524935
791525119
791527428
791528886
791528909
791533618
791540769
791561895
791575393
791582808
791584206
791644201
791644651
791647593
791650636
791653041
791654297
791659809
791664574
791670952
791672946
791678364
791684666
791703592
791714816
791724509
791730324
791730881
791739828
791740633
791745824
791758475
791765657
791784112
791821781
791822871
791838654
791863424
791866021
791870347
791882225
791916112
791922309
791964308
791978599
791979402
791984444
791985306
791991209
791994901
792019572
792020476
792033256
792040423
792043408
792051336
792052976
792063659
792066114
792070932
792072872
792096268
792104846
792106419
792116683
792133240
792141485
792147081
792151598
792170611
792177860
792186091
792205665
792209699
792214242
792228680
792237451
792254422
792260912
792265647
792278272
792306953
792317090
792355535
792412562
792436796
792447560
792471764
792475019
792477293
792500736
792506731
792514213
792517259
792526287
792539735
792543486
792547161
792558656
792576073
792582677
792597941
792604463
792614577
792618573
792629276
792639675
792645680
792662601
792694296
792707628
792712972
792715302
792725649
792726988
792738212
792754494
792764808
792765264
792791329
792798347
792798815
792801342
792813836
792830481
792837098
792841474
792865641
792870968
792879634
792904841
792905178
792905572
792905774
792917484
792928111
792946202
792966823
792975868
792985749
792988537
793000490
793003955
793005531
793032686
793037292
793059277
793071031
793082153
793094361
793099482
793141097
793145681
793155054
793212523
793234903
793239450
793257152
793261396
793272978
793275765
793304755
793325155
793337134
793344741
793349167
793382153
793383018
793385630
793406046
793414208
793417959
793430147
793433638
793437109
793437205
793437292
793449201
793460426
793478695
793484985
793502179
793511451
793520898
793524177
793526575
793532561
793535825
793543583
793547615
793555520
793566102
793577485
793584912
793592161
793601936
793604808
793610550
793612300
793614390
793620469
793636454
793649040
793650061
793650512
793667192
793669441
793672607
793689106
793695608
793696255
793696476
793697693
793701779
793750955
793773171
793775123
793782107
793791934
793795800
793802901
793806498
793807821
793822223
793843353
793855802
793861337
793886033
793892426
793895475
793899962
793911426
793913316
793913552
793916613
793917445
793919249
793929542
793937538
793946064
793951119
793989402
794000773
794036192
794041638
794045259
794048423
794051269
794064808
794079408
794085569
794114485
794116279
794124222
794174953
794176751
794176875
794185061
794201755
794220541
794239236
794241604
794261640
794263509
794265825
794296396
794301489
794307499
794308212
794319733
794319755
794331887
794333407
794336804
794344902
794346082
794355044
794360729
794369251
794376713
794380723
794387962
794421703
794439201
794441573
794447784
794454607
794476803
794479154
794484447
794512775
794520287
794525151
794531478
794547199
794566842
794588968
794595035
794603517
794617460
794626135
794630260
794636538
794649960
794657412
794663739
794671286
794673086
794673698
794676338
794681933
794686461
794702119
794710927
794712436
794718390
794725604
794741933
794745485
794764600
794770789
794773131
794779789
794785590
794793256
794803714
794815289
794824688
794841649
794850546
794852082
794854909
794855186
794866880
794886892
794891030
794899990
794900756
794912970
794921413
794921489
794931675
794937346
794953424
795002094
795002771
795026481
795033783
795037553
795037638
795043586
795043620
795058759
795061296
795070788
795076157
795082199
795098223
795128234
795133558
795149673
795157867
795164247
795185546
795200989
795201019
795202755
795203461
795209149
795215002
795216698
795229795
795231885
795249452
795254694
795258699
795260413
795261869
795282746
795318693
795329880
795334451
795336135
795336500
795351404
795357965
795358283
795362411
795378877
795379351
795388288
795407768
795415358
795417264
795447402
795448207
795452596
795474311
795476940
795479340
795484577
795502064
795519093
795519366
795524230
795529746
795547966
795559460
795567755
795578692
795583839
795594783
795597070
795634825
795654891
795657120
795701591
795708172
795724130
795737625
795738083
795756027
795760602
795774153
795778061
795778886
795783197
795788013
795811086
795821969
795856073
795861263
795862282
795875172
795877758
795890414
795899375
795913792
795919045
795936881
795954311
795956682
795960132
795968594
795970746
795981747
796009088
796013042
796014276
796017431
796037198
796046878
796066669
796083859
796087997
796123230
796123777
796133284
796140861
796170270
796176612
796195040
796197415
796228539
796232071
796261893
796262851
796285612
796288215
796301360
796301913
796315133
796319385
796322808
796323428
796350016
796352200
796355305
796377893
796378171
796428879
796454588
796470109
796472483
796494831
796517128
796538209
796551704
796553450
796578946
796593089
796593855
796595920
796612358
796619602
796621311
796635851
796640474
796651646
796658374
796671840
796673811
796688207
796706249
796732648
796737499
796754305
796755487
796777631
796782473
796819902
796821856
796831190
796859195
796868587
796886448
796888195
796897936
796914522
796919910
796921919
796940721
796955120
796958025
796972366
796987563
796989009
797000357
797028379
797056362
797063482
797063650
797067845
797074434
797079232
797080947
797107142
797120700
797149376
797177347
797186232
797202097
797243335
797244539
797247004
797248625
797250613
797250999
797268004
797269977
797278320
797280947
797286783
797301751
797304646
797317265
797330075
797334072
797347476
797362971
797368740
797375653
797392435
797403631
797417766
797454602
797455798
797456701
797461224
797483906
797501096
797501506
797515719
797519753
797525309
797527878
797529406
797533410
797540919
797544826
797549534
797556322
797593873
797596659
797602756
797641139
797645344
797662091
797694061
797697954
797721042
797735097
797739267
797740324
797749336
797757895
797758781
797762940
797767214
797782747
797827895
797843903
797856534
797873427
797883351
797886220
797897032
797922280
797932311
797939614
797959318
797960205
797982968
797988918
798029447
798039724
798043594
798049237
798057232
798063233
798073030
798098512
798123103
798124104
798127271
798158534
798188516
798193808
798220895
798222367
798225668
798227104
798256936
798290107
798301548
798316695
798320754
798346061
798384843
798399236
798417660
798424648
798430849
798439100
798452802
798452921
798469444
798480039
798497618
798505900
798518545
798520564
798527469
798535384
798548078
798566031
798575071
798576661
798590071
798598048
798598194
798601555
798612365
798617773
798621262
798624660
798626404
798633294
798660789
798685746
798737634
798741890
798751501
798755994
798756303
798803133
798816148
798816286
798823026
798834027
798846095
798850292
798862249
798873545
798888638
798899678
798910748
798914193
798915492
798915672
798931857
798934392
798958659
798971445
798973354
798974398
798991235
798993756
799009302
799012099
799043741
799049937
799050589
799052094
799055146
799061162
799064208
799064275
799091317
799096369
799102217
799108396
799124700
799150807
799157077
799188111
799192271
799192996
799211861
799217461
799232422
799243401
799252153
799264798
799279327
799283827
799285680
799299650
799306694
799337228
799344391
799386654
799418772
799425332
799429758
799431827
799435398
799437308
799439258
799450523
799451577
799465881
799472278
799480683
799484632
799494771
799507298
799513523
799513851
799516271
799520670
799536779
799553177
799556491
799564890
799568052
799569817
799575566
799579820
799625702
799643322
799651151
799651385
799661151
799689735
799701689
799704788
799710807
799713752
799721292
799723679
799739122
799744708
799745515
799748990
799757859
799783107
799801778
799802347
799805246
799807429
799817726
799828561
799834090
799843464
799845111
799851233
799888623
799903169
799929183
799929868
799930452
799939625
799940529
799941699
799971143
799984885
800017082
800030868
800034250
800047519
800060946
800063163
800082181
800088912
800100274
800108494
800118079
800121111
800127093
800133919
800143631
800149040
800157465
800159573
800165007
800167593
800176879
800176940
800177039
800181347
800185687
800237085
800238897
800255850
800256448
800259069
800260360
800264247
800271039
800271303
800288794
800297520
800322007
800337330
800342433
800345881
800354395
800371133
800393912
800394554
800426588
800435657
800439369
800439657
800448038
800457909
800460822
800464581
800519516
800536652
800549441
800550419
800571549
800586206
800592308
800594417
800595210
800595716
800598468
800635659
800651816
800663736
800674848
800684792
800685140
800747865
800768042
800775380
800807531
800810078
800832330
800854819
800856736
800904382
800907731
800910467
800914453
800919313
800938818
800940517
800946818
800949070
800951230
800951351
800953365
800963595
800992136
801024022
801026746
801031005
801033842
801055811
801070774
801077875
801081007
801087594
801090906
801091098
801111090
801113519
801121222
801126029
801129302
801137020
801141220
801146399
801152061
801161405
801164855
801171438
801173199
801201759
801209436
801218092
801223527
801225193
801245985
801263641
801285993
801299109
801300641
801302260
801302868
801306000
801306699
801311854
801327308
801347821
801347964
801352168
801352301
801357639
801373745
801385396
801404844
801410123
801423179
801449589
801455363
801469822
801478929
801482699
801493433
801500242
801503595
801520321
801521696
801527063
801538829
801553157
801557750
801558786
801564074
801564581
801586208
801621862
801622124
801653236
801656543
801667010
801683080
801716493
801719021
801720960
801724742
801725758
801748276
801775542
801791194
801800351
801805022
801807643
801812221
801814059
801822942
801855797
801871650
801876935
801892723
801905354
801905440
801922676
801923296
801945709
801964867
801982346
802006784
802038397
802047473
802050377
802057654
802080784
802082804
802090217
802096799
802109312
802111434
802113015
802120449
802122436
802130469
802132517
802141397
802146686
802153681
802172142
802186497
802188053
802203147
802209966
802233430
802243822
802261151
802263037
802282359
802290472
802312720
802335144
802335195
802338210
802354322
802364071
802398870
802416540
802420269
802427053
802442796
802455091
802462270
802467430
802469122
802484045
802489097
802501023
802503021
802523213
802530598
802531759
802532191
802532364
802550205
802563426
802567902
802603763
802613616
802627210
802628967
802643364
802646178
802649226
802655641
802660969
802693131
802778123
802786676
802810490
802815777
802826180
802844829
802845396
802853490
802866754
802877100
802953479
802962851
802966391
802973125
802978568
802980722
802981693
802983811
802995163
802998119
803004448
803007080
803030424
803041792
803091474
803091784
803104215
803112003
803126509
803131100
803144853
803150704
803158075
803162500
803170604
803199971
803201784
803202393
803222180
803279809
803285836
803316578
803317932
803320151
803340896
803345488
803362823
803412846
803414069
803417784
803430437
803457299
803464813
803472400
803512750
803519861
803528892
803566408
803570284
803570951
803576620
803586525
803593779
803624511
803636394
803637403
803645432
803654483
803654909
803660903
803668195
803686941
803687665
803694271
803706960
803708481
803716420
803750835
803755571
803776385
803798929
803804217
803810062
803822888
803873325
803896394
803898723
803903430
803907785
803926407
803941188
803952157
803956342
803995872
803999614
804004996
804010653
804036013
804042059
804060029
804061378
804070523
804091821
804116746
804136695
804144700
804151065
804154142
804164757
804184063
804201151
804203844
804213853
804220667
804231555
804237363
804246560
804251127
804259746
804286238
804287180
804293928
804306894
804329157
804347740
804347757
804373942
804375929
804378385
804398434
804402193
804430555
804437193
804440862
804449322
804453172
804461918
804464705
804468525
804470501
804472869
804481094
804484292
804502709
804514943
804517891
804525013
804538388
804541607
804554854
804568475
804573150
804577722
804604165
804615156
804615755
804658509
804659435
804667682
804668349
804679040
804702288
804704343
804740293
804750920
804757421
804760761
804772713
804795714
804796576
804801708
804809036
804841653
804866100
804869295
804876628
804889604
804903085
804906418
804911167
804916138
804920248
804925730
804933706
804935725
804936271
804961190
805013628
805052147
805075627
805083200
805094971
805113599
805123011
805133533
805138102
805139379
805140666
805143632
805162393
805162630
805165039
805174216
805186955
805216032
805217565
805220742
805236064
805250423
805250855
805279185
805302200
805309719
805316953
805338567
805346230
805390238
805391004
805402135
805414884
805420960
805422561
805435784
805459581
805465199
805466773
805470356
805476482
805486312
805494212
805494902
805502062
805509821
805513257
805516711
805526102
805554859
805563529
805568843
805578678
805603770
805611006
805618211
805629767
805633603
805643932
805653876
805683516
805708427
805721036
805726158
805729704
805739315
805751295
805762738
805764564
805792917
805797431
805808765
805811650
805817425
805833824
805839434
805840511
805842023
805856143
805858378
805858741
805876030
805883273
805899348
805910141
805914817
805937756
805945988
805965266
805976449
805996001
806009449
806010817
806012230
806014927
806017976
806035473
806044276
806090180
806100783
806113716
806135522
806145545
806155476
806157046
806159003
806164641
806168611
806178368
806186371
806186938
806194368
806235216
806243854
806247695
806262290
806265425
806278850
806279262
806297138
806301641
806310226
806312187
806313845
806317256
806325712
806328319
806328402
806339339
806341684
806342526
806343328
806348122
806350825
806366193
806367425
806403967
806438526
806439728
806451568
806463892
806465270
806473053
806479647
806489290
806502069
806505167
806507454
806507891
806511496
806512020
806529413
806548612
806548822
806571762
806587377
806596450
806613100
806621357
806632502
806666289
806693968
806693973
806696481
806709742
806736198
806746535
806753986
806755311
806779097
806780682
806802369
806826948
806830218
806831741
806839872
806850241
806882178
806897606
806912035
806915310
806920208
806925628
806948439
806966589
806969484
806988271
807003629
807010943
807037929
807046641
807049008
807052258
807054794
807061350
807062055
807065316
807074680
807086722
807088951
807097774
807103586
807109513
807120738
807122037
807132426
807132603
807149792
807158074
807161974
807194960
807209891
807215089
807223193
807230483
807231208
807241091
807264772
807268036
807271107
807277978
807287863
807293203
807298313
807318180
807323679
807330122
807342805
807366048
807369936
807379394
807379776
807390107
807396280
807397832
807406212
807430149
807445344
807452524
807454523
807461528
807467060
807486545
807494134
807494832
807496590
807506465
807526586
807531134
807531740
807539228
807544405
807556286
807582715
807593351
807593432
807608698
807625570
807651252
807658896
807665367
807695711
807717144
807721142
807728820
807751190
807761177
807767512
807785584
807787045
807789755
807797459
807802152
807802582
807804442
807810591
807823252
807847066
807866883
807882834
807887462
807889360
807896451
807899591
807913526
807915331
807928181
807935023
807937799
807940979
807951366
807963433
807970682
807991516
808000365
808007185
808016204
808022123
808023307
808037484
808054161
808076447
808084066
808084347
808085518
808085974
808091995
808098548
808125644
808133693
808140438
808145779
808148310
808161604
808162646
808168780
808196323
808196749
808198954
808200690
808211759
808220857
808222366
808230189
808237847
808243814
808247687
808251886
808253006
808265540
808269407
808270605
808285052
808288450
808293457
808301873
808327179
808337594
808339432
808344539
808469584
808502755
808512546
808513162
808514926
808519564
808535998
808550975
808567675
808576550
808577738
808602934
808625457
808634171
808638211
808639688
808648072
808664819
808664899
808670431
808684640
808694568
808713508
808741069
808754520
808769512
808772631
808775445
808778717
808781797
808785244
808800999
808804135
808836628
808845668
808847068
808855970
808857940
808859696
808870318
808879832
808911723
808929425
808970018
809003985
809005360
809025109
809031938
809044795
809066038
809083714
809092223
809097791
809112998
809131372
809165857
809183269
809192127
809195510
809197615
809200866
809209970
809214760
809217121
809218125
809241137
809261610
809262174
809280267
809291142
809293234
809299081
809315669
809325830
809352760
809359400
809359499
809365455
809396876
809425896
809431535
809435083
809450419
809463646
809473532
809506601
809530583
809585432
809586201
809605690
809642941
809643900
809645415
809649603
809650165
809652070
809654257
809655972
809663923
809667847
809669700
809674634
809675068
809695363
809703511
809719797
809733025
809767632
809797128
809814438
809832259
809834997
809868212
809886703
809892572
809911867
809912820
809918427
809921099
809951663
809955434
809985817
809988882
810002963
810003979
810012432
810013772
810033589
810034040
810036540
810038682
810073768
810089824
810106537
810106734
810124119
810135214
810137398
810171886
810180081
810185807
810189154
810200921
810234387
810237483
810246585
810264535
810272765
810289060
810301027
810303660
810316155
810319063
810373037
810393551
810396447
810407528
810413662
810445770
810446485
810448788
810461738
810462625
810467130
810473746
810487128
810491008
810491701
810500551
810504474
810506736
810509402
810516607
810526117
810529641
810537124
810539166
810555862
810558900
810570211
810575875
810599588
810617194
810618648
810624629
810626900
810628333
810629955
810654065
810655712
810658345
810658526
810671796
810690012
810691750
810692714
810697538
810710111
810721780
810737462
810740423
810745091
810746558
810753150
810755649
810758911
810762390
810776646
810779262
810812017
810817512
810833293
810848480
810851182
810867746
810877320
810883759
810887124
810889141
810904592
810915855
810919055
810927930
810947937
810971175
810981316
810982748
810994764
811023807
811036665
811036864
811099205
811113697
811116717
811118824
811121342
811125237
811137631
811144309
811147848
811162031
811167722
811175525
811177397
811189631
811194979
811196878
811198769
811227530
811280914
811288988
811299083
811300063
811306296
811314696
811315941
811317536
811323886
811335922
811354812
811365456
811370225
811382811
811403851
811405544
811414652
811419474
811429486
811444488
811469191
811470977
811474095
811510212
811520636
811526772
811538772
811555614
811562357
811571210
811575453
811596044
811605620
811619656
811641418
811680026
811701717
811703790
811710104
811716000
811729553
811731021
811744388
811767352
811779940
811784298
811790788
811795765
811807579
811811636
811822585
811838853
811851430
811857138
811862506
811870570
811874942
811885832
811888333
811896350
811927284
811928813
811930663
811931763
811965255
811980020
811986693
811993135
812005179
812016203
812018892
812023127
812027588
812033206
812058777
812073539
812081903
812083790
812083931
812093935
812102888
812112510
812126249
812131848
812137724
812144394
812149553
812156847
812162015
812192481
812198576
812201820
812202167
812204321
812221287
812228627
812286756
812295968
812303594
812318478
812335419
812341854
812350890
812362198
812362324
812382383
812386677
812387575
812393500
812394386
812397178
812397640
812403624
812412374
812421626
812425346
812445078
812459621
812479689
812484957
812492622
812493360
812496975
812533010
812533926
812549710
812563263
812569400
812600337
812607693
812612393
812637697
812641122
812642075
812644890
812648380
812653211
812676267
812680191
812680997
812682398
812691209
812696952
812704107
812709121
812711274
812716475
812720559
812726693
812734471
812770624
812776786
812779505
812786271
812791111
812798423
812810476
812829781
812833955
812842210
812851129
812863639
812871259
812885380
812885823
812887749
812898945
812906862
812922910
812941593
812941771
812973530
812980443
812985824
812987322
813001820
813004918
813008509
813013407
813032911
813045241
813051661
813069199
813092274
813140784
813143132
813156929
813179862
813199391
813207541
813216342
813222977
813227344
813229631
813247039
813247055
813257024
813260877
813262800
813263449
813274055
813286211
813286511
813298815
813309022
813311897
813319041
813330476
813336541
813349075
813377450
813388696
813398394
813400683
813405030
813409712
813410826
813420696
813444366
813450000
813451189
813461582
813462363
813472955
813473581
813483865
813485889
813494618
813500088
813529558
813538513
813538907
813564522
813564989
813567546
813578989
813596217
813612913
813626011
813642565
813647013
813647100
813649322
813660438
813665068
813666515
813677620
813690182
813696386
813708019
813729265
813733987
813749415
813782813
813790668
813799958
813811863
813813465
813814436
813828074
813842856
813842929
813862426
813881401
813899616
813907879
813923745
813948931
813969941
813994028
814013544
814019596
814021428
814026164
814042793
814042942
814061141
814072813
814081321
814106033
814106091
814115588
814126148
814135832
814141587
814163184
814167041
814173001
814177161
814177901
814186369
814195056
814204635
814231218
814264582
814271187
814274091
814284928
814287179
814311390
814323859
814324184
814336827
814348338
814365656
814367634
814376412
814395306
814401208
814420071
814420451
814437251
814469925
814476751
814482574
814489916
814528973
814539734
814557251
814569776
814571980
814579361
814602807
814609588
814642166
814650303
814650950
814655490
814663447
814664172
814667866
814676385
814687768
814689335
814690861
814727201
814753574
814754074
814758703
814783997
814790220
814794839
814815321
814816029
814818260
814830842
814834771
814843208
814867287
814873160
814881105
814923013
814933082
814934469
814954884
814956150
814967366
814990421
814996594
814998636
815031279
815042498
815057817
815062458
815077815
815079003
815112873
815128100
815147050
815148063
815162147
815189264
815192355
815224360
815231871
815234954
815244553
815252311
815274349
815282533
815288801
815309786
815311977
815326487
815327158
815335534
815337093
815348526
815364512
815371687
815373493
815387352
815389448
815394551
815396122
815397104
815407339
815412598
815421581
815428234
815428407
815430468
815438142
815448280
815455120
815487580
815510095
815535676
815542898
815543109
815550910
815562894
815563065
815590752
815609785
815615464
815625109
815630806
815631833
815638424
815667863
815673596
815673836
815690153
815701711
815716332
815724758
815726105
815733271
815734927
815754162
815784310
815802437
815812941
815817009
815847476
815862683
815863091
815871331
815873013
815888924
815900096
815906376
815910007
815913446
815919997
815925673
815942819
815943372
815945262
815950628
815992363
816000328
816004679
816017794
816020476
816045755
816050147
816068303
816076949
816091111
816096806
816099534
816118953
816124643
816133681
816136006
816137108
816137382
816142831
816181575
816183413
816213446
816225248
816227402
816233198
816237608
816248921
816256349
816270147
816273596
816278248
816287346
816304829
816307018
816309044
816322907
816328119
816332880
816338961
816349292
816361686
816370714
816372647
816377765
816384364
816422972
816439573
816466103
816477011
816494064
816501100
816522923
816541041
816550308
816552074
816558430
816570546
816599565
816600813
816601178
816601296
816601657
816676145
816679393
816687044
816703433
816709592
816714878
816723146
816724759
816729675
816762193
816770043
816786756
816788152
816790357
816798880
816806657
816815273
816824466
816827004
816839269
816890498
816911153
816927403
816933214
816958500
816972522
816980735
816983816
816991642
817012995
817030883
817062740
817067265
817085839
817093984
817108429
817129404
817150476
817152700
817168688
817171184
817172259
817191148
817201820
817202510
817203264
817217585
817236447
817263983
817305307
817306002
817348392
817357374
817360685
817361861
817371136
817394069
817397220
817402648
817412194
817425086
817430172
817432409
817434098
817441585
817443817
817457594
817485648
817492012
817510930
817513724
817520223
817523828
817528863
817539527
817551263
817552714
817562195
817586627
817588701
817595373
817612977
817613611
817627147
817650725
817662091
817684575
817688469
817693905
817707832
817709951
817718042
817722696
817726097
817740128
817747059
817750116
817755704
817759429
817779482
817779581
817834558
817835533
817873570
817881596
817888085
817937527
817943798
817947005
817955844
817957189
817965214
818003935
818028843
818044695
818050227
818081955
818083813
818087374
818128518
818141674
818148313
818175138
818208881
818210871
818216989
818218251
818218735
818239537
818241460
818242144
818243886
818250410
818253465
818268487
818277750
818282157
818293458
818301385
818304566
818305486
818311126
818313412
818318510
818323005
818330447
818335000
818341160
818376062
818380734
818382264
818404514
818409367
818416897
818418242
818429961
818430017
818433146
818442694
818459503
818459932
818497909
818501531
818512744
818512793
818512872
818522118
818527765
818532652
818544565
818554449
818560387
818567998
818576012
818579367
818587151
818591391
818598642
818619255
818624579
818640413
818644067
818658946
818701335
818714122
818720972
818746222
818748999
818749648
818750489
818753239
818753726
818761140
818762384
818764700
818777447
818779164
818790693
818794940
818804355
818804486
818807151
818826054
818849148
818879910
818891466
818963900
818972454
818991399
819007302
819015475
819019383
819026236
819029591
819029678
819038645
819038962
819057014
819063934
819083754
819084337
819091285
819104598
819133544
819142291
819152195
819152615
819167734
819200113
819215292
819224068
819224962
819241825
819245266
819258665
819260525
819279477
819282610
819288748
819318719
819319966
819327982
819332492
819337912
819338348
819364723
819374172
819393627
819396315
819407410
819418941
819421698
819433333
819435180
819439700
819444645
819461474
819479594
819507459
819508282
819514404
819515007
819522725
819525741
819532098
819534700
819536687
819540472
819543805
819573215
819589322
819590719
819607783
819615308
819615643
819616761
819635112
819639073
819653869
819698706
819713435
819739007
819782215
819788066
819840229
819862254
819864719
819872296
819890409
819898003
819929100
819943259
819944900
819954372
819954429
819956064
819975295
819988834
819992955
820007836
820012877
820013914
820021748
820029682
820058487
820061227
820074355
820085374
820086842
820099928
820103090
820103769
820113305
820115803
820130243
820140525
820189941
820210110
820212436
820213112
820217710
820217911
820218562
820235970
820246926
820261849
820284847
820288470
820290254
820305305
820329439
820347988
820350273
820355404
820367066
820384469
820386396
820405707
820409096
820420783
820427918
820432146
820446234
820448002
820450133
820452145
820463685
820478681
820493880
820499690
820529978
820541385
820544232
820544651
820550217
820569678
820572102
820599163
820608223
820616238
820617987
820644049
820645208
820667800
820679746
820684435
820689221
820707665
820712527
820731007
820742704
820761725
820764080
820764084
820795523
820823588
820838744
820880022
820914626
820927495
820934842
820963489
820964195
820970974
820974212
820991817
820999276
821004866
821014292
821038520
821042694
821045874
821051673
821071661
821079673
821091147
821102741
821127346
821129072
821136524
821138338
821145402
821147795
821165688
821185362
821207042
821212435
821236127
821237216
821238398
821240809
821242969
821245420
821246436
821254082
821275896
821283260
821283656
821306355
821322768
821327958
821330240
821353102
821363215
821368145
821380879
821396334
821410768
821416539
821447048
821453581
821465020
821504735
821509572
821511212
821511370
821522575
821532796
821543319
821556712
821570416
821584436
821593424
821606961
821609867
821623566
821626879
821635907
821638649
821640739
821646294
821646661
821647057
821671446
821679816
821683375
821706208
821721615
821732707
821733520
821743010
821760436
821761784
821766018
821778142
821778182
821780483
821781170
821783663
821790030
821802998
821812962
821817065
821817851
821834241
821847419
821875302
821880106
821883291
821886113
821886416
821904762
821911733
821916300
821916773
821930482
821949945
821974030
821977548
821984047
821990489
822013759
822016936
822032688
822034382
822034533
822044485
822045213
822055519
822059847
822078355
822092236
822094827
822104585
822139520
822167391
822169393
822176979
822177558
822177873
822178680
822181547
822198902
822199410
822215477
822218489
822225002
822233460
822277841
822290901
822305329
822309258
822313873
822332467
822337365
822350680
822357530
822358330
822359310
822364186
822373418
822374819
822397368
822399468
822404571
822412289
822427282
822432924
822435878
822454255
822472208
822505346
822541624
822555788
822563652
822564061
822565490
822573662
822596898
822607348
822627426
822640429
822688646
822695032
822698715
822717462
822721090
822736280
822739215
822747989
822753504
822755455
822758921
822787213
822793336
822800571
822809529
822814162
822817002
822837591
822845628
822871176
822872303
822900085
822901682
822912278
822942344
822952366
822976438
822977268
822997943
823012276
823025943
823029483
823037467
823041080
823048513
823058918
823061092
823080471
823082153
823086086
823098258
823101949
823121481
823134125
823149474
823165383
823176102
823182985
823198758
823207242
823229184
823232149
823234797
823238518
823292251
823294597
823297656
823301922
823307914
823312651
823315992
823318767
823324793
823341195
823342964
823346807
823355872
823355890
823356535
823367058
823377964
823392906
823408221
823411386
823424275
823475903
823476137
823488786
823492353
823503312
823531515
823536060
823542728
823550588
823554231
823560657
823573951
823595720
823602463
823603502
823613959
823616680
823624919
823657743
823665154
823684568
823700516
823721271
823729876
823732889
823739823
823745607
823755073
823760116
823760164
823761903
823772158
823775750
823784665
823802405
823819240
823825321
823827559
823833695
823841193
823859844
823881131
823888723
823889474
823889592
823893495
823896931
823902326
823910563
823911311
823917213
823919333
823924250
823950684
823959603
823961065
823961328
823965518
823966606
823974699
823978724
823979537
823994739
824018724
824031107
824063421
824070453
824074616
824074695
824077621
824100919
824101228
824106274
824109338
824115458
824119190
824130512
824168085
824172134
824173553
824174932
824189516
824194751
824205306
824228581
824228780
824234008
824244392
824248874
824253987
824269874
824274798
824294602
824306204
824306239
824321509
824327000
824342164
824352854
824359792
824366579
824401215
824404734
824405879
824409529
824410439
824418630
824435515
824453515
824454911
824455592
824461030
824475973
824514612
824530855
824536656
824536885
824542913
824543852
824548345
824559361
824565316
824569638
824577690
824579177
824579350
824596684
824606030
824609933
824645996
824687335
824708745
824730659
824736343
824736594
824738989
824740403
824746255
824759075
824766573
824770083
824780740
824784303
824807006
824819507
824822885
824825955
824837835
824840094
824840681
824843390
824844670
824846652
824899682
824902242
824920693
824922003
824925566
824929824
824934105
824939629
824949492
824949521
824955921
824958430
824959854
824968837
824970280
824986284
824987511
825022390
825028932
825030059
825031018
825057495
825070512
825081629
825081807
825098317
825106283
825115128
825123564
825145935
825157115
825180595
825245269
825252576
825272014
825276219
825286756
825287909
825293317
825302471
825306344
825334599
825338353
825339211
825347907
825367485
825368299
825384057
825384865
825398289
825401898
825402055
825434084
825438083
825454271
825462205
825484771
825484957
825508851
825554013
825557831
825559431
825569169
825569486
825596184
825605399
825610533
825617826
825627961
825636079
825641901
825648454
825665215
825671664
825680597
825693996
825712888
825725519
825737286
825737947
825743876
825745047
825750035
825768685
825793812
825815533
825824789
825838117
825842400
825846529
825847137
825860902
825880545
825887910
825892473
825892883
825905102
825914293
825977936
826004846
826022680
826041812
826065427
826081423
826087841
826102308
826129092
826131573
826133397
826144698
826154432
826155908
826157965
826160665
826191063
826191493
826206227
826208219
826215054
826217007
826223037
826227012
826232706
826266255
826270960
826273332
826275808
826278349
826284419
826335628
826336302
826347031
826364710
826369891
826371430
826373633
826375799
826386329
826389316
826399426
826418596
826418640
826430151
826432003
826447143
826447672
826477543
826502089
826511233
826540375
826566017
826581219
826581463
826585754
826589050
826603513
826611263
826624908
826628405
826638743
826640608
826647809
826652095
826656790
826676262
826688190
826690674
826699301
826704752
826710733
826727072
826739824
826744250
826749240
826781487
826783012
826802179
826805685
826815468
826824138
826826834
826848829
826850746
826888441
826898373
826904085
826912923
826919313
826921214
826926664
826937926
826941175
826965466
826972186
826976311
826992265
826996524
826997630
826998632
827015043
827015358
827018405
827024432
827029846
827040623
827041533
827050995
827068043
827097034
827101773
827123526
827143887
827148280
827155538
827160884
827165261
827166000
827167478
827175944
827202639
827206153
827217869
827224134
827230464
827230673
827234058
827235093
827241395
827288817
827291010
827291679
827312725
827317681
827323682
827326397
827330502
827337826
827339751
827354948
827361760
827374689
827380379
827398992
827408141
827447615
827474208
827475836
827478715
827482143
827485331
827511776
827526104
827535363
827544374
827563592
827583308
827616048
827616430
827620003
827622248
827622365
827622592
827633963
827641856
827650756
827655645
827661779
827693977
827706273
827710629
827719364
827724012
827725588
827726523
827733093
827738871
827758642
827760507
827760830
827768668
827778074
827787933
827796063
827815217
827818064
827822162
827825035
827826981
827834540
827853368
827861701
827872024
827876281
827878423
827895541
827903160
827908894
827915749
827918008
827940876
827944454
827953865
827955192
827973195
827978118
827978285
827982876
827989885
827992919
827995704
827998769
828007559
828007997
828018918
828020634
828022695
828025226
828035554
828036521
828066440
828068251
828077326
828108273
828117304
828128123
828131775
828167223
828221989
828237461
828264025
828289215
828292048
828298056
828299013
828300046
828324154
828326581
828326848
828335058
828340272
828349373
828360462
828371229
828371615
828381341
828413073
828413385
828429112
828439980
828456412
828456554
828457016
828471587
828516956
828517474
828518435
828519142
828529556
828541877
828546801
828553595
828557011
828568299
828571651
828578504
828582000
828588687
828594073
828598575
828601459
828613890
828666008
828671970
828674115
828682084
828698090
828728526
828744798
828749654
828771018
828794943
828811973
828819413
828822068
828830036
828849687
828894226
828906198
828908613
828930064
828932994
828940473
828956908
828960705
828981658
828994567
828996598
829001846
829002357
829022480
829026763
829039748
829087834
829090603
829094258
829095115
829106564
829117261
829141247
829155619
829173143
829174046
829184121
829185698
829189625
829192868
829200089
829200625
829227180
829237237
829240004
829241738
829257475
829261121
829267480
829271689
829274133
829290017
829309055
829358561
829359559
829365299
829365438
829376243
829440366
829441694
829456076
829471144
829475394
829480239
829485150
829493817
829536454
829565033
829579121
829582866
829584793
829611121
829625766
829631973
829642103
829650209
829652746
829690457
829708697
829718713
829718772
829736092
829760484
829774947
829790677
829804074
829809129
829810533
829820664
829827912
829829473
829859378
829868254
829874999
829893709
829903092
829903752
829905323
829906255
829937798
829948690
829958931
829963622
829981143
829997682
830000219
830000616
830003280
830005434
830010608
830026136
830039477
830053894
830056810
830065077
830069432
830084166
830104154
830107805
830109904
830116674
830139314
830155606
830160353
830190594
830192959
830207020
830212457
830227544
830231095
830234135
830252561
830260083
830262890
830266195
830268765
830268905
830295075
830295310
830295835
830303119
830321131
830335088
830336765
830339639
830342695
830345885
830355086
830362856
830365311
830372300
830374035
830377481
830382257
830408140
830428077
830428955
830443594
830449234
830473212
830505411
830513076
830523935
830533664
830548804
830588366
830606230
830613489
830616841
830616998
830619932
830625537
830636801
830653349
830658078
830660852
830673391
830689394
830731981
830737477
830744449
830780926
830788431
830794010
830811160
830818804
830836421
830837034
830845698
830852632
830861706
830863816
830873116
830877491
830878200
830905420
830910872
830920698
830929395
830932555
830947852
830958790
830962514
830966033
830968065
830974525
830981334
830985820
830994114
831023809
831027502
831028626
831033010
831034638
831047032
831049835
831059872
831063958
831064871
831075692
831078849
831081479
831085640
831090754
831093496
831100343
831108390
831108917
831147266
831163681
831164395
831188272
831191378
831196723
831197243
831207167
831212086
831219469
831227504
831244131
831251149
831269310
831311135
831323596
831341296
831364657
831406074
831414475
831427119
831442866
831447861
831452704
831455295
831514813
831516492
831518765
831520811
831522417
831541580
831547878
831562256
831562848
831590596
831593004
831602327
831606440
831609154
831636305
831638372
831639641
831644374
831652728
831656464
831660367
831713768
831718417
831724860
831741098
831755166
831760391
831762493
831780198
831780790
831782354
831785564
831797656
831819596
831832583
831832588
831879438
831880425
831887099
831890548
831893706
831895574
831901126
831902748
831903754
831935705
831954548
831955791
831964150
831993475
832002661
832011324
832027386
832027584
832034046
832061219
832065258
832088459
832088563
832122292
832134040
832134130
832141818
832141982
832143589
832149055
832189429
832214222
832214803
832216445
832224090
832225432
832236008
832255070
832256395
832262859
832277780
832277845
832293254
832296450
832302075
832304604
832307767
832312021
832312398
832316974
832325341
832331436
832333035
832346910
832364429
832367717
832370982
832373129
832374080
832377682
832399074
832411574
832418005
832457936
832470845
832480861
832495900
832498669
832514170
832515450
832522029
832543314
832553092
832559554
832582497
832587642
832610364
832641597
832642029
832643861
832644375
832645827
832651189
832664640
832669080
832680175
832681339
832682671
832683586
832683672
832688086
832691856
832730240
832754305
832754509
832768864
832802710
832810398
832818618
832823999
832840387
832852516
832855023
832868139
832869747
832883346
832892060
832904264
832904484
832931543
832935682
832937658
832947899
832964146
832980106
832989824
833015340
833018314
833019806
833026556
833041255
833056588
833075027
833079620
833096652
833099927
833104788
833109114
833123183
833140419
833150977
833153741
833156414
833181019
833183709
833189266
833191004
833194474
833213003
833214333
833224599
833226741
833228872
833235442
833251883
833259346
833286635
833288582
833290731
833297669
833317840
833318831
833326846
833327645
833330988
833333652
833341421
833365600
833373340
833417278
833429690
833440947
833448910
833453167
833453933
833495186
833503015
833503889
833517309
833520520
833522617
833534807
833535416
833537009
833543486
833545085
833554623
833579850
833580212
833605268
833623980
833651445
833667647
833715123
833715359
833726092
833736210
833748732
833757366
833764437
833795884
833797865
833822146
833838085
833847891
833851950
833871517
833878904
833902139
833919537
833920259
833929242
833931349
833932958
833937411
833945409
833964511
833970954
833975173
833983218
833998508
834002315
834006553
834033997
834067430
834090932
834092201
834100497
834112385
834113548
834115454
834116295
834120617
834130861
834134105
834159187
834165537
834169914
834177282
834184232
834186356
834202883
834206181
834215398
834250652
834264494
834279152
834287863
834296805
834311311
834325755
834328425
834329233
834329390
834330315
834334695
834335494
834337641
834344950
834364442
834371509
834371683
834381437
834386437
834386753
834388748
834405848
834411214
834440984
834446095
834447335
834481886
834485967
834487908
834496858
834502484
834503382
834507424
834546977
834548561
834550637
834568662
834581314
834587569
834602950
834604952
834609844
834611659
834615432
834628594
834632659
834642480
834651549
834666620
834666671
834675474
834685469
834698001
834717440
834733466
834742458
834751125
834760357
834760708
834762847
834763753
834777586
834793622
834844027
834852917
834859868
834860483
834862646
834872100
834883731
834909893
834917536
834924646
834929139
834939704
834947378
834955175
834965629
834965851
835014281
835039448
835052130
835053028
835064841
835066498
835077137
835093104
835095206
835098652
835113960
835116392
835123522
835134164
835141075
835142133
835156040
835185146
835190143
835190839
835198796
835219005
835229690
835231037
835239421
835239770
835241521
835266648
835296563
835297699
835300490
835315086
835316096
835326647
835327381
835332334
835338430
835340496
835343072
835352126
835366534
835368165
835388786
835394311
835405484
835410435
835429212
835434940
835438865
835439695
835459856
835466020
835488702
835492540
835506049
835529723
835536250
835538950
835539441
835549428
835576476
835587470
835597255
835597479
835599314
835617983
835633532
835666962
835677990
835705130
835713747
835716418
835721984
835725238
835733760
835739662
835749955
835758074
835798193
835812697
835824307
835824530
835879508
835880549
835906872
835907659
835939892
835943760
835944080
835954753
835957064
835961230
835967385
835986158
835991307
835993816
836006242
836006246
836006590
836030926
836034140
836083418
836095212
836114719
836125988
836136792
836137104
836147949
836149719
836166792
836167955
836181179
836216180
836236856
836305542
836343976
836372779
836376198
836380800
836382707
836393896
836404140
836428021
836465748
836475455
836476342
836478060
836483968
836501493
836509109
836511537
836534279
836536961
836556389
836569046
836573701
836586406
836587763
836591288
836592569
836602489
836612273
836645840
836648094
836650508
836668350
836673627
836674206
836682924
836689809
836693072
836698864
836701325
836710440
836715948
836731744
836743097
836749370
836765252
836769035
836773367
836777606
836795086
836805338
836820008
836820718
836855749
836865255
836878092
836878136
836880298
836881843
836896642
836903351
836906862
836915574
836916322
836926178
836961433
836962011
836962528
836980021
836995694
837044591
837055171
837057991
837062973
837064376
837080157
837090203
837093963
837105459
837120332
837147333
837156535
837156864
837168609
837189721
837207147
837230560
837233836
837253888
837254182
837268518
837274069
837274264
837278007
837345199
837355238
837360241
837363863
837380884
837392733
837398074
837398123
837398708
837406767
837406855
837426137
837433135
837434798
837448302
837470543
837484703
837495921
837516902
837529568
837532659
837573546
837583165
837598036
837600451
837605767
837622498
837627427
837642421
837646764
837659872
837675464
837697142
837707641
837708976
837741358
837752563
837763199
837768195
837780882
837791281
837793300
837803348
837808870
837809152
837839209
837853291
837856286
837868869
837869315
837880997
837881603
837881609
837886705
837903340
837923296
837935096
837940359
837944414
837951001
837952418
837957862
837959264
837959779
837960342
837966282
837978185
837981006
837982048
837982776
837989764
837998405
838006622
838034429
838041186
838062604
838067344
838082134
838098995
838101465
838118621
838149465
838174705
838175357
838192411
838211451
838231321
838235902
838237484
838242187
838264717
838274271
838291468
838318212
838321116
838340069
838362487
838369308
838402981
838418744
838439729
838441441
838465636
838466178
838470332
838474687
838486399
838505470
838522050
838527183
838543877
838557104
838578034
838579917
838589915
838606091
838613691
838614408
838618384
838641854
838648145
838651531
838675319
838679321
838694569
838701536
838707293
838709933
838715234
838751154
838757478
838807100
838809305
838811906
838813453
838820946
838835773
838835998
838846553
838852536
838876194
838879382
838881699
838904469
838918033
838926958
838929581
838959395
838965067
838970491
838971459
838981635
839003195
839004923
839005756
839016505
839026995
839049783
839055077
839058834
839073638
839086862
839100514
839118998
839137206
839143985
839171457
839171729
839192435
839204065
839205196
839208463
839214084
839222174
839233576
839233820
839237752
839247455
839275964
839281691
839285177
839291213
839308423
839334431
839335043
839335687
839336739
839337191
839350542
839359254
839365598
839379661
839398995
839400190
839403263
839406690
839422632
839426974
839435364
839451365
839452038
839458720
839497570
839515509
839523749
839529756
839550214
839570466
839573929
839584398
839602816
839617076
839617281
839629662
839643848
839649003
839649472
839679164
839699765
839725747
839731694
839747496
839761177
839769584
839777619
839789185
839796764
839808302
839813526
839817109
839827887
839831991
839854755
839864737
839866233
839878948
839897268
839900424
839901320
839905478
839910314
839922439
839922637
839929470
839936983
839955441
839969761
839970762
840003597
840028938
840055236
840055539
840057766
840058390
840067943
840068288
840084080
840094674
840100331
840139370
840144952
840147878
840151994
840159530
840174047
840183459
840195822
840199766
840206345
840232976
840234188
840250920
840253048
840257606
840264763
840265574
840268934
840285351
840290260
840316668
840358478
840360153
840363095
840376258
840417082
840417108
840428329
840449701
840452337
840453846
840474119
840492170
840501358
840504264
840506255
840538264
840557376
840564791
840565504
840581391
840582028
840594581
840659041
840686888
840711374
840742207
840760841
840761878
840768157
840808607
840818996
840820215
840834289
840835979
840841670
840845323
840847152
840849044
840859366
840860362
840864147
840870824
840883683
840888978
840906314
840906534
840908245
840909933
840914284
840914487
840919615
840935749
840975914
840983327
840983675
841026193
841026651
841028499
841031134
841031456
841047133
841052814
841058973
841059404
841068938
841094449
841095917
841108334
841123540
841127812
841133928
841141653
841199795
841208035
841211216
841226461
841239417
841257916
841268952
841278124
841281043
841288954
841317444
841327217
841331948
841336969
841362169
841363939
841375995
841385164
841391621
841396583
841406043
841425547
841435242
841445330
841448166
841456266
841456609
841475687
841478623
841499401
841515690
841517423
841555903
841560744
841571347
841571736
841626254
841626949
841647154
841647251
841659328
841670809
841692767
841706542
841710764
841711176
841711866
841711992
841712277
841745970
841760034
841770868
841775928
841785762
841789317
841806079
841826689
841831103
841849942
841851691
841857032
841857842
841884969
841907158
841917293
841918268
841918645
841927252
841959430
841977823
841984782
841987278
841993212
842001418
842018522
842020705
842030645
842035673
842072588
842079052
842084840
842088664
842109698
842117032
842124469
842128264
842137532
842137598
842142197
842144744
842149652
842153815
842179078
842181179
842186646
842204982
842218365
842221169
842250769
842263490
842264491
842273594
842289989
842297680
842298636
842327612
842328117
842328124
842335547
842341780
842356805
842371891
842377018
842394628
842415371
842416673
842417702
842418608
842419356
842427963
842439532
842444356
842459284
842464330
842476422
842499147
842507293
842508976
842528038
842551794
842560453
842564852
842570914
842574540
842578148
842583559
842586042
842596474
842597372
842601612
842608770
842611068
842619383
842624073
842632060
842642213
842653629
842683023
842685379
842688187
842695968
842708578
842723419
842731272
842743040
842747411
842749426
842801436
842805539
842812471
842826271
842833791
842840740
842845042
842850029
842854085
842859728
842863019
842865566
842881540
842882972
842896392
842909141
842915590
842928756
842934127
842943956
842952938
842954409
842999127
843034315
843034560
843035052
843057625
843057873
843084785
843100321
843106444
843110015
843114474
843117581
843118626
843142132
843167144
843167832
843181199
843203290
843213278
843213994
843219945
843221780
843222325
843245163
843253957
843254387
843285007
843291441
843291784
843308051
843312690
843315691
843324330
843324869
843331439
843339366
843348707
843354023
843358858
843370178
843372148
843375330
843389434
843394393
843439949
843474552
843475699
843479094
843491822
843498094
843503449
843510510
843513529
843524264
843539376
843544250
843578267
843599727
843605654
843612934
843619872
843629856
843632488
843634186
843651272
843666428
843668238
843674087
843687042
843693317
843699118
843707427
843746687
843753356
843754139
843772021
843778146
843793198
843800164
843803294
843835722
843853214
843853910
843863893
843865349
843881417
843900246
843922982
843925227
843929979
843931169
843939672
843942493
843942826
843949469
843954036
843972470
843974931
843986497
843994211
844004113
844005002
844018545
844023841
844027830
844033089
844055764
844060759
844066317
844086729
844088066
844093928
844118275
844122900
844144374
844151043
844168342
844174463
844176525
844177851
844187349
844191249
844192465
844200063
844206912
844208536
844209407
844210410
844213670
844216689
844231777
844233411
844240971
844258517
844263458
844284785
844315044
844336394
844341537
844353961
844367268
844399054
844415691
844430735
844437034
844462156
844471493
844481731
844492268
844511500
844521286
844531791
844546069
844563178
844565871
844594385
844607770
844642074
844654177
844664322
844668027
844673625
844679837
844702510
844706712
844706804
844712268
844714416
844724737
844737182
844745633
844749356
844754326
844763506
844769612
844769922
844775958
844778210
844791738
844832761
844850414
844862815
844971771
844979551
844980200
844999007
845010166
845021546
845042837
845066304
845078441
845095091
845100426
845102522
845115305
845192809
845198303
845201528
845227079
845256042
845263989
845267826
845276409
845283570
845288885
845289581
845298326
845302296
845307111
845328805
845334760
845369607
845376820
845378524
845408182
845431088
845431653
845441656
845442800
845446921
845449236
845457457
845460627
845477323
845480002
845480724
845494756
845499941
845511158
845527791
845536606
845545979
845545985
845550681
845563399
845564374
845569112
845570543
845572379
845577561
845581767
845586071
845597191
845599580
845600950
845603183
845607046
845616554
845621496
845622336
845669101
845718007
845729604
845748039
845748324
845766808
845770569
845776880
845779271
845809653
845819095
845831047
845845259
845846486
845850249
845855293
845865114
845871351
845899722
845913465
845926461
845932916
845932984
845941690
845944261
845952231
845962545
845991286
845992637
846005035
846007153
846034974
846037907
846038286
846049071
846051608
846053244
846061225
846068001
846077308
846079735
846087943
846096780
846106518
846121482
846126449
846140567
846142689
846143559
846150229
846152182
846154041
846166146
846172798
846173331
846176961
846218763
846224214
846224675
846226694
846247560
846247998
846256763
846263540
846270849
846281211
846284788
846290528
846304554
846333124
846344216
846349078
846349969
846367401
846370326
846381999
846390906
846393810
846403037
846407804
846416179
846425253
846439455
846455329
846472930
846478887
846481051
846492614
846495669
846497415
846498761
846503730
846507420
846521498
846521621
846542305
846545565
846548636
846553291
846553872
846561042
846561150
846563045
846601114
846603030
846620667
846620774
846631861
846654178
846671441
846679114
846696003
846717447
846751741
846754470
846757272
846782933
846801895
846815738
846848353
846854120
846865490
846878239
846890221
846900994
846912452
846912993
846932029
846934959
846941428
846943368
846952339
846955061
846990281
846996542
847008630
847015960
847017490
847023694
847029056
847096300
847096758
847127504
847164527
847185727
847201408
847225317
847255149
847256579
847282431
847300060
847300193
847302180
847332179
847333862
847373255
847416480
847423331
847438703
847447318
847467126
847471153
847472281
847474632
847498993
847512154
847528535
847553679
847556029
847583362
847591155
847605444
847618120
847631506
847631680
847649301
847658111
847658643
847659405
847661133
847677788
847686815
847700734
847704198
847708775
847730405
847739643
847745646
847747311
847752254
847761083
847767934
847779188
847832798
847835368
847840519
847874000
847874488
847874849
847893223
847898308
847903339
847904221
847904291
847941061
847956113
847984772
847995227
848009784
848012796
848023074
848023430
848035490
848060195
848062453
848091589
848100864
848121912
848139492
848145537
848170317
848173771
848179116
848179162
848192830
848212371
848223537
848227764
848245648
848291765
848313672
848314327
848328249
848346152
848366847
848380138
848386626
848390649
848417810
848440101
848441465
848446930
848457639
848458671
848459075
848467259
848473237
848482102
848483397
848494987
848497246
848506495
848506762
848509282
848518891
848541332
848547772
848564435
848599516
848622936
848687553
848694115
848701300
848704988
848718091
848721060
848725576
848728105
848750562
848759282
848759470
848775934
848794235
848799193
848800218
848816105
848822328
848826979
848834510
848851475
848852558
848861261
848861406
848888686
848893950
848895397
848928958
848934239
848954567
848968561
848973522
848985694
848989047
848990682
848997062
849003072
849017043
849018315
849022550
849025627
849028107
849029701
849038922
849046131
849051717
849058387
849059521
849061350
849065565
849067968
849084211
849093231
849113796
849120519
849144821
849164406
849175443
849180653
849186394
849194595
849198048
849210044
849221741
849234743
849237088
849276840
849285390
849287486
849294901
849299639
849303853
849310494
849312790
849320592
849336049
849337102
849345757
849361146
849367134
849400549
849418623
849427050
849432683
849436788
849441585
849447335
849454894
849457321
849472832
849485469
849518252
849549670
849555931
849556421
849557070
849562048
849572468
849607651
849613356
849627016
849632321
849641457
849656165
849658238
849661402
849662272
849677636
849683821
849684158
849688081
849696668
849715601
849754511
849774469
849784331
849790581
849802915
849811292
849817304
849821638
849821721
849822934
849859916
849869572
849872061
849875567
849910702
849920793
849921141
849928973
849961436
849973916
850028770
850034247
850043054
850044494
850052471
850058968
850066124
850084574
850098638
850111512
850113622
850117113
850130513
850133720
850139365
850147358
850162286
850171991
850176578
850179472
850183157
850183436
850191861
850199184
850200069
850209929
850224829
850226161
850228421
850241040
850261048
850262538
850277569
850293251
850296143
850307665
850323314
850339439
850341983
850345913
850349238
850361513
850379049
850394206
850397363
850407687
850411266
850426793
850445312
850448835
850461788
850481760
850487461
850511379
850512619
850518715
850550696
850567969
850573335
850594381
850627338
850629924
850668975
850677666
850680617
850691651
850697142
850702253
850705464
850713177
850725146
850726033
850733082
850743263
850747552
850750494
850753354
850754921
850767177
850789158
850792345
850797488
850815997
850826366
850829646
850835863
850844242
850856815
850875902
850890464
850891064
850892473
850894299
850935188
850935196
850944435
850944623
850948451
850949560
850952379
850975730
850981019
850987348
851000030
851007176
851014996
851015243
851022211
851041680
851042471
851046515
851048849
851050895
851064586
851082655
851089654
851094461
851118101
851122553
851137779
851141004
851148006
851156911
851164040
851167698
851172402
851188743
851194440
851197682
851209200
851210782
851237606
851238990
851251067
851254021
851257497
851260167
851301842
851326404
851332587
851343008
851362559
851365101
851370145
851372309
851384498
851391782
851420460
851423453
851446526
851457642
851464876
851493420
851512010
851519645
851522641
851523487
851531611
851549858
851563322
851564410
851574123
851575366
851582285
851591579
851645319
851657802
851664606
851687866
851689529
851689726
851695245
851697860
851699790
851700204
851700689
851706479
851716595
851729989
851738771
851746024
851749721
851767196
851770238
851782813
851791442
851816365
851830618
851843446
851898362
851903328
851905178
851905247
851917595
851931403
851940876
851941481
851950367
851959930
851962668
851968658
851975579
851982573
851989328
851998291
852000848
852031035
852049664
852052930
852053389
852054691
852074657
852102207
852106345
852107442
852114703
852123947
852132009
852168512
852183244
852187343
852188699
852192999
852196546
852207982
852220172
852242009
852246152
852250060
852264571
852267035
852303470
852309755
852310842
852319659
852328166
852341387
852357437
852359661
852364486
852380501
852381313
852383959
852389308
852415373
852423685
852447801
852465134
852471728
852477069
852478665
852491033
852494933
852538471
852555191
852561193
852563570
852576461
852584913
852593450
852596050
852624323
852624648
852667379
852674030
852682539
852687910
852702771
852710423
852711666
852716918
852728532
852730070
852743250
852765654
852771591
852797105
852798736
852812077
852815279
852818419
852847858
852851755
852854703
852879655
852886753
852889897
852899387
852910895
852912867
852946169
852951561
852955113
852983487
852993489
852995834
852999015
853008433
853025352
853030485
853062880
853072214
853084051
853101623
853112270
853140699
853146739
853156828
853180607
853180782
853186859
853186867
853218337
853221860
853223995
853240173
853256728
853263340
853268094
853280311
853295711
853296243
853300097
853317254
853327589
853328603
853329155
853342273
853346161
853347068
853358812
853375211
853375468
853390251
853390710
853391546
853392372
853400433
853424771
853434664
853454813
853471744
853475626
853491649
853502687
853503713
853510352
853516770
853559685
853563913
853567418
853601799
853611884
853621788
853626967
853636730
853650917
853668632
853670956
853738624
853760338
853772872
853779346
853812252
853816761
853823904
853847707
853848948
853857928
853864701
853890179
853898457
853898642
853903175
853928826
853937754
853961083
853966166
853986139
853992582
853997583
854034830
854047186
854052368
854055074
854068347
854081878
854086416
854101940
854109090
854112035
854128478
854139847
854142520
854149557
854193178
854197085
854208880
854218888
854224763
854225505
854244270
854244529
854254189
854287978
854289493
854290619
854304174
854305431
854307356
854315380
854315705
854316651
854325232
854337329
854349720
854363772
854375518
854384555
854390311
854393650
854400580
854430106
854436832
854446638
854458024
854466418
854470086
854484821
854488452
854498468
854514334
854522365
854532995
854533056
854549532
854566815
854578269
854582852
854590993
854598048
854607256
854608741
854618069
854636224
854638954
854663529
854669941
854687009
854688540
854688998
854704787
854706637
854711002
854723613
854724976
854739931
854746637
854747563
854754676
854756201
854757586
854761221
854761851
854764184
854767370
854769570
854777544
854783361
854798638
854803461
854804670
854812714
854815055
854836198
854869504
854896557
854964363
854976558
854982827
854983724
855000436
855010111
855017487
855056221
855063109
855063332
855071245
855072795
855076709
855077557
855078477
855078886
855103447
855110270
855117225
855117986
855135996
855142553
855160402
855169853
855175021
855176128
855189086
855201329
855220919
855240637
855282421
855290294
855333948
855337914
855344542
855354318
855386260
855392669
855412112
855412901
855415063
855435606
855450807
855461034
855467608
855475555
855477474
855485577
855488455
855489181
855514699
855515710
855517723
855522487
855535525
855546577
855551653
855551825
855554651
855562474
855581085
855582076
855585082
855599894
855601731
855635767
855665198
855666050
855667145
855673899
855685759
855690927
855693715
855701296
855701493
855717449
855717738
855719593
855723742
855736376
855757865
855766351
855781442
855785572
855790990
855791926
855793048
855795303
855806802
855811632
855835973
855840482
855840694
855841439
855843295
855851038
855857477
855860512
855861452
855865791
855877937
855891610
855901288
855901965
855907322
855917232
855929542
855940981
855941612
855955336
855958500
855970995
855979209
855995009
856002249
856002530
856010104
856038447
856043203
856044918
856053705
856056413
856060105
856067932
856078680
856143581
856150449
856158074
856175752
856179984
856190352
856192695
856194145
856194554
856219092
856220614
856237858
856239646
856240432
856244323
856246550
856261295
856279303
856288500
856288794
856296852
856304797
856316132
856319431
856320947
856362735
856365488
856399558
856421889
856439619
856449998
856452897
856475407
856481281
856482974
856502351
856518193
856520908
856543562
856565004
856612323
856621874
856636501
856652422
856655348
856670556
856692317
856705192
856730072
856748617
856758920
856764363
856789769
856795500
856816027
856817092
856827860
856829198
856855945
856874347
856875931
856877021
856888108
856893083
856900970
856905473
856908921
856910358
856914040
856915013
856932942
856937731
856946794
856964334
856969446
856982063
857010864
857052800
857066040
857081392
857081827
857085168
857096584
857099079
857100198
857102546
857119314
857147243
857161347
857179793
857180819
857215067
857220740
857238733
857246198
857252122
857253456
857287279
857293144
857331714
857331878
857334651
857341542
857353743
857357768
857364033
857370330
857386614
857413610
857415475
857425357
857426126
857433306
857433376
857435192
857435425
857435825
857436084
857459583
857464952
857488179
857501739
857507531
857507751
857522565
857522630
857531040
857531429
857569678
857573044
857578209
857578392
857590877
857601496
857604846
857608579
857616904
857618502
857641129
857670345
857688643
857697278
857714657
857717731
857722648
857742217
857763403
857763800
857780421
857784196
857785355
857803157
857803250
857819033
857835849
857836512
857854859
857870215
857888727
857903789
857914502
857924187
857953902
857984760
857987248
857990335
858009016
858018118
858019010
858022520
858022523
858027669
858040157
858043862
858047978
858071597
858077114
858078255
858080197
858085049
858091761
858116942
858123042
858127322
858145870
858166985
858168303
858171639
858183980
858191456
858194691
858210706
858225225
858225478
858231119
858242798
858244936
858264459
858272949
858276419
858277950
858278739
858283571
858286411
858300186
858308800
858314631
858316226
858329028
858335271
858345979
858359722
858364048
858385232
858389797
858398287
858401480
858491241
858493374
858507540
858522050
858529456
858534070
858535781
858562961
858568198
858571376
858573428
858576612
858579270
858597166
858615194
858636852
858650230
858655897
858674941
858677388
858694799
858695753
858730720
858766531
858783976
858785223
858800681
858801368
858803112
858805745
858810687
858818425
858819353
858821037
858830135
858833312
858834522
858838408
858856438
858857060
858864617
858866589
858874824
858884596
858899106
858900147
858943288
858955839
858965957
858974591
858975476
858997681
859034084
859039224
859046838
859050354
859060176
859065852
859071337
859094138
859122837
859123933
859124659
859126996
859128940
859130593
859137408
859144328
859164201
859171761
859194661
859199696
859221031
859232691
859233425
859234956
859266388
859297924
859311974
859325943
859340814
859342648
859352554
859354328
859367343
859369159
859388992
859404732
859404875
859410825
859448202
859475005
859476039
859477993
859482820
859505541
859506432
859566486
859590191
859593172
859597017
859602537
859610493
859611579
859622905
859671136
859678809
859690601
859693994
859702722
859721325
859766712
859769618
859771549
859823366
859829822
859844978
859845287
859846851
859850872
859855711
859855901
859856762
859862981
859863635
859866455
859876234
859895657
859906326
859929010
859943427
859945922
859946551
859951707
859963691
859974965
860007997
860012876
860028915
860033806
860050284
860061862
860066863
860067362
860074910
860079241
860124247
860133028
860134705
860135175
860136256
860146911
860147446
860171393
860200826
860206997
860241901
860258277
860267790
860289584
860314850
860339915
860340030
860354915
860375667
860414324
860425892
860442930
860476098
860480215
860482299
860495243
860502649
860524176
860570222
860600837
860604971
860615161
860630418
860637343
860643885
860661540
860665834
860666616
860690694
860695032
860730408
860731616
860748266
860751709
860759980
860786099
860790776
860791335
860822913
860824562
860848722
860852249
860871569
860890720
860899833
860900380
860902531
860924386
860927927
860928333
860935502
860950957
860998660
861035966
861080719
861082384
861093694
861095601
861130958
861136155
861147189
861162324
861172333
861197563
861214318
861215522
861215808
861217566
861219244
861222560
861231904
861241026
861253342
861271514
861281162
861294060
861314721
861315615
861318275
861334802
861336694
861337216
861338591
861354969
861355282
861362748
861371739
861379133
861386041
861403076
861410599
861426863
861443624
861449546
861456317
861484550
861486885
861497761
861505027
861509002
861520118
861525230
861540138
861547597
861563179
861565973
861580856
861613126
861617541
861633773
861635040
861659152
861678332
861681644
861683350
861701112
861701443
861705978
861721804
861731667
861733211
861751116
861759505
861780647
861810327
861830061
861834371
861838492
861844413
861856703
861870000
861880026
861887780
861894133
861894639
861894787
861896406
861903649
861909724
861910648
861928275
861936059
861936070
861953505
861955532
861967111
861980020
862013514
862014810
862027824
862030668
862032676
862082014
862087859
862094320
862105352
862108970
862171048
862182246
862185867
862190913
862193796
862219876
862248613
862268059
862286905
862304565
862305236
862315209
862332536
862358543
862370185
862377203
862378736
862379863
862390788
862395162
862398736
862420252
862444753
862462431
862475498
862478690
862483622
862493866
862502514
862506445
862514836
862522479
862524823
862534444
862545199
862551417
862553638
862554166
862573163
862576313
862584419
862588988
862628526
862628761
862632717
862636449
862642488
862664182
862671188
862687398
862695133
862707044
862715018
862715873
862729123
862734267
862753761
862757016
862772388
862772491
862782291
862792068
862829598
862834207
862839564
862849951
862857689
862857738
862858145
862860325
862862416
862863340
862871670
862876845
862894365
862896191
862897226
862925928
862928533
862943543
862943814
862959871
862969000
862974672
862978466
862999867
863010651
863016079
863067410
863075221
863085572
863111037
863118966
863122484
863151970
863155431
863156327
863157273
863176967
863191659
863210888
863214663
863251150
863253143
863257462
863264248
863272156
863280136
863287701
863290021
863297455
863308640
863318690
863324498
863333096
863336137
863338945
863342026
863348874
863361183
863371206
863389763
863390438
863394357
863401235
863401903
863405818
863412687
863414031
863415737
863423659
863424968
863429338
863430353
863434135
863434873
863441064
863454596
863465972
863472757
863485217
863485731
863490497
863506987
863507353
863531178
863545488
863565803
863578071
863586911
863635173
863650798
863669667
863670480
863676939
863690165
863693131
863701536
863743886
863758119
863766208
863766989
863781119
863795345
863796631
863798234
863806682
863818003
863824233
863831226
863860657
863920555
863928820
863947739
863957403
863961242
864008859
864013344
864023716
864034396
864056155
864057328
864059654
864077057
864113160
864117236
864130209
864195090
864203229
864212127
864228045
864233668
864248359
864252303
864254797
864256697
864282227
864289793
864291074
864316438
864329041
864354549
864354647
864360403
864366516
864378294
864378697
864427080
864435776
864448987
864450868
864461288
864467657
864473175
864505414
864544833
864547236
864548821
864560602
864569750
864576330
864579057
864606222
864607303
864619453
864630051
864651513
864681389
864695478
864697865
864707314
864727919
864748099
864755660
864758850
864759108
864765485
864777957
864784423
864785237
864797421
864802565
864810836
864812721
864826836
864857217
864876585
864877959
864888039
864906817
864932281
864934583
864937720
864948091
864952040
864961292
865001414
865004033
865019675
865029961
865041620
865078951
865086202
865098716
865107615
865111791
865120390
865123692
865124432
865125494
865164975
865182191
865188302
865190098
865196541
865220294
865220505
865236463
865239171
865257616
865264952
865265869
865268280
865276530
865278962
865283926
865295364
865308921
865310223
865318351
865319949
865329767
865331986
865374569
865386908
865388260
865393735
865412790
865416655
865430842
865447134
865456686
865465752
865496544
865517114
865517758
865535662
865541100
865541824
865544185
865547915
865551730
865572253
865582486
865586500
865591487
865597034
865611020
865620073
865621467
865645187
865659025
865662058
865672916
865679038
865680093
865702688
865723498
865752856
865753172
865760553
865766457
865777706
865781339
865784327
865785605
865803936
865806136
865824341
865825622
865829172
865830837
865836897
865840990
865870017
865883774
865887088
865889011
865894113
865901770
865904502
865909112
865909351
865920330
865921766
865924157
865939710
865949267
865953003
865966171
865970894
865987587
865992007
866010378
866043007
866070597
866080596
866089573
866093822
866095886
866100979
866108518
866119931
866129305
866156913
866158154
866158249
866159926
866168674
866170589
866177291
866179042
866194545
866197966
866201824
866202946
866206193
866206987
866211122
866227864
866229097
866233214
866238740
866254936
866279520
866293951
866305802
866311115
866319464
866327308
866336100
866347842
866351590
866352574
866354884
866356937
866377214
866384965
866387572
866389560
866393517
866399064
866402616
866405758
866407729
866415742
866421609
866422304
866422674
866422831
866431562
866439122
866447245
866451038
866465901
866474636
866487679
866491799
866492475
866515202
866552340
866564907
866634219
866672238
866683474
866710002
866727200
866766954
866771398
866772265
866773749
866784330
866792116
866800502
866805263
866847506
866856709
866865025
866871626
866876828
866898381
866903728
866904250
866906020
866909316
866909524
866913675
866916660
866918168
866926065
866930804
866932796
866943639
866945931
866961195
866963861
866972159
866991915
866993257
866997216
867015797
867021304
867027769
867033350
867037622
867051384
867062739
867084640
867085039
867095292
867098028
867102213
867115395
867118340
867123788
867133649
867187402
867190945
867201898
867204083
867210993
867212300
867222934
867228515
867248731
867263621
867272519
867280738
867292651
867297146
867318958
867326969
867330834
867342188
867343731
867356085
867366393
867385316
867394340
867403884
867404627
867408781
867410108
867423227
867445474
867448303
867470412
867502425
867506426
867536528
867549906
867576691
867579112
867580680
867590755
867608149
867612135
867637162
867644278
867674612
867675182
867684270
867686904
867710684
867727995
867742751
867752365
867768201
867772575
867774823
867776504
867777668
867777884
867786139
867814693
867850090
867870134
867881529
867885562
867905874
867907996
867915442
867916343
867932899
867939777
867941709
867945432
867950988
867964120
867989456
867992634
867995998
868000652
868003509
868006487
868007235
868010508
868020218
868031332
868053766
868058943
868069668
868106954
868117372
868118604
868128494
868157585
868162220
868163747
868164566
868195110
868201995
868224792
868228978
868229000
868250171
868251096
868263288
868263378
868265621
868285356
868300559
868301770
868319288
868324498
868330157
868341410
868349758
868352145
868354687
868368794
868416916
868433182
868457067
868462953
868463425
868469170
868476821
868494099
868499735
868547467
868552398
868553275
868553620
868573187
868592144
868595098
868598627
868606281
868623596
868628949
868654921
868660769
868671527
868675461
868679174
868697191
868706402
868730820
868739517
868739997
868741219
868742078
868744476
868771758
868778269
868809542
868816657
868816958
868828730
868830413
868833384
868843172
868855897
868862982
868867718
868873350
868882510
868900540
868905898
868909743
868920864
868926389
868936464
868942311
868946022
868948104
868951622
868953281
868967912
868968378
868981505
869001172
869004098
869016153
869030105
869074433
869085178
869093631
869099823
869108271
869141047
869145848
869148683
869157992
869160024
869168431
869190056
869193434
869207381
869218781
869221109
869223979
869229808
869251244
869260973
869283886
869291731
869324877
869333370
869372508
869373152
869388934
869410542
869428513
869459411
869463396
869481318
869482454
869484923
869512960
869529219
869534248
869535786
869558980
869571422
869571987
869591598
869624977
869626346
869636594
869639970
869640740
869645216
869649429
869656618
869660787
869663327
869668627
869672131
869701258
869703834
869710370
869715396
869721755
869722579
869746474
869753036
869762905
869767265
869768289
869774611
869782003
869782054
869805408
869807968
869823492
869830208
869842353
869849539
869898752
869902417
869912485
869932229
869934213
869959740
869982179
869988917
869993987
869998854
870002501
870005111
870006616
870021270
870024393
870058859
870064696
870069407
870077785
870086186
870091132
870095845
870108042
870109588
870115806
870129994
870152078
870155741
870183309
870184503
870194601
870204667
870217900
870226310
870228577
870237131
870259970
870267070
870275328
870275659
870276041
870287092
870288156
870291169
870295388
870297002
870302607
870312369
870315965
870321041
870321808
870327875
870340718
870357875
870378162
870391699
870394707
870404141
870404523
870407057
870410633
870425412
870432421
870432536
870455573
870484512
870497406
870497917
870504621
870517502
870517987
870518207
870518747
870522903
870535855
870554142
870563762
870568758
870590826
870621132
870639836
870656788
870657015
870705727
870714181
870719211
870719282
870721063
870723968
870726165
870728905
870733289
870735182
870742611
870742925
870742968
870755840
870768668
870801910
870802430
870802463
870821742
870824328
870847775
870856132
870871261
870877931
870883739
870887168
870890403
870893774
870898788
870915546
870930667
870942753
870950601
870955478
870960749
870981019
870999163
871017198
871019289
871022006
871023485
871024926
871025600
871037981
871047472
871061796
871084595
871084650
871085552
871112714
871116013
871126723
871168973
871191262
871203681
871222884
871248886
871264459
871264651
871271193
871276678
871292355
871323806
871327827
871332441
871333900
871362888
871377106
871383677
871402989
871426369
871427100
871428650
871430875
871438046
871444235
871463040
871470302
871473772
871485458
871485591
871498025
871514713
871521964
871531187
871565901
871578837
871579585
871582113
871584923
871586982
871587855
871588706
871607706
871644969
871654503
871681931
871691156
871695587
871700554
871707914
871717235
871724583
871744265
871747077
871756099
871828555
871831383
871837206
871842670
871845276
871859341
871889552
871897674
871903183
871906279
871912202
871938897
871940768
871946472
871958209
871960178
871964223
871981581
871993984
872000952
872016662
872017682
872023018
872025095
872032256
872039343
872039853
872064471
872068616
872079837
872081889
872103313
872115468
872122779
872132101
872170633
872172257
872191170
872211299
872215252
872225260
872238442
872243154
872253623
872258767
872272022
872281750
872285628
872300911
872312088
872317654
872348750
872372132
872372137
872373278
872393422
872407855
872416245
872437530
872442681
872443398
872455082
872475559
872478820
872528263
872543592
872546682
872548801
872551387
872554710
872573078
872596650
872607633
872617041
872637584
872669398
872677528
872678633
872682087
872711171
872719973
872720960
872724511
872727515
872737757
872749307
872755939
872757901
872771272
872809249
872818449
872824262
872858711
872883056
872897922
872898480
872916181
872935354
872936438
872936834
872983710
872989125
872999141
873001972
873024890
873048593
873048825
873050159
873052395
873059405
873065409
873077177
873080148
873083372
873094051
873098031
873131778
873138209
873140455
873144876
873181595
873189527
873201234
873212083
873246702
873256240
873256451
873266728
873281485
873281531
873299108
873300635
873306746
873349207
873351234
873354322
873370253
873371884
873377912
873387821
873388647
873418664
873428361
873430382
873440905
873443993
873453785
873458906
873467817
873476679
873477585
873492996
873519428
873524247
873533968
873540127
873543254
873555871
873562574
873570310
873585765
873588548
873589557
873595458
873604464
873608840
873609922
873619292
873622848
873632317
873641134
873642586
873675141
873685611
873685875
873687978
873696713
873705679
873732226
873733008
873740976
873754345
873804627
873811141
873826950
873829967
873830074
873833584
873844163
873845369
873846094
873881903
873891595
873897025
873899760
873909204
873955643
873964586
873989396
873990705
874010457
874013982
874014850
874015634
874020402
874025610
874025949
874029952
874041330
874055499
874060066
874061641
874067661
874076537
874091246
874092678
874103858
874104103
874105147
874111937
874116921
874139530
874142799
874143250
874143636
874158960
874168007
874169899
874189805
874194065
874215833
874223907
874233842
874238326
874245798
874253401
874267159
874268456
874296611
874329743
874332953
874333351
874347623
874348658
874348727
874373800
874375467
874378585
874381265
874399328
874401540
874408415
874411553
874412347
874420096
874441202
874449889
874454103
874494373
874500723
874513566
874534396
874534765
874535436
874571748
874578638
874596391
874597903
874613894
874627248
874641857
874644686
874650869
874653628
874653783
874677177
874683082
874685379
874687593
874712499
874724819
874733357
874734984
874762603
874765367
874773993
874792179
874796664
874822392
874833589
874843292
874872826
874881512
874887513
874890740
874922778
874932973
874936090
874938771
874945769
874958562
874999385
875023028
875023280
875050940
875055161
875060523
875063147
875097352
875101261
875107379
875108915
875111870
875169259
875192111
875195923
875224846
875239034
875240122
875248700
875253083
875257940
875263772
875270328
875286058
875298384
875301724
875308614
875311878
875325713
875335314
875341206
875342181
875355466
875368151
875381629
875394447
875396164
875408351
875415644
875437936
875441710
875450105
875450799
875451841
875463297
875479903
875498263
875510148
875513160
875518728
875521690
875547738
875552013
875563131
875581569
875584000
875585103
875608180
875619085
875627087
875627587
875642166
875646013
875650079
875664385
875664916
875674804
875677565
875693942
875716654
875719584
875725406
875726817
875740131
875762217
875780959
875783601
875790350
875795538
875795569
875798289
875798744
875802195
875809708
875817924
875819690
875832933
875840608
875843856
875844304
875853284
875870090
875884472
875889673
875907652
875908328
875923428
875930845
875939647
875947544
875952234
875954480
875956787
875959647
875970376
875973607
875991490
876008818
876013744
876015352
876016452
876019683
876031247
876040366
876066246
876069896
876075755
876088029
876131046
876136913
876143549
876157713
876173791
876175157
876184323
876185124
876186548
876267847
876270301
876276686
876295761
876296180
876317440
876325479
876351865
876353345
876354737
876356587
876373077
876381299
876389220
876403044
876463494
876477525
876497940
876499684
876507449
876517211
876518103
876518399
876532069
876542669
876567472
876569901
876570671
876584444
876585661
876587844
876594302
876598831
876606128
876615179
876653952
876663590
876668965
876679151
876681465
876682951
876688855
876695583
876710465
876721806
876739135
876749791
876754283
876766342
876775925
876779897
876784184
876789023
876796345
876830708
876857513
876872267
876875854
876882021
876894726
876905895
876914965
876929491
876930467
876935244
876947768
876962720
876972956
876978393
876979238
876981899
877012177
877034984
877038471
877045284
877048369
877048526
877065585
877067781
877068179
877079012
877090325
877106290
877125311
877130343
877136972
877140300
877144506
877174811
877183027
877186187
877186763
877188737
877203958
877204531
877214173
877223506
877229858
877240455
877248402
877266816
877281548
877287631
877288501
877292503
877327901
877328885
877331091
877355376
877371764
877376996
877377147
877378649
877379760
877402086
877405815
877417129
877439425
877484175
877485143
877527924
877534168
877534703
877558989
877563345
877571607
877576996
877597313
877600489
877605956
877703636
877713826
877714636
877718530
877720979
877728479
877743033
877766643
877771560
877772647
877784109
877844794
877849240
877865195
877908870
877930527
877944732
877979072
877984837
877992578
877997511
878006653
878007550
878016804
878017996
878027288
878032317
878034150
878066206
878068900
878070469
878070675
878098081
878098791
878113938
878116170
878120014
878148881
878149597
878166551
878182263
878187985
878192005
878212520
878213441
878218739
878222941
878223489
878225340
878236937
878242266
878244673
878264853
878297466
878311448
878312810
878313344
878316250
878324946
878338334
878353085
878372718
878379825
878380182
878402488
878439146
878439989
878447457
878452227
878455159
878458151
878458275
878467807
878472634
878490875
878493206
878496762
878540690
878545152
878560575
878574855
878575020
878579971
878581362
878584912
878608550
878609234
878609974
878629996
878642294
878656028
878662657
878671792
878694985
878702839
878708859
878711379
878713935
878727337
878734926
878753883
878756972
878765537
878767685
878774155
878776716
878788513
878792691
878810651
878842195
878848842
878874760
878877318
878880456
878883519
878890179
878936142
878938029
878939535
878952360
878954837
878961859
878988298
878993860
878994382
878995144
879002181
879016085
879035971
879064415
879076605
879084533
879094995
879105197
879131587
879134124
879136521
879141322
879145809
879162753
879164254
879174812
879178287
879181254
879194160
879206365
879218414
879222353
879242168
879255984
879259433
879259752
879262326
879263531
879267067
879270638
879302528
879334543
879338948
879377394
879385250
879390953
879415001
879439930
879442764
879450424
879452414
879467322
879470660
879477684
879482131
879484707
879508680
879531653
879538742
879543159
879565435
879566475
879576347
879579236
879584278
879610313
879652226
879655332
879677071
879679776
879704456
879711990
879717479
879737873
879740238
879755800
879767284
879801231
879819497
879822595
879835577
879855368
879880382
879883688
879884611
879919301
879936454
879957397
879968992
879975216
879975779
879977160
879988197
880024507
880046645
880049382
880049622
880053094
880056827
880065144
880072118
880093180
880115406
880121537
880163540
880174914
880180280
880188046
880190077
880193087
880195714
880208045
880210231
880226093
880232121
880244258
880280790
880280888
880305782
880310210
880320074
880336523
880351040
880356924
880363959
880370159
880374158
880380151
880394345
880395394
880398546
880428677
880439362
880445118
880461936
880498511
880502769
880509063
880522384
880544779
880547390
880549364
880585624
880586196
880595117
880605050
880605113
880626219
880656333
880669978
880675125
880707551
880713632
880715935
880733822
880751706
880776703
880809904
880851981
880854223
880854665
880856458
880858587
880876512
880884129
880891950
880906906
880909447
880917563
880919804
880920623
880921638
880921798
880922860
880923424
880924976
880928878
880936633
880937804
880949275
880954551
880981709
880994759
881046381
881051063
881052482
881072121
881087309
881088035
881098736
881099975
881107268
881120970
881127724
881139677
881177456
881185157
881194102
881204025
881220122
881243007
881244751
881256369
881274018
881278763
881286344
881286500
881297255
881298101
881307128
881314936
881326535
881328440
881366589
881383084
881387446
881388993
881391355
881393054
881393564
881406461
881431933
881436084
881461082
881462978
881468397
881475707
881497850
881515823
881515860
881555516
881572905
881580740
881589840
881590043
881603774
881621612
881653171
881658438
881662538
881664952
881671034
881674297
881688050
881702483
881718662
881719556
881758417
881761229
881775917
881778308
881782620
881790614
881803145
881809495
881821227
881822058
881846918
881870952
881874838
881876918
881897393
881910816
881930281
881933788
881953996
881975887
881975941
881988973
882006747
882007135
882008797
882011326
882011859
882038533
882072960
882091796
882101934
882105315
882112502
882119143
882131874
882142296
882155513
882160072
882160321
882172952
882216313
882225772
882238199
882244940
882268888
882284800
882286679
882292646
882314195
882335396
882342118
882349837
882368142
882391047
882393638
882407956
882411921
882413352
882432300
882459369
882500073
882501088
882513538
882545374
882549792
882552944
882557758
882576528
882592591
882613145
882617390
882628236
882631499
882636625
882648872
882653781
882655757
882660101
882660160
882661861
882665582
882676473
882700414
882725967
882728064
882740931
882763573
882774915
882776496
882795987
882808710
882809208
882816349
882820159
882843684
882874454
882882794
882889314
882891628
882922022
882954593
882957014
882957271
882982232
882986804
882988116
883024127
883024268
883030890
883074845
883075136
883078822
883088639
883121138
883139093
883139926
883145751
883146767
883146779
883153356
883158267
883165873
883190033
883191449
883191461
883193310
883196182
883199720
883208603
883210727
883239625
883248422
883253489
883269487
883274152
883290371
883297407
883300633
883307930
883307943
883361949
883368183
883374215
883378471
883392271
883402194
883411765
883412491
883421177
883441354
883453768
883473570
883483831
883516220
883545143
883587747
883594535
883601000
883621205
883626067
883635931
883680503
883696359
883717992
883735756
883748515
883767741
883785151
883789204
883794109
883796248
883798995
883804075
883808095
883816094
883817813
883827897
883832841
883838561
883850300
883880467
883881169
883921258
883924187
883924931
883929412
883935490
883948804
883952509
883957520
883964405
883973504
883996599
884018440
884022122
884039936
884046511
884068910
884069215
884092470
884150037
884160847
884167113
884168162
884171111
884172000
884190820
884194045
884195671
884204970
884210477
884222890
884245981
884248879
884263597
884263896
884269585
884285276
884287647
884295786
884337035
884344107
884358143
884377496
884399526
884401407
884410541
884416952
884428106
884429629
884473052
884487399
884497465
884528942
884534033
884545679
884558104
884568386
884575923
884586329
884586433
884593110
884614720
884623863
884629943
884648451
884648572
884654341
884654784
884677129
884686619
884688511
884697491
884703478
884712758
884714976
884745229
884749017
884771943
884779370
884788384
884794162
884806506
884813790
884845365
884855711
884891696
884913447
884926134
884928529
884944246
884952247
884962295
884971359
884972331
884983444
884985415
884990794
884996651
885011582
885012686
885018170
885036712
885038400
885062338
885065360
885102454
885105259
885107992
885127289
885136000
885137888
885161218
885164373
885169854
885175746
885180477
885196697
885206141
885211013
885233962
885242316
885245309
885245522
885267044
885284504
885289181
885338477
885338963
885341717
885369131
885373470
885382113
885399391
885410067
885412971
885415194
885428988
885439059
885444738
885445992
885468971
885492618
885493611
885501710
885505633
885508956
885519528
885524499
885542084
885544879
885546822
885550106
885551173
885552510
885555130
885556377
885578253
885610517
885615329
885615907
885625022
885630679
885666643
885691889
885695546
885707471
885716229
885741473
885759195
885799931
885810552
885812113
885820537
885844645
885845759
885851137
885860746
885863029
885863340
885869106
885875222
885883998
885888841
885893412
885894113
885963549
885978266
885984099
885986570
885987481
885994288
886006638
886017214
886024273
886027822
886050283
886061925
886079967
886100389
886117029
886131603
886134642
886142631
886149450
886171317
886198707
886201743
886202315
886210329
886221750
886225499
886225664
886238379
886256936
886257095
886262177
886262634
886267872
886280369
886286959
886289308
886298831
886302363
886306455
886307947
886315421
886317080
886321598
886350666
886354169
886360168
886369609
886395777
886410031
886417096
886417795
886465452
886466357
886478537
886487897
886496043
886502965
886513868
886526119
886535131
886553377
886578861
886578927
886600731
886602043
886609679
886641487
886647360
886677350
886682658
886711542
886715884
886716256
886718190
886724287
886738876
886740399
886744290
886759978
886762771
886790442
886827789
886842706
886843880
886847698
886874098
886874486
886887924
886900656
886934555
886953694
886981498
886986427
887030038
887036014
887047702
887062458
887064050
887064798
887080954
887089087
887091172
887103507
887161228
887174689
887189585
887194914
887202280
887204827
887206103
887207194
887217093
887224482
887249558
887258507
887267121
887270432
887292999
887296383
887313347
887326400
887326726
887343970
887345815
887347342
887353243
887369990
887400125
887406810
887412136
887439969
887451077
887462801
887463894
887469116
887469298
887472264
887472436
887490435
887494278
887495783
887500414
887513994
887514453
887518462
887526256
887526546
887552911
887557219
887568256
887576756
887584140
887594649
887594968
887603579
887615056
887619950
887633320
887635021
887637448
887661752
887677089
887683454
887700410
887725675
887726325
887734494
887736062
887738497
887744643
887746241
887777583
887798660
887803525
887817457
887818040
887825110
887826325
887831353
887842610
887848639
887848914
887851411
887859695
887869542
887888514
887892518
887897216
887905507
887908107
887918228
887935572
887951187
887952546
887961438
887978039
888000966
888020990
888025930
888035255
888052119
888056442
888062431
888064791
888083792
888114362
888120149
888125506
888153410
888154549
888161411
888167847
888170054
888176781
888187558
888211762
888213234
888223174
888235863
888238899
888247013
888255724
888262808
888270245
888282000
888310412
888317745
888322621
888346317
888359537
888360685
888362502
888395748
888404913
888408775
888418520
888434425
888434744
888440321
888450543
888462518
888465086
888476354
888490539
888498881
888503302
888503370
888504905
888514881
888531366
888536725
888544195
888548176
888558495
888574924
888577494
888621599
888634192
888639582
888662493
888672545
888702388
888710652
888726071
888736066
888737596
888740259
888755338
888779239
888781525
888794196
888794528
888800348
888805153
888820151
888832451
888845756
888854214
888905779
888928884
888941182
888962485
888979292
889002126
889011976
889023176
889041549
889047889
889052769
889056261
889072716
889100669
889101542
889132630
889139994
889151143
889152204
889159333
889166322
889179072
889180109
889189574
889212619
889217824
889221997
889241354
889248275
889259096
889263212
889264652
889267605
889274466
889280006
889282279
889286456
889290554
889294910
889327212
889329683
889337388
889337464
889339640
889339651
889339737
889350331
889359918
889360959
889368078
889385444
889410754
889415543
889447813
889463865
889466960
889477826
889490440
889499970
889501509
889511410
889521881
889552750
889578768
889591557
889608863
889635060
889656427
889689280
889693657
889712166
889718681
889722729
889759172
889763215
889766982
889771751
889782272
889785295
889792898
889815937
889827117
889828143
889852703
889858024
889872628
889877253
889893250
889918447
889919463
889940030
889962912
889964473
889965301
889970744
889972239
889986905
889990636
890036301
890050221
890101541
890119180
890121107
890132255
890140350
890149832
890153925
890167708
890170313
890179099
890187480
890193256
890194582
890195605
890197134
890205457
890215328
890215832
890220678
890226431
890253062
890262512
890281975
890289635
890291603
890300431
890310153
890325314
890329314
890349054
890359901
890360019
890374077
890396069
890400481
890404342
890430151
890432981
890439382
890442019
890443116
890444296
890444815
890496426
890498134
890515390
890523617
890533399
890557342
890584929
890587784
890612584
890617731
890643813
890650563
890651389
890653158
890679980
890683537
890692392
890709676
890732120
890757511
890773557
890775980
890776587
890781187
890792902
890806255
890807178
890808673
890810480
890819606
890824477
890841331
890845141
890896682
890909621
890913471
890915996
890918907
890922128
890926526
890932802
890942410
890949998
890956885
890957404
890965950
890972532
890973815
890976274
890988881
890992369
891012467
891028442
891039424
891051588
891052978
891061961
891063097
891073358
891083397
891104661
891121248
891153129
891169392
891169677
891190275
891206647
891224238
891256217
891260573
891261947
891287821
891292333
891299699
891300633
891304233
891346888
891358146
891358306
891364665
891366769
891370822
891372580
891380366
891387352
891398741
891400371
891418916
891439097
891446540
891454103
891455502
891459857
891467230
891469718
891476619
891481662
891487851
891502229
891505391
891521816
891528768
891555757
891562574
891580996
891589022
891590785
891591040
891608841
891614737
891650080
891654106
891657784
891658396
891663111
891673526
891673756
891691539
891702258
891717650
891723027
891728668
891732197
891739905
891760236
891772203
891801946
891846482
891854616
891864677
891879850
891883278
891908395
891914371
891929418
891941492
891945807
891947916
891966429
891973026
891995912
891996804
892005552
892008320
892011675
892029251
892048540
892070464
892076224
892099329
892103686
892112879
892121640
892129700
892129980
892134768
892169229
892170081
892177665
892194006
892195525
892209719
892222087
892223648
892228021
892237121
892249497
892250218
892267719
892286707
892287845
892303809
892319578
892349207
892354630
892368137
892375280
892375831
892397790
892402867
892415036
892426407
892434452
892440942
892450316
892450319
892450350
892451136
892468490
892469621
892489539
892506632
892527277
892535290
892537273
892545638
892548565
892564696
892570526
892572182
892574438
892606279
892617947
892621201
892634893
892651266
892652141
892663488
892688516
892693825
892701088
892713112
892737824
892740741
892751623
892753634
892760610
892764378
892782744
892793455
892793515
892793973
892805152
892816864
892841250
892843371
892845586
892846675
892858322
892947531
892963479
892964051
892983413
892995420
893000417
893003333
893012801
893057310
893064394
893069954
893084123
893092198
893108701
893110751
893116253
893124974
893132246
893141881
893148910
893162982
893177478
893185373
893190636
893198909
893208902
893229083
893230736
893235395
893237476
893249415
893260197
893266730
893287870
893290017
893299891
893313063
893314559
893323515
893333067
893342334
893343055
893360243
893371578
893378716
893401237
893410838
893428813
893441289
893458647
893468932
893470594
893488490
893506545
893526150
893553795
893556934
893560767
893560904
893575703
893593706
893608911
893614819
893620799
893644448
893652553
893680525
893698093
893731013
893734746
893739421
893755492
893775175
893785116
893788281
893805462
893816702
893826781
893831595
893832319
893862215
893871277
893882509
893888327
893900620
893916653
893917323
893924788
893928210
893957257
893974069
893974945
893986870
893989751
893998745
894010328
894010427
894011510
894026645
894026751
894028883
894046173
894089820
894094970
894096939
894125911
894157404
894161715
894184339
894194120
894196667
894196970
894221251
894221509
894232140
894236751
894253223
894253894
894266043
894270173
894288691
894299244
894312133
894315193
894317477
894342416
894359873
894361777
894365162
894386950
894388632
894389506
894398493
894399213
894399487
894403804
894404779
894422478
894434778
894436591
894453880
894477616
894489466
894498565
894501308
894508466
894516285
894524745
894537293
894550257
894573057
894578257
894607576
894612686
894617884
894624342
894631208
894643354
894655581
894657708
894682990
894692603
894694537
894718419
894722380
894767597
894780759
894805013
894805416
894807466
894826058
894831944
894833886
894846257
894852505
894878175
894918243
894921276
894932251
894951932
894960267
894970486
895013784
895028780
895055771
895062802
895073460
895076467
895103353
895137131
895148830
895170953
895185764
895186470
895188124
895202969
895208391
895220683
895227393
895259286
895280553
895300165
895357625
895359099
895360292
895364917
895366194
895381503
895403068
895406437
895409730
895414662
895437326
895441573
895453129
895475123
895481424
895487597
895506712
895525034
895542442
895546996
895554017
895557017
895569257
895572440
895607134
895619131
895640406
895644262
895645717
895658321
895674878
895680848
895689929
895705777
895714006
895718153
895733760
895756729
895768620
895797184
895798053
895813384
895824156
895860038
895870546
895883336
895889128
895895475
895896704
895907878
895909382
895918114
895920163
895927913
895937174
895941178
895951166
895953178
895962735
895969168
896017276
896021495
896026443
896046894
896056220
896064021
896070243
896088389
896089368
896114802
896118432
896131509
896141786
896156368
896170330
896187502
896190004
896190709
896196538
896199845
896216893
896235063
896240848
896258387
896259317
896281933
896283766
896304816
896335970
896371601
896371675
896372108
896374452
896374631
896377539
896378179
896379054
896394429
896396025
896429380
896443636
896449307
896463991
896470281
896481436
896503685
896528466
896530717
896534992
896561875
896570814
896576969
896578091
896587196
896588401
896594334
896623650
896627520
896628588
896629469
896661815
896665382
896665715
896670826
896686959
896705896
896707398
896708504
896715080
896725685
896733291
896755304
896775337
896779632
896801069
896802323
896803854
896805397
896827551
896852716
896864123
896877231
896887593
896895650
896908324
896908765
896918526
896920128
896943682
897002514
897017008
897027518
897063304
897073224
897104596
897106975
897107630
897121111
897126913
897128381
897130738
897135276
897136470
897146984
897151922
897169411
897176355
897184664
897187478
897191791
897204569
897213705
897225690
897233266
897240210
897268734
897283970
897286895
897316671
897329157
897337891
897343329
897343408
897356145
897357416
897368859
897370227
897417410
897420980
897421113
897434736
897437085
897451167
897462901
897466152
897493808
897511190
897524448
897527135
897534703
897577338
897580971
897594466
897623783
897625690
897653044
897657094
897657312
897671351
897676866
897677576
897682309
897693988
897769661
897789380
897794583
897796493
897804170
897812886
897831136
897837300
897841597
897842446
897843929
897854805
897861143
897883203
897886235
897913376
897916637
897917038
897931049
897940541
897944601
897949000
897959751
897962653
897964325
897966530
897974086
897984579
897994622
898002350
898002981
898018993
898023915
898041111
898052435
898059471
898064879
898103126
898109084
898112256
898116776
898116794
898123284
898128640
898177621
898267190
898281475
898282054
898292067
898319713
898342900
898345420
898348650
898352519
898370188
898389411
898402201
898410519
898429628
898438988
898443133
898452304
898457328
898459608
898461722
898481119
898496304
898500845
898510678
898511625
898514743
898516380
898517633
898520000
898528944
898534525
898538262
898544441
898544447
898570518
898573114
898584081
898611672
898619569
898623027
898625098
898629301
898648448
898651299
898684746
898684838
898687377
898698047
898699304
898702215
898712185
898725989
898734433
898748572
898754620
898757209
898783634
898788556
898796680
898801072
898808554
898808784
898811076
898848065
898853185
898864336
898866599
898868503
898876494
898895984
898904996
898908088
898914440
898927037
898952341
898957055
898980626
898984284
898995195
899015384
899017682
899028491
899028683
899040403
899068035
899080973
899094908
899099437
899104884
899107373
899112258
899145646
899150254
899159135
899167541
899169733
899192562
899203815
899212608
899213960
899246632
899249571
899282279
899293867
899295498
899299434
899317848
899330412
899334475
899340786
899343180
899343584
899353342
899355432
899363254
899367915
899372133
899384872
899398706
899401066
899402034
899404186
899449126
899471082
899484813
899488622
899497691
899507513
899511109
899537006
899539532
899551110
899555414
899566881
899575323
899582785
899585266
899585705
899588878
899590571
899591885
899594916
899596017
899597892
899609220
899609684
899626704
899639303
899645133
899687723
899700104
899705804
899721321
899722151
899730112
899733115
899747077
899754236
899761748
899769752
899781877
899783525
899785619
899809865
899822081
899822226
899841916
899849964
899850775
899855297
899857182
899862355
899867838
899870004
899872261
899880318
899885173
899890944
899905212
899937941
899940785
899943596
899951188
899955782
899964176
899965992
899978106
899980122
899996873
900009849
900010197
900013667
900014761
900015815
900035478
900053372
900065655
900073166
900098866
900103765
900105703
900109885
900114935
900131712
900142639
900157299
900171640
900210814
900212448
900215459
900221392
900238578
900240339
900254667
900268563
900274738
900299348
900301618
900302306
900307708
900309490
900318725
900327119
900330903
900337922
900341902
900353367
900371970
900378834
900392709
900399575
900403884
900411196
900419284
900450761
900465365
900469215
900478565
900490432
900507513
900510281
900510385
900510827
900514166
900528076
900535170
900535314
900539907
900546837
900557728
900560269
900563341
900598272
900613997
900619153
900620461
900627696
900629374
900629647
900630451
900652497
900657612
900694562
900697778
900715777
900754657
900774714
900784700
900786106
900817824
900830924
900831601
900847429
900847916
900848691
900866986
900874353
900889109
900930164
900931759
900940450
900946679
900949195
900969183
900974187
900976002
900978455
900997962
901020018
901027961
901042552
901044503
901045225
901047361
901051436
901067046
901072746
901082039
901083210
901083803
901107375
901111244
901116218
901124684
901142729
901144620
901158350
901181295
901182101
901185988
901199261
901212676
901233724
901249246
901255914
901262413
901267679
901282367
901285447
901289524
901296524
901298308
901305187
901312147
901334623
901349377
901351095
901354592
901364813
901380603
901382311
901382599
901388675
901389352
901412935
901413480
901423466
901435483
901440537
901464841
901469210
901490556
901492166
901492486
901500395
901512591
901536941
901539217
901544218
901545229
901547778
901556579
901584884
901589698
901597767
901602411
901620282
901636230
901642346
901647794
901659009
901664809
901675351
901687331
901695611
901701323
901712788
901716908
901723401
901726173
901733230
901737113
901743812
901764417
901775349
901784104
901791652
901801949
901803280
901820734
901828037
901835750
901842662
901843531
901848535
901850061
901871812
901880440
901887096
901897648
901903289
901937112
901939352
901945464
901960882
901974788
901990697
902005123
902014443
902022671
902035869
902042020
902043595
902060656
902072479
902081124
902083534
902083897
902094179
902102790
902104446
902107443
902114200
902129522
902137070
902137809
902149746
902157529
902170705
902222328
902237789
902248293
902256215
902291520
902294508
902310716
902319675
902340225
902370231
902374273
902387637
902391105
902398798
902408200
902411468
902421265
902426517
902426712
902460743
902461642
902475757
902486487
902492405
902515960
902522405
902528053
902546736
902553448
902567756
902571849
902583234
902586052
902589271
902589959
902607844
902616020
902620544
902652900
902654253
902675992
902701717
902703876
902716234
902733269
902743247
902751253
902758979
902763817
902770965
902815245
902816551
902833058
902837345
902856855
902863969
902880681
902883231
902890643
902893349
902895529
902896560
902914375
902933442
902939369
902943158
902978745
902992119
903009266
903015845
903032257
903044847
903050357
903054890
903066667
903081791
903083553
903085767
903093896
903108544
903114919
903144611
903163047
903167012
903181573
903210874
903225420
903243988
903264157
903274686
903280695
903308024
903308837
903309105
903317158
903329992
903333654
903336794
903365560
903388114
903391144
903425589
903429631
903431169
903433697
903470460
903485393
903499120
903503714
903514929
903518515
903519745
903523546
903530259
903531565
903547383
903548291
903552355
903553540
903556707
903562474
903563439
903568750
903571724
903576415
903594853
903603250
903603534
903607715
903610850
903616647
903619746
903621521
903637962
903639597
903649052
903651842
903652735
903688244
903697926
903699533
903748788
903759774
903775799
903785154
903790863
903810178
903815049
903818076
903826339
903837997
903838321
903853227
903857403
903862555
903865380
903872083
903872101
903873676
903880514
903911812
903923798
903945174
903950446
903968056
903974426
903974477
903991546
903991939
903995448
903995813
903999524
903999658
904018948
904108960
904158166
904173080
904173240
904176813
904178767
904206816
904220421
904230103
904231426
904235316
904247872
904251650
904261626
904266251
904269524
904283375
904295947
904315702
904315922
904327138
904332364
904370414
904372013
904381676
904393684
904396897
904458542
904463945
904492520
904493293
904496190
904502674
904507656
904526889
904539906
904541799
904556298
904575590
904576144
904576152
904578225
904579239
904583368
904590900
904593625
904597747
904602492
904607440
904609355
904618400
904627170
904632138
904633582
904663751
904667321
904669920
904703840
904733606
904743893
904746530
904749033
904763246
904763905
904764249
904776386
904791666
904800019
904801031
904817855
904832145
904834568
904837429
904838910
904864621
904874329
904888552
904888573
904893519
904896431
904900149
904910494
904917649
904926831
904927071
904928498
904938960
904955261
904956961
904971002
904971940
904975000
904993522
904994092
905001599
905006944
905016133
905017192
905027654
905030511
905040142
905041435
905049860
905060849
905063050
905065713
905068221
905074312
905086778
905093767
905096382
905102394
905103214
905122926
905123649
905124157
905130651
905143426
905149035
905174903
905182844
905207560
905210333
905218214
905228011
905230911
905233205
905271162
905286583
905299927
905309242
905343188
905345430
905354024
905356211
905357845
905362272
905384339
905387545
905397348
905398446
905409589
905412201
905430154
905433163
905442113
905444745
905449872
905450283
905453989
905472135
905476643
905503254
905504215
905506014
905545980
905558920
905567936
905574168
905609842
905625802
905628632
905637507
905643293
905646778
905647642
905655892
905685912
905695850
905696533
905717065
905748865
905749857
905765713
905777103
905783235
905785512
905785551
905792607
905798671
905799391
905825477
905842059
905874837
905895916
905931465
905955898
905962304
905965325
905968206
905974174
905994740
905997106
906020268
906024542
906100609
906121384
906145188
906148561
906162020
906182357
906188791
906196682
906208779
906213733
906216553
906236214
906244993
906247400
906280171
906316020
906369642
906379218
906382396
906385091
906390067
906391545
906396920
906401481
906416157
906419799
906425441
906431756
906448029
906455810
906476407
906479504
906480743
906510197
906535158
906550972
906552908
906560593
906561353
906569193
906569210
906577153
906580783
906587094
906599803
906615782
906630570
906646130
906663065
906680303
906689384
906699837
906713553
906714837
906719203
906733073
906741562
906741908
906757148
906790947
906822207
906827321
906844063
906847655
906864293
906872600
906874020
906885752
906921113
906927238
906942447
906962217
906993135
907003740
907007975
907016896
907035585
907053947
907082155
907087658
907115230
907118137
907118927
907119537
907130389
907136381
907136862
907154305
907169467
907169975
907188394
907210933
907221101
907223376
907234352
907237246
907239370
907271036
907278411
907291325
907298540
907303607
907305541
907313449
907316935
907318801
907340990
907341001
907387542
907406547
907423159
907426666
907428391
907489906
907534999
907545016
907575871
907578182
907621186
907623483
907626442
907629166
907637403
907657428
907662140
907671769
907703295
907707354
907729934
907745687
907746137
907758909
907759839
907761993
907765126
907787932
907789127
907789496
907803440
907847342
907865177
907881181
907888539
907920356
907932788
907934002
907942524
907958191
907968318
907970533
907988249
907995778
907997594
908002006
908008400
908011397
908012691
908031710
908031926
908036430
908037249
908043301
908051962
908057990
908060888
908063056
908065761
908068706
908074310
908075578
908085689
908089083
908092523
908093949
908094910
908104686
908128769
908140844
908150015
908150691
908166823
908178752
908179518
908188494
908197859
908207015
908208917
908215142
908230002
908231462
908245059
908248847
908250662
908294055
908316966
908317614
908341567
908357858
908362245
908375097
908385900
908401772
908412731
908413566
908436692
908445005
908449535
908467841
908471651
908475347
908482774
908490704
908500955
908508799
908531822
908533001
908544561
908553280
908557061
908565621
908566321
908567909
908585753
908588131
908601274
908623531
908623963
908646268
908654858
908658051
908659117
908677836
908698662
908713906
908722414
908742786
908767511
908768501
908772297
908791475
908808918
908809569
908810633
908811447
908816401
908831128
908831500
908840801
908859520
908863514
908866675
908868572
908875727
908887272
908896819
908904921
908914902
908939953
908942458
908942814
908963574
908971121
909002288
909006779
909012030
909021333
909023047
909039505
909055825
909076464
909083622
909089402
909091624
909091771
909129118
909144491
909149402
909149865
909161707
909163195
909173731
909222408
909228762
909229767
909241447
909255834
909269901
909275750
909289151
909292452
909305837
909333701
909340299
909343254
909355919
909360106
909372959
909378047
909381096
909397179
909400578
909425505
909434004
909444463
909447399
909450213
909480478
909502596
909502871
909544896
909548936
909549567
909557566
909572778
909595317
909607830
909635193
909636353
909637560
909640752
909652924
909653979
909665696
909681528
909690809
909743527
909745681
909778323
909793256
909794166
909801136
909805297
909809761
909815201
909816480
909822798
909823281
909824729
909847179
909851383
909885992
909896396
909900868
909907379
909927891
909929316
909937762
909939388
909950847
909957140
909957185
909963252
909971128
909975923
909977300
910032683
910053488
910055024
910099650
910107675
910115295
910137124
910151406
910170733
910276367
910286018
910312105
910330747
910348993
910350192
910363822
910367662
910381294
910385731
910391813
910400334
910402426
910407427
910442215
910446566
910448507
910449574
910507580
910508083
910529336
910540124
910546091
910560274
910572818
910597742
910603546
910604405
910605302
910608077
910621736
910625752
910639431
910649215
910665375
910668505
910678539
910689300
910693848
910697818
910704463
910714599
910726695
910737088
910747545
910750171
910761391
910767749
910768673
910774924
910793708
910817931
910824028
910845507
910851533
910853866
910863742
910874699
910880717
910884821
910890384
910897277
910904204
910905250
910927510
910931859
910950523
910953376
910958381
910973207
910974834
910975628
910999515
911016945
911048372
911055138
911057829
911069937
911071749
911090686
911101695
911113185
911113276
911117993
911124016
911127403
911159944
911177101
911188740
911223952
911227831
911238221
911240822
911240849
911260283
911267080
911315495
911316069
911317608
911319098
911321338
911321519
911354365
911356059
911373889
911379963
911388905
911408726
911419515
911432721
911437121
911462018
911471149
911486316
911490064
911501071
911516961
911539674
911575331
911576595
911582332
911591881
911620379
911648803
911664856
911665556
911666943
911667520
911669114
911674234
911680085
911691283
911692613
911702281
911712487
911717549
911726648
911727588
911734905
911753141
911760626
911762491
911781863
911783899
911785012
911788051
911802757
911803970
911805390
911814269
911815894
911819311
911832286
911835470
911842614
911850822
911852459
911856468
911865325
911879346
911908829
911916490
911944423
911950085
911950669
911952301
911968613
911968773
911970582
911983557
911994318
911999145
912001371
912003407
912015665
912019184
912019435
912020668
912054055
912061348
912064425
912089487
912093284
912097955
912098309
912107588
912109443
912131712
912139759
912148536
912150081
912155527
912171889
912177692
912188196
912192063
912192886
912220727
912221433
912233167
912247377
912250667
912255037
912262991
912266672
912267676
912268704
912275099
912283900
912285121
912293547
912295576
912325242
912352010
912368910
912371472
912374767
912380140
912389177
912400985
912422570
912456460
912457969
912461429
912468996
912476912
912487868
912491404
912555766
912572990
912582900
912588767
912596145
912600253
912618029
912625300
912649689
912667414
912670543
912672423
912674131
912675920
912681640
912707077
912720938
912757078
912757450
912761665
912762861
912792034
912810075
912824226
912830025
912860047
912870567
912872065
912873557
912885225
912887513
912898189
912901071
912908002
912925647
912926103
912941829
912961281
912970037
912972999
912975422
912981745
913042950
913053410
913068050
913086561
913099499
913134132
913171395
913178537
913181821
913218610
913219641
913262085
913263764
913268812
913271765
913299264
913304896
913311023
913324169
913338327
913339409
913342777
913363567
913378713
913379472
913396453
913401319
913402346
913407555
913408246
913412919
913418553
913424586
913435227
913463996
913479482
913499034
913510064
913510607
913521943
913548444
913557321
913582142
913596358
913620309
913631032
913637993
913646169
913657762
913665541
913707753
913707925
913726782
913750993
913761994
913763535
913777798
913789113
913794687
913827293
913840552
913842868
913871804
913872296
913877034
913894228
913896003
913909773
913941360
913942405
913947737
913962693
913994634
913998447
913998730
914025876
914037125
914050359
914072403
914075410
914085905
914086288
914092735
914095965
914104165
914118633
914118771
914133311
914136628
914139664
914150445
914156217
914159585
914184530
914212170
914222600
914224728
914227995
914234463
914236112
914265787
914293066
914293950
914314226
914319540
914359956
914380003
914418345
914425247
914434109
914457298
914459781
914462150
914473674
914476335
914485449
914491606
914504809
914513433
914527417
914533794
914541823
914549927
914552869
914554698
914561340
914565089
914596926
914597274
914600367
914621064
914621365
914621742
914642210
914677509
914680436
914690751
914710275
914710480
914713577
914718852
914763785
914795093
914827923
914832518
914852853
914860246
914862148
914875231
914877708
914881397
914893672
914904070
914906130
914907975
914922774
914924962
914928530
914944864
914955146
914966039
914987627
914989796
915020925
915025777
915033188
915061350
915066492
915067327
915076378
915097383
915103558
915116301
915149317
915173700
915202993
915209057
915216256
915225897
915234814
915244307
915254681
915277825
915294951
915297630
915311665
915327280
915335296
915339986
915341863
915344583
915359445
915395304
915415393
915422990
915425533
915442264
915442643
915444732
915453781
915464716
915465464
915471454
915478374
915483335
915485104
915515944
915520895
915546523
915571178
915583906
915589313
915590121
915590482
915595003
915610673
915617774
915623158
915628161
915629059
915629650
915673324
915673326
915673514
915674850
915695470
915713691
915719321
915726011
915741391
915747924
915778054
915782905
915793018
915796140
915810011
915815832
915818283
915827239
915834796
915889162
915891397
915894001
915896027
915899953
915930959
915946311
915947056
915954361
915962583
915970606
915974757
915974936
915982454
915992121
916008375
916018079
916018997
916035563
916043702
916053566
916055985
916055995
916059336
916067220
916071093
916074170
916085983
916101808
916102520
916129242
916136489
916162101
916162766
916173106
916190543
916219021
916219648
916220175
916233121
916244613
916251170
916260861
916270187
916288421
916305788
916312257
916339366
916347878
916362267
916367762
916400061
916402713
916409724
916410654
916429193
916443701
916475622
916477412
916486461
916522349
916524936
916531826
916534897
916549985
916557510
916558025
916569286
916570497
916575960
916581044
916628320
916645174
916660610
916691797
916702894
916733016
916736981
916738306
916740011
916740838
916741181
916750971
916781285
916782757
916819518
916854876
916858905
916884349
916900520
916902217
916904678
916923569
916930306
916935498
916935890
916950937
916964301
916969514
916973511
916990110
916991610
917021367
917025717
917039603
917039822
917084761
917094471
917115509
917131615
917147367
917150527
917150840
917152457
917168112
917172280
917174261
917177256
917201000
917213545
917240751
917253573
917253999
917278216
917284735
917304541
917312605
917315730
917319015
917330041
917337566
917341766
917351921
917352228
917382091
917388046
917391366
917394021
917406914
917417939
917418913
917462534
917462540
917500754
917515155
917518624
917523336
917525216
917528853
917530073
917531288
917533856
917560658
917560675
917563273
917585980
917594784
917619821
917644895
917646266
917656419
917679655
917683891
917683920
917690090
917724306
917764763
917819252
917838090
917849949
917862796
917881112
917892484
917903103
917916028
917918212
917922319
917922694
917933333
917955315
917963088
917970063
917976015
917984673
917985799
917986358
917989773
918015525
918022877
918060597
918090523
918091539
918109363
918111318
918130383
918148327
918173697
918184098
918220895
918235012
918243523
918246902
918247829
918248805
918256816
918263445
918275185
918281682
918288108
918298182
918304227
918309512
918323952
918354314
918358965
918384861
918389711
918398340
918409798
918435442
918439596
918451975
918456972
918458875
918467049
918468649
918468859
918468908
918472407
918476290
918481275
918488613
918504988
918513435
918519215
918526585
918528437
918537462
918547740
918548261
918558363
918561459
918574102
918576008
918589121
918590812
918591408
918612668
918623467
918630998
918631093
918638379
918647505
918650289
918655833
918657152
918666075
918677150
918712778
918713150
918732698
918739810
918740320
918745762
918748020
918763123
918773593
918777877
918815346
918816900
918818395
918839683
918841376
918842930
918877401
918880878
918884566
918885262
918891772
918892558
918904440
918910663
918922338
918950798
918952196
918967870
918991389
919008286
919023573
919026504
919037686
919041393
919045536
919054583
919058667
919061589
919076166
919086599
919102893
919129512
919143142
919144486
919157937
919161572
919166264
919172317
919187476
919194305
919199684
919199695
919201379
919207179
919212323
919217552
919218540
919233380
919234788
919246323
919272926
919280382
919295073
919303488
919322836
919330719
919333864
919338701
919339825
919348719
919349793
919353436
919363419
919371370
919371786
919377795
919380166
919395440
919399870
919406928
919407891
919410166
919417772
919428606
919432443
919469992
919478586
919481054
919504370
919516884
919532725
919549124
919560971
919561663
919561680
919564898
919571403
919573673
919592337
919603332
919605069
919622057
919632746
919647148
919649945
919664375
919676958
919681455
919683978
919693815
919693851
919709080
919716142
919733370
919733634
919747898
919760086
919775273
919782630
919782690
919794652
919801880
919805862
919809265
919812804
919825790
919829884
919846152
919847770
919870974
919872145
919873437
919876725
919877913
919892517
919911379
919922058
919992549
920009285
920014278
920018947
920031717
920045308
920059580
920060474
920073170
920086738
920089932
920096285
920107468
920124004
920125203
920148812
920154931
920174374
920181800
920185596
920193730
920202999
920217990
920222463
920222913
920225667
920247910
920262498
920285217
920286038
920310831
920321167
920344996
920356999
920365096
920369935
920375108
920382947
920399379
920408274
920413386
920414579
920440166
920457031
920466443
920487660
920491648
920491886
920504379
920508477
920515726
920520158
920526983
920540978
920553427
920555247
920559438
920565602
920569118
920573021
920573877
920583991
920591591
920602625
920605383
920615015
920628442
920628955
920636234
920640877
920648318
920663545
920680920
920684649
920720854
920729706
920736835
920738245
920742049
920769350
920779436
920784913
920787305
920816575
920822443
920831950
920841456
920843378
920846003
920853390
920859480
920864293
920866648
920870920
920873604
920875704
920885719
920888398
920896024
920898167
920924627
920959605
921012644
921027276
921038414
921044357
921053135
921074666
921101078
921105499
921112914
921122258
921130213
921144317
921146096
921175655
921198281
921200031
921204626
921210426
921223646
921223853
921227957
921231473
921238090
921261888
921262277
921269378
921273330
921297663
921301423
921301807
921304852
921306613
921313792
921318931
921325096
921329178
921339833
921341555
921372500
921374695
921385669
921396624
921403626
921404342
921413771
921451162
921478418
921486104
921502647
921508423
921511620
921520100
921521208
921545281
921545897
921572461
921576675
921614670
921627051
921632864
921635809
921658734
921670310
921672368
921674730
921675901
921684619
921710238
921740795
921751140
921792677
921800627
921802555
921809421
921813774
921814232
921821923
921827922
921839389
921868422
921904993
921906649
921914212
921922062
921942350
921952760
921962537
921962623
921964331
921965277
921998953
922007560
922022081
922037142
922061234
922083341
922090955
922093513
922106571
922119086
922130053
922135548
922137155
922161908
922201951
922206938
922234124
922236150
922241068
922249883
922277083
922284533
922287219
922312046
922315132
922322736
922327400
922328546
922331890
922349196
922358269
922365898
922382589
922383199
922390165
922391136
922405474
922408774
922417724
922429232
922432234
922433586
922445754
922452975
922459609
922469706
922488161
922514089
922515732
922520222
922521248
922529392
922539709
922557797
922578632
922594886
922603634
922607435
922613698
922622058
922627200
922632193
922655375
922658776
922664193
922668383
922671457
922692300
922699904
922717041
922718697
922738940
922740496
922768796
922772521
922784262
922789858
922829744
922830260
922833053
922838161
922838869
922840566
922851738
922871804
922878185
922889646
922920287
922949916
922952347
922952554
922983054
922992439
922999470
923014437
923017957
923042453
923108055
923122988
923132912
923134173
923155951
923181321
923187786
923188788
923194095
923214211
923219870
923246089
923248682
923256517
923262002
923262303
923269708
923278053
923280090
923287109
923295608
923340614
923345243
923348095
923361586
923402611
923403519
923450175
923452158
923453154
923458016
923469871
923474659
923479542
923491594
923494463
923500459
923504962
923505775
923525309
923527164
923533679
923538861
923541181
923546691
923566819
923577643
923578691
923588534
923594696
923611589
923646581
923646968
923662397
923664519
923691430
923698379
923701846
923703233
923708341
923711343
923718414
923733313
923776603
923808062
923810460
923814094
923815970
923817351
923820714
923837289
923839607
923840007
923861144
923861838
923873441
923896932
923900923
923923359
923934788
923949412
923974487
923982719
923991464
923997157
924001974
924019283
924029278
924030496
924039584
924055092
924069034
924070685
924074192
924080755
924109403
924118715
924133275
924144192
924158723
924159275
924166826
924194517
924194631
924199643
924200737
924201828
924204376
924220784
924231963
924252355
924255880
924278314
924294967
924323121
924355429
924358822
924393005
924406062
924424454
924455706
924486611
924490291
924546397
924551475
924559049
924579796
924587269
924608786
924626229
924672346
924693157
924695604
924726149
924745783
924775782
924793490
924805627
924810004
924812234
924861060
924867340
924868455
924887605
924887861
924888503
924888534
924891382
924894368
924897130
924899053
924902836
924905258
924906580
924913381
924914429
924926630
924937596
924937731
924937872
924942188
924942846
924958802
924971513
924974579
924977824
924998695
925008776
925009533
925010002
925015464
925016813
925042509
925046647
925063997
925086853
925094067
925103820
925129722
925156529
925159763
925160620
925180514
925224833
925235211
925257812
925272992
925280643
925294993
925305520
925313932
925324507
925325680
925331478
925337292
925338338
925353192
925356391
925359277
925363140
925364774
925365667
925374685
925381545
925388066
925405335
925417908
925429621
925437626
925442280
925452933
925478457
925479906
925481347
925482089
925483893
925487028
925498459
925498591
925500652
925508200
925532297
925545510
925547102
925550329
925563628
925576886
925587057
925595582
925615106
925628648
925631623
925635059
925638076
925638903
925646382
925658960
925666562
925692467
925698594
925709343
925738014
925743588
925755234
925790353
925798438
925801721
925806370
925810181
925811370
925835548
925853105
925857581
925861909
925886625
925908727
925928949
925942145
925942203
925944874
925962960
925965985
925971878
925975109
925977873
926019360
926033682
926043514
926047940
926048109
926054496
926060298
926068613
926069332
926102932
926106564
926107682
926114677
926125934
926129179
926139411
926142326
926142979
926153102
926154622
926163095
926183321
926220645
926226419
926230039
926236274
926253684
926266308
926272218
926293983
926299134
926308804
926310239
926327474
926329939
926330045
926330635
926333642
926333909
926337664
926341507
926351364
926351696
926365938
926384133
926389878
926405986
926422756
926423567
926431354
926431508
926434654
926441859
926451411
926463005
926464803
926477659
926500086
926517046
926517091
926519918
926535944
926536187
926545738
926554274
926554843
926560427
926569635
926596075
926603543
926634401
926644372
926645156
926650730
926675495
926682924
926704922
926710325
926722940
926751645
926755274
926758325
926763950
926773185
926793808
926806323
926863000
926866263
926872370
926878873
926890225
926902526
926905426
926909126
926912650
926921755
926937477
926937765
926939209
926945827
926948165
926957413
926970776
926972207
926972848
926974708
926987379
926992533
927002685
927002897
927019552
927025811
927029041
927031671
927031944
927049078
927062614
927062820
927080329
927084598
927087430
927091429
927101383
927130657
927148194
927175096
927190799
927258714
927269301
927272602
927274464
927280582
927285416
927289339
927291236
927296473
927298474
927309014
927324186
927324884
927337346
927376667
927386467
927390667
927391183
927392330
927400796
927401709
927404306
927409561
927428849
927429188
927430921
927447880
927462682
927476563
927490715
927505048
927515637
927515995
927516593
927523746
927542426
927544361
927547931
927548674
927557935
927590894
927592079
927593461
927606702
927621247
927659318
927663943
927668804
927686836
927687118
927697978
927703684
927712250
927717829
927722030
927723411
927741009
927754173
927763657
927768823
927769078
927772528
927783809
927788027
927807732
927823221
927835911
927836382
927849204
927858362
927868287
927875995
927880412
927882302
927893889
927908033
927911003
927927481
927942224
927949553
927970575
927976814
927987706
927991292
927999854
928045304
928048241
928057146
928069520
928070704
928104304
928109916
928129916
928147375
928149015
928154866
928163775
928166271
928171952
928172698
928181819
928185287
928187375
928201991
928204477
928232062
928253046
928267868
928273957
928285285
928305628
928322082
928333196
928347416
928370325
928397828
928416773
928430043
928437025
928437382
928460049
928461038
928483240
928488106
928494782
928552413
928561376
928562085
928594365
928645353
928650038
928669084
928685646
928689515
928695062
928695632
928704924
928715027
928719038
928746339
928749082
928757779
928771649
928773608
928775202
928806682
928808098
928820357
928824103
928845339
928850082
928867696
928883024
928902537
928924619
928925254
928927780
928929047
928954555
928978418
928993078
929009456
929015819
929022912
929036889
929044634
929064922
929077909
929090207
929094592
929141717
929148408
929167074
929167865
929176827
929193113
929198604
929201030
929232671
929233571
929236415
929244830
929251380
929253170
929255946
929263834
929274570
929281290
929295857
929314203
929340925
929350503
929355262
929388860
929393690
929397202
929398770
929427900
929442706
929450119
929453050
929465700
929467148
929480273
929483037
929499000
929514152
929517145
929524721
929525313
929528992
929545566
929622091
929627065
929640264
929652067
929655029
929701448
929707520
929712033
929720035
929730733
929733886
929734015
929742210
929757896
929762272
929780993
929813333
929823436
929833848
929834167
929837720
929847645
929853462
929857367
929866275
929873312
929877537
929883225
929887982
929896737
929896814
929908578
929908755
929929069
929930796
929948874
929987523
930007451
930022132
930028549
930029429
930039191
930073160
930075766
930083171
930091384
930103470
930108565
930112002
930139956
930142222
930151784
930158160
930177127
930177971
930194083
930216212
930255803
930256200
930263303
930289463
930300948
930309014
930313458
930314690
930315380
930318023
930329173
930354949
930356811
930367135
930406284
930414660
930424396
930424411
930436542
930439503
930459830
930461372
930527146
930539106
930550990
930556811
930594725
930625809
930637845
930640104
930655691
930665729
930685806
930708804
930712821
930734506
930735861
930736338
930751942
930756157
930763539
930765999
930779948
930784621
930795067
930803334
930820602
930823578
930839390
930858498
930861103
930869254
930869543
930876032
930888267
930893224
930898067
930900554
930908801
930908802
930911011
930915688
930948458
930950823
930957110
930958536
930969879
930976419
930977101
930990733
931021947
931033886
931038438
931099935
931154782
931161434
931163143
931171873
931175033
931203989
931219170
931220264
931223947
931233334
931290229
931294093
931307786
931308445
931340668
931346316
931357265
931375757
931379237
931388743
931405804
931408097
931413544
931425888
931430756
931438452
931444826
931463253
931489271
931489591
931494758
931506324
931509920
931529148
931552270
931558844
931566203
931576545
931577704
931587515
931589547
931591074
931595339
931605784
931607238
931609262
931658430
931668273
931678880
931689782
931706008
931721054
931731552
931735595
931745361
931767868
931767895
931782278
931788308
931803065
931817041
931836137
931847013
931850681
931856626
931863503
931875267
931876074
931879564
931882234
931882789
931902201
931902538
931926947
931944682
931952527
931958590
931963656
932021281
932025520
932048715
932062395
932079958
932090824
932096997
932099931
932117472
932122041
932135327
932153704
932175288
932180704
932184564
932205224
932245044
932258589
932277549
932290278
932290841
932329937
932386819
932390691
932405884
932415590
932426593
932430752
932436161
932443059
932446768
932455834
932456877
932470833
932477790
932483195
932487719
932492685
932514297
932516261
932517354
932544718
932554948
932575970
932587750
932593511
932602085
932602510
932606340
932621414
932622618
932623587
932623979
932649265
932651629
932665891
932688218
932711911
932720233
932721631
932722632
932738582
932739502
932782891
932792212
932795866
932801663
932821378
932822993
932827183
932833248
932852321
932868774
932873048
932874222
932889634
932915658
932926367
932939317
932948363
932956754
932963983
932968252
932968488
932970480
932979039
932979503
932992234
933000896
933009779
933026143
933028537
933034830
933034874
933039926
933046856
933047087
933048042
933055722
933062764
933071355
933097539
933106591
933114939
933122472
933152410
933157340
933168157
933174114
933177336
933180951
933195244
933208776
933228256
933246416
933249321
933259866
933260187
933275219
933283132
933291046
933304683
933304807
933321959
933342982
933346805
933347504
933348023
933352248
933368015
933372216
933387125
933403361
933406044
933423414
933445824
933447139
933451283
933494531
933496684
933524078
933524110
933534151
933545341
933546853
933547413
933551738
933564302
933567046
933570961
933574262
933594935
933608490
933610405
933643213
933643466
933645573
933646628
933656827
933671026
933680101
933690731
933701572
933709132
933723650
933728644
933743754
933749605
933756294
933767191
933773719
933782866
933793639
933795335
933822591
933824857
933840364
933851489
933854197
933859434
933869174
933878933
933886719
933891509
933917672
933957838
933958907
933964585
933981566
934001017
934001899
934013852
934032331
934033058
934041662
934047824
934049481
934053758
934056047
934064271
934093597
934107242
934119826
934126133
934134828
934148974
934156872
934158350
934163825
934164476
934166891
934170421
934174056
934179881
934187046
934209671
934211566
934213835
934236479
934260818
934309070
934314386
934317312
934327017
934327085
934340805
934351851
934358406
934372262
934380537
934407475
934412728
934420392
934445159
934460554
934468502
934471931
934473437
934480804
934494768
934501514
934508065
934509425
934515503
934516119
934521405
934595474
934596419
934605173
934612512
934620051
934650054
934651501
934655391
934664119
934674834
934676958
934684842
934703517
934712758
934716836
934727710
934731745
934757516
934770497
934776500
934782730
934792807
934804962
934823494
934854706
934855435
934883885
934884601
934890528
934895214
934895814
934897740
934901682
934904471
934908149
934911185
934914980
934923115
934945519
934951035
934952150
934962362
934976924
934978042
934979313
934979753
934983784
934992344
934999182
935022136
935023291
935027594
935044223
935050308
935063399
935065696
935071744
935076528
935085152
935095868
935105904
935112526
935119051
935121825
935128639
935137846
935144806
935161573
935163490
935173808
935179104
935184088
935186914
935192113
935193790
935199487
935200477
935235556
935246874
935248056
935252667
935253318
935270010
935288820
935306767
935333568
935339951
935344897
935358966
935360498
935360796
935372403
935372427
935373959
935393021
935394109
935421931
935440105
935455689
935456264
935481373
935498803
935519610
935522105
935527704
935549581
935562259
935564428
935565230
935568741
935576603
935602179
935612257
935615521
935626559
935631024
935632586
935640723
935657339
935680250
935726600
935735577
935745259
935746218
935748619
935754650
935756330
935763112
935776307
935783679
935790375
935797964
935815194
935819684
935821007
935828366
935829487
935830212
935857748
935862069
935864978
935870098
935893641
935895771
935914707
935919119
935939352
935960378
935969128
935982783
936000120
936000683
936004097
936019768
936036598
936054088
936054139
936070222
936074549
936092935
936098313
936145398
936145700
936145736
936161725
936164794
936165539
936171737
936175352
936201084
936201414
936204216
936208704
936212884
936225071
936228874
936267190
936281820
936299167
936316309
936356048
936370130
936372305
936387362
936387969
936393956
936401483
936404383
936405818
936412365
936437406
936438926
936449700
936456411
936508300
936520664
936544857
936549054
936555395
936566781
936572969
936578175
936581910
936585232
936593383
936597631
936635140
936638409
936638617
936639130
936639306
936648011
936655991
936664696
936668060
936684370
936692143
936701337
936702199
936703766
936716053
936721797
936729896
936743304
936743615
936762107
936773109
936800278
936808442
936810340
936820190
936839226
936850703
936877789
936888067
936889572
936894154
936894841
936907688
936909973
936912125
936930373
936943376
936946918
936969380
936982735
936990229
936990805
936991343
936994586
936999761
937001995
937009790
937029167
937031928
937047684
937060109
937089404
937100928
937109028
937113462
937129999
937134124
937145888
937148728
937164275
937173554
937181878
937184187
937191777
937201559
937204100
937206797
937212472
937219047
937243419
937259112
937292725
937300083
937302277
937318781
937357641
937371412
937386445
937406292
937408324
937412503
937417984
937419116
937421248
937423937
937443487
937444296
937445383
937446890
937453455
937472004
937480851
937483086
937485616
937488855
937581016
937581039
937585393
937603990
937607995
937610006
937617444
937635331
937659958
937665306
937665308
937668663
937673949
937675171
937690948
937710843
937714042
937715581
937719159
937742598
937784543
937814115
937845287
937846345
937857133
937878073
937907841
937925169
937939533
937955917
937963109
937967693
937969342
937993009
937996339
938017598
938028443
938039195
938040092
938041320
938051622
938055102
938061746
938069511
938072710
938074697
938088315
938088642
938094592
938118123
938123208
938124501
938130718
938148208
938149290
938156747
938161160
938226394
938232435
938233090
938234976
938247590
938255835
938258812
938276829
938280835
938285615
938287938
938298065
938322064
938328039
938350321
938353785
938384138
938396594
938398583
938402340
938421683
938431995
938445413
938466019
938473577
938481414
938505419
938519767
938519855
938528085
938533767
938535866
938537796
938544494
938552940
938563206
938577959
938580409
938603392
938603448
938610104
938618720
938653586
938655383
938676702
938677665
938695661
938699015
938719558
938726621
938729154
938729788
938733480
938734352
938741878
938765415
938783968
938788502
938795804
938796308
938797179
938799937
938805884
938813537
938823780
938854990
938859696
938864218
938879695
938885054
938902361
938903170
938930846
938951388
938951610
938953593
938954994
938967498
938971984
938986809
938996404
939003982
939019684
939019700
939026185
939048287
939048833
939053881
939071326
939084771
939085230
939089740
939104021
939104514
939114649
939123504
939124794
939154952
939155777
939162957
939170914
939176054
939186165
939186902
939200340
939200789
939210939
939236496
939250298
939270804
939273470
939285152
939303871
939313043
939323700
939332969
939336681
939340669
939353767
939357072
939360228
939364084
939367154
939369286
939372164
939392029
939394058
939396830
939403617
939441389
939448844
939455561
939473583
939476934
939477948
939479407
939506240
939524891
939527098
939539591
939560487
939595215
939611504
939612103
939634303
939668339
939670196
939673261
939681318
939686267
939700230
939704576
939707483
939711315
939727270
939727705
939757798
939790941
939811993
939819103
939822008
939822390
939822736
939838426
939838832
939856816
939861662
939888767
939920127
939925363
939931854
939947455
939950806
939956866
939959737
939967635
939976781
939992366
939994566
939997682
939998413
940001321
940014356
940015053
940016982
940017359
940025162
940032255
940035035
940062378
940068381
940073057
940082732
940087547
940094152
940106009
940107015
940111869
940141856
940160389
940160765
940180143
940184720
940207804
940222314
940225993
940230412
940253467
940268636
940300351
940306654
940323251
940326583
940349124
940362516
940376245
940399021
940403442
940403765
940408153
940427024
940432498
940439608
940439804
940448593
940481413
940515589
940540326
940555212
940565800
940567605
940574699
940579963
940606519
940610391
940629993
940634009
940640478
940653558
940664506
940670100
940681507
940682331
940684301
940692152
940698272
940699954
940703280
940718145
940735329
940744870
940751553
940755999
940756570
940762920
940767633
940768599
940783902
940792576
940797525
940801967
940805760
940815208
940859556
940875758
940906069
940913415
940916387
940923303
940927553
940940253
940940329
940987080
940987227
940997167
941021174
941026737
941028195
941035947
941080600
941082767
941087734
941088899
941097719
941106681
941109791
941114569
941122586
941133037
941140819
941152890
941177184
941178944
941181702
941208851
941217705
941226213
941238385
941270735
941275169
941284691
941325292
941328262
941342634
941348285
941356360
941414422
941416523
941418824
941431280
941445125
941457119
941463160
941465151
941465889
941476490
941510692
941539836
941549033
941554494
941573214
941590433
941634073
941647347
941659161
941660095
941669807
941713558
941717338
941730556
941737974
941745195
941784118
941793023
941805921
941807105
941811509
941845739
941884689
941893321
941942335
941977825
941993494
942012929
942018429
942065544
942068703
942084791
942088803
942091558
942093129
942095130
942113807
942136428
942136493
942145592
942178138
942180123
942191957
942228229
942231478
942239707
942272394
942287612
942308716
942353388
942356928
942366060
942379627
942383266
942390959
942401631
942424798
942440781
942443549
942449423
942454295
942471711
942482644
942503146
942517229
942518483
942541523
942543109
942554727
942568461
942573774
942585421
942602332
942604124
942629285
942634891
942637947
942643073
942656969
942667816
942673287
942682896
942691588
942692561
942709262
942715425
942718229
942748957
942749896
942752371
942761278
942762935
942765225
942788121
942812533
942813610
942821554
942847243
942869049
942885381
942891876
942903333
942915781
942921053
942996838
943006259
943011032
943021782
943027531
943082309
943102256
943118209
943121999
943130689
943132497
943152669
943152978
943171961
943185729
943194753
943194958
943209821
943238810
943254662
943269692
943283495
943287517
943297725
943333695
943353884
943371065
943376174
943381016
943383146
943388821
943393208
943399658
943409531
943413299
943415610
943416941
943422992
943454020
943455527
943469360
943473015
943476091
943480937
943484503
943489433
943511369
943517521
943518152
943532799
943537661
943545932
943546094
943552795
943560847
943564341
943567492
943579562
943607285
943642852
943655596
943676700
943683220
943695028
943696335
943713518
943718694
943723282
943731708
943737375
943738133
943764942
943768439
943769029
943769895
943774109
943778098
943779038
943780826
943781866
943801221
943803871
943820760
943822127
943823464
943826771
943827283
943859493
943861328
943880440
943884484
943892099
943894766
943898235
943909297
943914678
943923644
943934037
943937509
943942284
943948108
943949851
943959623
943962403
944033071
944043328
944045507
944057829
944059525
944068132
944078119
944083375
944085055
944087572
944091706
944103444
944118624
944123333
944128304
944128801
944131588
944134333
944137412
944141698
944151142
944155986
944163880
944166992
944187022
944197156
944209506
944230059
944231324
944231438
944247116
944259012
944270646
944277157
944309920
944310583
944310977
944313890
944323071
944331956
944332592
944336541
944339037
944340991
944349920
944353362
944353828
944356310
944370640
944381577
944416009
944422382
944450024
944460295
944462548
944468716
944503094
944526266
944526582
944530303
944530460
944552047
944555310
944555850
944559011
944567273
944569593
944571528
944594657
944603129
944605528
944644429
944650065
944650213
944656797
944702715
944718165
944720658
944733627
944749876
944749923
944766456
944766808
944774239
944777487
944783737
944800683
944811442
944811645
944817199
944836666
944847864
944857734
944861301
944870027
944873938
944877779
944881669
944896601
944900515
944904622
944904859
944908321
944934359
944948770
944951387
944978545
944993389
945003197
945014333
945017521
945039920
945041762
945053144
945083024
945084697
945086227
945114151
945116887
945134882
945148668
945171968
945182971
945187928
945189823
945218383
945234536
945254459
945257264
945264304
945287063
945287815
945290683
945320130
945329959
945338640
945358569
945363191
945365534
945367564
945394890
945413474
945418649
945432901
945444768
945471128
945492009
945502151
945512892
945517867
945522283
945523865
945524850
945546821
945554914
945564140
945575836
945580027
945583652
945583657
945592823
945600546
945611490
945613889
945620376
945633662
945634504
945636835
945637835
945655501
945684930
945704045
945715265
945733979
945746422
945747431
945747579
945790693
945794502
945800904
945801396
945806543
945811609
945830489
945878355
945886803
945889301
945892133
945897840
945918004
945956637
945964733
945974932
945979811
945993914
945998946
946003003
946016563
946024247
946046901
946049337
946071933
946089050
946104842
946105045
946107191
946109591
946137554
946141078
946149727
946153219
946156990
946163302
946182102
946189553
946207251
946210630
946214573
946230311
946230829
946237329
946250237
946265601
946275468
946276065
946279610
946280324
946280327
946287317
946309992
946320401
946327976
946336830
946341309
946363198
946408847
946416635
946428213
946436338
946436761
946445923
946460360
946472479
946496194
946509041
946516895
946522637
946542054
946553726
946579107
946579259
946580867
946590735
946619356
946634407
946644173
946660735
946685139
946691430
946692232
946704279
946707202
946723254
946728282
946737618
946738376
946742404
946752789
946759849
946765380
946787239
946794563
946798620
946813285
946850709
946854518
946856823
946874077
946874592
946878539
946904631
946912099
946914301
946932122
946952086
946968784
946971430
946976226
946986001
946986136
946997911
946999383
947007728
947012237
947020910
947021166
947025587
947029671
947034442
947036030
947078106
947096577
947131346
947153220
947156434
947165430
947166279
947174549
947187049
947198447
947199452
947224136
947232177
947238782
947245361
947258161
947327231
947330375
947357103
947357799
947371119
947385178
947394156
947396251
947400531
947409434
947424790
947464207
947480395
947484312
947496299
947497515
947501436
947523897
947527056
947544859
947576309
947606178
947609913
947623674
947625295
947634025
947638241
947644258
947665150
947670525
947682384
947682562
947693203
947703557
947711826
947712248
947720023
947731759
947738544
947751854
947774273
947776050
947783081
947789266
947821880
947825375
947839456
947860785
947895164
947912799
947919285
947919487
947921911
947939348
947946376
947953841
947957178
947967119
947974898
947978238
947982875
947993211
948002070
948014860
948015716
948018144
948026321
948046037
948050788
948050854
948052310
948090010
948092601
948096492
948110731
948118350
948128034
948143932
948150482
948151648
948167605
948187992
948194604
948201957
948230054
948239453
948267881
948269004
948271084
948277170
948319026
948321403
948329995
948332026
948351403
948357450
948365697
948392531
948408584
948410584
948415979
948418034
948431790
948437401
948445474
948446679
948456970
948459096
948466651
948480969
948492042
948509214
948511767
948527898
948542965
948553376
948563273
948573769
948583331
948589593
948594247
948601180
948605402
948610453
948617176
948625943
948626922
948638723
948664744
948685036
948689824
948709608
948748149
948768714
948793480
948814587
948825012
948827773
948830378
948830830
948857807
948862780
948869021
948871300
948877078
948882208
948884389
948902435
948912439
948917714
948918085
948919233
948927573
948939245
948944035
948944226
948954139
948977362
948995019
948999905
949004028
949008805
949013225
949015001
949033314
949035409
949036324
949037313
949054440
949063405
949073797
949113546
949147559
949167867
949169536
949186086
949194157
949195503
949202236
949218371
949221066
949252510
949252670
949260544
949276517
949289644
949299876
949305098
949314957
949332675
949342193
949345855
949354401
949359012
949413471
949418504
949421854
949425651
949474411
949476221
949483621
949489482
949489591
949509150
949515907
949530202
949544130
949566567
949569678
949580728
949587447
949588805
949592272
949612734
949617899
949627535
949630930
949636493
949641825
949661815
949662196
949664433
949665701
949677421
949686331
949705318
949709985
949712598
949718290
949726580
949736034
949780506
949823480
949832347
949857160
949862464
949863756
949881874
949909886
949920814
949929968
949934151
949944778
949949688
949966307
949969267
949970877
949981860
949986124
949987333
949994760
949994869
950003612
950004406
950017975
950029985
950032768
950033343
950077864
950085038
950089834
950090049
950102034
950109466
950114690
950118031
950130819
950139151
950152425
950161399
950163505
950193105
950197176
950198170
950221740
950232343
950240462
950241995
950246478
950254877
950256650
950291107
950293615
950306469
950309448
950330171
950343817
950351209
950354989
950355092
950368259
950377293
950408052
950410533
950411028
950413442
950437221
950439048
950445766
950450576
950466640
950491661
950495268
950501933
950502912
950504610
950512214
950513660
950518568
950524684
950556248
950565071
950575634
950577308
950578037
950587507
950589013
950590024
950600538
950624319
950631354
950674339
950678398
950689046
950693854
950696106
950706474
950714211
950724686
950725447
950729994
950731071
950745716
950762225
950767622
950768889
950773689
950783389
950791149
950798446
950799076
950803353
950805776
950813331
950815385
950818595
950823148
950838212
950868495
950877026
950895999
950896470
950899043
950925686
950925940
950928456
950938342
950951501
950956211
950957364
950961480
950971339
950980046
950981593
951014926
951038013
951050034
951053332
951083469
951084340
951091562
951093863
951101758
951114284
951153164
951167784
951169946
951171308
951175926
951177448
951179964
951180016
951192843
951219214
951227008
951266835
951284425
951290098
951295004
951301094
951307714
951309068
951327577
951340923
951340987
951346993
951349485
951353595
951355146
951369499
951384419
951387622
951391147
951399585
951408948
951441329
951442646
951445003
951468458
951482162
951491014
951491111
951498950
951540300
951560658
951564381
951576199
951579783
951595859
951617452
951618101
951639289
951642630
951643537
951658591
951673384
951674093
951679239
951686519
951696726
951702043
951719632
951744113
951835626
951856831
951875225
951876325
951883810
951932800
951940735
951954460
951956721
951958512
951958896
951961421
951974117
951985958
952009108
952021434
952022562
952028625
952029203
952039584
952039587
952042422
952065205
952111562
952120182
952130483
952146138
952170191
952170858
952173013
952175128
952175915
952184125
952187099
952189450
952204084
952211300
952231396
952237285
952239278
952241338
952253550
952266065
952275802
952276670
952278285
952281667
952282447
952283419
952283593
952290234
952306656
952309902
952321610
952323267
952327664
952329647
952346012
952349840
952352126
952356658
952357780
952394889
952402229
952428465
952436097
952446067
952453713
952463071
952463101
952484188
952500500
952550054
952558488
952567685
952579056
952590380
952603824
952608031
952610762
952614206
952618466
952642804
952643090
952661619
952671617
952681837
952694797
952700163
952711952
952715830
952716993
952724985
952786303
952825805
952837301
952848965
952857891
952858106
952868512
952882289
952895675
952909095
952938961
952946581
952952568
952953476
952953524
952956251
952956944
952961167
952971990
952978843
952979451
952988898
952989682
952991616
952992582
953003010
953021201
953021581
953034411
953034456
953041720
953041960
953049273
953060012
953062046
953064343
953066312
953109933
953115227
953121396
953131443
953152128
953209998
953214668
953222244
953225932
953229268
953230623
953271232
953272074
953291064
953292529
953294000
953304003
953322011
953342884
953355014
953378757
953387141
953397874
953397946
953404938
953411675
953414707
953420488
953442663
953480066
953501941
953503295
953503325
953507680
953507697
953517656
953522082
953574214
953598187
953603294
953612230
953620014
953665988
953671796
953692277
953697481
953698676
953720802
953723367
953729855
953729925
953757671
953760831
953776630
953798897
953800052
953804300
953828677
953830010
953848206
953850824
953887339
953893993
953894454
953898709
953900476
953909207
953913997
953948126
953951939
953961627
954033180
954036832
954047453
954057859
954071019
954094999
954104498
954115296
954121162
954125725
954144375
954153851
954160469
954187701
954202496
954203694
954203956
954207402
954209224
954220629
954232715
954238748
954239445
954241478
954241871
954284966
954292589
954296093
954298778
954301942
954303872
954321068
954331733
954347797
954387723
954389488
954396730
954398832
954400500
954417630
954437355
954457357
954465061
954523554
954525053
954533765
954558105
954566973
954572966
954576181
954584040
954590836
954595345
954598187
954602881
954625913
954645031
954679467
954707519
954710635
954712455
954718866
954719160
954735694
954741895
954756129
954775740
954776278
954830279
954836242
954836330
954839124
954842592
954844037
954861267
954862281
954874472
954880425
954890269
954893103
954897521
954902744
954903545
954903781
954908916
954914752
954922980
954925812
954941613
954942032
954948391
954957526
954974831
954975079
954976955
954989770
955015538
955019904
955039673
955046314
955047564
955056224
955063282
955074470
955085102
955100262
955111282
955132173
955142333
955165312
955170570
955172824
955183644
955187696
955193271
955202958
955218718
955234639
955240528
955247717
955254848
955263258
955270584
955278305
955309303
955329362
955331059
955333652
955336880
955352503
955367738
955395331
955406415
955422630
955424474
955429884
955441437
955493387
955506677
955520526
955524072
955525663
955528193
955550492
955557328
955569340
955576473
955577658
955594050
955604307
955627211
955640269
955653348
955660784
955667934
955682594
955688762
955741643
955750384
955767554
955799516
955810170
955824887
955838129
955841735
955911383
955915187
955971142
955987234
955992141
956006128
956006694
956016806
956083880
956084648
956086167
956090935
956111574
956123406
956132068
956141042
956141380
956142975
956147443
956165057
956165291
956167472
956170169
956186406
956214983
956215416
956222932
956223283
956225035
956231833
956236557
956241994
956252250
956259789
956264408
956265890
956266498
956266515
956271004
956297704
956302540
956310414
956313021
956321193
956325526
956331907
956342623
956346792
956353673
956379186
956380181
956393786
956413699
956429456
956436754
956437990
956439712
956442644
956450582
956455810
956456422
956464723
956468212
956476022
956491535
956498970
956516389
956523370
956544872
956550745
956554985
956561098
956564396
956574789
956575130
956582945
956607992
956608029
956624715
956631125
956633375
956640811
956646712
956649135
956671296
956679061
956680585
956685300
956688283
956700954
956703129
956706610
956713472
956720606
956746134
956749862
956762552
956765124
956772494
956777180
956785526
956812645
956813606
956824280
956835508
956843082
956843139
956850210
956855958
956867465
956869773
956887345
956893980
956900238
956912079
956924560
956928934
956931974
956932945
956937039
956951602
956952971
956962629
956963602
956988911
956994120
957007325
957008707
957021042
957038087
957039872
957044832
957045241
957049687
957056458
957067733
957080241
957082053
957082406
957084635
957090426
957111810
957131701
957132157
957141034
957149613
957152016
957171097
957196617
957229745
957238817
957242087
957244292
957253602
957256028
957262644
957278371
957281288
957311743
957319942
957320210
957341366
957348358
957366835
957371657
957397601
957425513
957430217
957454191
957460732
957469165
957474417
957483330
957484776
957485592
957486690
957497624
957500102
957502912
957505957
957513444
957514523
957549064
957584653
957585583
957590305
957597420
957600201
957624621
957625768
957628319
957643903
957665125
957666787
957668909
957680351
957684869
957685812
957692126
957703578
957732251
957732891
957752986
957764274
957777466
957810407
957834317
957844879
957854835
957864623
957868938
957880517
957886399
957899941
957901601
957914926
957924492
957925909
957929581
957932714
957944310
957949292
957955963
957967654
957971261
957976535
957980585
957993520
957996628
958014628
958015284
958025519
958032030
958034113
958036965
958039844
958040142
958050615
958060328
958061590
958065736
958066925
958067709
958075937
958090762
958114732
958124277
958134205
958139028
958147544
958174192
958195305
958201458
958216571
958218488
958219678
958227414
958238966
958258543
958272454
958314911
958339758
958352743
958355519
958360211
958360999
958364559
958385454
958390450
958391197
958410784
958434746
958439885
958452969
958465492
958471427
958477210
958482590
958486175
958491150
958509972
958521623
958523138
958533304
958581727
958592599
958596100
958606586
958608199
958620756
958628586
958633270
958635933
958655497
958655820
958656107
958681990
958684417
958698256
958708754
958708765
958711397
958719924
958739587
958744165
958768055
958772367
958780708
958780768
958788550
958819968
958824418
958850889
958853477
958871218
958876777
958879423
958890092
958892025
958907595
958918009
958936970
958945621
958995126
959000061
959000412
959000878
959008854
959011328
959014648
959025614
959027585
959040534
959057854
959074136
959079886
959103873
959108646
959113569
959114131
959116616
959132655
959141821
959143171
959173194
959179638
959206735
959213318
959228752
959248506
959262636
959268024
959303807
959314768
959315326
959331777
959366375
959376933
959394889
959401195
959404431
959406206
959407042
959431335
959440774
959462645
959464197
959465358
959497892
959499399
959510372
959516731
959520715
959523404
959542170
959552380
959557023
959566652
959575800
959601160
959613358
959620630
959637585
959654453
959659339
959665327
959677767
959686995
959690439
959690685
959698649
959713582
959715066
959716792
959718603
959741344
959753621
959754091
959758630
959806651
959820130
959821482
959823418
959827346
959828945
959843880
959880556
959896533
959920590
959920782
959927565
959942032
959942358
959955558
959958837
959963909
959972556
959978499
960044018
960052487
960057759
960083037
960086121
960114082
960152813
960153324
960163378
960186500
960193579
960197109
960237185
960245789
960246003
960246581
960251025
960256208
960287129
960319904
960334511
960362394
960367591
960384853
960394445
960397760
960401186
960402638
960407456
960414248
960415896
960445200
960447167
960453127
960460567
960473768
960476265
960478337
960489639
960506152
960512508
960531821
960532990
960541056
960546248
960551974
960560120
960570481
960590205
960591901
960603815
960608617
960610885
960613497
960617656
960618056
960621630
960636315
960647436
960663944
960670246
960689490
960709516
960715806
960717241
960724071
960724144
960726701
960743246
960749458
960752882
960754880
960768533
960777522
960786091
960814945
960834752
960838613
960847475
960866522
960873604
960875665
960888626
960890304
960890599
960897632
960904724
960915378
960924831
960948291
960952191
960954088
960954431
960956366
960967982
960982176
960986295
960991170
961013039
961016485
961034073
961054771
961059369
961059799
961062741
961074448
961086589
961088266
961090783
961098017
961101499
961102662
961116328
961133872
961155468
961157691
961161303
961182738
961233170
961237832
961249777
961299130
961308449
961320555
961327559
961352835
961363151
961366154
961367286
961379851
961413729
961421405
961422353
961423191
961428284
961433038
961449430
961458043
961470907
961475606
961476367
961482562
961489828
961528031
961531984
961534903
961544290
961558960
961567744
961568803
961569128
961589545
961592804
961596280
961606555
961626465
961628681
961630404
961637483
961652725
961658598
961661792
961672877
961682183
961683750
961684009
961685071
961689755
961689836
961709929
961720605
961727370
961735543
961761768
961764717
961780869
961780879
961785375
961790368
961798421
961803405
961810527
961832907
961840625
961857841
961862817
961868605
961875874
961892162
961895821
961920805
961948098
961949730
961962620
961987767
961999313
962010314
962016633
962020397
962026932
962029449
962044493
962056491
962061712
962065617
962065855
962067151
962072645
962082423
962102813
962112744
962172353
962179756
962213319
962213382
962218805
962223620
962230957
962235828
962247954
962248023
962256156
962256291
962260513
962271666
962273966
962295688
962307644
962310038
962313461
962331100
962338605
962362459
962368361
962371510
962396570
962419005
962420835
962425936
962482013
962492858
962500560
962502265
962502456
962534257
962540192
962549068
962559332
962567456
962569716
962610514
962616102
962617352
962621983
962630169
962632998
962694211
962722821
962723001
962740641
962744219
962768757
962773880
962809053
962834010
962838107
962851000
962857608
962858135
962885671
962895245
962909146
962934751
962951837
962959582
962979429
962992747
963004962
963017925
963022150
963043447
963045048
963067073
963072394
963077982
963085181
963096254
963099582
963106850
963111464
963119999
963133272
963143620
963145531
963146449
963162737
963164400
963180659
963249238
963254753
963257782
963271538
963274620
963278409
963297311
963304843
963313594
963331628
963336260
963356738
963356802
963399158
963421064
963427947
963445270
963454573
963460151
963493247
963498684
963506763
963516594
963531904
963569265
963579267
963596879
963601273
963626444
963628269
963647413
963654942
963662830
963663045
963678943
963689161
963695353
963699875
963702052
963717972
963750229
963759794
963765895
963766397
963772790
963778905
963820070
963821364
963823493
963843980
963859002
963913626
963925026
963933489
963951439
963953442
963957543
963977423
963999077
964006623
964017308
964021325
964050470
964057315
964063761
964085868
964120252
964123328
964133107
964134948
964137467
964170703
964187542
964202611
964203708
964209717
964219087
964224351
964258604
964262530
964268284
964276187
964277163
964290887
964347487
964352877
964357544
964357749
964361502
964371879
964392902
964421903
964427177
964433809
964447397
964448304
964449417
964454092
964454101
964466104
964482474
964482630
964487993
964511103
964520867
964522803
964534976
964541569
964558015
964590690
964608781
964615962
964650759
964653180
964662820
964663893
964671099
964703707
964709299
964712460
964735406
964755299
964762197
964764221
964775013
964775330
964777084
964816333
964820803
964820877
964822281
964848946
964867232
964875738
964890931
964895999
964906178
964914582
964915594
964920178
964930887
964948485
964964764
964976165
964982177
965005794
965021707
965024226
965032957
965035074
965048168
965050355
965055807
965057194
965064103
965071052
965076138
965080483
965084384
965095310
965103288
965117073
965119662
965134578
965138226
965145241
965170667
965172691
965181550
965203577
965203703
965207723
965210176
965219624
965219669
965236003
965244260
965258216
965269324
965270490
965274325
965277002
965277390
965281485
965287182
965298536
965298939
965302039
965318882
965321997
965328493
965338537
965341276
965372508
965404522
965414888
965425251
965436314
965441161
965450146
965463858
965464608
965484438
965499658
965509926
965521515
965529469
965535583
965536226
965544787
965545162
965576607
965602749
965612011
965620619
965629900
965644997
965647356
965648161
965658278
965671857
965681533
965683466
965692452
965696227
965709393
965726228
965727804
965729576
965738226
965766958
965769513
965782469
965790320
965796952
965808209
965814712
965821460
965841358
965855179
965856032
965876305
965880351
965886729
965892309
965902176
965902312
965908547
965943014
965946467
965947399
965960211
965976928
965977376
965978217
965981370
965982224
965989677
966002847
966027568
966054621
966055118
966065736
966124417
966130795
966148867
966170569
966179958
966190603
966199790
966204379
966206933
966221215
966229728
966230009
966237799
966252990
966255389
966265861
966284058
966290498
966294394
966310538
966319049
966336888
966337776
966338974
966342314
966346223
966364572
966365357
966376381
966395542
966395864
966409254
966412849
966413579
966437563
966469096
966469537
966510934
966511161
966513577
966555172
966567972
966568737
966572837
966579820
966594304
966594815
966606748
966613944
966637712
966643861
966650700
966651925
966659280
966661745
966681970
966685137
966694940
966712988
966723898
966723958
966732817
966752444
966774634
966778028
966783513
966784048
966784531
966785449
966801343
966804764
966811294
966811613
966812148
966821448
966822436
966823336
966829286
966831237
966843403
966849135
966865102
966868038
966873573
966886343
966894542
966898188
966899653
966908400
966929685
966966892
966981089
966989971
967009175
967024606
967028492
967079733
967117959
967120888
967128691
967129602
967140075
967150099
967157823
967162587
967167887
967180934
967185683
967190624
967228195
967231159
967233456
967234741
967237170
967244569
967251659
967266517
967269858
967289950
967304986
967318471
967327260
967342525
967343532
967346391
967401822
967408657
967413946
967415685
967421817
967424589
967438278
967455556
967458650
967499854
967523130
967531240
967536019
967539993
967544184
967545951
967565560
967592352
967592905
967615772
967619158
967628136
967654849
967661486
967662922
967677142
967686861
967697503
967698255
967702577
967714139
967739799
967747473
967762767
967767920
967779393
967792370
967809865
967815405
967817338
967825009
967835737
967841579
967842114
967881862
967884880
967887793
967920823
967948304
967959914
967963798
967979008
968035405
968036596
968040929
968046355
968066763
968080733
968081099
968083774
968109356
968110349
968113892
968115320
968119579
968120884
968122472
968126890
968127864
968130372
968159960
968163838
968176404
968179717
968234116
968281315
968286534
968312293
968315789
968331289
968341286
968349052
968353721
968389329
968398622
968400355
968404334
968423191
968451571
968460885
968464611
968475116
968485264
968486536
968504172
968504374
968521333
968557612
968586002
968596881
968597944
968610235
968619251
968623223
968649174
968660940
968661751
968664372
968671396
968686752
968703160
968705618
968717492
968732715
968747342
968786585
968795155
968798051
968803700
968811738
968812684
968812900
968834031
968850459
968862116
968867265
968882923
968895323
968901948
968908506
968927501
968935021
968935126
968937518
968941106
968947955
968948205
968955481
968971520
968981645
968988271
968988606
969009130
969009993
969012348
969014831
969015715
969024596
969029890
969036155
969036251
969046907
969055533
969071160
969079228
969103407
969112132
969128055
969136579
969138481
969143629
969145427
969166868
969174440
969179986
969191729
969214842
969217742
969220623
969223320
969240827
969250688
969253083
969254640
969265452
969275157
969312478
969326303
969332181
969352591
969353418
969365540
969373156
969395075
969396992
969401716
969428699
969434673
969466303
969477215
969510233
969522355
969522450
969539111
969564663
969570293
969587834
969594712
969614500
969623037
969623102
969626983
969633994
969639078
969641559
969654216
969660810
969662061
969693784
969699465
969700737
969726709
969736110
969747099
969755573
969761915
969772595
969787273
969791104
969799118
969821298
969827225
969830476
969850616
969859102
969865083
969867465
969872701
969874724
969882981
969885595
969885793
969897389
969898433
969919472
969923608
969928659
969939788
969945947
969947898
969970090
969984114
969994227
969994302
970005562
970020587
970030758
970050143
970059792
970061744
970077540
970092398
970095788
970096796
970102534
970138223
970154697
970183348
970188910
970190271
970191967
970197705
970213032
970242814
970252916
970279025
970283705
970290464
970306343
970307550
970308885
970316707
970319297
970328507
970341430
970346680
970350131
970360482
970363242
970376189
970396890
970398903
970399178
970409353
970409842
970422539
970438726
970442045
970442684
970443957
970444677
970457583
970473518
970485863
970487350
970489112
970519955
970528020
970531844
970535295
970552069
970558370
970571565
970579212
970604733
970607435
970613161
970617155
970630300
970661376
970680737
970687306
970696826
970710938
970717397
970722581
970730848
970754237
970775251
970777244
970795082
970799652
970810226
970836978
970837161
970843444
970867115
970877979
970890763
970893930
970912607
970914689
970937849
970974804
970980259
971041375
971043012
971060336
971076357
971088163
971102293
971102331
971112127
971131391
971133427
971157348
971173137
971194803
971198129
971209390
971235668
971240050
971249606
971262445
971263290
971274149
971275140
971277395
971280935
971302278
971326758
971337120
971357620
971364397
971381519
971387140
971388413
971391701
971394795
971412947
971417886
971418229
971419541
971420348
971472666
971512000
971541767
971551732
971555022
971566158
971566867
971571430
971572544
971585302
971603568
971609236
971614619
971628048
971631509
971638776
971650180
971650349
971685616
971698225
971715596
971717317
971718364
971724557
971728114
971749768
971766329
971772515
971807041
971808299
971827672
971851249
971867091
971871618
971882496
971885960
971902204
971908622
971908994
971922612
971923556
971935415
971945393
971957469
971969704
971972881
971974155
971983003
971990665
971991083
971992589
971993658
971994186
972005149
972005815
972007337
972036514
972042145
972053037
972068804
972075435
972076024
972081681
972088321
972096699
972103996
972105761
972107752
972114549
972116766
972120354
972122222
972122646
972125583
972153969
972154787
972162539
972168162
972172698
972190098
972203757
972204004
972235467
972251409
972251699
972262361
972265356
972267733
972271134
972312605
972325144
972327279
972327895
972345834
972372408
972381931
972391816
972393320
972399772
972427582
972429691
972429903
972433624
972441887
972449702
972458475
972471354
972473851
972487646
972489542
972512616
972514771
972517314
972522903
972528679
972542653
972562792
972587851
972588480
972593400
972599015
972614885
972616200
972632222
972671113
972693329
972698083
972709445
972713436
972724273
972733871
972737507
972741851
972745967
972753542
972766837
972806585
972824144
972844824
972868243
972872872
972890497
972915614
972916119
972931299
972948066
972951593
973000325
973008226
973065684
973095707
973102513
973109430
973115082
973118189
973126005
973134155
973137416
973138687
973140171
973141692
973145707
973172528
973184195
973184735
973194901
973195081
973196795
973209080
973210421
973210850
973238030
973244038
973246023
973247880
973279142
973287667
973288633
973295262
973300610
973306540
973307500
973314067
973315162
973322266
973333467
973336942
973366416
973369000
973413171
973416992
973428880
973432061
973434087
973439298
973442687
973446153
973449120
973449500
973454650
973455644
973457528
973473230
973480664
973516641
973517179
973518540
973531562
973540086
973577256
973593250
973595479
973602470
973605375
973617916
973620696
973637374
973639897
973643982
973648712
973649317
973653106
973663237
973672904
973695938
973703165
973705643
973707049
973711383
973725079
973726579
973728400
973729209
973736914
973738839
973761902
973761997
973790591
973797424
973801887
973809269
973809466
973813036
973824763
973830167
973849486
973865006
973873584
973919543
973921720
973924124
973925892
973926518
973953560
973957030
973967523
973979335
973980251
973982247
973986057
974006217
974027154
974029237
974066629
974093838
974108340
974116444
974120770
974135236
974142388
974146617
974156257
974160913
974168652
974183948
974193056
974199719
974208773
974224116
974225055
974227634
974256004
974280400
974301848
974311424
974331464
974334734
974338606
974344302
974345167
974351230
974360181
974363627
974376772
974383325
974395460
974405361
974409345
974412668
974414767
974416897
974435153
974444723
974446238
974449428
974454585
974478389
974487881
974488652
974489860
974493776
974511501
974513586
974524269
974526393
974545044
974545389
974573919
974578208
974585807
974593914
974606855
974648342
974650515
974651359
974653405
974657057
974665899
974666668
974668429
974681068
974691375
974693510
974729707
974736647
974775959
974777555
974780630
974784359
974821269
974847375
974848967
974893011
974921761
974937596
974939203
974944268
974944402
974956202
974961049
974981963
974983537
974989375
975007823
975009203
975013148
975014937
975017150
975031679
975037471
975038201
975044168
975055211
975063885
975066047
975072241
975077136
975077502
975080573
975087701
975110880
975119761
975132046
975145902
975146974
975154288
975185208
975205077
975214134
975244867
975245050
975247921
975249196
975256405
975259974
975275469
975286446
975287036
975305591
975306611
975308366
975314046
975328267
975340890
975341565
975348913
975364717
975392696
975395688
975464391
975465593
975491899
975497935
975561728
975566036
975568092
975592137
975592551
975598881
975608768
975649427
975656053
975670539
975691880
975692775
975696111
975711683
975715803
975728601
975731181
975736415
975736922
975738552
975745128
975747502
975751853
975777286
975778506
975782911
975783747
975792215
975798489
975801537
975812556
975844780
975853472
975858315
975858596
975880499
975911294
975916751
975921409
975923030
975948981
975958516
975970396
976003863
976030535
976030719
976047011
976047896
976059782
976075648
976088173
976112640
976112840
976121070
976140871
976156219
976166177
976172464
976200807
976217311
976221946
976225166
976263710
976264628
976266081
976272267
976272766
976281136
976305749
976320143
976320635
976328762
976334048
976339497
976344348
976351079
976352777
976370268
976377297
976384792
976384830
976401870
976413964
976415727
976421151
976422782
976428142
976448034
976452015
976467690
976468026
976468197
976475020
976479979
976495004
976529941
976540253
976540542
976563003
976563342
976564884
976578371
976578940
976591326
976615769
976664252
976680055
976685032
976694543
976706145
976731884
976745953
976767617
976769433
976787914
976794603
976804696
976805147
976807660
976825586
976826207
976835106
976844488
976855202
976869270
976914647
976919432
976928560
976929849
976931342
976932138
976942849
976978082
977005129
977008311
977020980
977034591
977035023
977039664
977048397
977048451
977050570
977069880
977090634
977109093
977111377
977121158
977143936
977145060
977148078
977167682
977174544
977175674
977178117
977178694
977200501
977213654
977225218
977233714
977250768
977251347
977254415
977257721
977261721
977292278
977294704
977301529
977315277
977328351
977341470
977352914
977372517
977387371
977398807
977411077
977442086
977449261
977450414
977452373
977457948
977492803
977499068
977501847
977502590
977511639
977536686
977545356
977551870
977562886
977566885
977581633
977590031
977599379
977618220
977641093
977660855
977678624
977684718
977695272
977699518
977703944
977705450
977738003
977744715
977747566
977750215
977756758
977758722
977765054
977789377
977790129
977790853
977805879
977806474
977808832
977813247
977826887
977828756
977869915
977878703
977879218
977884212
977886233
977890265
977895713
977896781
977908594
977923875
977936518
977947435
977961859
977967357
977979260
977994836
977998344
977998442
978002012
978011378
978047937
978057715
978058342
978071718
978076769
978105305
978112310
978121615
978121654
978126990
978135899
978139422
978140895
978149770
978154648
978163020
978165208
978183484
978195022
978202393
978205698
978207354
978246289
978248273
978262009
978269479
978275967
978284802
978296106
978300855
978307409
978331953
978339190
978359859
978361543
978362618
978378680
978389496
978403738
978408517
978419741
978438055
978479299
978524783
978528649
978529377
978540311
978542495
978562708
978583325
978586518
978591816
978593435
978593523
978643133
978652090
978668314
978674277
978724262
978726342
978727299
978739774
978747976
978756130
978762880
978772994
978783268
978787278
978788979
978804071
978813948
978830248
978848481
978864005
978867521
978873930
978886723
978900493
978911998
978931537
978936257
978943388
978958510
978959645
978965768
978976821
978992299
979003492
979004492
979024563
979029010
979044085
979047077
979056672
979063679
979069974
979073214
979087269
979107755
979124437
979145051
979166287
979169210
979178506
979191379
979191442
979193455
979196245
979200678
979224845
979234378
979241425
979247064
979264037
979275037
979298004
979301280
979318950
979321388
979347576
979350096
979363679
979368234
979388344
979388647
979406318
979412252
979420615
979428785
979474897
979492185
979497349
979497401
979503122
979510987
979528114
979532087
979535820
979546997
979554215
979570724
979578465
979578777
979588507
979591856
979594901
979603067
979618542
979643156
979650828
979662425
979669921
979674174
979693954
979696108
979703786
979719945
979720750
979769518
979787602
979803778
979805769
979810146
979852706
979860906
979861496
979871443
979875783
979889601
979899522
979913847
979934016
979934962
979937048
979938190
979938435
979939639
979955395
979955741
980000127
980033383
980042778
980051714
980056467
980056696
980068732
980097952
980098483
980099850
980106816
980106914
980115572
980129290
980140339
980154647
980159341
980188611
980190182
980196863
980205874
980215743
980263401
980275349
980280360
980297504
980302997
980307092
980337632
980341097
980346537
980348665
980382933
980397883
980451830
980458395
980458926
980461022
980463205
980468157
980492958
980530494
980531183
980538469
980541511
980564283
980568639
980621274
980632438
980639611
980687156
980691575
980726874
980727254
980733271
980738034
980742946
980757414
980765807
980768518
980805137
980816774
980825939
980870477
980873652
980883140
980888029
980888763
980915948
980946943
980967307
980976577
980981418
980981720
980998959
981003978
981005316
981024669
981042950
981044015
981047837
981056736
981057652
981057692
981058054
981099287
981104279
981104465
981144129
981152839
981157695
981157836
981194998
981232918
981247754
981248918
981283071
981296048
981311806
981341062
981352646
981366567
981399677
981418135
981422631
981429453
981431379
981439936
981457944
981458634
981459819
981474119
981475763
981480472
981483438
981536342
981591356
981596928
981620679
981625156
981625376
981635640
981636339
981639638
981659844
981676276
981690043
981707535
981719034
981726562
981744792
981750126
981754865
981764298
981772031
981776285
981802385
981804346
981815435
981817015
981829235
981835430
981839846
981840043
981852552
981855288
981882775
981892320
981897392
981901099
981906609
981909834
981913871
981917032
981919912
981922342
981922703
981937969
981945961
981950229
981959780
981964207
981971956
981981048
981990889
981997531
981997643
981999326
982000862
982007898
982015174
982016600
982038012
982039417
982044243
982057643
982075352
982075786
982107479
982111254
982128619
982133038
982158341
982172016
982177050
982177341
982181567
982185539
982187687
982190002
982213819
982223371
982226462
982229764
982230925
982243920
982270928
982285187
982294039
982298616
982312910
982347889
982349294
982369950
982388965
982390820
982391650
982392922
982410177
982411891
982430422
982433503
982446826
982446933
982458013
982476183
982517081
982550538
982575786
982579299
982582917
982614262
982615746
982616406
982620175
982637550
982638836
982639860
982649627
982669014
982681364
982685597
982692001
982702853
982744543
982750572
982762238
982763440
982766691
982776369
982780234
982789319
982798273
982814887
982834341
982837057
982837302
982845385
982850902
982855599
982867191
982885915
982886019
982888169
982890335
982894770
982937857
982937892
982946713
982952510
982966547
982986375
982988950
982997215
983001976
983036930
983040200
983045473
983045927
983047346
983071763
983075308
983075939
983079781
983085824
983092281
983100879
983116302
983119857
983126326
983149228
983179833
983192985
983202390
983205733
983211896
983240101
983240694
983264352
983275952
983283973
983291589
983302786
983307241
983317263
983339947
983348998
983356922
983362984
983371103
983371745
983379070
983385851
983402714
983417760
983420395
983424981
983425039
983437426
983446519
983446698
983492118
983492198
983519988
983569414
983573627
983582351
983585808
983587638
983589220
983598890
983599281
983599872
983604599
983628738
983649800
983656090
983669666
983675070
983690174
983697578
983699832
983717939
983728791
983748407
983780856
983793424
983803178
983811794
983848788
983865641
983875056
983880296
983887087
983887585
983901128
983908070
983911640
983917804
983926297
983929420
983945522
983971044
983971104
983973263
983973436
983985508
983990698
984051232
984059679
984077245
984080756
984086020
984092702
984107892
984121609
984123480
984129445
984138316
984142417
984215547
984216643
984223910
984246986
984269521
984271640
984289979
984301808
984314121
984318700
984328277
984330777
984347196
984382323
984406021
984406161
984419421
984420476
984421815
984451369
984463921
984483796
984493974
984494566
984502583
984503499
984510582
984513296
984518593
984525564
984526476
984551088
984553822
984553844
984557151
984559780
984572741
984577317
984595273
984597011
984624252
984626433
984643005
984656990
984658421
984662367
984668522
984668806
984682789
984684232
984686364
984703016
984707554
984711937
984712041
984712799
984717471
984732597
984732821
984735033
984740433
984752807
984768364
984769278
984788372
984795234
984799274
984805631
984814509
984825088
984834127
984854942
984881298
984891940
984902606
984917053
984937822
984978808
985001216
985003800
985015316
985016561
985027324
985032498
985046464
985071754
985077174
985088046
985096228
985103605
985104667
985121001
985121787
985127499
985135276
985143692
985143697
985146377
985156549
985183459
985184905
985193431
985199692
985204684
985207825
985210747
985227995
985240250
985240611
985283079
985289952
985290126
985304508
985308747
985321065
985323113
985335792
985350996
985356708
985385373
985402415
985411532
985416801
985418390
985427133
985432885
985433916
985452671
985458281
985460198
985463171
985474976
985479133
985492358
985523278
985536530
985538491
985566909
985584036
985590079
985602886
985610080
985621473
985629823
985647861
985653348
985666089
985686974
985728649
985739661
985739910
985742494
985745019
985746567
985794269
985798542
985798866
985807837
985816040
985823712
985828465
985835207
985854693
985887360
985889931
985915933
985920155
985938739
985944700
985949632
985968913
985972162
986002522
986013763
986025615
986038059
986041002
986063045
986067216
986075550
986082967
986117077
986131484
986135785
986139248
986165530
986166243
986217437
986223351
986233549
986237085
986242469
986250308
986266012
986270457
986278963
986285890
986313981
986325054
986334031
986347642
986353977
986355577
986372465
986374390
986378292
986378415
986383484
986393315
986398086
986400428
986402682
986414313
986424321
986443817
986451769
986463804
986466359
986468747
986469859
986475446
986498424
986515152
986517329
986523347
986544333
986549610
986554636
986557602
986559543
986561223
986565135
986573236
986586200
986621569
986628025
986635364
986649582
986653841
986656524
986660458
986686445
986724234
986740790
986756424
986757510
986788467
986804514
986805709
986830988
986861509
986899493
986920316
986926473
986931513
986944510
986949913
986953893
986961202
986970775
987013830
987035985
987039883
987047486
987052910
987064141
987083740
987096135
987097077
987103546
987129592
987135824
987147278
987149914
987161326
987175213
987176772
987198423
987199921
987214449
987228916
987235453
987249812
987265436
987267089
987285695
987301749
987304271
987308214
987312012
987317359
987331564
987333854
987340257
987341566
987351626
987355858
987358056
987366345
987383756
987393256
987396406
987406673
987407922
987408824
987410225
987410638
987430752
987465359
987465626
987470244
987518980
987521672
987527129
987533291
987562817
987613651
987619268
987624486
987628617
987633973
987644348
987645362
987648055
987678434
987709051
987710553
987713217
987730256
987739091
987746328
987749126
987755093
987771326
987775223
987797755
987806854
987821961
987833470
987846251
987852979
987866806
987870939
987910752
987912273
987914389
987919859
987928400
987935564
987959757
988004387
988027629
988027724
988031034
988047152
988060465
988065783
988073210
988082474
988088617
988099181
988101739
988103377
988127508
988130595
988135806
988159675
988171641
988198617
988203575
988216201
988223000
988224504
988227957
988240001
988245184
988247823
988265185
988271940
988274576
988298471
988300368
988300449
988301333
988305202
988312997
988357419
988360594
988362229
988364226
988366185
988368330
988382410
988390865
988412527
988414427
988419381
988427188
988437109
988437842
988452876
988463123
988476858
988479889
988530691
988532320
988550060
988552489
988594898
988595793
988599624
988601729
988606049
988613653
988618639
988660765
988675721
988681842
988691175
988701546
988717056
988731601
988734992
988772426
988773993
988780513
988786838
988787247
988789117
988798392
988815996
988824149
988826032
988838994
988844844
988864475
988874400
988876156
988877114
988884458
988885015
988903427
988931428
988936843
988952126
988956951
988999899
989011017
989011762
989031135
989033273
989043031
989052099
989056092
989060994
989063980
989093185
989098189
989105499
989129630
989135730
989150786
989162959
989197264
989218065
989223465
989232342
989253406
989278698
989287533
989291830
989309063
989313195
989313995
989327402
989354702
989360141
989365758
989379231
989390724
989398402
989399728
989408697
989424340
989425991
989426677
989428354
989435837
989451257
989456318
989460117
989468509
989480979
989481330
989481425
989491668
989492332
989530045
989532507
989541889
989556112
989558168
989560759
989585314
989586494
989588337
989595595
989625022
989631169
989656435
989661059
989714995
989739471
989746166
989752892
989773898
989776742
989779196
989785621
989786866
989787689
989811952
989824449
989830521
989840807
989856073
989865006
989898156
989903863
989904576
989917110
989924945
989952586
989967432
989982919
989998861
990010224
990022525
990026684
990046117
990068357
990069029
990086446
990088151
990093735
990112628
990118158
990118274
990133831
990145930
990213538
990234634
990261661
990273535
990290368
990291821
990310154
990335704
990346055
990350396
990365088
990368577
990375339
990381760
990385863
990391252
990420361
990424341
990431481
990443969
990461894
990469316
990472223
990472956
990474745
990480832
990507406
990508968
990526359
990528004
990529376
990530378
990537101
990541543
990565644
990577824
990596335
990602473
990610941
990613794
990616272
990630666
990642092
990646828
990671297
990671992
990722019
990774570
990777328
990788990
990805966
990813646
990815747
990828263
990831151
990841970
990850618
990873823
990898687
990917884
990920018
990925046
990925775
990929375
990931668
990934236
990936780
990937659
990937778
990942376
990967241
990974595
990992224
990995874
991012088
991037139
991042875
991056239
991068724
991089480
991096365
991121289
991124639
991150943
991174258
991174995
991177192
991188541
991219592
991225240
991227972
991228949
991238565
991241767
991253767
991271667
991299353
991300497
991343857
991367800
991369258
991380217
991411354
991435435
991437649
991446160
991469572
991477691
991481338
991519491
991531891
991541825
991555762
991565475
991570720
991580588
991581307
991587907
991604326
991610617
991610667
991630211
991647066
991675266
991681924
991686987
991690270
991703300
991725180
991727878
991736247
991736930
991750038
991750230
991757246
991759370
991761168
991775643
991782491
991796725
991797016
991808713
991842239
991858942
991873614
991896290
991907446
991908161
991911819
991930248
991931783
991943799
991957567
991979258
992007830
992011865
992012949
992019629
992028340
992063154
992076658
992077775
992095486
992104071
992108744
992142511
992154445
992162786
992174050
992175610
992177213
992185777
992204418
992214407
992261880
992265460
992269204
992277641
992279656
992296294
992312734
992315418
992321365
992341468
992359269
992359683
992381776
992394224
992402742
992417075
992435442
992466787
992470965
992477352
992481073
992482799
992483948
992484561
992492429
992507642
992514621
992519488
992530142
992537896
992538527
992538766
992540311
992567020
992573702
992578320
992586449
992591075
992591848
992614045
992641569
992641849
992654154
992690852
992694594
992711176
992715923
992723788
992724849
992736729
992743437
992756931
992757255
992758048
992760249
992760465
992761596
992764084
992772081
992800715
992810179
992817708
992838714
992850389
992857684
992865052
992884991
992890510
992891541
992901297
992904131
992904329
992908103
992938298
992941150
992944337
992952668
992956797
992962755
992980308
993003716
993004050
993005420
993022308
993022894
993032031
993038865
993156754
993163217
993170944
993180197
993209555
993235396
993241732
993250595
993253953
993258767
993264365
993266410
993280337
993298386
993311026
993311864
993314907
993325239
993349570
993354133
993392936
993410657
993415817
993420744
993431011
993446769
993471460
993478659
993506554
993512444
993560332
993577479
993586460
993586599
993587821
993596089
993598653
993613114
993614974
993624145
993631257
993631299
993655346
993673810
993681881
993683452
993685012
993698765
993701934
993707715
993709697
993715710
993774400
993796284
993798929
993830207
993830817
993847429
993869028
993874121
993876455
993879065
993883887
993954700
993958609
993963926
993968919
993969326
993970039
993993555
993993886
993998161
994014902
994019106
994024011
994027285
994037917
994064488
994081894
994104163
994144811
994153718
994154917
994165269
994186444
994227007
994228933
994236396
994253079
994254340
994262826
994271854
994278811
994290895
994295264
994308688
994309854
994313393
994314559
994329536
994367971
994388373
994403535
994405882
994424887
994444746
994454158
994458099
994463776
994477885
994484012
994487785
994499677
994516266
994527625
994540810
994540813
994547396
994548950
994563620
994569725
994575059
994593028
994600184
994622849
994626295
994636006
994637569
994640979
994708368
994716419
994723409
994748358
994751357
994756103
994761543
994773219
994806047
994806289
994810579
994813462
994820719
994826802
994827313
994827712
994829524
994835163
994841512
994841680
994848179
994848878
994862210
994866709
994887998
994897623
994898843
994929920
994970404
994976755
994991491
995000479
995002844
995011960
995015438
995030084
995055952
995057515
995061347
995063138
995077815
995084055
995098979
995112828
995134925
995135534
995147622
995173530
995189346
995192803
995198668
995200678
995205267
995216661
995227094
995247180
995249993
995253431
995254970
995275050
995280220
995297258
995301844
995307406
995316070
995317410
995328305
995338389
995339579
995341722
995364360
995385665
995388677
995393379
995399562
995416148
995416380
995425039
995432579
995443980
995453303
995453822
995490723
995494350
995520843
995533356
995545854
995565224
995567197
995575449
995586457
995587378
995611479
995653641
995658863
995668217
995679319
995688913
995690342
995718884
995721132
995735570
995739342
995753315
995756003
995757013
995760827
995762439
995762792
995776793
995783923
995785375
995790716
995794964
995795365
995797076
995814853
995820044
995842661
995844541
995872171
995880092
995887763
995906500
995907012
995908929
995910916
995928228
995934609
995955311
996001511
996012306
996018825
996027887
996031068
996051695
996065657
996066368
996067143
996084555
996088703
996089350
996096764
996110516
996114268
996125107
996125405
996137251
996143967
996151992
996163204
996189294
996190728
996219975
996220619
996223748
996233504
996250369
996276532
996282334
996284413
996286402
996290523
996294225
996323326
996333243
996341755
996346461
996363560
996365979
996389030
996400920
996406995
996412517
996431410
996453840
996454845
996466688
996479677
996504599
996506484
996510967
996517242
996528728
996543137
996545165
996545678
996552232
996565072
996573330
996575460
996579269
996613444
996630670
996631705
996633376
996635417
996643594
996653033
996666868
996668834
996690301
996696638
996699857
996708681
996713942
996722646
996733913
996745260
996752693
996766251
996778210
996786865
996790860
996798056
996805837
996814313
996815646
996831743
996832548
996837523
996855208
996876815
996898179
996931159
996932000
996958389
996975216
996983908
997011500
997017250
997033827
997038144
997069020
997086246
997087847
997092553
997095132
997097758
997127379
997144568
997148072
997150117
997152542
997159120
997161409
997162011
997186007
997203953
997215888
997224466
997229899
997237967
997245093
997274228
997276944
997277623
997278993
997289396
997302155
997305033
997314399
997314938
997315336
997339609
997348974
997408358
997430116
997436582
997441055
997469287
997473591
997476536
997495865
997511728
997531545
997538986
997541700
997552933
997565202
997599691
997602127
997608238
997608475
997610892
997628092
997631720
997634060
997650311
997654683
997659599
997663210
997674160
997678660
997679826
997680246
997685617
997689238
997706914
997727171
997729103
997730768
997730813
997735757
997741168
997754853
997759221
997773222
997781795
997784238
997792580
997796656
997825077
997832639
997833889
997837070
997840455
997849170
997853448
997876264
997881933
997920958
997924928
997931743
997932990
997943893
997960605
997962959
997975120
997990172
997998744
998006418
998021773
998022611
998042383
998050597
998059936
998064971
998098669
998118643
998118844
998124441
998127644
998132317
998150003
998155922
998158480
998176287
998187556
998187874
998193331
998194708
998198023
998223365
998244656
998249215
998252295
998252879
998255869
998269796
998282284
998289502
998320241
998321594
998352957
998366556
998367990
998370674
998384540
998386201
998393319
998422743
998423060
998436165
998439196
998446763
998449027
998451065
998470918
998480338
998497226
998503023
998516004
998516986
998523730
998539147
998550972
998557624
998558312
998562757
998580361
998582625
998601967
998602605
998618272
998620086
998635805
998664768
998676264
998682178
998687188
998695867
998706207
998708492
998749993
998751050
998754048
998761291
998775662
998780974
998788274
998792672
998795189
998806558
998806569
998806916
998835650
998839220
998845859
998846937
998854792
998876275
998886866
998887842
998896817
998898588
998902164
998904072
998922135
998923354
998928879
998936019
998987774
998989380
999004208
999004677
999054753
999076048
999080761
999081626
999092580
999103420
999106320
999143914
999151610
999163671
999173553
999178818
999180825
999190215
999201590
999220970
999228030
999233279
999242226
999249238
999257723
999259742
999263598
999276058
999311734
999316464
999317103
999329341
999329959
999336662
999341178
999346410
999371744
999382799
999390182
999416654
999419245
999420160
999425385
999438684
999445255
999450859
999459970
999472735
999500548
999508280
999512310
999514099
999521633
999533679
999534366
999551923
999557942
999570600
999579912
999588046
999591693
999592728
999598519
999601891
999604514
999612076
999617860
999622013
999640019
999648301
999659107
999675180
999682711
999687850
999698425
999722745
999725634
999729725
999734053
999751685
999767136
999770410
999800701
999809380
999811591
999815537
999823705
999837925
999838604
999864824
999871486
999882510
999883558
999886673
999891010
999892957
999894990
999895469
999923138
999924812
999936430
999941016
999948215
999962439
999963428
999964122
999966166
999977438
999983687
999988981
999990377
