100000
21471
11965
7534
22253
20332
5614
5530
13164
33
29045
31056
26538
32399
30963
23998
16357
652
28469
31631
20209
23849
1112
6264
384
20196
9009
12045
30368
3615
11756
18650
16773
4561
28146
16047
30857
29820
15121
21307
13681
863
7639
23516
27378
19948
28990
27574
13172
18812
18319
13571
32021
23874
5760
5289
14065
27261
28319
31762
25505
9458
16884
11576
13569
20378
32226
31999
5430
12696
31823
4040
16624
22381
4101
17475
22253
29807
12375
16516
191
30840
2055
21850
6350
11739
27495
11228
29088
29596
31167
28996
8792
26592
28143
29953
31869
5794
25173
27911
3837
168
3057
21610
23154
3765
12487
6187
6819
17665
23941
1618
18766
19174
7782
13116
15909
6876
16214
18743
4118
28327
22359
30284
7119
15311
8995
27740
21378
21585
29459
10095
15333
32660
12351
28232
14974
8094
15591
16701
6429
13960
13330
11077
25258
24623
19572
10579
32032
5165
25237
7138
9434
17416
28208
30417
11534
10664
26329
9074
10647
23055
23523
18654
26103
28740
17281
28299
19868
25744
17707
11552
10594
25581
836
24967
22106
15292
10233
5700
22986
11702
14700
5894
30324
16421
30994
25212
10011
24148
21081
28266
8772
23876
7311
29180
19258
14496
13311
10842
13396
7155
11869
19836
5754
3097
11876
8000
25062
17652
6845
23738
19496
8032
15395
29131
32621
4968
1733
11509
20224
10938
4843
25965
5393
30552
2269
18290
7606
25233
1025
15070
17199
26672
12611
6139
8046
4595
11449
7831
30423
18238
25223
25435
16452
17681
30465
10072
28236
21048
31248
19939
24005
961
27095
25763
3463
9651
18582
29160
883
7165
18894
32062
692
20397
23206
1603
30533
31842
2445
23989
15027
29188
4385
5327
5669
7858
2639
30422
9625
29948
2492
16623
112
595
11364
3123
19245
18877
22402
7685
5754
14030
12207
4771
12140
15571
2893
5628
17671
30288
25638
7874
1797
22701
3153
24511
8659
20524
10838
25452
15325
22558
16529
1472
22539
25431
17372
16454
16779
10463
1384
31858
25810
10474
29676
24629
14813
32266
30722
18639
9149
20132
28621
26597
26962
29345
3552
14035
11095
8549
8027
13379
31646
15365
32087
8191
31133
1972
11653
10499
6186
27775
30225
16855
28803
3131
26829
3867
18065
17851
10635
9315
8814
30790
29642
838
8996
6983
9110
4274
28344
32327
17833
29826
25447
17689
29398
5971
28207
29780
31400
12947
10897
8711
8518
9946
12182
7847
29849
3198
11792
10828
31921
12898
17442
2589
19301
32526
10754
4617
12090
26629
7166
30393
3463
29522
9661
31682
10198
30565
13000
21022
20620
3357
2120
15069
21197
26662
3090
16920
4506
2437
31968
9767
8764
113
32737
16147
26086
11621
10101
31310
26262
15219
22321
16034
31548
17371
10538
19560
30494
20444
14448
28154
26747
11466
29912
3179
10862
18017
25599
31861
19990
31577
29579
6066
7924
8250
16564
30223
18068
9330
30980
23423
21360
3493
14426
11756
10001
15684
2101
1907
3959
13409
25647
14544
4027
18882
26568
20503
7155
1588
2405
30630
19542
6945
1689
16727
19361
10085
26018
12794
1209
15966
12343
8450
21393
25922
19329
16510
15694
31414
4455
24907
29609
15516
3854
18312
10133
24620
3232
9035
28450
28742
16973
402
17058
26118
24208
18813
21770
12186
16820
6586
19355
6480
4758
6720
6337
19699
4268
5696
32315
23384
18246
29272
31356
1076
1556
21259
9553
12336
17129
1902
16325
20800
18622
3107
31554
7472
22522
14987
15352
22144
7153
30776
23170
6001
6570
31393
10439
21344
31717
29466
15903
595
24668
14083
20152
10962
2634
14399
4663
15864
7722
25064
32162
31177
19137
11584
21629
17862
862
747
21811
15807
12129
15452
1208
24297
29434
22926
23917
2864
30003
16116
25924
22222
18225
4018
28452
21533
20662
30733
2959
20905
26091
31776
27778
16010
27229
7889
16540
10481
9541
29956
18819
2816
11020
30991
12676
23007
14
12909
25721
2828
22687
1462
28656
1010
6731
16590
11913
10174
610
14173
17056
30574
5557
896
9260
30762
15770
16063
17895
21464
13878
18238
5552
26603
12795
25911
23597
13947
22127
25767
16308
28059
30255
30536
28268
30951
11316
29376
13231
20828
15446
16152
31923
32621
23822
2415
4202
850
20096
3824
32422
6052
25273
5121
2689
551
23349
23485
5116
26343
16292
13221
17638
20870
4589
26514
1280
26836
884
12783
31070
160
3993
31780
4880
32206
8065
853
28930
16554
6936
13645
6433
2428
2902
22965
19647
2909
12738
23434
31801
8520
14645
18126
7639
22900
25569
20093
27635
19169
23185
28354
20062
26929
306
32619
29439
19130
29843
19099
22973
5337
5481
31678
22432
649
17558
31426
21810
14644
13483
1925
19500
24521
29867
10633
18510
11278
6162
18415
28559
23096
8213
32163
21878
17081
2604
32212
7624
601
10190
7335
12899
26760
9083
20524
4202
8178
22272
15761
28834
17749
22263
9877
20252
24719
22413
19264
5653
29692
20104
5073
28698
5630
30344
5881
1392
18653
6028
20550
10418
1234
14521
6882
14012
10334
8023
17533
11720
17120
16157
19592
16343
28007
32686
9124
25683
9669
31587
32602
11506
24549
6987
5644
25053
16734
13424
22315
10514
15175
2652
29611
15622
30286
23260
19124
30351
17668
22276
3739
11778
4219
11635
13840
14232
29459
2521
3481
32535
30097
11702
32063
1710
8817
1636
22150
19744
25470
25687
16035
24357
23967
14244
2282
6157
16116
30144
5510
21926
13089
3210
2156
9056
29162
1676
27794
8367
7169
17534
5979
9905
23067
28684
24662
28945
29257
3034
297
20011
18310
17604
12744
6768
30604
26730
21739
2828
2797
9452
18622
3015
27486
30194
12250
13353
5206
25328
18036
6114
12760
29352
6100
30313
8588
30704
10249
3554
2581
7093
26076
5445
31903
18496
30978
8637
21687
22968
16534
31566
19040
14312
5574
9403
27235
15683
9932
6823
26854
3877
32288
3578
576
19292
2539
7558
24076
12007
14271
21227
10364
6653
30854
26295
22001
5458
16569
4050
17608
15509
22739
25114
12662
12861
4612
74
12503
133
13097
9504
9411
2997
12796
18367
24291
31140
3208
24402
26050
12923
22241
2546
4135
24251
20753
6858
27299
1666
6485
21368
7014
13834
20106
19639
14422
19314
14050
21051
17251
20929
16091
13789
16660
3368
25714
24056
7526
7303
25235
4883
21207
21555
12501
20672
1982
13815
11108
7619
5597
10840
30526
12151
12345
24349
30371
23662
6954
28431
25030
8792
10926
14078
22473
17190
31490
31748
31720
15727
6004
18190
29429
9234
883
6551
21764
6429
23016
24503
26471
28653
30409
17245
13021
14999
24298
17624
18950
18055
23063
15517
21530
19559
29537
10820
12251
22339
21429
29907
17096
9962
10931
63
18580
4503
6588
15408
14038
10448
21837
4101
2306
9615
28812
18456
2200
24480
1825
26691
26011
21578
14663
1955
13125
49
11811
6555
7417
4219
4180
18460
26489
12082
14539
17188
4697
28393
31709
10629
11700
6563
19606
28392
14365
26352
10833
25361
6360
23897
3205
15973
2635
25342
16610
22441
2223
16766
28573
26380
6411
8471
14856
31336
31843
16143
10085
32453
9004
25426
21500
799
29956
22876
5739
6249
16544
28761
3902
29393
26630
18059
22207
12358
7420
25581
15631
26679
16832
26646
20598
26782
16889
20319
7672
17470
30702
4936
24617
5672
29174
10776
4162
7812
11311
10692
3443
7310
4723
4626
20091
2527
24200
510
20855
6894
9879
23645
15863
10454
12256
8128
27991
26714
22955
30107
19789
4646
13442
15527
20670
24663
6557
4740
25302
1342
22174
8355
4183
32609
16767
12387
23345
28355
18632
19066
27732
20326
21509
26007
6082
15629
2167
26694
26344
9286
17930
531
7470
1192
28807
8178
27341
10330
22795
32734
16864
29909
23480
10177
447
14570
1450
17300
27784
7174
22316
11975
6910
4789
30252
11491
25239
31845
25837
5486
25040
20077
4348
30479
9924
28749
20069
30194
9213
11575
4902
26990
26506
24271
1764
31973
18513
13616
15069
22508
32167
16431
7710
4524
21790
7651
502
29576
31390
29285
17066
20225
1720
3284
26730
27350
18230
23964
21636
19311
30199
8696
20184
23163
20986
26806
1932
12761
20152
21563
24833
3508
19895
15814
5637
10739
5724
7673
4170
3792
1
24213
790
4294
583
31109
7741
1969
8109
2334
27981
305
24162
11685
14088
29263
17240
27665
28951
11363
922
27155
7164
6453
24543
11092
6985
610
24159
13310
24079
26625
22245
13437
27546
10887
1318
8839
10331
3048
5457
25433
26406
19455
24295
27460
6814
25648
16845
30313
15085
9804
22944
16065
13240
17076
31560
21344
28241
31170
12496
29946
19503
31844
10100
7078
9628
16394
17404
2530
8366
18883
20809
4311
29816
13474
32046
27103
27777
30567
6017
18757
16502
11611
18289
3660
5147
26236
11033
13426
13191
17114
5462
27125
24465
23873
24022
28567
16006
18712
30578
9630
17693
10121
16574
27168
11180
6115
17118
11389
17307
1852
21147
23085
16665
9050
18358
2236
19727
29908
15995
274
29522
25716
6042
4088
16669
12256
10803
16344
10174
4473
23600
24516
30607
8068
5335
31674
1832
9864
15775
10791
23251
758
17731
21161
24641
15887
22806
21017
4731
29187
18582
8137
6682
14678
18243
22538
15803
11656
178
20466
13998
14581
13021
5724
15854
16378
17085
1583
25942
25945
32539
19940
4369
28127
1443
4162
9555
1860
32314
620
15430
30290
8337
11038
30792
28745
14330
10036
18003
9091
6523
5996
9404
13140
16417
7020
16929
11060
919
32263
2205
11552
7415
30396
26941
24381
28128
9343
31672
23743
15817
9661
18010
11785
24981
29082
16962
3093
359
22141
28621
29463
28855
16846
3922
18525
19622
13566
21008
6010
21646
3016
5988
10915
12510
30647
2624
601
7205
21737
13016
28745
8812
15378
20638
22896
27337
30147
4209
25474
16177
13037
29457
4493
18062
11937
30679
5081
9489
7449
24483
20244
30410
3068
7189
24235
22646
6110
16128
5755
29336
6918
32283
18345
15051
14709
7930
19662
24406
28196
24381
8536
4353
32140
11528
2093
7975
29035
17331
1425
6669
454
194
12361
28530
3882
1303
7680
13671
4664
30310
28395
5985
9313
29930
15529
6541
1517
6486
28781
9827
17730
3855
17502
6782
27491
7832
29758
17067
20919
15437
24906
64
1292
28501
11618
1967
23003
9426
4458
27994
5581
17242
29424
29865
21119
4779
32015
21850
32130
19354
16531
27417
6567
25677
8029
849
9593
27818
1802
15681
19210
3855
16079
12370
15603
2372
19623
19624
25750
12718
13745
10743
17830
23749
7635
14488
15082
14024
2724
2268
28733
26031
19849
7328
15834
1889
22814
30497
18646
24615
1495
24338
3310
19808
2535
1772
13187
20599
10336
3974
23523
17939
23452
6373
14538
7565
32477
21845
10025
9383
15152
21176
8741
15227
15255
28191
14435
1201
27750
9623
26243
26101
18926
15430
31466
27816
601
25782
26309
27350
28373
25968
8266
24681
10229
27597
31297
1180
14675
265
5316
946
14459
21913
19267
17639
17156
22206
17355
19623
10240
16987
903
3838
16535
11524
11399
18000
15342
11863
18624
8778
25166
10127
18004
25368
4994
22614
2324
13528
1152
13787
13635
24399
76
14373
6045
7643
12314
4519
20120
13225
11955
1300
6378
4136
27417
19828
27979
6078
7790
19576
16252
25785
22802
29450
5768
5256
27404
6185
22602
29995
11179
12788
28207
9960
25708
9476
10046
1600
25375
7679
31573
29217
30534
10602
5045
16989
24254
32191
15552
603
26017
11200
9474
17421
15722
10506
3439
7969
20314
26861
20203
12412
3611
30587
22800
11748
2724
19167
3627
25084
20572
16113
8327
9334
19586
28423
21743
8836
17612
25101
20078
2959
8526
15576
18265
30252
3486
28343
23439
4428
13622
3147
18432
30130
7961
19609
17260
11179
27834
23646
21613
14585
25
31650
18616
19216
19759
6544
12704
20869
23180
25221
2524
7363
13631
29799
26761
21760
23542
11576
25971
23919
25958
18411
4752
30647
26093
15222
11981
15269
22646
4136
30221
14109
3742
7997
12911
19031
27669
28848
29392
5192
28998
11088
2706
861
22842
19222
16027
24175
20153
4534
17312
23028
31923
25972
29091
3442
32223
4665
20666
23866
28578
8422
25363
11346
11314
14568
20533
27315
28667
16397
21896
21428
28226
11413
8216
28871
6408
15757
29590
13411
8241
3416
17056
16705
27621
12943
7233
12747
5687
25355
4796
29650
10244
19775
32645
3199
7454
7115
18577
22668
29610
22351
2767
7347
19143
6781
19959
31335
21617
19571
9602
7363
7844
21831
25337
12736
30660
227
15731
938
29244
1043
4698
18133
19302
22492
9069
28556
14763
24336
30219
9290
26091
2591
14254
8237
5150
27952
19382
6567
16188
31856
26216
375
11355
25258
22838
11735
14615
9753
29760
17911
26935
3962
8476
427
30606
1892
6866
4448
28190
24028
26411
16981
2436
12325
29996
13064
27536
24789
1245
11246
24883
22062
15439
28774
16286
29354
3548
7152
7336
31704
21425
24474
26224
25447
17546
13244
7748
9856
9661
20965
15042
14170
24186
2837
30013
9480
20561
20013
1635
30101
6388
29347
5660
26194
8511
7034
25269
1647
7541
18034
25405
24521
25293
23420
26927
8707
13869
20592
1362
984
30773
13570
13278
20143
21119
15091
5088
18544
18981
3716
11743
28567
23428
4912
3520
15751
832
22682
13287
25376
22665
23493
8607
13203
7324
26755
1212
12661
25484
12080
18047
29203
14914
25247
441
19206
28098
29269
9267
32263
22449
13557
16206
22276
21524
5884
19431
28787
17499
8622
25981
4582
17310
28241
16534
23775
28710
22936
24670
15334
28207
2914
20370
18394
2028
9893
24732
6021
3788
13732
14592
11634
25084
9833
11254
30723
15917
27503
10328
6078
14999
5279
15807
24552
5950
29821
31978
17749
16500
9636
14175
12158
11167
1136
25172
24532
28988
28922
8399
25428
18468
27977
14605
16988
17934
27590
31009
25277
2390
25073
20189
20497
12285
29523
5877
24143
16368
18611
26466
23196
25741
26509
22789
15972
9571
7616
5261
6314
31289
21895
9882
8604
24658
26026
24354
11371
21744
12790
16405
27481
22807
12266
16188
14868
25235
9139
24423
25154
24125
10587
25799
3677
10105
24125
10393
24257
6403
16060
20484
21763
6892
3124
27205
2437
20959
20273
14857
24391
21417
18911
11802
10752
1272
28354
19774
31342
1123
12199
6493
1258
18091
14555
11745
22079
18497
27802
7522
19132
30728
13002
21123
31624
16219
28906
30743
5686
19282
15941
11401
21145
31553
10347
1146
31450
6274
7137
8363
14791
15221
17688
23326
9070
452
32156
20344
11243
31212
6542
17066
126
26617
10580
11728
30433
18320
911
28761
1752
12083
11085
28009
521
30913
26241
6267
32270
21308
6320
13643
9417
8655
13804
20211
24311
19472
25094
10836
3336
25474
4096
14263
16943
16990
13761
18356
13749
1939
26636
1876
24210
5131
29363
1906
27966
27952
16648
21351
6085
10415
10901
23270
27674
17787
30733
13092
7341
5654
13442
29500
31551
8204
7895
12243
5621
5312
20345
23031
10924
18282
26186
1357
25741
17505
21726
22892
6113
28054
6378
12932
28710
16481
31481
13635
17506
10369
9569
23033
1463
1118
10102
13050
31800
16016
14589
29252
17915
8357
20964
29281
19567
17183
27184
18063
9200
16061
30262
5663
2457
764
29454
18203
29530
30172
5957
15403
26186
16615
31698
10681
1854
28528
20811
18004
6554
16921
30041
23122
24679
23448
31850
29370
5542
10938
933
15201
27620
13735
24355
17490
19983
10857
30812
13939
20872
22696
28895
15206
3705
30903
23879
7342
21097
25557
11370
24083
24846
8620
3795
22343
14178
28446
29299
4297
1273
8769
26259
26634
20369
4008
31757
16079
29931
21733
30140
14806
32473
11339
23857
21180
32153
11769
20391
16670
23649
8724
5945
32511
25659
18515
25683
27753
24851
14529
15207
22103
7438
16830
27361
25811
9758
26439
7516
13404
4564
26488
23574
7818
13173
26703
5537
30197
30799
12979
31964
14674
24141
7861
21538
479
14538
5397
30913
12546
14243
18952
17070
8492
25744
5432
3191
24068
2740
2829
30584
10178
15474
15147
16466
17880
27523
14396
14233
27864
18245
19695
13005
15250
21846
576
2444
4988
30818
23291
29445
20568
22841
26747
22448
8976
26149
7352
27453
5093
23674
32129
8906
28616
4206
7429
23384
9480
26411
31640
17536
21294
14115
14004
25442
4646
676
10558
16863
13471
16556
24843
7688
2483
10238
3491
11733
25035
12405
19525
19227
23229
16025
29995
7096
14136
11632
19982
2576
17762
10903
17901
8638
6335
6288
7691
9347
6997
27486
9271
27522
14862
13135
25167
26800
12381
18970
26375
23686
14116
22057
3047
5113
6870
6200
23699
17067
31961
14111
847
19811
17454
32236
24258
6331
339
16437
9466
12312
18792
22701
14257
22751
19602
30196
3535
26086
11165
10676
22064
24361
20709
28137
14246
20927
20598
5248
21058
23564
4978
21796
26063
18999
21171
27989
16800
22238
9394
1722
24972
25609
8871
22456
23606
16477
26866
12867
1682
19603
30394
29940
28836
5416
12500
4700
8075
13397
3046
8857
10431
4161
8652
13094
4759
18806
13882
18680
7694
28049
28323
18630
24006
16958
16730
14760
15949
15460
24568
5603
25504
30621
8445
7683
32749
16873
11450
25131
1949
4003
29038
30122
26258
27572
8879
206
6829
14342
18443
9469
22420
21052
7920
26369
6066
28832
21449
5028
15999
19292
22122
21117
12289
26094
19886
23305
403
3286
28254
32766
10213
23441
14677
1243
17988
24267
25826
29124
795
9937
30062
22925
1466
24133
18783
17941
343
14613
7228
16085
29010
20397
17681
7608
27326
14956
13333
9773
10012
341
29578
4731
11369
13320
12261
2902
13916
15856
2863
15791
17641
19133
16299
720
29705
20245
21945
20135
189
2438
28922
22626
8016
4032
30901
12605
1757
15361
8057
15768
22034
3792
3588
17485
13619
22766
13668
2112
22882
16778
3164
8248
19741
31924
15369
237
8712
17940
32709
28002
28653
29660
15436
16756
17665
13819
4638
19123
27497
21908
28452
9074
10236
2222
25493
17434
22091
11821
15899
16068
1502
1537
13106
22790
31937
14749
5073
30732
17216
18602
22349
4843
7406
11773
31866
7987
4844
20679
1555
11203
29543
5644
5724
7650
27235
9815
28165
17547
6071
15275
21074
13831
18009
3004
7801
11202
10460
8799
1100
20567
16183
16448
16407
13293
18888
4563
17356
23238
28057
21133
7517
6677
28129
12371
7274
14096
7886
819
31516
31815
30081
11602
3665
14644
22875
14117
16633
24595
6775
31716
24255
13812
12663
31292
29165
18702
11396
7493
14473
8534
28048
4531
29892
24400
7646
31568
7318
15653
31429
7850
11426
9719
24497
21256
8799
22385
12650
20643
24953
16802
3737
12051
2165
6411
27016
10248
30869
20214
28457
29242
5371
25610
24410
18595
32016
18717
14951
29163
17959
16969
26576
23588
30814
66
14925
8375
21189
25574
29968
1182
6851
8214
13898
18644
31413
11717
27376
24330
13271
17998
12223
22172
10088
22539
17278
5571
31497
10531
28291
13068
23655
7331
888
777
10265
19921
23903
11846
30668
30141
32468
25470
23453
20248
13970
31247
17094
27721
27961
6316
22397
13246
79
13394
21017
30336
20100
31613
1911
21771
22842
411
13980
26204
8004
16065
22939
21835
5358
14237
32185
26651
23870
25004
26320
9808
10362
6060
497
4288
23530
12885
27469
8173
26335
6468
2902
31890
26869
24632
3873
9852
3476
17536
16399
32155
16573
7860
32428
24921
8451
7332
25815
23082
21207
22414
21284
357
6409
6804
28030
6994
22156
28012
19217
6020
23930
14170
23911
27497
12119
3675
21200
31519
4762
1699
30728
1161
8553
5706
23828
16547
13733
24899
16749
12050
22054
397
2912
16384
2376
8109
20149
20518
12454
28507
9871
11050
21029
25724
26259
2092
29237
13392
26444
13468
25427
30445
29134
24910
11986
31980
3738
17872
31452
11618
15298
3579
4532
18
20046
17864
28221
26592
733
14181
29120
16777
400
28552
9962
6802
22819
23556
13844
25726
13661
14490
28360
26692
21675
15889
2688
3584
264
18312
3248
19689
4127
25100
25607
22403
11956
31334
12530
22550
31552
7478
21859
20830
13275
32070
12752
30596
31583
13336
13182
5453
31179
28865
6143
20882
23525
2298
2554
26864
30244
8309
31530
12224
3788
23149
24489
28745
4955
18817
11887
31029
15652
4546
19221
28738
26938
28939
15583
15674
10127
8593
22266
8485
17757
19130
13826
19901
22213
29747
14024
4386
951
12093
19025
27087
7185
27207
19234
5837
14091
8898
14266
30758
25042
26929
30305
21405
8563
27519
1568
20892
19451
31126
16657
18030
31964
14381
5081
7086
10387
30177
20082
28160
5000
22152
29230
13055
12342
18626
8440
31606
10379
31184
4573
9682
5778
15274
11980
5335
12367
4427
16282
16019
27371
21840
17993
10128
22801
11969
28810
7758
18583
18479
17024
19184
25441
31999
24263
26422
22402
28933
4021
12971
19109
18005
30176
30496
7340
25941
32736
12632
15766
2839
3926
12805
6822
4582
28461
19187
26305
10271
32543
23684
16921
26947
14459
22364
1288
3401
28710
1629
12862
8761
31200
13526
21535
1014
4297
1271
18791
1627
10532
2697
17680
1418
3930
32220
1397
20609
30786
6912
1719
8687
26271
311
13408
6981
2539
9899
24134
30223
31315
13405
29875
24453
30210
24158
20418
12893
930
3137
1548
740
7712
26064
5764
12621
19888
6142
27040
30281
21010
26141
28090
7640
16915
23377
21173
25694
17494
12357
10467
10745
17748
14620
26406
28690
20130
28587
7254
21810
25459
28133
20451
791
1629
27798
21948
17160
19552
6741
6511
11365
8484
24243
9361
8578
8322
23993
25696
3765
10566
20370
29351
8110
3379
132
26082
24327
584
3365
27811
29724
14658
11979
14388
29469
15714
11332
31358
29538
368
17095
31529
24574
15872
6955
2053
13974
1268
8023
17577
10356
11842
17402
7514
20951
504
6780
24878
31629
17277
16180
18288
6852
537
30683
25671
798
21175
5696
20627
32515
22250
29502
2328
16955
13615
5611
18654
27324
26226
23315
25303
960
31955
12517
24259
16155
18345
15083
23889
22732
30919
29248
1927
22738
12031
5629
3427
10049
2533
32756
30659
9876
10965
12705
20866
18501
18232
11613
27620
20379
12290
28629
16948
14020
29311
7611
16555
27171
30288
14779
29332
19947
15537
30385
23470
16877
9469
31257
210
6062
23155
8902
25557
11965
20282
10200
30384
11075
26787
9192
18910
31452
16559
24709
31238
7077
8401
30180
8410
22935
6644
4819
19775
30227
24000
239
18094
28093
15641
14615
8154
20622
28649
7200
23699
24613
2592
9162
12010
26718
16889
8179
3990
1574
27518
21515
13718
20622
19790
2248
12568
6174
12958
26139
11674
12395
24190
10594
8015
30699
17501
3039
24516
4617
10704
28009
32195
1909
5519
5985
17528
16574
12224
11240
15826
3874
30585
5455
13356
14245
29056
2511
30509
13408
13397
30587
26604
8220
30066
27762
4184
31
31697
20313
18904
24646
7087
31753
14126
30036
8080
6276
5537
14730
17027
13870
10587
14200
8103
4922
18704
30482
15086
4194
19680
16646
1825
11995
25727
11341
3364
10888
6291
10752
6268
1134
31581
878
3342
4456
19612
32363
18985
24859
5294
7147
16071
4397
31481
9423
4880
24754
23433
30974
2848
6119
24570
21688
1802
6179
8089
39
17437
10250
2758
7479
17254
20484
9629
1960
31093
23278
21973
31586
11108
20239
18407
29960
7446
29517
12147
207
29885
13472
26336
27537
30623
32712
12868
2589
1049
25403
10627
2770
27876
3426
3514
1388
6551
31492
3550
15645
4205
27139
16032
18656
19785
25670
18836
5642
2551
30454
6035
31009
23477
27117
31326
16626
18930
2923
6531
32734
16981
25611
9861
32629
3585
26358
7223
4678
11288
29271
3433
14324
13693
13327
18118
18317
11743
18089
18429
5144
26099
6800
22559
16237
21248
32639
14664
12106
32673
25146
16258
22690
31175
4732
20198
21816
25085
9520
1285
30573
32752
18147
4486
20566
46
4730
528
23570
16174
16416
1386
18523
17809
16515
27104
2394
22951
6208
23273
12480
18997
3995
8712
15122
22133
2676
28400
18244
22367
7287
27371
27786
3623
11666
7036
8811
15367
17068
22595
28439
26430
16020
22562
20474
29017
12087
6558
4241
25265
31511
10888
893
3893
760
4828
20950
30825
3036
26345
21697
4271
1330
17586
11589
17350
32587
16533
3674
26768
26125
1322
27971
24
21483
10862
3102
26067
4373
2081
4794
21798
4843
1900
10664
26665
4024
14279
19349
29611
31389
11034
16599
25718
31691
23842
31045
467
14581
10775
14412
14673
518
6284
18239
22467
13839
31382
8687
21384
29827
10800
20860
3087
28326
25822
26986
8857
27971
2705
23287
20545
24221
17355
4780
23866
169
21251
5171
7513
31610
5451
2152
5587
32765
30256
29106
12359
16102
23266
31380
7935
19434
18581
4735
22131
16687
18982
19691
16398
14081
22786
13990
2613
25542
19780
5483
14726
30772
6429
17846
24413
3009
21369
10967
6557
11611
21983
25925
16301
27738
29081
17206
24768
28083
22
8044
30554
24942
21132
8786
30224
27738
17633
6471
4495
23039
30668
22586
27615
10964
30264
22903
1257
21170
18921
4032
5175
15241
17249
7840
12284
24658
30981
27900
25940
5188
16764
17899
9676
19019
11608
31688
11813
28854
17400
16773
19029
13615
1964
11841
6863
17649
1307
7965
16132
23861
29154
27468
2346
16365
7806
7786
7996
24757
16236
11535
11586
24071
20878
22435
3282
6830
7633
12148
1495
2941
8205
29189
3217
3392
21805
11946
8413
22259
13455
27217
12983
23602
22702
13731
12285
13297
6910
26956
8053
22381
10007
31894
27922
19810
18710
10813
19315
5503
31552
22399
20141
26647
30441
29042
9290
7705
19605
13466
3218
21826
18268
4795
30985
9361
8083
10988
29752
29948
16552
2029
14000
21089
9806
6330
3405
18623
5338
5984
29880
8614
12525
21008
3631
5612
14932
2674
20873
18338
28204
24379
8308
6214
21578
29698
7938
12090
31706
19280
30052
17525
27461
1782
24309
889
18265
675
10874
6789
30116
31925
4007
18955
15904
16720
32230
2148
12310
2989
18517
3523
20028
4533
21261
23656
17952
28111
9642
6422
14026
23286
1800
18374
19101
30478
1610
16541
10367
32632
5409
28956
58
15332
5963
15767
13857
2918
2905
5864
29174
18381
12470
6244
5387
29488
20197
16910
23464
25545
522
8971
11693
25094
12460
2134
25208
27870
3769
949
31753
6242
20938
24300
7524
14996
31401
20272
16439
23163
22545
31966
28093
5495
9908
13165
32482
28371
29314
19874
10152
15769
7465
12802
20937
11434
11736
29581
2718
269
20041
27305
2111
6792
6398
23133
2540
25197
7371
30143
6060
7351
14740
22960
25907
20309
14936
20166
23561
13254
20590
26506
4329
26342
21519
20196
10344
19208
28181
23251
28375
20548
3842
14177
10089
5907
22340
15831
22169
8473
21688
19501
3014
1089
14700
12484
28192
21519
28585
32344
4296
13618
12081
23600
21043
20313
30661
9879
19152
4424
5354
29584
3818
31531
3821
20422
18383
25386
11557
18370
26674
26685
28024
4448
32718
1858
5408
27012
29260
1613
16047
31241
5479
10815
2385
23546
31310
27290
19794
2565
26185
6035
31200
22316
16032
9833
17
15806
27577
6134
28456
6790
30592
11652
9748
10306
27403
24545
15929
20311
12159
19638
4979
7618
30253
3604
3416
31570
27649
12368
3518
28180
15389
14865
10366
783
9665
31399
2167
12082
10606
4766
9685
15499
4427
27283
12691
6074
22727
3143
23102
4516
14208
4594
19964
26988
21348
8154
7630
12959
24085
7203
26130
27566
8594
6377
24652
22690
16405
9356
16933
30219
11063
29771
3508
6201
5722
7445
14077
2735
26696
20123
17079
17365
28696
17578
16979
237
24914
25272
20793
24136
23379
11709
30549
16314
32754
6212
5330
7499
23907
21697
15141
2095
12124
8741
5966
31737
15223
18096
20826
20491
19672
11526
1325
23889
4879
22406
14462
11311
26687
7639
29219
16055
17024
26819
22159
19232
21635
24649
28057
31347
8565
16365
30079
32648
2085
17747
26410
6705
2408
27916
4019
23221
19901
29104
25383
14720
11821
16685
27783
22296
17525
23646
32531
30803
18023
21728
3272
4808
12430
23841
17960
32131
1041
7865
26425
6653
7129
19198
21968
2379
23798
6610
29967
16789
17983
10944
21037
6090
9017
31816
3701
4498
26171
28022
10898
4996
28111
32186
5897
16282
14682
16115
11783
6113
20736
11725
31325
14709
25794
25677
28617
17325
26345
23210
30839
16275
9640
10847
31687
7063
10237
1918
16977
3972
20952
25671
23335
31922
4991
29433
26201
7806
10289
31208
26815
7927
10249
11728
3314
25562
28966
1641
30108
10177
11273
16699
1266
13207
28478
1716
15742
19535
17983
25976
8226
10453
8085
6136
11098
1093
26176
18502
24513
8284
19033
17960
28119
19500
31990
25451
28929
17171
25422
27257
23505
30701
1310
25390
31112
8329
14923
6632
10457
5466
23496
7389
13296
22895
31674
9138
27059
24229
26842
5449
23624
23068
283
8154
26839
15591
6030
5957
27793
9480
29058
3494
19185
23195
7919
23082
10561
11601
12821
546
865
17952
6752
14422
32196
16697
9871
26268
6331
9275
29205
30121
10486
1190
16831
18214
14663
29330
5016
5639
14762
31649
26122
12568
8067
23090
31301
17368
23334
9431
5605
8587
18076
4618
1998
18059
29093
9243
29787
991
28409
20845
11449
2318
1747
31970
5517
16437
29360
21140
24797
12376
1620
23750
7981
23030
27151
25882
27624
16864
19006
30212
14594
7755
8212
4222
32220
23075
30619
27133
19816
25250
22261
18084
6029
29474
10984
17336
6605
21295
23706
9813
17189
15073
29848
607
3892
20840
28445
19898
7328
31209
9618
13246
694
25225
29009
15589
10832
2503
27566
7879
11772
11790
28472
18505
1370
23434
15932
32273
32710
3132
29323
6973
21047
3657
6781
19028
15463
9368
10038
19068
2357
5531
4136
5358
28231
7277
20441
30376
3827
28702
7655
29281
9824
21835
2633
32450
7400
28145
24023
29907
3265
15234
25613
17076
31197
1849
524
13965
16654
9387
16097
30151
622
17056
8458
29821
2814
15904
1334
301
397
11217
21069
14516
23260
2944
11952
30329
22783
23037
6850
5352
6662
29996
5287
4642
31197
1625
10572
27890
19313
26316
5799
19972
11540
12957
25408
20817
31779
32202
3824
990
11238
24455
16616
27046
951
18389
5878
8148
2151
21334
31236
28470
5341
4448
7138
25327
26112
28752
581
14188
7640
17441
17167
13721
495
6973
21968
20052
30974
21906
7821
2594
3013
12777
5569
8480
27963
17779
12706
20285
19943
4517
29861
14503
32398
11334
17732
29315
9742
11719
29439
993
3722
22994
3233
29423
19911
13861
27588
12908
19670
929
6551
864
29428
19870
28895
7947
30638
898
8508
15643
8265
20626
30638
18978
27744
9736
4183
25158
30159
11109
21891
25659
2000
2312
28645
12398
12644
16640
3107
26755
22261
2591
6550
17154
1849
24911
26187
18253
5977
17705
15437
1494
19027
20420
25638
8334
1949
8907
12451
14241
25867
22995
30680
3680
2034
30443
7524
31870
8590
32116
4598
32640
2721
12083
27664
111
16989
8100
32267
8656
21636
4497
3420
10710
27342
21220
3861
23765
3467
2746
3503
23546
22409
11704
7174
23610
8504
3234
31141
18824
26380
12585
19524
10827
28451
32005
4751
22287
29224
16196
13353
23162
19319
13282
21233
3458
29825
8601
16772
17374
20338
2554
17155
7354
1298
8125
30742
19375
31209
30550
7472
28146
7847
9673
32277
16332
8131
16830
17050
17994
14433
31448
30892
16693
11385
15171
32660
31044
11830
1932
14457
16017
12956
4278
8231
11082
31086
11402
13839
32425
19535
10286
21646
9254
14631
10489
24178
15083
19400
3974
26042
12680
2770
4359
12189
18920
15315
31452
14798
6531
12979
21605
9471
22998
12368
21268
10404
7440
5221
21702
29689
15119
26288
21587
8262
2698
31572
3171
6241
14992
13948
15492
6517
24625
13121
17530
12547
3195
20942
2518
23590
32424
28865
23499
11291
18069
21973
18748
5120
27510
2494
7449
17372
27337
11093
29932
13536
9096
32245
9647
19181
419
14117
25313
12118
32173
20343
23513
18662
17621
23216
17241
29989
7449
11048
30054
26327
22966
17524
12119
19910
29667
24899
3629
11201
7102
4230
18210
31461
21895
11732
20101
2331
30476
14604
24772
11490
6500
20796
8651
14159
21216
22209
18060
18257
19775
30896
31967
25146
3105
12661
1421
30075
30655
30394
13479
9647
32728
8331
19485
3804
27375
19383
25739
23029
9651
15225
22614
19363
9919
32343
25848
12356
14979
23115
30360
18741
19330
17441
20958
8012
31423
26144
4101
24233
7281
31212
8498
8111
27902
31147
18692
16717
4647
27751
18796
14466
15488
20915
12223
31008
32036
28818
30729
23504
9126
3476
31397
9558
14411
19522
22538
4886
26230
16316
22248
4311
27491
28321
26740
31688
23832
20015
18175
5824
23961
30892
25294
5066
3676
8964
4390
22241
22524
5555
12710
22008
23089
11493
15834
14910
6144
9180
30476
9887
13359
12179
9821
18318
20988
11425
8981
4098
28175
25695
4920
18366
17324
11597
6746
20182
4653
27314
27315
14959
22192
12163
27766
11974
19981
2182
28511
6772
21259
12727
6795
14064
27859
15083
3725
29269
8612
24499
28094
9829
25033
5763
16084
16590
7880
6932
23991
16557
25309
30726
28304
11601
31910
21450
1826
27201
4896
1215
605
3200
13778
12443
12848
5391
15688
31501
25504
13492
4035
1953
26903
31994
7727
21219
7934
8825
11605
9927
7821
13399
16210
11848
4834
27919
12616
27728
25681
113
24915
6616
11772
2795
28863
12112
12707
1542
30328
7489
15805
26163
13761
30769
14791
17864
11561
7111
19676
16710
4539
2351
21126
26845
2678
1216
4564
27442
16381
14044
27308
23903
5263
21528
28003
17467
6200
4253
4235
17117
3401
25295
30988
4699
4359
22828
2167
9943
15520
1910
9622
9661
21091
20244
29512
4422
19247
1718
27019
19777
22572
17720
1243
24850
11450
21449
32699
6907
9383
2892
19089
30874
6821
8446
13750
30899
763
9817
462
14896
7802
16441
19029
3174
22963
22846
32379
21658
11367
21361
23602
27844
3391
32042
8581
24466
19901
19761
26667
9648
29299
10787
24412
18503
23411
16663
22499
3268
20742
12162
22133
3546
18593
1112
8257
26058
30228
23668
30152
19938
32005
7738
28655
22339
22173
6267
13138
8424
16257
2200
28124
12004
16900
19435
21141
18155
12443
16482
1978
30228
9361
6253
15123
9181
21755
9755
20609
22128
23023
24960
24279
3109
12273
11865
28394
20039
4014
9459
12524
24859
28141
25160
7157
13598
14274
9067
11235
32143
7940
12327
12644
4141
2818
22755
26705
29250
370
3017
18494
14048
7082
17704
17231
4715
23571
24342
26445
18263
30682
1113
5368
20531
26856
19080
16799
27367
23573
14189
30447
26938
20376
13742
1289
27287
30146
15532
6871
25360
12269
12204
14495
5027
13743
14389
12504
22460
15443
8120
11069
27644
12937
27767
24097
4665
25692
17823
29186
14022
7013
25271
17248
31476
3902
2622
30415
18648
14906
25488
4940
21583
26195
8202
5837
11584
1636
16238
14620
18209
12185
29577
20708
6589
18211
26387
3852
16180
14384
27606
1093
13123
17946
21523
9439
6085
20190
31521
16097
8826
4561
16727
5720
6152
20110
32556
7151
30783
20531
13213
29120
16289
14541
29135
12906
25122
8464
20982
11876
25388
24652
26997
5009
12006
4252
3655
13076
6326
9057
27037
22885
8965
6638
7624
27812
29762
13957
858
17710
7465
14723
16776
29807
5189
32471
17875
28151
2739
4024
24296
18127
32298
31896
32452
32525
11320
4947
26651
2470
19150
17837
19195
1668
10751
21499
5293
25304
8965
4128
30428
21426
30853
19643
27128
24271
3092
19615
11997
26033
3321
18052
5040
26357
1076
20732
10
27106
25024
19112
3161
18494
28438
4779
10371
19045
19186
9567
5580
18844
21081
28999
14329
19618
6875
30789
437
21128
25110
4365
53
16323
5755
23770
18968
8576
23893
17760
21905
15159
14854
5889
31175
4739
14996
2883
8060
27953
19813
22402
25837
30102
9287
5090
14586
31014
18612
3720
12679
30019
17747
24330
8482
26195
2241
20003
12262
3349
26002
26028
31647
7733
21395
15559
815
4126
22098
21598
24880
31503
11489
6092
6618
16241
11990
21977
39
26216
31382
17900
30262
28840
22740
28028
3309
1930
31060
31176
18147
17502
27893
25032
637
515
238
25699
20311
27830
24408
14050
13029
17448
6381
30629
8282
979
31759
14612
10184
25997
23820
14553
8329
29278
13216
5965
21215
5519
12731
9007
25815
26115
14213
3484
3699
6603
18591
6715
22791
22516
26284
8121
28132
23715
29969
27765
14388
9061
2552
25468
24101
3008
20635
26039
21834
11278
24767
23395
5694
18059
12158
29122
13194
5292
32074
24848
22472
23730
25903
20153
28425
1408
29016
8137
32629
7337
22741
20388
30001
718
19100
7927
25990
12839
27085
12014
3391
21343
24378
23720
3666
5285
9254
28904
12483
30464
27213
30733
10950
1506
17701
22084
13348
11521
30820
27644
26847
8290
4034
24218
16153
2742
9216
22894
5170
30186
28969
23270
5425
8698
8728
25090
1637
15878
30010
4104
11852
14247
7829
4729
26547
5251
2825
26947
7967
2591
26838
23864
16236
18421
6495
15039
20916
10183
28718
9418
21618
14386
25399
5128
3559
21894
4193
22107
23997
17621
15426
8844
20971
1354
11818
5182
728
19388
3428
9248
31427
23683
9144
28775
11362
14219
10548
27004
15561
19111
32045
14065
9358
7719
28800
26810
27691
12204
1309
18586
1955
28475
18119
24539
5481
4753
8469
1346
1149
12982
22205
1858
26072
26581
32273
18032
27914
22347
9930
21559
25634
26622
3333
27085
5838
4336
32139
19301
30915
30228
20309
27559
2911
18272
5712
25437
18061
5667
29533
4463
2282
5273
9628
30481
21286
29628
16618
9275
21164
21342
11688
18521
32645
30837
21951
15173
20857
15798
8928
4722
20600
29285
12817
5738
1081
7019
24677
11386
1825
19113
5386
2219
16486
140
27785
15349
2420
19425
10570
29360
17040
7147
3415
30539
6843
30899
353
19776
3801
5536
11528
30791
25618
29255
25687
17355
8569
32132
3726
7834
19691
28362
27173
24288
28474
18871
21005
598
9099
16364
26681
16055
13821
25883
18781
30324
5516
26977
11766
26024
7476
19927
7306
6990
30809
18276
4401
4786
9830
17365
15956
293
25013
17711
19125
11253
28079
1859
12463
23196
4148
9092
8896
14648
14909
10006
6468
16187
9151
20263
28035
28260
24275
24450
9710
32238
9749
18273
22438
17927
27209
2179
16702
32643
25413
5247
706
11218
10251
5208
5880
14639
4661
20049
29157
14107
28822
7683
26771
12042
19742
12972
17938
30044
18942
1994
12733
1678
23053
19433
19134
17586
22634
10681
7381
10524
17251
10083
21077
15967
7830
4125
18287
30328
16470
7165
25266
12616
3665
18954
22227
1864
28015
8345
12714
11384
26877
18391
23678
32664
21770
12962
29058
6555
28689
18845
2719
29017
18393
19587
28020
26500
26010
23995
14492
20189
1377
27693
30255
17575
23733
28501
14219
27996
13435
10645
7764
27040
23063
25808
30393
6003
11220
23860
18169
29610
17542
20055
30758
12192
2670
22150
31786
20265
9565
9306
5383
25287
8220
8843
8547
12833
14604
5641
4675
27312
9738
25161
28183
9916
20373
26589
1271
24711
18227
12616
14892
9672
32016
25104
1778
8026
30953
7189
6780
16694
6696
20256
15161
13983
9041
9919
19798
24220
5276
2641
8836
27819
6628
25437
30459
436
4031
7720
16318
20796
25583
6278
11809
9947
21753
29424
3209
24560
21779
30679
22644
11667
5187
3384
15801
13003
30150
25713
22288
21249
29871
23635
22484
17589
15312
18808
776
15472
29917
6358
5017
17402
4815
149
31202
4556
7047
13086
4725
29896
13492
18549
14873
10280
30710
20936
25359
9141
21060
19272
3994
15417
29323
24631
21950
10294
2967
13634
20551
15576
27959
11538
8461
30505
14492
23326
26743
9604
13315
6339
22078
17740
404
28822
14195
26845
15753
21497
9668
14787
18322
20204
15355
27435
15224
11814
29639
12438
23809
19301
4287
3285
31509
29698
15524
3377
3614
7624
14566
17642
5557
24070
18794
7395
31098
22243
15499
19355
28995
3826
13407
2399
14458
26374
5435
21694
4288
8776
15737
23358
22486
13446
27256
23117
13502
19150
28389
3194
8221
16956
7737
30437
19428
272
4483
10996
11823
26115
10600
20552
13166
16860
29032
2800
23490
3902
18531
4572
18346
23748
29275
2452
30686
7504
30587
30506
17531
21151
29784
24428
20321
17953
16248
26207
30169
17416
2065
745
1404
3231
21010
6862
14416
28638
29543
6878
15411
18235
30329
24428
18813
16834
1525
257
3297
13928
17871
22866
26772
28829
15750
21616
20657
11040
14249
25151
18141
11543
15002
7209
14631
15711
32402
29459
18481
24609
1253
31120
14485
4774
13448
7765
4994
31084
8144
27374
15014
13433
22396
6831
29521
19951
28406
7660
11479
30433
5590
23917
1590
1637
27304
21020
22264
28394
27375
17665
16219
7628
9322
19312
944
31014
2965
21377
14081
28648
7027
21697
30966
20521
8843
31015
19193
22462
24880
21066
16537
13067
23814
28368
3884
24089
3522
25642
16569
7145
18225
8319
3605
30728
1148
6373
9291
1636
30890
10199
22849
21854
2150
12260
5017
17952
4355
22180
27094
16177
8381
27632
15552
27974
1090
20818
20745
1628
19825
30139
11312
17155
14177
14708
14502
509
2981
20055
30000
18951
27854
26687
13196
7671
10802
20925
10839
22279
236
14605
24110
31089
28196
18760
9748
14140
30353
25562
20243
5461
1851
3639
8998
26337
21382
26570
22359
4818
21612
15406
9509
22456
19722
1441
4904
474
30814
29622
12536
18310
17487
19018
19018
16293
15853
11448
21852
9874
4859
10577
8340
25901
19627
6406
868
3627
10152
10088
5744
17840
11609
5843
14067
18207
29285
5349
22878
32049
7794
13109
28483
24644
8499
22594
25714
3830
14497
15530
30562
21747
11400
18589
28882
5131
25414
26000
32431
17288
13263
6198
13881
31166
6389
30380
354
13283
10727
20212
31606
20513
31735
4516
257
28138
20896
21727
30446
10380
15047
901
3308
24581
2625
3239
32534
1048
17558
10046
6866
5536
27652
32284
2809
21029
19911
22562
12089
15789
13464
4276
696
32468
9332
29802
22010
16671
926
22024
24581
4494
21735
28593
27331
26992
26413
25687
7847
23419
7714
30070
12691
5916
14414
16642
31994
13836
13912
7070
16194
2084
18305
23310
3180
20850
24433
9455
12790
11916
22838
5541
4608
4900
19338
21398
14767
5853
29268
25238
14031
1117
20850
19361
28860
24228
29878
27856
2178
20636
28974
1414
1091
15089
2985
21226
18905
21538
10358
20635
11453
3801
26735
29087
4903
14968
5943
26012
30327
4596
20159
15946
17108
11494
29711
2344
23059
1759
28995
12654
15834
4348
20691
15939
9477
443
7704
16689
72
22285
12044
2262
12822
16045
15186
27612
32194
22703
25718
16427
29157
2140
4981
21084
20991
18237
20352
29041
17249
11894
29181
25284
16714
10838
23503
21054
7248
3115
4055
4809
2305
28251
22202
17160
459
7856
20453
10821
25
756
5071
25003
20671
11198
19326
7605
1944
2443
24909
11238
22125
30736
12012
30907
19225
5071
19624
12766
14571
3561
26093
22684
20812
29235
14089
22681
12194
5003
6194
30402
23668
4717
14795
11396
3022
12737
30179
17211
6887
28151
23295
17390
4353
2646
21529
3897
10129
2193
4584
12682
7584
16028
6498
18321
23153
32445
7040
1777
9060
1510
31297
16188
26906
9282
7921
26398
28634
21518
1451
2520
22323
12970
8733
10480
17635
4080
395
26151
14072
1988
19990
2476
16693
23020
5951
14479
14775
29731
935
28536
6361
25192
20504
5529
4180
6556
16329
15329
7595
20556
25054
23667
7110
22988
20527
11862
6108
14213
19274
24942
28055
21647
22459
22187
28275
8067
16523
10368
6248
30346
8966
6039
8136
6586
26561
12227
20586
6051
19676
14646
2568
26660
25989
18932
23526
10628
12989
2951
948
13245
14687
2292
21430
30235
14686
6383
17442
21254
27214
14411
13258
28188
24870
26804
7162
8324
836
26528
15268
1918
10929
20867
32186
24894
24487
1346
7900
11258
19280
23531
22067
15170
18385
2211
1437
14224
12679
13536
13578
15392
23952
11480
23846
1793
22926
12345
17720
28525
22695
15130
30793
5718
29137
23345
5514
1345
4940
25927
32752
12119
20335
7914
12577
2233
26280
12386
13203
10261
12991
29414
2034
9847
22362
28431
31171
12641
23494
8076
10056
797
4596
19480
16547
13650
28354
4265
16957
8662
14204
25834
11881
17859
10403
14316
2629
23245
31213
29720
8673
6866
25484
32617
22436
25011
2227
3032
747
8547
27479
19479
8690
23613
19763
24705
25336
6555
8718
4178
18590
2212
30528
8979
28049
17765
29811
28249
11112
29732
22951
27567
10448
9968
7801
27345
4838
16765
5796
13339
1508
20271
16328
12096
26880
32629
7274
25151
16785
15448
16444
23699
16756
3924
29087
25258
5294
18534
1127
28057
12882
7014
20958
21262
13478
10135
29195
10630
31873
7549
6708
15552
9207
30446
17569
9841
1080
30060
1443
24377
21174
23218
12757
23510
6534
3981
14754
2712
3849
11501
24071
17684
4299
6972
8858
2589
17835
15342
8396
5104
11069
20826
8299
7855
4716
6344
6507
29457
20324
19147
741
2391
8367
30161
4960
22658
4509
26360
22096
9667
23530
5411
15068
26675
3227
16974
32740
5316
28713
18206
8515
26231
2529
15548
10833
30416
6795
30948
4524
14984
31306
4153
569
13953
18883
21212
13669
255
16001
30524
17073
25364
3736
26416
2157
11868
16265
25411
4547
6891
23654
28750
7672
16772
22327
17229
11503
1547
6555
8043
13551
1597
2227
23135
26021
24735
59
31483
7277
26548
2298
9730
28109
5491
20061
19771
26690
21240
5983
21699
29760
26746
18091
8871
30068
10621
9733
19634
4428
12617
230
22660
16057
17306
21094
16868
820
9625
2655
15192
255
779
11728
23794
15021
13257
22143
13676
12260
30064
21987
29048
14178
27993
32576
3409
14910
1740
23828
17558
13424
368
21938
13400
7828
17414
813
25458
9451
18263
17015
9496
20387
11627
15818
2483
88
22780
30279
20972
26842
6442
4318
6151
24369
15729
27245
9075
13022
9687
14124
6815
26468
9066
12616
1807
30727
15593
6862
24494
2260
11202
5835
3430
10465
9532
7602
7662
2518
17398
4349
6371
20652
9616
12823
11035
25525
4264
122
7222
23005
14088
17172
17013
28463
26653
16624
26832
8859
18348
27922
23362
24822
23744
2467
3432
24898
3303
1614
3914
5680
22429
7657
17529
22755
26121
30552
4442
12535
17127
19886
29377
24002
20166
25494
13249
1241
17523
17906
13763
10710
25013
8641
32470
21337
2106
12614
582
333
27346
1127
22384
22637
6875
10323
21204
9990
2556
29287
13676
9982
21527
29267
26173
8469
25976
20344
27179
21867
20819
5525
3601
19779
27757
13475
30481
31238
25
14333
3369
17803
10598
30916
29703
30613
14487
20354
1567
5277
9427
2317
1530
6610
26654
8879
31185
14943
22408
4483
25946
492
19364
6434
21986
103
11580
30079
29852
25348
14915
23568
4921
7810
5899
6191
26296
3761
32697
18111
25728
12081
11765
29970
30124
20860
18150
9994
29862
29734
25949
2175
10487
8036
5200
19937
13661
27340
19851
2079
11294
4187
20642
28615
15773
12476
26154
27502
13611
11463
25384
21842
14367
14409
202
17470
31529
2563
23637
23470
25059
19701
13151
26420
15529
14044
12350
17690
6315
26617
23232
25673
22080
30740
285
22889
31102
21697
11561
20298
26887
21730
31182
22147
3877
9581
23738
22617
4378
29551
14421
12514
4273
30545
18934
13418
11289
17754
18518
9237
12275
1910
17989
21958
12202
1078
11675
4928
30723
5911
26226
29835
4085
32263
32402
14746
15290
8229
25901
26410
13862
12745
3789
10989
5176
22980
5514
19176
1775
15337
10624
9241
28510
3276
25984
31838
30979
4809
23558
11154
11861
14408
28779
24569
15260
4928
20572
478
21509
1530
8587
31354
27894
23832
14244
25112
17311
3797
26243
22903
24786
32654
17572
4720
3860
28546
29147
19416
30452
30166
13893
17576
21915
11484
3454
27227
421
29588
29204
18072
12847
26739
32060
28689
15409
356
11972
683
14863
25869
29001
25311
20842
26963
11946
20576
2876
23328
2236
3070
29220
29539
2624
5322
27390
7513
25618
16507
31671
29196
2723
13072
29791
3353
18344
31159
11904
7861
5140
19694
22191
24306
20036
15848
29792
17983
8314
21298
9215
12078
11149
22678
14140
17787
18911
26176
12198
26185
32398
25375
18299
21934
25839
1678
31934
28018
13368
7476
21131
10516
11132
5416
15528
13070
31197
5465
26972
22362
30461
9262
23940
32565
16309
8553
5859
6691
2826
5969
10426
6195
19292
10000
1688
22916
28641
5210
29044
14088
23122
13391
15097
2184
23780
17315
21281
19433
21626
26620
21509
20909
13081
24731
32756
4797
3740
10815
26050
4965
1961
6726
8034
30624
7395
13590
24247
11414
15969
17339
15528
19299
13664
27857
32371
6426
13364
21669
17731
18441
8837
2199
23556
24127
31159
14787
6006
25932
17834
2784
31872
18248
7588
30055
8392
32023
10635
2552
31104
29162
1880
4091
3203
16393
9416
18563
14240
10961
24916
22647
565
31224
3172
7667
11520
6681
5056
29932
29747
9836
30279
12051
14278
16340
20195
17148
32273
21792
3004
30336
1178
16522
9644
2144
21292
24196
27636
7466
1321
437
14381
29537
15648
26686
7809
8920
30370
5697
28186
27487
10834
14756
5595
22177
30780
31506
16718
12621
19560
24643
16862
8052
12718
9086
6215
20531
18123
9308
12874
5265
2485
21966
12453
23978
27948
19809
18754
26126
27794
22465
6575
2660
4604
13948
32206
5459
8841
27401
16078
674
25843
13065
11865
32157
13923
6604
527
7867
24970
17175
820
11391
27629
21285
26277
25500
19840
6123
24849
2652
18039
22433
19301
21314
18265
26749
27528
21231
8022
30146
13641
3394
25818
5625
6038
24003
19554
5758
10734
16194
24975
8255
19992
14011
22136
6593
6678
25981
23877
27236
7765
1675
16378
743
23590
23363
10896
20270
114
19261
23370
30019
13992
15222
11590
1436
10235
24750
12627
156
31435
4366
18690
21851
26208
22798
30720
15786
11998
22422
24482
6994
7541
9571
6338
15005
18649
19373
24522
7704
16882
3591
18190
14230
30932
2950
25439
12920
28145
31525
9948
13100
909
1896
24076
12276
883
3392
810
18153
11495
16943
23488
13631
24283
1452
5240
21450
12902
25033
20270
15553
6513
32531
22345
32451
21940
4026
28748
279
23521
30194
29352
32056
30494
10648
10965
12689
16569
8473
11936
12677
16407
16784
7367
30386
18158
6702
31427
6007
23988
28383
9445
18099
21592
22058
1188
208
19247
28249
310
2561
18481
28123
24157
8647
11365
4838
32132
4026
7578
13921
13578
28038
14424
1536
12766
21044
7702
10673
5964
17067
13229
22583
20758
2934
9229
7956
19399
26567
31535
25005
1860
6588
27979
21417
14244
22498
7754
29338
26689
13304
32126
17119
21775
24309
2449
21449
28205
28236
4283
20220
14778
1646
16696
5912
2026
3728
7674
14745
11609
20911
11163
14332
14239
12498
27029
27684
20516
19088
27573
3067
16694
15313
10189
4188
20824
24025
19370
817
26845
9602
12101
30936
13750
1992
14141
14540
16777
1931
15237
22913
11779
20625
18010
21391
2926
971
16249
20499
32134
6361
22414
13906
8840
30927
18415
15520
28813
13882
14986
129
32022
1630
28189
27149
25320
24514
27301
24217
14874
25071
23064
1683
22124
27252
22870
10926
16346
31533
21853
27711
6513
21957
18621
23783
27234
28794
27981
14707
32085
10272
13851
19456
18943
21353
9641
14691
7415
7011
21590
15816
29125
15682
15130
7320
13116
6496
5750
18337
22027
13186
30123
369
398
2141
18987
32514
15082
23641
2893
19613
18008
26516
16964
31224
12993
810
4690
20898
17292
15284
4409
8096
11444
27918
1011
19289
21789
19294
21410
18607
4904
32081
20170
9327
6021
11176
2750
12267
31304
10740
31064
4069
7743
7325
1773
12975
24195
16425
21632
29073
14926
13755
25142
24939
29452
30938
15882
5787
20661
25204
2754
24609
89
23843
29474
15873
16637
11950
23903
5865
21157
31443
29399
28948
23474
25412
20478
12910
14446
26863
28828
11257
26854
29314
11318
29807
4344
7215
22217
22057
16044
13485
22975
21567
27336
2943
22811
2801
26526
29816
14583
28486
12841
9343
5936
12786
22872
19344
3424
18813
28586
4099
20236
26530
15099
20241
30751
24054
5790
18068
8087
13770
15275
3086
639
32593
25498
29933
23325
7174
30993
21517
14444
2120
19195
12415
27085
26695
30170
22921
21241
23588
30558
31725
15418
24404
8246
7278
29403
14150
22566
7057
19932
13637
26714
9889
27371
20383
16378
14837
14224
22023
26366
6262
6824
17720
4932
23643
21012
32219
5087
1335
22706
25259
1715
10038
26764
8663
3135
8099
27984
11687
28089
29358
31489
10339
26976
13933
7403
18289
6414
12064
4316
29117
9996
185
17041
7518
17707
6556
7023
12406
6672
15011
31348
26969
6352
16485
26732
4594
30397
4536
23656
611
13183
22388
9324
14060
26470
24954
18024
32014
19454
23797
28009
31728
13028
16352
14097
7169
24281
3529
30021
4575
29461
22996
14373
4216
27869
10754
13377
26223
23384
8115
22793
2753
18847
2410
11142
23720
3859
16849
14664
6847
31219
32765
14240
21863
2094
31986
8975
24682
8821
4714
29437
2015
3477
14034
13742
3150
1540
31382
10355
10772
14777
27294
8221
12296
5185
31769
21943
26974
4368
25977
27509
24268
2069
2238
15847
13036
10385
21240
21874
7650
5672
13575
3073
19518
23609
6566
15096
9508
11115
31912
1386
15274
5512
1920
4747
28545
15247
22279
19560
216
8708
20090
30421
7037
8075
7106
12967
7493
6581
20729
16676
7087
1050
14121
7096
27844
21928
15959
13290
14145
26682
11968
28557
19960
30316
32610
13627
23156
11182
30142
7423
6876
31384
29405
6482
14105
11646
4497
11337
28987
25923
31229
32012
13593
31346
3671
24970
19256
29834
21741
12395
13039
2970
17254
28486
26568
26638
20299
12565
5672
5321
26566
14566
819
22388
15529
13523
11242
25365
30385
9523
24470
6371
17677
17426
22890
19289
25626
223
7524
14217
369
25701
7284
10419
8483
28925
25568
31254
26691
21249
23527
27398
28837
30083
22949
31039
2534
20287
2102
13689
2988
31695
27934
17980
7471
29982
3048
3318
5625
287
27918
8523
23530
10175
3097
5804
25214
17688
28937
16427
12115
3047
30967
26253
2021
3136
4601
9377
11420
4736
28230
24017
17674
29316
29339
759
24941
4888
25565
6514
13692
19890
6143
14456
28768
30305
11814
28845
22016
8192
4619
20981
32129
28847
20129
903
22797
6788
29689
8772
27348
19581
5218
22854
19281
12217
7380
26811
25807
17640
3215
3828
2091
13825
20479
1977
16091
28723
17123
5600
32303
6685
7598
19230
8151
14913
21037
540
17318
8630
7019
16077
32406
28446
17618
26880
31499
15832
27794
5425
28252
21879
17735
20389
1935
28018
6870
7606
15204
22812
7831
10603
4502
12247
16058
19275
22365
17797
3299
26227
23351
1856
30744
19175
5608
4171
24029
4646
25791
2888
13981
10753
14620
13227
24908
428
24879
2926
21067
3350
19970
6407
10636
4726
31418
16791
29686
30246
22810
4964
7179
30901
26440
5257
19912
6968
21204
27116
20940
7648
19702
27249
9149
19666
29719
29293
18408
3890
30355
2910
9255
27777
21182
15321
24584
31786
22565
5059
4139
29527
19990
18628
12524
17673
25442
30457
13378
2152
19297
23017
9959
6488
11319
4539
12474
10060
16982
18598
29793
9823
23876
19624
4658
22177
6559
29051
21076
21934
31838
20165
14881
28294
21337
11919
4303
7064
32524
16376
5968
28448
2455
25130
30582
21939
12042
7054
11867
26392
15072
4412
30208
14682
24265
4790
29236
27163
26285
3541
9400
21035
28141
32515
27808
5978
31212
12715
5372
4234
7630
25838
14008
12296
2943
10392
29121
26652
13815
1618
16745
15838
26813
19225
28685
32332
30890
1262
28149
18842
29168
2255
3963
26825
26459
5351
30320
8571
18134
25346
10939
31750
22320
16195
9795
12231
17184
30489
22544
10681
21895
13423
25261
24901
19190
6435
6608
28508
23664
11962
828
7108
26481
32338
24295
21679
22318
25815
31320
17554
13087
30586
21332
31284
30395
3167
19897
22278
5763
15254
170
14258
22081
27725
24300
2806
21650
16964
16016
19123
28578
32641
979
2881
26423
11844
29506
5382
24561
10045
28450
15431
11216
18429
9230
27453
31734
28075
26850
4716
24494
2040
21976
29488
13486
22612
22257
30873
27801
12643
15767
4728
19400
19114
5504
18106
1354
31887
16597
27893
22569
30848
8084
18497
4591
20850
17971
29513
6761
26765
1926
21154
27819
4645
21986
347
8532
1773
16259
27605
28180
30055
2603
3284
15979
18335
12812
215
18867
28953
20456
25509
19040
22792
10871
11305
14983
13504
30473
31359
14749
26222
3436
3151
32642
13319
4880
19290
189
27262
24937
10834
10250
16698
11157
17391
18706
4551
10047
28735
12409
14284
15555
17470
29981
11581
658
12198
28317
14033
2009
11528
29977
13495
12893
14364
20025
27525
13225
32342
27505
22897
22892
32185
23939
27587
15645
1520
8517
10378
5856
20379
10660
8334
14253
7655
19177
15751
28335
7777
27451
16524
24042
31500
7269
1230
545
21168
730
23174
29175
2934
11766
3628
6228
13234
17799
28650
28170
25856
12428
28496
30393
23954
6461
8009
1264
17352
29259
13902
2452
18433
24936
24281
29318
6322
13066
27677
23680
23733
15212
18164
7232
10211
18646
10009
25321
7652
2847
27799
422
14150
5232
11649
4240
23757
22346
19428
31954
19722
17867
10234
16906
47
30253
17056
21235
32290
28815
25610
30018
23248
2552
6838
5325
19652
28825
9886
20978
4600
19794
9394
20279
5867
7800
3717
558
5107
12246
25159
2972
5333
21489
1779
23257
7827
17041
16585
8314
26501
16508
18943
21550
21931
29829
25524
20966
14146
3525
29477
21049
27029
7977
32547
16902
25110
21549
8645
15707
19885
25318
16986
12693
14928
24390
11169
27337
32468
21404
21053
4195
21763
16986
24419
21773
23022
29979
21462
24019
26757
15588
22293
9348
612
1962
1746
22875
15088
28437
23207
2014
22691
9348
28677
775
8356
24145
21101
23714
155
10838
5090
27638
2755
18864
18846
10151
30785
31170
16644
22235
9652
20093
214
23964
15885
479
27304
10366
1953
23738
4244
31617
1916
7351
4912
10296
28408
31642
7101
28459
1935
15304
18081
4219
4334
24070
4632
20420
17738
25731
9510
28487
30711
18201
720
26185
567
31952
32139
22198
29264
16036
32501
1546
12513
26504
30659
23921
4213
5546
3066
13613
31577
28921
20323
28473
13227
15077
9784
9516
22964
2917
7716
27999
11384
24383
21355
31570
14474
23428
13924
8012
26917
27225
17712
26946
12153
5373
3494
29434
13379
16136
2957
5489
18336
9969
14094
3449
803
20435
22376
21414
21029
14449
28134
11115
21596
887
19727
11649
20144
29955
12316
20872
7753
26979
26287
15089
25069
10529
26817
19739
19849
15932
26332
19132
23565
11961
10891
1155
21373
16474
23312
23292
20293
10670
31316
6067
17614
21578
11812
24988
13902
5205
10649
20658
2020
31050
19160
25823
10980
7161
16636
25628
4976
3535
20049
25561
11336
19800
31427
415
15586
25602
19094
3828
30142
4388
19799
13439
5876
9790
6418
20588
25871
30851
1477
5138
24605
2964
15637
9427
28935
22927
29248
17476
287
23624
22099
17294
12280
15318
7325
17941
7034
18002
9059
5975
28213
5339
5333
6166
10230
477
5185
1721
21656
21651
19335
9968
9501
17867
27853
3223
7934
16874
31859
3549
21950
3119
30537
8357
25285
10044
10496
10028
3948
9938
18143
28652
25941
20188
8887
27841
6397
9135
2585
25931
660
20368
9670
10387
6412
374
28007
497
9072
10514
895
29997
5239
13325
3485
1508
17497
12433
23766
3629
31969
30986
31346
26749
3011
19758
27878
28872
20273
31803
18691
8425
28841
1151
25452
19524
16913
19486
13901
16042
28933
22288
20298
17021
1136
7785
22966
21012
22617
27869
6406
30816
3072
25731
26501
9424
5674
4569
3401
30323
29625
12297
869
16989
9343
618
30560
22859
27220
26442
8934
20618
32358
2027
19390
21012
12497
18891
32764
14333
9840
25896
25208
30477
10482
17604
7038
7343
15664
4838
16839
25609
29629
6049
20392
9837
10175
19544
30858
10992
8190
18562
29338
6488
17979
27563
2242
5180
26819
26811
2263
15974
14916
5755
25108
12156
990
10581
1991
7136
15741
14940
27722
13268
103
16268
10293
32226
2065
22866
8658
12411
13623
6479
18641
20190
18219
9817
14909
3387
16238
25026
24751
16408
9085
29149
25794
23285
4333
21951
454
16939
22458
26179
4793
29722
3805
26705
27507
19843
22300
5215
21024
27955
16422
14135
11507
31458
991
20475
14361
21850
3065
20327
22508
27612
30148
23639
23402
18111
2119
16777
17125
858
20623
26787
24315
18212
22599
1656
23497
28186
10889
23687
3164
30817
6900
13252
2664
31533
767
29852
32317
6369
27020
51
8950
17528
18625
12016
23284
21539
26131
6203
26763
10035
28835
1925
7930
25402
22990
17033
8097
3181
7167
1234
30574
32077
25544
21630
12441
391
20274
5185
11409
6168
14161
30381
23094
8372
14363
14000
7240
30825
27258
14686
29727
18816
1183
31984
17565
4772
21658
30989
16738
10566
18727
21577
24126
15167
31947
4844
21228
5047
30496
8948
1789
10054
6253
26973
31250
11098
25466
13471
31822
15577
6563
14457
19211
23047
23850
30445
26060
13225
19922
14988
12147
6507
21417
1523
12213
1407
3109
7318
2250
2951
3442
2236
30057
11957
29707
17099
25331
25392
28296
24006
31727
16058
15286
23828
14006
7313
20205
6019
15471
14482
3742
19340
15422
1444
24876
18649
32441
17236
31741
21252
19868
5821
10448
8610
957
10923
30033
8576
22850
6912
234
23340
16401
12118
23773
8887
25736
10469
12944
29882
9839
10151
9255
9367
7722
27323
7000
16385
563
28680
31355
19391
200
14114
25569
15788
25057
11121
2919
22531
1381
31120
17995
18905
4509
21491
19774
14571
26089
27341
25786
6298
9650
6960
24469
29236
28575
6518
12247
629
5388
6881
31177
20558
26040
17022
23886
8420
25533
21839
26998
27868
29638
31144
28241
15062
23932
1498
8449
823
12353
8719
17939
300
24609
16757
22032
5356
12037
13983
20558
6973
13866
26408
12300
24121
9170
25241
14270
850
314
24716
1702
6804
5323
27154
11428
13098
13460
12883
12367
6436
7416
25204
15172
8311
8100
23742
24767
8517
16069
15100
12904
2399
2167
3108
5999
9993
18048
5434
6618
4349
22078
6514
7710
20402
15582
28053
14573
11229
19407
23205
5968
17977
26998
5060
11509
23683
21028
17234
7370
24521
25925
29526
4043
16357
21210
21791
28183
4165
15657
11307
11850
27117
8882
24647
12039
11966
9318
31480
20180
4600
31764
5146
13867
2558
14116
29127
1997
3929
2439
24442
27482
19712
19694
116
9759
9686
58
8543
13871
13173
23348
19762
9141
8746
19071
10580
31880
3648
26571
23812
11776
18050
16970
2040
12553
6139
2920
3140
15477
1792
31671
12158
29079
6513
1064
22304
14093
5691
8065
25645
13789
24097
22539
29208
11460
16829
21899
31969
3530
30913
1908
12929
6682
7811
16219
29576
28689
22457
20395
18181
16277
1408
666
17830
6312
10660
32092
16416
2108
24603
25494
9425
30537
4562
20245
26788
30
17581
28608
30518
11765
11465
26571
28215
23241
25348
14382
10258
8044
25791
20822
22992
2516
16610
7194
18489
3509
5665
3824
22589
25430
18046
9057
32403
18589
1039
16314
21152
22635
6914
26885
18586
27696
7390
20791
22253
15286
20747
5547
2782
12097
3733
16847
20590
6106
25389
27166
29057
16872
11121
29518
4159
5632
109
22986
8379
15358
7777
3426
9682
29781
10436
13633
13655
7075
28554
28704
1901
3209
6563
25786
5427
21433
22724
13952
2727
27216
2665
12941
4036
27239
27163
18652
11502
29156
14574
9657
20112
10134
32335
32629
11268
5762
17916
27742
5555
21367
32596
21742
28285
8425
25041
22083
21595
1276
31443
10447
15426
1502
18591
24401
1355
90
1703
4612
18194
19626
3852
18966
24411
9613
30049
16731
764
1434
16050
19011
22007
28372
23236
29706
20198
20606
17055
16174
27036
32561
24650
30246
27913
29483
9174
32337
18526
16618
27037
13613
19314
32762
5580
11721
15972
5131
2335
25213
7299
3142
21228
11992
30314
3297
17507
9690
16239
30449
18708
6243
2623
17024
10418
24556
30914
16096
5654
16757
25413
11582
12166
31934
31447
27002
21560
23482
27379
5431
29458
22081
15968
31022
14004
7685
2902
4295
12984
9927
10978
29674
30264
32459
32651
4882
10129
2953
3894
31140
3431
32421
29767
2688
10474
5921
27145
27349
17751
722
30800
3897
8385
29712
605
7929
4625
16306
15617
8621
20556
5946
20486
11024
16148
13132
9930
30991
25714
613
13357
14368
27602
12233
11693
25045
23119
5821
464
27057
22577
30199
3523
11322
13236
30547
22080
21583
268
24519
18356
10940
31653
31641
16802
1036
3247
6863
28994
16543
6874
12776
16239
4860
1886
29385
21952
103
31807
29178
32500
20407
28623
11282
26259
23138
372
32624
31698
29658
5035
28204
31671
23324
18253
15437
26239
27269
15378
15933
25661
31208
14931
27514
23747
9951
10772
2445
18117
30558
31553
832
29244
2702
25400
16396
21001
19416
5000
4049
2267
23615
19960
32458
15698
9716
31180
9663
31077
20004
7747
19068
6401
30997
26212
25731
3058
5233
4602
23038
28423
7138
30686
2295
16497
3038
32116
28875
13165
30405
10104
4060
26403
28713
10235
18823
1229
17004
3496
26710
2331
8849
30796
4214
15574
22092
30358
13931
8389
91
28955
28162
20685
1817
18076
9607
8795
18769
32140
8505
519
5456
11981
19195
21617
5694
3515
10828
24175
11182
12651
6265
30827
24435
820
1297
4358
28085
30319
24218
17153
4933
28028
29570
606
5678
28678
24409
9410
15501
5767
22589
18718
9634
20238
28821
25230
14630
24384
8450
27266
8415
18332
11922
32283
115
27652
16695
27352
24442
9593
15992
28273
31190
8487
15463
11779
27207
12449
8403
10350
25402
28525
16574
10235
27106
25027
5137
30531
18314
28818
20879
23884
9514
26308
1800
9460
1336
21443
463
13203
4032
30524
7022
29404
25783
6691
16023
4612
26765
30967
14430
25127
16129
9031
10662
20967
26681
29813
11481
19542
13330
2490
989
32534
32693
22890
25155
19390
29035
20345
10177
26752
9906
4927
7906
29705
2192
23160
5116
169
14887
28047
22627
23220
21898
16668
1500
3624
27343
18603
5716
28559
30053
26303
9170
11303
15272
7702
25771
9537
19635
26671
14325
6887
4213
21770
22077
27073
7688
22575
31357
24634
19517
26353
5960
28382
12412
19444
27720
14342
32715
21485
4074
17080
1580
14249
16728
21705
10284
26449
5800
14404
8889
6892
23378
28688
32052
19493
13032
8140
25031
32078
21505
11006
20473
29094
28535
20333
23935
15063
6098
16075
31061
16323
15619
31639
25870
8320
4182
32066
22633
7073
25762
24465
804
22712
24258
8514
24853
15385
2633
13810
5238
10208
9842
28478
14977
20021
16214
297
28221
30926
26466
9661
28055
27062
9479
9206
5300
14669
26803
15835
9094
21905
7937
18926
413
1691
13101
31686
29760
7276
5578
8187
31421
10730
7095
20290
17661
28966
18767
23769
30811
25824
24032
1062
14006
25421
13150
6555
7109
3608
18009
17116
9387
25510
31277
31268
13772
32158
28025
24805
13022
6313
29394
9646
23875
18806
440
338
27798
770
13256
3911
5508
21014
8756
1356
29405
29201
14193
3662
1258
7911
18735
19597
15106
18538
3726
18171
15192
2760
18063
17892
23831
4181
8904
25300
2225
16523
19037
20406
29299
24655
2347
6457
25438
1910
32582
26744
1074
3976
25766
2009
24267
24516
13597
12085
2480
14948
22668
23354
12778
28450
6999
13326
30482
5882
2838
18229
19886
15666
2958
6325
23486
6552
14303
20344
913
16395
25598
241
4317
26940
21094
24579
15375
14518
29195
21278
30688
9244
14480
13739
15657
24498
27833
18602
18680
29727
29987
5785
227
24946
32563
20120
29084
29538
4684
23244
7110
10970
25413
13825
775
24757
31770
17555
13151
1478
3041
13454
12472
9243
29440
10516
1214
1410
24478
13567
24304
9037
3671
26824
31479
17235
820
30632
16695
26167
20186
14332
21925
27373
13313
750
2264
2937
16680
14162
24418
5882
12935
25550
9056
3304
12358
23614
13392
32154
15596
15958
2339
21515
26650
10633
6291
27869
6521
11818
7095
7838
2033
14290
24277
5963
12572
30465
5239
13074
25850
3592
24257
12380
14822
1318
769
25867
31944
18929
31624
22784
29069
15863
23481
27105
30676
6310
14943
23577
26602
8297
5700
32032
15353
32532
26879
15100
22908
13698
23565
21768
3830
29308
21539
2548
6628
20701
18115
26381
18672
16628
3598
7358
3687
8490
11993
31831
5869
18917
17666
782
14448
4268
2564
5700
19802
1675
10698
21769
20491
30137
22977
8929
19078
25208
26161
20424
28266
4925
10701
373
26917
25617
9097
16860
18532
26935
7851
22262
717
9487
8485
18372
30961
21818
5154
12946
636
6911
23263
22649
23471
749
19388
551
1809
12226
16275
8675
30561
11404
11080
22219
5582
10766
30625
13664
30827
11109
2904
31045
23773
26092
15215
1092
15190
22620
5572
20114
1480
23864
14821
11348
26450
15464
13349
3169
6143
35
3824
5194
6319
4371
3675
15768
27477
23988
18943
22612
7011
4350
6408
5837
10883
7235
1161
1685
13704
6234
13331
6861
26020
16893
2181
11170
475
5488
22821
3864
13495
19811
1776
12039
23102
18714
23087
16482
27169
7627
24139
32703
21046
22344
12258
5908
21800
11229
28954
4287
16750
10108
22582
31690
5241
4631
3175
9580
24114
5454
17636
3027
30883
25930
24124
28192
26612
28905
23019
7604
30362
23835
31788
29866
25035
20364
31759
5540
10805
19587
31179
22731
23791
11274
12117
2577
26800
27215
3890
23738
21311
22346
17801
14362
25386
27040
20348
16800
4539
14535
7352
18451
22824
25195
28491
29724
13066
24337
28087
25093
23312
2555
6980
2240
10741
24651
10906
4651
7343
15211
24206
2194
23530
2731
27965
32117
22452
20524
6487
3468
19322
25854
30142
26121
15923
18565
1872
12061
21211
32545
14592
32701
32035
17421
22060
16038
28263
4744
32555
5279
20192
18995
19493
21502
5915
29371
4647
31085
7593
25271
32374
10734
11545
19924
31780
21021
13859
32303
6114
19125
29222
15618
22037
9814
2517
11907
12076
3206
5164
9481
9776
17909
426
12145
11676
24069
18362
26304
20080
32137
24690
16137
17793
25293
29311
24466
2835
6872
13664
17970
30889
24557
26067
14845
284
16728
24205
20772
12011
30823
10542
3606
23762
3766
7028
22507
23710
14767
21679
20995
63
3922
12149
22250
14623
30770
31638
6783
16818
704
5202
14166
1359
31692
9930
11098
14910
28745
15541
1975
25106
31825
24404
22519
9272
2921
26280
1130
14033
28165
18658
13260
18877
26703
32283
28706
10232
7716
19525
4837
810
95
3938
15458
7545
8027
20980
23137
17826
1715
18868
517
22856
1612
3206
8435
16780
3222
4525
18870
7645
30222
21307
8035
4369
30216
9164
9336
25781
31915
3188
28938
30370
15933
18166
5152
9425
16289
10295
9306
11121
3101
3826
17366
10550
30817
10924
6995
15859
5829
12011
4247
30571
16595
18083
15375
101
23045
23537
25014
17918
12239
2059
28983
1859
6880
16248
20822
767
17830
3708
31372
14290
15376
31191
9457
27267
10391
22447
3424
26263
25215
13514
5589
11555
12634
6656
17689
1502
27087
17904
27042
9850
18329
12019
25524
25653
10450
24910
23245
9131
3698
3500
25152
31470
1555
23499
20768
14808
24823
21877
20831
19616
23627
32178
27191
11436
7853
26684
2505
21414
12013
25907
20997
25810
18448
5394
11465
159
11931
30946
27469
30332
27406
21165
29886
18668
3502
27190
18473
14301
24455
2535
21915
17718
9394
18443
29319
26543
21460
28733
28007
24549
26343
8480
1190
25518
10557
29265
17598
5033
9921
13978
4510
28442
8321
11881
24398
14837
10857
16000
24021
2361
22097
32493
7259
27007
4155
13885
26507
21459
4053
5357
26427
25794
838
17697
16207
2484
22310
8856
14298
6269
16334
12000
12423
1326
26579
5574
25400
10801
26573
22033
14828
22165
27485
25200
15334
5798
10094
20144
22028
27329
1466
23858
653
24678
10640
157
5062
16783
12757
9680
9831
20032
23626
23067
32465
13408
28172
8622
21955
14791
1377
4689
22582
19608
14513
1622
24197
28113
9939
31692
7889
10784
23691
29686
24228
5369
13136
26364
26580
31205
3410
8159
17579
14365
4795
5298
1860
31831
21557
3848
8248
19680
30381
14505
2171
7147
19543
24713
17024
21545
32499
3066
30372
5017
12110
10272
11977
2210
11787
28581
30017
9567
12707
22703
23279
7482
11691
7951
10408
24764
12118
16060
16351
2979
25402
29311
28290
31029
10327
2799
14879
29397
21589
12704
26187
11476
3341
27800
14916
1417
23371
30210
18901
15012
23250
15399
17786
2239
11169
7577
5573
26934
2165
13745
17920
25145
9871
19772
532
7455
17079
17266
11178
14077
32641
808
19087
32632
30927
22598
23645
6615
12439
14714
18264
13405
14567
23086
29846
18901
16166
6328
21859
8558
23708
7377
22499
201
20533
14921
3833
17489
1409
27641
4456
20939
3328
31480
21560
6445
27037
9746
1116
6068
22392
23925
9105
4401
28648
26286
27785
29604
20161
31956
16969
6411
7378
16643
11984
23420
9138
3852
13561
12146
20157
2667
31138
14437
15705
30586
2062
2973
19070
13540
13704
5447
11637
26971
26697
21449
6111
14734
17820
23891
29946
6741
2880
25526
11808
4911
6158
10874
6288
1263
26587
9002
28785
18610
1696
9203
1300
15124
16089
27758
31354
1956
1834
27833
17430
18581
29512
716
15571
20150
11287
8714
89
9636
13072
6423
27020
10301
29926
27114
23126
14681
28521
26659
12455
29877
28330
4510
3258
27696
9568
21832
19609
17722
9354
15409
24803
19081
30294
10467
24269
17933
24642
8435
29543
14119
4225
21717
7201
14614
15008
23028
18573
11698
26473
19202
18790
92
31752
17037
12498
5429
15468
25556
2020
14478
19696
26072
32101
8864
30523
21686
29140
25469
13924
32051
1195
19271
20058
13977
1764
8864
29316
32450
30396
18273
16292
7282
26807
399
3329
15338
484
9355
22725
14777
26466
20616
21412
4054
18211
26690
20414
6380
24048
3822
5831
7669
7853
17004
27493
25098
24287
26052
14809
8313
11371
20432
15330
12569
12448
12854
5086
18138
17528
27802
9011
31904
6683
8209
8173
9298
8101
5848
11689
3117
32553
21574
32177
11871
24566
24831
14952
32465
19737
10091
16873
19268
25891
29798
29675
24991
14124
28729
5864
28807
28951
9161
6270
22065
17176
24079
11541
20852
7284
3528
4802
18723
9608
25454
31595
7577
6925
20326
25132
14485
28314
12411
20474
20297
20586
18059
21382
2733
1632
15744
12388
2585
13384
25730
2413
29715
31072
25964
2658
2406
1815
4220
21714
28276
5396
4174
13373
7884
22138
6667
23929
16127
21611
28126
15701
16560
20939
15271
6781
3307
7238
16372
3741
10424
28308
11565
6857
2031
18427
13582
23325
589
23830
18010
7584
7880
1494
21198
24686
10528
19654
12628
31511
17847
915
28794
30530
30626
203
11554
23702
19712
27365
16763
29658
9610
13442
24624
17754
18284
11762
28639
22157
13908
20474
15052
27382
200
9172
18135
19528
30652
27768
27051
24013
1124
29978
27961
32520
4167
10484
22629
410
13205
22597
12286
13922
7610
20122
17396
21992
27699
7756
23749
18428
25504
17738
23865
3738
16155
3864
11343
22545
2505
22552
31607
31844
13998
5641
15617
27121
27334
18893
24278
17744
11601
15983
7526
16510
29294
14692
737
27963
13291
17
26282
3760
3164
22158
265
11861
2154
23466
26400
30738
8814
26159
800
8613
7231
18279
23740
24899
11079
5854
17886
14210
10973
27498
16281
4214
18639
9577
11104
26
24637
11850
7285
7666
30382
20815
23971
17391
3933
4496
32560
13459
18644
8516
270
27733
30908
24124
27985
8775
14836
30640
30438
15350
8416
8510
28801
14482
2564
30512
12247
22351
14033
30718
12558
32010
11454
14099
3697
7472
2715
11476
8297
10716
18466
18399
22952
20287
5072
9104
13224
32325
17139
1994
16212
2677
2051
5620
11781
24346
25397
18241
26287
4000
334
8245
31581
18240
31925
15717
4826
23520
13517
7550
6833
2100
12161
19592
21848
4394
14625
21612
6313
23173
13932
5812
20625
11975
23790
29587
6668
15957
17804
25125
2641
6614
3421
24055
30281
11228
30907
19914
20038
30150
19610
18324
25074
5093
21017
21960
8326
19677
14423
8663
10556
12366
18568
10231
16390
2228
8264
22563
31360
9356
26158
18531
14627
15033
11429
23629
16572
28197
30455
1484
2077
13483
5291
800
3603
9525
18193
15910
19352
28961
25883
12506
5705
3306
29038
29466
1818
19460
22201
21933
14664
29703
15942
11907
30095
2832
13519
14910
7582
25956
4498
14066
27592
13911
21415
7209
23292
10349
27026
5163
19191
16574
5909
6780
13496
4511
27976
25509
820
126
2283
29239
25676
8974
2810
32014
9724
30629
32642
2771
29653
31970
9908
26308
2221
27794
21559
21176
10389
7636
22723
6749
30475
21116
10732
27589
32113
29622
15419
6433
30142
492
17283
10188
11636
15337
19826
20619
5330
16702
27239
21779
20042
13284
22659
20171
21045
7460
25859
23252
31430
6580
30669
18247
3132
4387
32072
9661
3420
31862
8817
26389
1055
20
5932
25713
27304
23775
19159
31106
28792
31908
22309
5126
23525
7605
3370
23694
8136
25044
22706
23685
31095
17491
28119
17774
10995
15226
29907
15725
9570
2345
10258
21769
14271
32446
6284
2608
5584
14393
3153
31867
19288
4767
11109
14004
28559
24988
28367
12694
11471
10347
1517
29651
28816
23035
9738
29532
22422
25674
30770
7132
10857
2837
6469
7813
32262
21940
24651
28432
19668
5184
24327
4607
7129
16374
20687
8230
46
15072
27547
9065
6320
12978
18267
12487
20473
10994
20366
25496
31375
29275
29456
7698
9562
1924
1587
13074
10332
12477
2834
23834
20892
19257
21538
9877
15459
5491
13578
10083
10411
30922
13749
15249
26325
5742
31653
5992
11162
7040
23946
23722
24644
8309
21779
5400
17182
6076
17156
13879
27689
4000
14729
4692
2576
19311
16585
23238
27486
30684
18879
6003
10223
32418
17221
14230
32420
15722
1394
8127
15195
9199
1830
22811
14623
32096
4579
17909
21659
26886
26591
32637
25301
17958
4183
16584
25
5929
15909
793
19250
8186
1173
12127
24801
17328
20085
2302
11143
25965
19307
13778
23333
20613
18316
1905
6534
27619
8489
27057
20155
15529
20716
6763
2504
31767
14372
3710
24989
17582
10590
10262
25160
6805
24373
8750
23144
21307
21867
21843
7397
8254
14392
14763
2782
16780
24033
18999
31203
8904
32397
11605
19045
26607
7765
18057
17002
11579
23962
5500
133
32327
9115
1605
6918
18549
22342
5864
16238
19597
6735
30236
26150
21414
14976
32594
28272
11082
19792
14322
13981
11477
10678
12776
1153
21534
13375
30559
21028
10585
12639
25548
21178
572
4612
3631
17365
24161
28273
10390
24282
25324
9034
30946
32433
14701
17643
20173
19905
22024
23806
6956
4124
26835
9805
3186
24054
32383
15060
21622
25180
5179
26651
31606
29219
8917
7619
25691
3870
25890
10846
26174
11156
23969
14980
7980
16880
24411
20003
25638
5307
7693
6166
29292
10952
2441
31737
17916
23470
30810
7740
14677
123
26023
14967
21120
7335
18010
13309
24913
4935
14720
5300
21227
15491
6131
28196
24194
28490
10039
20685
28517
21317
29603
19902
28731
3849
5569
13923
23436
9872
26359
3743
13700
7658
26982
25882
21236
13360
26386
1501
4506
19130
3139
15132
26018
19601
300
4178
24684
10791
18123
19348
5264
15686
23312
4382
31520
10567
26689
25907
15917
2948
925
36
3212
4112
16192
10414
23257
16037
4934
2184
13757
5085
25139
12093
2413
15013
7315
14136
627
31215
18397
16669
27569
10920
27805
14688
11683
18922
12242
7184
21220
31602
7061
10995
13812
4180
23292
18904
15416
26093
27966
29993
16962
12570
5144
1728
7507
2471
367
15611
22046
18955
2102
14355
207
5970
21650
25001
22092
9562
28476
29346
29371
2882
4136
2869
23876
15392
1124
4418
15640
30706
11074
18662
24498
18648
20153
23372
29789
24704
23305
16326
8438
27105
14750
15132
21491
9004
21303
26916
30628
21503
32071
1170
27321
29660
22171
24850
25093
5339
22334
19348
6017
26267
6042
17639
27284
25982
4831
19082
21905
2582
26793
8639
23682
3290
25053
22752
22820
4638
15571
29430
18482
21058
1211
29064
31718
4649
30777
12465
22462
32748
17235
18805
31100
18384
4237
28245
29552
30070
13650
30241
31737
30034
32150
2318
13898
19038
23226
9225
30826
19472
31152
26186
12926
137
1119
23851
23371
26383
4681
16955
1527
18109
3179
24462
1295
21881
2148
3672
16079
19239
24282
954
5789
13596
282
24540
4054
7638
20990
13116
3533
23786
1556
28230
21777
9021
20220
28452
12783
6007
22034
8663
26680
5813
19022
26247
20549
28031
1384
12823
17719
7417
3135
7421
18563
93
28283
21585
32431
26280
18801
8483
26966
29844
29256
31250
626
25287
2906
21274
7387
27722
2269
8110
11786
316
26819
15111
25891
4552
8670
10939
13107
1364
3656
28561
10421
12795
21762
22676
19548
26686
5851
3174
20236
26358
25236
15575
16681
19341
13377
14518
11541
21102
1010
20456
15092
31674
10131
15798
16819
26685
3089
3435
26952
672
2495
11551
16955
18656
22519
8910
30309
18943
25604
6061
30456
11257
3903
11709
19391
19961
6265
21408
26535
23245
13465
2732
9855
24471
6790
21310
22524
15046
1608
13136
31744
30533
30570
2894
5147
26610
11938
11558
11859
5970
11956
27039
3360
24451
17555
2027
4283
15986
23241
23423
17816
14926
7194
27682
15409
27196
10596
25668
3590
30540
26314
14738
13282
10667
9233
17351
4447
22043
9290
13765
22956
16289
18610
11492
12686
16765
25302
19082
12965
21855
29179
3068
13297
18904
20412
21619
31637
15631
4085
23923
15834
12213
6112
344
3446
17467
12414
5170
8463
32322
6201
16082
4603
5715
22471
4133
30794
13776
24145
14529
2054
12074
10453
9406
5049
1621
30921
26567
6192
23929
24065
12144
13695
6635
6098
12234
14661
21851
4472
15926
7729
28495
32181
3702
9413
21200
21947
17930
26970
17506
16204
22969
7013
19514
7712
26990
14840
4268
21639
3653
31116
13539
30543
20198
14077
4052
30952
11794
7126
20340
4038
1915
22479
23593
23559
11993
5012
4223
4182
1338
200
6429
8719
30873
11082
4343
17571
8627
28599
11717
13375
29718
15152
4275
5032
13435
30813
3930
24938
10581
19889
2287
18481
14762
4336
7098
20087
28194
5103
20170
10591
2142
11932
1000
14049
9354
10813
17865
25384
6454
29181
18056
32056
2401
11428
8787
16084
23767
9126
14948
2975
4798
7007
15410
11137
8811
157
10473
1100
24186
3935
28952
5792
3613
22236
30890
16908
12468
16071
5912
5237
8094
29138
26589
10428
591
20849
32553
22683
18595
22240
22233
17872
8050
1383
1959
32382
4965
20957
8862
16592
22024
9067
16082
8671
22816
20882
3917
7126
13374
17263
5452
18260
2196
5182
17068
17425
22280
24862
8351
5317
31879
9235
20131
29253
18588
16465
28085
23023
25153
9144
19393
23369
28405
8603
25438
26853
12302
27333
952
12424
2641
18110
13517
16010
11200
29258
11229
28800
17331
18227
25627
31513
298
4424
12201
1862
19298
13478
21699
10910
26790
2358
2875
16128
1896
3959
28197
23930
23952
25214
13779
105
21012
2875
19972
4322
25801
6397
7256
25425
18553
9016
2823
26464
25397
6279
11219
3867
10476
32493
1851
12625
1085
2400
27634
27453
16778
9864
21135
17765
12366
27844
10630
8131
28336
1902
7511
10531
4952
2400
12549
26060
10625
18614
15050
2402
13135
10198
6409
10251
9827
28590
13188
721
5806
7997
7375
29512
898
21589
26629
14960
31471
12703
1721
14044
1868
26079
17199
17940
6932
14457
10956
21817
28404
16181
31948
25831
1569
8511
28979
1119
19695
2930
27654
2022
1440
14805
28858
32360
30585
14950
27117
10849
5148
19735
6484
510
1809
1303
17397
31359
25510
3922
28310
8927
25849
16955
15989
20919
29779
23241
21049
27232
27063
2751
10025
32087
15035
15409
24220
18406
2967
11844
30640
22273
22140
20277
20799
20847
7463
30621
2063
11562
22709
27379
1353
21511
7097
16722
20781
31641
6796
7804
32259
13395
3556
23072
16213
29678
9128
32088
347
7946
29187
14710
5303
22040
8376
15360
16995
2423
15541
1017
23527
6365
27114
7266
7119
505
26459
24577
27228
25175
6516
10849
23162
20611
3741
6682
29426
20593
12815
18514
6113
26396
8422
6532
10345
4462
21879
2945
9382
8800
7395
9396
28643
19554
2797
26793
782
23037
24584
30161
9066
22967
5556
12415
29060
16695
1291
7991
25704
19369
23447
23592
1300
5988
21095
16375
32301
18122
23394
10686
21489
10352
14555
2133
22637
10880
13157
2256
12272
7515
25064
3656
31167
2434
14324
22239
28938
7350
20054
29182
6687
29278
6633
27617
20446
15146
1199
21078
17773
2038
7456
30401
20525
15345
20418
4452
3564
27134
24314
10717
15196
8538
3362
26864
20163
28031
11483
14215
10997
3401
2981
20215
32384
9560
27309
7813
8998
29109
31205
10793
4496
15032
2394
18066
15680
4393
25795
22121
27848
5541
3413
27866
25145
20291
17887
31057
26591
21880
9490
24705
5419
20792
8736
9899
24561
6494
20362
3869
19924
28238
14386
21753
23038
6361
4792
24887
25364
28769
16131
8685
13672
3133
16926
26318
1393
9310
13382
26353
28281
25907
21825
21461
18838
15051
15089
7585
28891
22330
20008
19632
17103
30781
2494
5196
31262
12321
12257
698
11663
13792
27053
29304
3126
142
1276
8386
10731
12787
17536
3418
28667
5242
30223
1929
1565
12362
17213
3169
18343
15282
28720
23110
6401
27338
31920
23981
12634
25175
23422
23330
11419
20976
13287
31376
31129
31071
24984
6077
30863
7498
9908
31764
24011
12051
17444
26023
11431
11260
27695
32628
24251
30607
17226
12007
2897
13629
25393
23201
8985
25925
5174
3704
5151
18647
12505
8383
27129
20857
26522
15559
15941
8107
20235
30373
3411
21702
41
19510
17182
15402
10988
14177
5249
3992
22813
13724
30887
23261
21352
26802
22212
17073
23730
13507
15362
13022
14253
32652
11711
14245
10921
29928
27637
1629
30125
29847
14329
31069
28358
3391
29545
796
14495
10416
11103
23703
18258
19820
25579
29427
10110
6503
14273
22628
15258
23051
8238
15437
25480
25983
31057
11945
17005
6441
5767
12969
5825
8562
31527
25758
22690
28361
2928
14106
4718
31722
18879
2898
10128
18784
29701
10439
32154
12872
5497
22566
15253
32345
24714
9580
5012
21793
25880
3405
19088
30353
30435
6615
29295
23740
22596
12883
2662
10972
32027
8812
31105
3478
31240
7315
6016
28799
29662
15265
14309
11486
9044
18366
27467
5556
16638
17026
27385
1273
28028
32347
25271
20009
27122
17711
3297
14847
13496
21058
21689
28544
24146
9049
29441
28220
10914
25888
14538
32209
21084
32457
31879
14000
30907
246
23909
2084
10610
31705
20703
24464
29414
153
11916
21752
28826
20984
11836
194
23018
2100
3140
24254
26877
11306
18454
25189
11765
3521
12565
8286
8808
22918
13735
12615
4372
12692
10379
12721
9678
19895
28781
876
14780
26321
21943
13318
12228
29052
25259
11406
30020
27632
2479
3741
31492
17192
1511
25240
14953
4928
10761
31535
6891
18210
4461
12841
19400
23393
26468
25188
26106
18533
14539
17175
27239
22473
992
2139
28761
26881
31316
27882
6189
26944
10657
2342
5711
664
32157
7005
27238
18020
20815
9547
5835
22243
514
736
27712
21541
14489
24132
15839
4139
23842
9497
4432
20042
26798
25344
7999
4560
2399
9566
14349
16362
19650
19552
24774
6341
17503
27964
15444
19444
22671
10682
5362
11282
15758
8436
6627
17832
16081
23897
9571
23888
21658
25592
7902
6427
14281
18684
19808
22833
26613
28018
11853
951
22459
19027
9298
18422
13142
27838
4763
7353
30064
1925
14406
32246
15928
15851
24600
11697
8373
2988
14447
31774
23130
28222
26488
23302
10458
13143
12194
16491
12862
4271
14419
7279
13108
26887
20185
26226
26538
25194
13219
1403
24987
12723
18353
6105
16937
16207
11849
24074
2285
2372
14060
19675
28043
26226
9096
2769
30601
3865
7919
23752
18529
3740
30600
17882
19412
645
29252
24194
17026
19144
18900
9985
23224
3916
11802
22785
19337
16039
22493
31865
9760
27178
1216
17360
20820
8989
28533
29509
25469
15691
6190
22414
20102
6850
29012
4031
4676
25812
17532
11886
26886
22113
25495
30229
8814
31577
31336
13495
8319
2428
5180
711
10998
13924
10709
26949
3294
11974
19367
13098
12383
4853
15431
28166
11479
7335
3872
24040
31532
20988
8040
26750
17504
27068
29522
15229
32357
17632
24453
12867
19251
8533
32462
16060
19993
27132
21009
22914
27472
18421
7302
15688
9686
22813
20513
29048
3961
12245
7762
26651
32562
6
239
13050
437
7522
20335
5122
14406
12012
13400
27885
6606
15290
5882
21023
18990
29945
19806
17614
31699
24883
10874
22630
3979
19661
15526
18220
26263
9172
20564
14881
6913
6393
2811
18473
4656
15833
12884
28780
7609
28802
29641
5117
7800
16947
16427
12986
24032
15204
4003
28531
4495
8454
8683
8014
15653
7948
3773
26729
26199
31786
14988
13250
20287
15069
883
30292
10998
19371
14955
5507
101
13484
15552
27322
12120
21065
16838
10835
19412
5444
12488
12727
17323
25081
4929
198
589
29923
30542
25209
1761
28769
22116
2245
8341
30650
21566
8131
17714
31583
27162
7183
13811
6769
21029
18542
26263
15747
18228
22195
23221
20129
27828
30691
27984
12945
29412
16279
13995
26456
19266
22178
1118
27649
322
16628
6058
21913
2886
15038
7690
13694
10187
28887
6154
13530
6880
6239
8796
2410
24541
10658
21801
10116
9041
16958
11685
21848
6460
29321
13798
886
895
31277
24310
3728
31888
14357
16679
20097
23154
20877
13990
5775
15845
21668
1107
2797
8666
22997
1232
28548
32553
26855
2520
21492
22662
9490
26579
16597
17074
1123
24487
19010
15598
5730
23248
11160
28085
7665
11699
20603
6058
631
21551
28442
23248
23614
23670
6068
5625
8218
29723
23900
31873
11852
19308
31737
13371
18597
17153
8080
4012
13295
6037
12486
14455
2184
21
19104
24089
30288
29175
15758
15574
32709
32717
17320
4339
28781
1562
18999
18982
4725
6756
29815
4939
26519
28810
15259
600
26945
10840
20498
1171
5107
17753
8201
23299
16872
6892
10033
15140
6394
9882
27586
26591
4032
1703
19648
22200
19961
27367
1405
13642
27693
26067
2655
25328
22161
21468
8931
12998
22316
19712
25826
2512
2872
21658
29971
11640
18379
15230
12498
22078
12726
26693
9503
23211
3245
31206
30442
1670
1449
30855
8334
29259
31883
2194
10395
28377
4354
21514
13784
22891
30382
7712
9352
27593
21638
13569
237
23744
13175
13811
2827
25807
16461
22432
10158
31523
25815
11953
25262
24262
31814
8351
26226
16403
9943
30918
3251
7789
178
21436
27778
11824
16401
21728
2445
23272
32420
23094
2206
14785
12853
8818
3428
63
6280
6482
9590
21295
6789
15921
25749
478
27288
22746
5681
392
25177
28826
10287
15635
25448
14745
13034
3325
16283
27753
17016
27540
27740
15328
17710
14693
1356
23843
17254
9718
25133
22020
17535
4280
17406
1422
1318
30263
23911
6877
25300
15764
14936
28212
8344
31285
19182
28745
26903
30139
5526
9187
12753
5684
21620
21927
25510
29842
518
1583
27800
14173
6404
14941
7890
1444
2955
9711
234
9785
13691
25683
29539
7966
19998
13244
20342
26938
7434
26229
25361
3152
30280
32374
28193
14130
16821
10037
1293
10290
4521
446
31874
31194
3287
30470
17014
10205
12148
1148
18535
24652
10140
14050
25316
29965
20721
18267
16975
394
4997
3781
26849
6310
10746
17224
16878
3829
4839
13359
15979
13612
12670
30711
6829
5846
24940
16550
12659
4425
513
19039
39
22233
15505
6194
16481
12875
2586
29496
15021
7821
15398
24544
13966
1700
3315
32132
11203
16869
31442
1088
6344
8296
29389
21763
8864
7098
3724
20454
25042
32722
27002
25789
178
8262
20771
4588
3809
28095
21728
17789
11799
32683
30903
21615
31776
26161
3965
31824
24101
22634
61
8974
4397
4814
31454
18698
9187
31212
24575
24942
15770
21855
24614
1217
22158
14077
5658
12728
17773
25169
8333
4175
17942
18508
32510
27417
23968
27447
13790
21204
16286
16108
32242
8257
6305
22854
760
18483
25087
1750
30093
13797
8915
6103
29774
8080
16965
31076
4158
2365
20236
28393
28776
27096
24625
32728
22725
9863
29461
28061
6239
22586
27317
17875
8887
3970
5165
25784
22628
2726
21627
31710
17150
4596
25478
28964
18490
28245
14431
10725
6230
11812
2758
5743
23480
11328
3568
4535
25554
3424
18567
26955
25416
10151
11763
8583
29013
2169
23768
18956
23659
3212
9951
30318
4121
15938
17850
12077
4658
28214
24930
28391
23340
14868
19363
32715
3526
30127
5339
19793
20973
10829
24063
32296
22241
8261
3038
27248
16532
9933
16298
16938
1107
3597
14516
30701
30887
1912
887
17370
7294
24667
6616
21202
22918
19126
22700
30182
17882
10316
28283
26126
10464
3062
10115
28702
18289
25916
15104
7415
15163
2598
32171
10746
22884
4944
7553
26051
27760
15933
19141
17683
17765
18925
29256
17421
26669
434
27880
26534
22331
27199
18519
29527
17010
17666
3358
10004
7490
23988
9697
6530
24596
22062
19428
613
30952
25726
7374
2391
12092
14138
15789
27840
32560
29716
12091
5378
12265
1199
14176
26612
10547
9649
1015
28818
19562
27674
27349
12019
21658
13524
27399
9339
485
12938
21340
28753
5157
3518
12836
4115
22739
19222
29238
6345
20520
27639
18744
31768
11649
32085
23322
11705
14088
2250
14052
15657
18577
7141
4274
14241
32194
22980
23804
26184
18295
19173
12571
15528
28772
24377
3337
2910
21757
22138
29289
19222
21138
703
27847
5047
12735
6478
28448
5083
4099
1457
10917
7298
3247
29452
17084
5383
15618
32685
584
27475
11154
20197
30250
21584
26349
27926
4360
28832
25473
14862
15436
10640
13497
19859
31344
23111
24937
2623
32378
6468
22380
21135
23746
13831
17036
5174
14587
16141
19105
7607
5489
9218
31997
29234
10128
18483
25864
3966
21926
6466
6184
23161
16874
32285
14564
9628
1724
12848
13640
1491
2094
24794
17547
27019
32452
5406
26607
9740
8056
20892
29417
28425
1281
25791
24194
27765
15957
19767
27645
25241
9837
17066
23226
8292
26952
13990
13658
10242
23090
25051
31268
17840
32582
12679
8871
2254
30258
10545
20129
21301
5690
3226
5664
29388
29568
26097
18151
31062
10114
15430
4371
18062
740
3649
26367
30838
3184
25876
5220
13804
29019
5038
20677
1918
19145
30257
20746
12927
23700
17831
7275
19034
12617
21489
10383
27687
14196
17407
245
22652
17438
4679
32148
24454
7827
367
19646
21336
31081
16205
21578
29826
31933
22034
11762
3302
17856
15810
17146
11463
32627
8680
19219
15907
30894
12167
12926
25155
23399
32595
11124
19856
26929
28705
28358
5544
24835
1437
28609
9649
29243
7995
1876
19694
24802
7024
23157
7055
16178
15137
32704
462
24661
22876
10337
25911
26736
19270
20533
8263
7648
31828
14636
8249
24516
6846
13810
5405
26043
26673
1998
26666
11503
709
21450
27733
13906
14894
29460
32035
31271
17718
8868
32699
13509
27499
22047
31295
28823
30484
12795
13660
29032
874
28901
7200
25821
31493
14431
19980
31811
23189
8366
5995
21387
3026
29683
17378
18835
27830
26776
32583
11688
22249
23277
14518
26184
15229
18963
15330
29996
9947
7194
29866
31878
16637
28006
4333
10631
7646
28503
29854
10276
29231
6697
13339
1050
76
13848
2234
6959
20846
32712
29605
1211
3874
27621
745
4712
4346
19974
27849
20022
29314
26328
30040
6594
17781
7544
21063
21191
13361
26656
251
8421
10345
10246
17122
20641
18970
31873
13320
24494
27328
20846
12261
7787
12489
11474
30842
2732
5962
32705
21404
18365
5617
32382
4751
22436
1339
17379
14294
31143
4838
17411
12106
21006
23210
21007
19562
16170
30500
15734
754
32662
7955
19024
3503
3517
8902
2301
30609
21660
24021
20745
15106
8650
28944
25427
27510
30901
22709
30575
7491
11054
13030
14408
32692
23336
19033
29706
23896
18876
14674
831
30368
6001
14542
11064
27305
22971
28673
32686
8791
10689
22531
1961
29091
4195
1991
10657
25398
29564
31820
8931
25142
26724
12567
3639
13920
4026
7392
15808
1623
24160
26252
27683
21563
30662
26203
2284
10366
32108
18275
9261
24307
30626
23869
15719
18984
15251
510
31150
8438
29313
4200
1289
27222
9810
20066
8984
23414
30540
23462
13049
23565
24349
30906
10859
9451
9502
14881
19508
11476
26584
31698
7617
22414
24520
10473
24589
6969
16223
11165
4036
4063
21581
6514
12455
7500
19967
28591
26674
15136
19814
29715
11132
30498
8699
3524
1120
13783
22528
10888
12762
24916
31752
1079
10163
31312
14265
23153
12641
16253
11217
29836
15401
24345
11111
32720
3206
26303
15476
7655
25294
25988
401
14223
21267
29759
28930
26514
21575
6184
31988
4600
19108
13221
4355
31611
4427
31072
2303
30011
18220
5533
1264
28851
25381
459
15959
4076
21358
13912
17079
1520
11316
11978
14164
23426
10628
29708
2619
27660
2155
8453
13442
11993
31580
5487
29137
8324
15825
19175
4386
24753
2869
64
17092
22522
32002
12061
1958
31277
5159
32703
9682
30900
29100
12059
17976
31060
664
6960
8109
9499
8979
27031
21299
9107
31944
31836
23931
22076
9357
10508
16808
26681
15174
26127
20822
1610
5638
25144
13787
21242
12664
15003
7884
27418
29822
17055
14788
3693
1559
4692
22368
16549
14982
20230
24974
30350
23473
25106
1800
9098
20679
4600
16411
15165
26917
12722
4269
31625
20091
23108
11134
4797
25130
25237
23214
30217
2545
2429
20864
31798
12233
1567
19293
4243
30989
29305
7196
4659
30942
17465
5504
13141
25030
18386
26114
27940
31387
20944
21713
23457
23207
6760
32536
5597
12549
30548
31359
22123
6990
26590
244
2069
20342
10042
2475
2766
7408
14616
29539
17640
2329
9338
9196
21639
2771
20675
16614
30038
10608
14609
26059
28280
723
27085
31536
7362
31953
31873
4935
27943
9693
1513
28585
23411
2277
10828
5202
18749
30839
19468
3053
16662
5416
2173
16723
31239
4918
30451
4686
12091
876
24095
32674
8184
9030
21403
7758
19412
30806
31171
11791
16165
15078
20423
31014
953
21471
18430
24923
2503
29162
6269
15938
7462
31188
31209
28861
15037
22071
18569
20418
23099
27223
15263
21086
8
11338
9977
6906
11131
10844
31427
18398
30029
32689
30111
11507
29261
31788
15608
23245
11862
912
20370
5864
21374
26597
1638
10546
20881
17182
6062
8906
6590
5112
20540
520
17039
8741
30479
22461
10271
28074
3880
20924
23687
11654
27546
20121
31897
8596
18913
24240
15569
15282
26228
22121
17032
25635
16286
21947
7531
23858
31369
26863
29996
2584
7836
9895
16247
7456
6918
28446
4648
28937
19099
12465
26043
4524
27104
21919
23555
14303
13153
16141
24351
15512
5707
29005
11435
18262
15158
21855
8499
15292
19267
13240
22509
10879
11623
19523
29351
18819
11782
12198
7678
14145
17604
15814
9681
3436
27800
28045
11765
1748
16930
16875
25386
15498
23614
4122
14414
15941
4825
31527
977
2564
10243
18606
4457
9973
1862
29413
31751
26518
3894
7131
25609
5914
6474
17922
21937
5646
13290
30188
29654
10812
17097
8530
15065
1488
31093
3930
28635
18873
25645
3609
4141
1874
29426
8535
21768
1346
15072
3731
8063
19361
25023
27207
24753
15196
26582
2670
21059
13530
17407
578
4878
4575
1537
2890
31764
30385
29465
32660
16825
15994
20698
18752
13616
1774
21048
27454
14899
7981
23263
1879
17655
24043
3273
1394
29791
8910
21519
16400
7280
1815
25855
23066
21765
389
24688
8668
24771
374
4690
9553
80
17744
32393
23457
1472
28703
12284
2024
15440
8832
32232
14649
30807
6845
15227
3043
25465
8249
1438
4082
22814
15887
8978
30969
26402
4342
10942
31503
18127
11368
25671
31000
25096
23299
5858
26694
14534
15919
14950
3295
15049
4353
16038
29760
27015
4703
23805
20514
22121
23141
10282
5916
20790
7944
20062
3689
23247
11257
16788
8428
12318
4556
14881
10097
329
20570
18316
1590
10539
100
25503
17322
30980
16505
15294
31860
27759
26905
9336
22711
22933
19482
27484
26260
29089
843
31502
32241
9588
4696
1434
4473
17049
24557
10503
4324
23675
18974
16944
16505
21973
23047
25039
10705
7787
23215
6107
2525
30968
22323
2324
24619
23911
17440
732
868
19269
22560
328
24346
8311
22489
23415
16064
18472
22802
2594
18938
22022
16663
15477
5656
25006
607
12061
28892
13924
23917
31139
18564
11016
10484
17912
21764
13893
25918
9809
26260
4876
7886
32052
32106
2369
25669
11219
3785
11956
21378
31386
6970
13394
525
28676
31258
5021
17590
2482
32340
12377
6777
3006
22640
17032
16037
23117
22989
7321
9790
4451
32042
8669
27807
20220
22635
314
29539
25432
23450
2083
14726
23446
301
8647
11720
6788
21383
22153
82
29622
27585
24497
14236
31957
19881
9057
3214
2362
17675
11466
20966
955
10288
29855
27353
6853
9125
3530
5373
29356
29501
2655
2406
21054
11353
11470
14607
32158
32103
14684
10364
13136
1705
31700
11934
32656
12344
21881
6903
23016
8520
26432
1791
16641
15533
11324
22213
18618
18079
6234
11481
20087
6074
3918
21866
18363
328
18381
27820
24314
18115
28413
17532
21160
20630
8234
19783
19094
31780
1210
1576
6014
11531
12387
14416
4317
938
3483
427
1280
23777
28240
29377
28514
32535
5338
17370
26933
6274
18734
25957
2111
29346
20052
28570
8167
32527
19483
13663
6288
8565
267
32360
20773
23261
20635
11427
16117
14894
420
20691
16322
13811
16662
29306
21012
21342
15594
3837
10195
16013
27479
5123
18197
14349
21065
22814
11573
31645
25359
23725
10277
1076
15955
18433
23045
20805
29776
32446
6900
4417
5439
15748
11558
21854
9746
3023
30518
12951
19813
1308
14526
29683
19634
15694
27942
16907
6596
17487
20665
25542
11374
3322
15358
31848
21628
15161
18757
27339
11242
7530
30848
11755
31060
21768
17748
29353
5806
29319
25456
11976
12341
2175
5406
27964
28581
31245
20503
12196
26541
2167
9372
2325
21408
25614
6850
22041
32621
17497
31246
13815
27601
19311
12097
10549
715
14501
17525
31068
28753
11881
8041
19963
29505
3950
31258
4846
15002
14090
18835
5088
8940
4316
1797
28943
26637
21425
3866
20815
7950
25512
2951
30034
3181
8085
6881
4134
10892
7588
10929
2303
29794
6975
14282
2615
18545
9265
26842
403
30712
13579
14144
30152
22121
23750
6685
21822
23837
8619
26542
8723
14151
11632
24793
8035
18983
1188
6917
25543
3456
19789
15407
29979
18507
26831
15674
20869
1453
25871
9863
2482
22055
2265
31430
20579
12557
32639
17420
9001
2617
26563
30501
28780
28672
18935
8491
24242
17765
14691
4951
6430
27789
9447
280
17719
30067
6882
17506
1516
9437
1106
15433
12244
26511
6972
31182
4794
1470
8270
12025
31832
10951
5059
5160
22627
5409
30087
14246
4552
656
20635
27519
6454
11420
5564
17811
13532
26946
2367
26090
32116
17385
18496
30535
11392
8856
10491
7680
8147
19301
31354
18700
13908
24113
26481
6494
27135
5778
102
21361
19244
27153
12564
3877
16660
22166
9490
6601
13201
29984
24496
15993
549
9401
2850
26794
27710
25002
17120
21763
20152
7403
23884
17519
23204
10205
30869
25968
10568
2107
20188
26550
20838
18510
5526
28144
25026
5985
27698
20962
25822
20085
7675
28343
21000
11574
15167
26009
3990
25389
19889
4224
27249
14646
11276
5959
9936
28469
12537
23301
3654
8709
22835
11162
7935
19889
3305
31624
16455
16359
6244
1541
8267
3753
6121
6990
7972
26438
23265
1853
27409
18825
567
17950
12804
816
24066
31679
3169
32671
20068
24774
1282
16342
11185
6727
25214
3745
31188
12182
5547
17678
27375
4698
29025
13092
30018
27875
3969
210
78
10942
1846
6950
27962
28550
22651
448
32373
28668
12510
2181
25245
24922
28035
24984
26272
29413
32363
902
4897
1474
3830
16320
14621
5898
6055
7503
12750
4129
15656
19395
21967
28995
8334
17004
28546
2655
1245
24525
11439
13865
28111
7502
21357
19307
7121
11057
15942
14491
2383
2247
25494
32179
19761
27876
27700
30781
1702
4752
7508
13741
13856
15871
6572
16372
10144
3524
15830
6226
21043
27713
7158
21612
20668
13666
23196
4510
22517
25739
31468
12946
19889
24270
18940
6930
25956
11618
381
24090
26084
15440
23454
4658
31857
29040
7725
16378
16628
12180
24831
7943
20356
6659
5011
5357
6958
11305
1522
10909
24054
31116
30937
27634
18969
10754
31002
25990
24725
1570
2624
13514
4331
10232
25714
24150
1572
9213
18842
24189
17682
15941
13766
10277
32728
32763
28366
1493
17069
16651
14135
4368
24028
31262
10327
13282
12559
29387
30650
26808
15310
8203
11205
11381
5955
18158
921
22209
15680
14221
5690
19620
16515
13376
27889
16725
23096
22801
7406
31052
28863
6000
9266
17310
31664
6696
3500
7562
26908
9617
8354
13391
26646
18439
8019
14657
15474
28316
22747
15388
32717
12810
4694
32664
29646
28652
2888
31806
18858
1069
8509
1401
750
14016
22188
17648
20345
12689
16673
19
3271
4796
8859
23540
19062
28414
12851
4953
30722
22632
22527
21263
8148
15707
24630
12417
21371
13232
27029
28297
11577
1079
4865
1157
2753
2659
11373
7086
25919
15427
28414
30373
27289
28340
109
30543
15348
10710
17838
14051
30075
8636
18639
25665
25435
10088
13858
23686
2066
9718
13470
12765
22506
23
7555
5272
19904
25025
22333
21119
15626
23077
22411
24679
1305
20962
4320
8711
2459
12664
20234
25608
5219
19455
18193
15451
1133
25113
24162
17615
28188
20773
27948
25571
4295
17077
11
6104
17780
28738
23780
30731
19171
20255
20240
24706
4815
14508
32444
31685
29808
25292
22415
7919
26692
15513
17038
11268
12559
854
14141
28293
5665
9124
26631
9794
4823
15097
3552
13424
8036
19791
5929
7931
30417
793
15828
24094
32323
891
18632
10288
12669
16058
31879
12225
14501
15602
32526
2021
2891
17671
13053
8912
17575
28637
19959
7843
3362
31692
11852
21638
15641
29774
13269
24055
7389
507
8224
1121
26110
30392
16845
20209
27081
27179
28472
8869
271
31346
5209
10406
10536
1300
22504
28375
29240
27703
7108
30382
8881
15380
23701
9795
13337
17577
13488
20390
3342
31661
1596
17014
7303
15049
4243
7087
14940
11781
29931
18372
28937
1665
28214
27374
5295
17765
16455
9155
19291
13082
8757
23562
27275
22203
10244
7118
19950
454
28546
4785
2924
17432
5232
19331
10342
23576
12258
15891
13375
30514
26345
13125
27675
22151
19566
12133
19430
11234
6753
22203
12441
17134
1556
96
28600
19111
13281
27472
2079
21263
3603
18879
20479
21282
772
5809
17444
19211
28290
27077
23673
22168
12919
15697
2509
17388
17097
23220
16599
628
10368
24808
13944
32284
16423
6487
12609
15042
14196
3824
5173
17386
3627
7033
1744
17588
7743
24359
24136
23564
28474
22124
11282
289
22752
528
5544
3096
14607
21891
22922
14081
16618
24434
9602
11018
7479
24728
8749
28146
32260
17623
22455
17345
16785
12935
20454
22711
18026
9230
6490
18306
10452
16304
4115
20404
28522
25001
3891
20595
27400
3193
28677
23410
19944
13184
31295
29729
15883
5066
10628
20257
26331
3884
27693
9723
19982
15760
16201
29457
28621
10381
19426
10709
26134
25915
27011
16184
8031
69
10742
5734
26748
28735
21074
9648
19906
570
25910
26569
5997
29846
8783
27958
25919
13336
7968
8704
11626
28476
23810
7084
8880
29645
105
876
17865
2738
3434
28823
9733
17931
19834
18263
5426
30077
17017
28578
21184
13513
19183
30827
29219
18596
23445
31513
121
15811
29207
21304
11629
32309
9496
32366
31579
20725
30070
14513
15029
30656
17616
10424
21669
24356
5446
12463
10483
5338
30336
14127
810
30805
17394
31853
27382
22939
6238
20402
21457
31316
6810
14603
28638
9504
1939
27457
10773
20270
7570
4619
2977
30731
19646
20611
4230
15287
20707
983
12167
19198
6257
7745
6471
15877
7368
11833
29358
29988
4018
26089
3726
31731
561
14049
27271
8872
26748
22028
29480
16800
8004
15330
21334
23355
22075
29920
21234
4077
983
22069
2230
6290
18003
27327
25440
15106
22008
11317
19987
27878
27802
23718
29690
6346
18021
5154
26414
14707
8154
22199
11994
16242
21780
18079
157
29945
1616
18103
10543
21486
26028
8499
26696
574
4655
1680
17341
26740
9226
30923
5612
5770
19997
30417
23387
27390
14525
31798
924
12329
31157
10537
18804
9165
19850
9896
22076
7405
30212
6896
13446
17377
25065
16952
22020
4265
524
32670
12454
898
28550
31330
14083
19383
18244
6994
12282
20666
24258
32389
12697
20851
13845
11596
17213
3544
19247
13414
27387
11966
12895
27251
10815
24558
6167
31403
11699
20604
4082
2000
13411
3412
21749
31585
29214
27158
24342
21777
28959
27684
29178
3704
14061
27641
2307
26375
12415
24764
17546
11329
10660
2580
15465
21032
21410
27711
23485
28662
7965
21086
10730
29966
27963
19219
9439
10802
23558
21326
4251
21238
12818
9060
24559
885
11615
21090
6790
32322
14720
17312
25636
11938
20733
4761
2347
4856
3575
28921
13411
11136
11786
11000
12794
16704
3448
17895
25546
6460
23939
27912
19163
26602
6682
8355
18985
6373
696
23382
1703
16101
6794
8621
2179
16367
29648
12275
428
4553
19077
14919
23954
6833
12866
29426
32301
2638
23392
19191
19008
16103
13149
8428
28895
2771
25728
21001
1583
28209
30912
24959
23917
6361
9187
10762
17457
18578
30947
19914
756
22405
3733
22607
18128
3825
22412
18163
22664
4641
12604
27500
17608
30107
28251
23713
22958
22171
24717
27069
7560
1727
9535
17282
8928
8196
14803
20449
23990
5361
6910
23495
24076
4370
29551
7993
5032
15784
7602
18339
32533
16031
32083
31853
29675
31680
29510
4560
20560
2600
29062
24040
19903
18937
29181
25610
20232
3151
21668
19031
20376
21878
26859
19857
22523
3930
9819
10030
7071
16446
22650
6571
9179
6577
16879
5923
11311
29630
31462
13856
5070
2148
3766
26801
2137
838
7361
10685
19950
14754
156
5270
18529
7815
17777
6865
10697
18243
26785
19542
27199
5147
12205
26035
27874
20800
5462
6326
30239
25598
4611
17210
22319
22581
17252
2113
29408
25101
14165
32579
32665
10214
24069
28102
10904
26766
26455
16175
127
20919
3976
11992
16143
6824
7955
22626
29747
14130
8657
8781
3648
14054
6501
14021
16763
9349
11991
32447
26332
31160
10111
21317
14353
31489
8485
22798
3270
4082
22886
14930
32036
27549
1113
13020
3479
6475
30323
8801
18389
16753
9640
6416
25884
15071
17875
4714
28090
15419
1112
21076
29139
16814
9992
6251
16223
31453
4677
7575
14706
21787
31334
4067
13504
30172
17501
140
32096
14701
22934
30807
27088
2531
29475
9768
7994
8786
8215
23505
27381
4671
2863
19752
21839
5463
17336
17756
20874
4961
3500
18057
12068
23665
32031
18313
12380
30046
24793
1038
27121
2167
16453
4845
20525
20082
28810
14013
5410
933
1271
7329
15412
15737
7844
32098
1751
13339
24406
21697
7834
21620
932
8971
8293
11868
26712
27885
27902
4874
32536
28042
25298
30671
30278
11979
25843
28933
6180
31734
21341
22850
9532
25219
22653
30929
11775
13611
12276
16738
12204
17729
19096
29184
30835
17989
29627
14148
5851
4023
23473
7112
22625
12585
11148
23775
7009
3224
1578
30595
30778
27388
6770
399
1454
16158
10970
9007
15495
2730
11820
17556
16000
6533
28043
17388
1122
1888
17329
18321
14190
17294
24954
128
14843
1810
15270
28942
9056
28925
1498
3030
13076
15607
24297
16118
32532
18459
4690
16251
24965
22536
4874
10521
27035
22580
4987
17952
21433
388
24268
5035
19674
8218
22371
22042
1327
27503
16040
20931
22025
9377
10764
31717
32506
28430
18763
14301
15927
5921
25069
29853
18497
15212
9235
15961
25285
3063
15472
6275
9920
5080
18326
13306
11750
16644
2675
21887
12101
7781
5147
104
20262
29741
11464
14744
9780
17001
13854
30382
17376
18905
24756
3453
12291
5887
23249
14269
12229
17270
23667
32511
20927
24965
13462
9447
1372
17908
15282
23445
16773
9246
20358
25188
32381
12360
15380
23255
1801
15409
13805
27088
25813
490
18862
30979
27667
4328
25803
11435
10853
4440
23435
24955
15613
20914
4180
18136
20994
21137
8233
26949
22838
17602
14449
16671
10199
11675
31226
6538
5059
9614
3389
25515
18911
25854
19428
18968
25528
4944
9097
6284
107
3142
5569
19424
25795
3976
31065
24118
26274
3716
24799
9080
10146
3192
19044
18945
25339
17613
31873
21401
21160
2983
13464
6823
28613
7354
2652
14242
4668
19551
11412
23241
13216
20199
23324
28180
22873
2607
16940
4970
27138
9588
6876
21268
29199
19305
13544
3698
7091
21127
19889
2796
24065
16293
22661
10540
10065
22216
7200
7306
1765
11836
18803
14024
6604
30692
28580
7168
16135
29902
29013
29402
22251
18186
24361
25858
4550
5565
23428
986
4549
14193
27539
25964
25621
22191
22925
3490
5449
17616
3128
30649
25852
28432
30638
21491
23735
10724
2913
19852
19989
18062
16733
27888
31780
9966
13005
27179
29711
17307
21953
929
22778
22578
18478
11519
10030
10734
19510
10865
12918
7289
22954
27670
25544
2306
26830
15793
31272
2960
23132
7841
21194
14998
8395
22035
31863
31943
3792
6006
6705
28971
28454
19247
22810
7539
18827
20366
32146
22154
30987
17921
19360
5996
30592
16520
20115
14907
602
25449
17385
18320
31900
20261
11631
20495
12839
26282
20138
1086
24635
17866
6518
32407
10043
31724
19949
29659
18864
24322
20874
15786
23697
2747
398
29521
19650
24569
1187
1251
24026
6277
24512
3211
1577
17154
21068
18976
19450
15135
15750
31994
2069
29201
6948
4100
12680
6977
18234
19475
5799
4417
8542
1142
10066
1797
18698
29135
13430
22864
31042
12065
18646
5228
18294
3369
32524
542
18857
12274
30922
21465
26579
10916
23398
15666
23684
3484
30102
4756
10443
6850
29304
16437
32598
5143
15829
11592
27354
22670
32166
24437
13238
17181
17623
29318
18643
19
25420
14435
12238
19628
30498
5440
16473
21731
9015
27669
11998
9095
3820
12110
10854
22673
4905
27076
4538
6581
14498
21485
967
28983
27481
18767
20295
3840
1892
12859
1438
8177
8945
13751
13570
12151
14727
18364
3551
18272
7311
26530
30586
16877
19730
8920
22484
552
8900
12248
4817
1655
25666
13658
1177
2418
13464
4552
31551
9458
31238
14067
29601
11114
8708
28164
7567
11131
26243
6069
27439
20930
30838
15553
12191
7413
13201
664
4317
6190
16208
22616
20708
3974
16700
28665
12824
29414
1130
22471
31460
23322
14916
18454
23714
25895
14475
31025
16827
22495
22685
5523
18191
18354
23540
7258
25751
11463
31216
18424
2376
8012
31446
19756
11835
11786
1048
1585
9484
828
31191
24117
9600
19361
6566
4364
24170
5072
12945
4902
3535
4044
7774
13758
25672
216
24594
23381
14248
11660
2999
20575
18655
8233
23389
7228
8478
7978
5471
24169
19004
5147
10215
3064
26201
21678
7604
8509
27329
524
20507
7115
530
29289
31308
20639
22946
22747
4567
29338
24091
8044
2159
23861
11112
10094
23277
30576
13269
25614
4504
17163
25201
812
5539
27641
15543
6250
32759
27666
18286
32387
17715
5896
13006
25311
25329
8860
4580
12132
29260
32529
8504
18062
17311
5089
24748
17858
26510
13488
1191
16863
18763
25214
627
12823
15890
11552
15332
31997
11766
18673
3643
23518
14816
11461
18505
2133
725
19486
19416
26650
30327
16803
24134
11035
17615
32205
27763
4046
25417
19940
17886
16837
16640
20266
4874
1667
4156
8790
2855
11406
18745
29507
11502
28869
18987
10474
32461
19956
14462
20878
6724
27302
1890
7990
1679
6458
18311
2144
9861
7737
9253
24820
15808
12519
12608
32631
20734
27160
28458
17025
26055
5445
10057
2673
25936
6111
1562
31583
9888
25315
5750
6994
25585
8879
533
8371
8025
8468
15184
1282
15017
3500
29739
12232
18070
8302
1682
19917
19734
19071
12771
10378
6925
26955
20909
4577
19753
12245
29112
14348
9226
14923
25413
30164
25511
32734
14230
29443
16877
5841
17329
10523
10409
32463
4450
8264
20135
25985
24959
30868
27675
6496
9071
4954
3649
7880
1517
28925
20033
6990
1290
5849
28501
2900
6513
4474
10285
30171
27887
26380
7059
4760
14387
3603
17483
5705
11730
15453
22589
6473
5774
8756
26326
19554
727
26072
13995
28643
13714
29484
9823
16627
11290
29615
5319
20773
26500
686
5197
31821
23336
29112
28050
28817
9308
12627
13656
31939
28547
12781
31134
6382
11847
20757
18956
23854
802
9963
8082
23237
1571
18389
26445
2924
18159
20084
13482
19175
12294
16855
24269
3804
12103
11246
3380
20709
18359
29761
30615
24292
28798
21217
23827
1431
25906
28575
30344
18796
19288
381
26688
8598
20776
610
30417
26976
10641
19218
836
31681
2429
11100
4726
11569
2646
21142
25535
6076
5577
7238
23250
27989
16074
5410
16612
17516
11224
19515
8465
4803
30338
17525
17403
19069
9258
6714
3764
19832
7177
12655
18654
10972
15987
32679
3600
23284
348
18071
28284
27965
13852
21195
719
23741
23663
4759
30553
32406
9920
6479
21102
16091
5031
25274
31244
8098
16560
27333
15549
11867
23134
28021
25023
25440
19823
25375
1123
8141
7522
3291
16051
15761
1079
9526
26455
26053
16246
2343
26298
8509
11890
27973
26472
22365
9679
29494
26043
12078
7234
13163
25270
1713
5272
3850
15921
29812
26874
24108
31798
1890
23407
20041
31148
14559
4002
1264
21554
17685
20966
23228
2382
23944
20343
17027
4295
27121
9218
12496
30287
19273
24680
6036
13925
21796
28352
18968
25210
28992
30619
23862
20563
8542
11403
22473
22702
21328
7142
18274
26920
15188
29127
3389
27998
10400
19030
30579
21331
2110
31049
31344
12050
2586
27307
7848
16788
7258
220
30342
26339
12525
5082
12453
12160
359
30142
6723
10498
17676
8330
9715
6657
3370
28961
19089
13618
15277
5015
20091
2003
18413
1195
21246
10058
17866
19602
13327
25097
25339
22263
4156
30644
20131
3135
3298
7302
16165
4113
10911
19441
2618
18710
15882
11908
833
5629
24738
5906
5078
21443
28165
23313
17061
6449
24931
2624
7296
19366
10033
18829
13232
28950
14114
21813
10633
25427
2643
28205
30274
18571
16837
14017
25347
29970
4369
17019
27198
6754
16727
23878
29251
26465
24696
19923
5647
32226
28805
5948
28773
24941
11127
32231
7457
17219
12064
21422
25800
20381
9569
20284
18019
24629
15518
29370
21390
14343
1135
17836
4812
11353
664
26133
23581
24313
5180
13538
25555
28102
28493
8581
26529
15217
22599
22753
12789
13701
24606
23398
26503
15269
15988
15997
21298
3093
7184
7462
9220
22909
24972
31711
20881
28137
24141
9161
6796
32531
23481
14598
20888
6117
28835
4197
27739
15162
10506
2113
2260
9189
22020
26790
23791
17908
6645
3766
17495
30006
1284
26443
24716
21754
21968
31966
32565
29978
12894
7336
15031
16440
27991
22278
2310
8008
11120
24354
11452
30286
32041
3536
15464
24169
16570
2998
13352
16657
24650
26288
17786
14493
16483
5747
22863
23048
29347
13424
30817
19444
180
27387
3527
20207
25470
24492
14278
6902
31386
7429
6891
13879
6154
16214
27478
10523
29736
26846
8281
13188
7645
16691
1602
26452
15123
996
8820
19502
11629
25180
7613
28800
28469
15625
10467
3009
15510
30654
3968
5623
23819
27990
27920
30845
8471
18075
14409
15363
26679
14438
6315
22486
17173
27911
14935
1634
1534
7398
5156
17141
24470
6763
21488
21701
18378
21788
25908
2869
23303
6149
17883
3924
30121
1885
7509
28326
9143
8550
18919
17192
14541
18069
22597
7310
9305
3315
6498
3791
22026
25283
19079
2531
18054
17509
931
24267
30812
2426
24546
5587
1337
3401
5248
31252
2910
13922
27104
32316
3921
8576
19160
24210
9683
29620
24143
9268
31251
6080
24331
28067
1057
27329
9668
8322
933
7186
6525
26779
4817
17516
31252
10275
26004
30802
14615
15679
2321
22956
21721
16583
14159
27826
27077
8777
4914
13323
28147
17745
24746
22582
19193
999
3370
24106
18948
14938
7260
12601
1575
16444
19731
1082
22770
29358
2689
19943
30023
13278
32170
25732
9321
973
21272
31938
22870
5718
2256
4066
3671
2668
22662
27933
8405
9891
4621
31300
8046
16113
31249
26532
15944
10166
264
23340
26021
23035
26214
22226
3768
11511
7184
24114
25272
18648
32276
8056
20530
14016
12951
9089
2723
12813
17935
18749
10310
7901
22450
4184
21035
18897
27181
30489
14985
21778
11418
28554
19797
30354
20396
12249
20243
27541
15149
25086
24045
17775
14251
30366
2306
29583
24686
7983
29184
11964
29101
13150
11509
10655
18177
1453
21090
10882
7705
27489
30610
29271
29104
31643
297
5372
188
18885
1024
9917
21992
7983
10288
25371
25413
30714
17005
12491
1596
18230
6038
9986
1992
17991
32393
30704
27874
21389
21564
25738
11068
9284
30218
7565
5681
19880
13898
13760
6140
26973
32550
2425
2857
22799
6059
16226
18506
27990
16156
18045
15339
29660
4748
30054
6344
28865
28843
11993
31293
1854
20449
12147
2813
21897
15001
26813
1031
18425
26080
3430
6102
10091
5678
13008
7640
26340
18051
11215
4642
29816
17846
173
15714
4458
15882
10353
6421
30100
23299
26464
17402
16905
376
30405
6854
1786
19944
23022
18713
24790
19730
1143
26289
28853
8895
13771
29918
13303
4835
11751
20533
32552
8420
8033
27273
8231
14650
681
24855
27528
6456
11920
17153
14646
26921
23046
7166
5213
15519
27432
5967
8839
27912
14202
20213
1541
642
6512
6945
16272
7921
32564
30188
21296
8014
22179
18248
13405
26434
31384
11574
15716
2803
1390
5178
13837
19230
11456
13324
11643
5990
2675
17553
11091
2795
30455
32521
31777
5919
22729
16266
7415
20693
3389
23213
2647
5019
20090
31623
30290
28490
15046
7643
10738
5083
24836
30861
5590
12156
30330
27738
22044
29411
6616
19143
11652
12259
18294
2391
15313
17981
25310
13569
29555
21176
31114
14817
4708
21620
8943
21294
8784
15483
8634
14188
17400
7065
10841
21731
18904
25198
29373
12879
26119
26561
28510
18393
28512
10519
24960
25670
479
31108
6837
29295
32333
4802
6564
13041
11552
15488
25608
15909
2205
32252
16892
25171
29247
3540
15989
12834
22364
29722
4368
22355
2310
4774
21774
32175
19248
1968
12700
27198
24337
7838
22360
4794
3278
17178
30482
18755
28755
10856
5583
20564
3457
9974
25108
27382
28559
23093
28257
15668
22442
14504
29947
4302
16095
5179
2286
21042
12091
8405
22611
22951
14385
10032
25551
21708
571
23017
20316
25665
17860
211
12364
16804
10566
28305
31883
447
19120
29796
32548
18175
30730
18497
30214
30760
23387
4391
15625
20296
7627
3503
10796
21738
17925
2277
32544
7051
21983
4438
5131
20306
27453
9834
8070
28155
26674
20468
16359
15125
26217
21512
10694
17517
31172
32525
8122
2762
1602
12818
5988
8922
11558
11110
12207
25197
5462
15714
23637
28129
4865
26506
27302
14813
29316
1493
17285
21827
27279
2632
3763
3935
31107
29897
6992
20069
12831
32051
12702
10778
15196
9126
12809
7889
1941
6945
9572
27801
1771
16978
8822
30389
22760
7852
11445
14156
16739
3515
28753
7010
25763
8372
32628
23303
3783
22097
29897
8654
2660
9947
7995
7041
19057
5768
6911
14611
27488
16904
31700
16854
20366
6491
27785
1262
23261
15589
26560
16134
4511
12484
28147
2114
7863
23137
23732
24180
1274
31813
19257
8082
32732
9263
4119
2152
22344
16227
21582
2954
10959
18756
22406
5261
30725
18469
18840
2934
24616
3165
23888
11379
28931
26009
30834
1993
29970
17015
9466
15886
3815
28240
10152
19608
9164
24916
24508
32309
22954
22237
21503
21532
11306
7677
4354
31524
23833
22617
15530
8500
17425
6971
748
16123
16726
9954
16342
10721
22526
10269
2767
573
13141
14360
1823
20936
7039
3701
7602
28242
7519
6558
1048
29875
27064
29018
13521
28677
12178
22431
15560
272
30176
15272
541
6662
14431
29510
26663
8817
19393
7803
29882
5993
19723
26949
23205
31754
8252
8120
3455
11813
16943
18511
17060
29494
29122
14468
890
20886
29752
22430
13561
2546
30940
971
14442
17660
24551
19822
2414
18784
26788
31930
32067
19962
2770
5504
1859
15430
32586
19781
9901
30488
15330
10136
25000
31117
26256
11427
29061
25153
979
28159
1093
16066
25678
19917
14171
11077
5558
15362
12211
6808
23279
24066
29426
23128
28530
21617
26112
10084
6642
4933
5316
26257
21055
32
10030
21920
32362
19166
10107
18541
2858
13417
32180
18024
25470
14293
17528
7241
2964
18857
23292
13824
25322
8570
22608
21739
20915
16831
17380
30284
25980
12768
14154
32250
8463
7824
19773
31063
920
21597
483
3713
2822
18565
26703
27597
13748
9228
22858
19313
18249
1291
32595
24448
21725
27211
25572
14876
23645
32018
25079
1511
27440
11581
8649
8890
6170
21391
478
31386
21601
20041
4421
8935
22575
19451
32541
7639
11832
14489
9048
20515
8860
209
1215
32512
6415
8092
54
27217
3639
10772
30018
22299
18517
19845
7112
7737
31528
29638
26392
4945
25359
458
6697
22534
7021
25714
28966
28527
13393
24485
1066
9672
19287
21411
18249
8296
11209
27798
19407
10739
14858
28779
9932
3793
11829
7903
8400
7647
25089
22493
4851
8548
13800
31751
5400
25670
20872
15251
24947
6014
17225
18264
4425
11209
17216
6184
5879
29600
7507
16481
6454
8555
1694
31679
5021
30194
25110
29044
24680
13076
14444
23675
3959
9915
26421
3625
11930
25103
19271
32517
26379
28906
27238
25049
5180
9612
24608
27913
14291
19601
4597
20004
28403
23840
28347
31673
19646
31076
15681
22892
15896
21312
15923
25160
23213
18750
9533
19799
18229
20425
11635
24688
3319
31389
19697
25937
2699
14971
19390
29934
25061
8993
16887
3336
1935
19833
16681
9216
22326
10769
11518
12014
20840
22475
1820
19950
26268
21206
12874
4794
29555
4060
28884
5502
21053
22397
8753
19431
9663
30205
996
22141
16692
4921
31136
14388
20881
18144
8367
11325
11277
15583
12949
3618
26081
32285
31472
2066
6476
12649
25762
31610
31707
26801
25138
22485
10727
20084
13680
21444
19295
18297
23128
15457
30152
23746
6457
20176
28545
444
1047
20504
14412
2744
25421
22321
31498
26526
21878
32095
19654
30432
9870
26814
23797
1198
8789
25885
31484
19049
26100
32527
5363
601
29923
21824
5033
25506
5386
5126
14312
6772
13863
20280
23802
4227
26735
11843
17515
6583
9848
7802
20241
22820
30294
32686
18250
29244
9733
32511
8325
23107
9991
5105
20484
24068
19789
21443
8928
12227
30043
3836
13645
4466
21928
27974
28447
28456
32579
31615
10637
32206
20924
24590
25141
12828
26178
10611
8033
9156
13833
27426
27017
12524
32751
7314
32281
30178
12638
28305
8051
27915
22132
2778
9784
19229
21857
29161
14276
27534
30993
27406
17911
24909
3852
15041
15419
32687
7322
4917
32194
28588
28458
29488
6416
9547
3060
26393
21690
18779
17118
24659
31085
27492
26780
5833
32049
4061
31772
10442
29679
28319
15137
27928
26929
30106
27182
11067
1834
25543
21413
11803
12022
4189
16944
25806
26147
12872
31328
1455
15727
15319
30612
26544
5331
7861
28701
1521
24769
3098
25759
24977
21675
1346
16058
13764
5828
20511
17130
12837
24842
9291
22956
12110
13188
9280
29667
4518
31688
30411
3705
20091
21953
5310
6473
18257
18863
7910
17725
28537
11119
20540
32179
28645
32509
24671
4390
15674
1591
27202
19722
21543
23524
11042
4343
4086
16372
11708
7434
20320
30985
13756
8073
23462
28471
32632
17861
17885
25608
10206
21573
11913
27588
20651
2592
11118
3055
21727
21419
16291
8978
8557
4180
6632
32191
1590
28622
3385
15567
4920
10863
30628
28910
22019
6358
2903
3930
2925
28368
11773
9191
6535
7549
25163
25671
26064
8366
28629
2184
23464
15250
15655
3294
14087
26770
4113
16547
26478
121
10306
18076
7966
23768
26648
27262
25225
31145
32695
28592
11270
23090
20057
15699
30664
13612
28133
2944
19473
11301
7362
30160
4515
4643
31213
5922
20600
1418
18249
4760
9394
24895
9783
11747
32725
18702
615
24769
2612
21833
7918
32195
14505
8626
31128
22612
27273
17307
30847
3063
9175
27468
5596
18640
14264
13477
32286
18790
30503
27397
21561
21927
14314
17514
4161
30509
18373
22489
11319
17087
8173
21248
4899
23323
27839
13082
1634
4338
15794
1299
27970
17461
29067
28908
17100
27279
13008
5218
5601
24371
6270
28874
20361
24535
16126
28736
13191
23296
27990
17920
20273
29569
6813
11796
19070
23870
26545
20528
20321
30518
24876
18906
31573
18113
7571
9165
3897
14357
3025
13984
20831
18447
1508
17059
21984
31537
31703
16138
8498
17895
19184
9293
22780
18958
5418
13774
30504
3510
11493
3773
13114
3879
26845
30264
5601
23075
29785
16055
27340
619
28581
13480
1215
10117
29889
24662
2022
26043
21595
7951
11881
22631
7931
22406
15168
4462
20094
19830
3913
10763
9157
22664
5272
20686
3246
631
29710
30948
9795
20594
18733
3736
12082
15298
18474
21786
32382
7596
2628
20863
21107
4761
29781
26378
3039
6260
27559
2218
10623
27732
19720
9155
6072
27483
23073
10289
10375
31454
4355
20875
18363
15301
8707
5540
16226
3381
30664
23640
8321
8813
1442
25733
9224
12270
20509
31319
6148
29663
25559
25289
11543
7599
11918
8296
14373
22780
28285
30042
15441
32692
11241
18080
20776
14202
28919
17560
14619
32331
13248
31942
15411
27233
9895
14547
6912
8535
25323
20182
11731
19087
8568
18131
1069
209
30211
31105
6262
1844
16469
3153
27634
17730
18407
28331
7922
20055
13744
15483
22855
30794
24635
10732
5884
17743
7676
23667
11589
9500
4580
21776
7090
20811
9779
20433
32168
18688
10638
15511
12306
12235
16977
13596
32596
5072
11302
5173
29056
24357
29655
4693
205
30843
9568
2899
23109
22273
8265
20845
29885
3461
1586
12684
5130
4316
30640
3274
3186
15749
4951
11057
23137
24713
27416
11205
25181
18341
25550
13765
27964
7339
13075
20271
13461
4134
28504
31874
4980
5949
26165
3527
12114
16602
11517
15570
11588
26123
8086
198
18290
14760
16775
15063
22219
31542
13651
8276
9463
20747
15878
1508
6797
3507
32525
28688
7559
25747
28234
3329
13299
20940
11368
31627
16107
14690
14188
875
25030
414
11149
8909
27024
11440
1606
5394
18616
13721
8105
14031
31497
13384
19958
27417
26075
3331
26476
26112
2187
12041
5727
89
4392
9846
13195
30913
10607
1382
6824
17886
4090
26717
11583
24040
20916
6631
30651
5992
14224
6523
11459
1856
15483
2469
27335
32748
8079
18789
32729
5639
26249
15570
8127
19985
25725
2306
16454
22383
6344
18222
4057
30899
31303
29458
14929
4382
710
6291
28687
21347
3771
1188
25416
7598
25909
32106
12193
4837
31759
17822
24572
22830
19561
28468
1681
8625
19288
16698
6976
23967
23261
13570
5157
17523
18196
20099
27758
3960
9134
21501
3433
3723
7585
10460
19937
31266
5406
20447
31659
9869
5060
22649
9084
31868
29459
15224
2814
23234
18211
27364
4386
17752
24982
6442
26807
1445
203
31609
24892
8188
32596
2925
12786
16999
6059
3051
31542
4259
4128
21836
29198
29035
25366
11453
27138
16634
14191
10981
12589
3275
15685
30153
29331
15523
17115
20973
4789
19665
5587
20156
14947
32180
1185
4650
978
7295
5183
1944
32238
18745
15906
30200
31217
24072
19054
16689
22325
23470
6758
23237
16710
32596
30502
9649
5180
25991
14484
20885
23368
24192
22676
28948
7564
22440
18043
20350
27952
32347
3783
18860
27826
32748
11021
11820
15997
2794
3634
26783
4798
30114
16606
31838
18291
11749
8750
4708
20164
22028
8361
7784
20375
13112
32630
24393
13407
20703
31692
16047
7220
32132
26281
21488
25129
1221
1735
3632
11994
19099
22220
18893
18500
11230
29632
21754
5082
18439
20421
10153
32469
6202
32002
21167
16587
30596
9441
27170
11395
97
32634
28422
776
25473
24399
31785
31996
7115
9529
14924
32303
9123
12450
24451
10096
3944
8181
15839
15011
12609
30035
9545
1300
10778
29576
7345
17419
3049
18237
13929
14241
28982
20590
971
22481
11738
8223
27682
24530
32007
32331
27336
9124
20616
3102
30859
25578
9546
22116
9301
5111
284
27712
7949
17963
32179
20001
16056
12928
1265
18674
15588
2912
8807
4497
13382
5306
3608
13443
8610
12628
21631
11750
27627
23139
16340
15782
14252
13657
26252
19444
2470
15358
799
29172
31930
10946
30989
31414
3850
10577
11043
28776
19036
24937
1786
2506
19391
30696
27074
3042
28272
7210
16957
29680
7678
8593
5134
32164
5037
22373
16436
22927
792
4831
14034
10200
31259
8064
30257
2864
30704
2471
31495
26631
32664
30563
1530
9216
10621
902
23136
31139
30805
20219
23113
13395
30025
15449
9151
26751
22359
2487
4940
31772
14837
15555
20413
4946
9975
5390
17190
13685
30642
30890
9510
15928
20834
3831
31340
28445
16585
32186
11642
13616
14617
31855
9385
30453
31252
12769
31086
32415
8562
4087
13531
21634
27523
8657
13673
7627
26389
19
8692
21359
8344
24449
3591
25953
2176
28109
13146
7688
6379
28844
25753
23024
32388
23343
7527
26560
18599
19793
21411
9324
25798
12749
28138
10155
26891
28210
861
5292
29246
22840
18596
25348
6378
27477
20019
13292
16827
23948
29643
1961
19755
10886
13636
26443
27229
9699
13451
22170
4425
7634
9447
8782
26650
15071
31616
24190
6100
4621
2337
10587
21562
7461
24893
1566
6895
3405
12848
25663
28123
11228
29384
9960
3280
15725
2308
16553
29294
6963
19995
14189
6212
30348
5056
9389
17975
31448
3749
1507
28968
16779
19006
28994
27857
19585
2503
676
29936
31378
14984
5316
20904
10855
23384
6829
6948
32651
32096
11634
24701
32197
16929
8736
13790
28326
31417
15345
28134
17758
19553
20162
589
29908
32315
26055
28619
27637
21579
17022
2357
11339
7106
18401
1514
11986
19587
9696
20333
2824
25568
22798
21075
5188
23716
21147
22112
24904
26711
23682
8685
29209
19901
3587
27788
26639
4256
25684
25839
1064
18127
21396
19974
24481
15975
25600
30568
4808
22865
12137
5364
15884
16908
21222
14776
10582
23981
10438
31250
28060
7972
24264
30996
23731
8128
15503
25901
7012
8438
11856
10246
8643
23390
26574
19883
5564
16126
13192
26347
13295
2251
16944
27393
15038
20845
3680
23668
2979
31043
10377
13627
30407
5543
32556
24101
25809
17267
30540
13688
21244
707
26915
26840
21869
32765
21780
9835
5059
28175
25825
26939
29679
22008
3358
25820
26438
32650
25317
21582
3540
22382
31180
12324
9204
30312
24084
4070
28190
11740
32547
15029
5887
15762
7732
11053
13263
5814
5454
2704
25311
20515
2674
26400
14449
12257
25369
10700
28109
28139
3038
3855
1681
5174
26743
10006
24649
8176
32745
8481
24639
18437
14588
26155
13205
3304
15085
18125
21904
30096
18020
16480
20535
7617
6821
7522
27421
31116
15114
29978
15483
29209
10417
20095
20609
16292
25714
27223
23278
9414
19732
30876
9951
28406
11712
15651
14564
24655
4277
26496
22361
26260
10814
8740
27892
17265
28641
7368
31130
2563
12250
5647
1399
5531
15560
10342
19021
23999
421
24111
1804
19314
4603
20768
12708
29622
2645
22757
31511
23374
21748
3341
22994
10184
9924
7715
3645
25019
18575
18971
21905
11342
111
28657
16106
5625
12169
1676
22173
26256
30712
31464
7115
3709
32520
14708
29750
6988
8101
26297
4692
21870
8467
2877
418
27446
17887
13991
19771
19752
18197
24099
29865
8051
4019
31240
8955
25788
19550
9913
23575
17949
9044
19657
5202
7278
10402
5218
26174
7875
25239
10215
23235
23093
29304
2520
30578
22246
13685
502
1813
3647
29148
26024
20619
5756
25741
16286
12243
10091
17070
6836
17766
23664
927
29721
12234
22477
1840
6320
868
11040
27666
29110
29838
10541
10892
1190
26601
1246
18287
10841
23796
24968
13132
16754
26334
14448
10724
24569
10137
14222
9696
18502
304
32145
15555
9505
29018
22307
30492
20775
19279
24941
30976
11632
17370
13790
3767
19310
944
808
29110
28184
13312
14220
22989
9800
14667
8280
11938
3682
4214
8878
27998
26935
542
29062
5798
10281
8235
25846
14541
7311
16808
22194
27208
22619
28882
10191
18530
506
32622
21452
20017
8059
13664
13522
6088
7412
19834
23867
26030
4641
13458
10834
29839
2895
16087
29785
32050
22904
18277
32721
28843
11696
28182
5109
17618
959
26523
23176
25843
8208
5068
27856
6855
9418
20029
12771
931
572
11538
29217
26096
18046
8724
17410
31451
4181
12804
13842
77
10584
13871
23097
10014
2897
23618
5696
12678
21734
22624
23953
21972
29049
32114
14398
14690
30796
12222
15173
6088
1769
26044
22035
27216
6849
11044
6470
9130
11795
23116
23223
21473
7183
32689
23224
18574
4156
7123
20122
32076
1303
14151
29811
28779
5629
32007
5149
12265
10314
20236
4482
12957
12227
2335
29719
20918
4657
26092
1959
30308
28239
14936
31314
20437
18918
31508
7125
9571
27447
16498
8716
6412
24985
15480
5813
28194
355
22324
21110
10307
22284
25934
10530
5772
21905
11492
11064
7946
17431
11409
8364
24177
11986
22735
8426
28689
24357
17280
27673
29189
7947
25031
27036
6574
19381
25628
28639
27744
31605
21664
14672
28762
15066
28589
10923
27132
9501
27314
20091
31028
23483
7486
10718
11066
8548
16474
20104
21629
7188
14364
19978
18141
640
7033
29268
14362
14515
28251
24441
27788
8185
16883
691
31253
7676
12113
29351
14165
7981
24626
9450
11036
6245
6681
7363
4133
19404
32673
30515
16641
21755
31761
30770
8273
16477
3377
32060
20792
12763
24412
30988
21520
24248
28631
23720
23388
24249
10593
4509
27902
6282
12043
27020
9131
19805
18762
9957
9371
2004
10571
755
7557
29217
30342
21785
24266
22380
23190
16219
26097
21620
32584
1055
27731
31610
13042
26933
19991
28507
9990
19478
23905
14844
31974
19305
30151
25066
5370
10700
25605
834
21505
19920
30193
28623
21156
837
18097
6771
11089
25017
6955
20936
23110
31803
25277
3590
25580
15973
12334
22056
13671
6809
16101
74
29547
28042
22617
20822
11089
15102
11721
16351
6762
10195
31277
24141
32659
21824
108
12347
11017
350
14799
28445
16511
4327
18614
550
24430
26173
906
11625
9645
10670
11250
15422
16449
26358
9802
10983
32374
9221
17745
4979
6959
21763
32289
25059
12410
20882
6245
5004
2407
12115
11974
1468
17947
9643
5030
6048
1568
24263
28177
9061
3327
23005
8944
4766
5393
17077
24192
4582
17554
25193
20995
10182
30967
3433
31158
13017
23681
12993
32514
4909
31251
28831
2806
749
17217
21007
7413
25149
15529
6666
14764
31334
17542
16303
1607
31795
10114
32720
9189
15771
30668
10160
24393
31391
23147
32011
2258
7542
16082
26455
2221
20968
13492
15946
841
26616
21529
24988
8715
18885
27570
32270
21572
2226
26985
9131
7264
17861
12605
4430
15712
31053
22093
22884
23690
24008
27186
17395
27486
515
22162
4572
28109
18051
29938
1373
28838
18980
22732
21465
17489
2560
32738
25820
20415
14482
23761
602
4001
4124
28649
24119
5592
9285
25148
4364
7469
30471
22261
30249
1347
21704
26348
2262
19145
15303
31351
9951
20468
21178
30082
23631
2349
12982
27106
7291
25095
2126
17382
3138
28275
20479
9519
16788
15415
12748
25026
7217
22684
16421
21340
7091
24167
7693
30470
22223
8203
20604
2280
30680
16925
16130
4706
25220
23048
10158
7769
26355
25858
2606
1999
9709
11071
20023
5815
2668
25444
10536
24327
31834
10814
1770
5646
12443
8884
31258
21000
14926
20986
30570
26608
16720
3080
24644
23445
514
1099
8369
5616
31309
22170
25722
21941
26595
7275
10125
3624
31687
25159
9633
10290
26383
4475
27933
22964
9449
8721
6454
1819
9692
10494
30552
25397
16464
5789
7112
16707
2641
14684
10631
19791
144
22710
20857
7871
7850
31841
19654
22827
19629
13256
22145
20332
17881
29115
26760
23797
23715
20581
16299
26983
16384
20863
27408
19039
9695
28356
27349
30610
32503
3749
8696
17693
6084
12605
8052
6166
19148
27015
685
18791
10279
30415
32526
10972
13886
4710
17137
25210
12243
17818
17855
4115
25410
23525
16728
28951
5894
17765
23221
30381
6014
32140
15820
514
20977
18969
12467
15073
8401
26183
25097
13445
11580
28228
30354
21675
2504
7908
6689
12523
27264
15767
6075
22087
7722
15513
15609
12037
11468
28520
3246
31418
16238
25467
1226
3240
13600
12593
31614
17481
2367
22792
22433
29740
28405
271
10323
11008
17919
9886
24544
4847
19635
6212
13799
23341
13121
19457
29883
24528
29753
26037
13833
994
5709
473
21179
29108
15193
6253
2589
13686
8352
3121
9278
26117
29784
14872
5018
20484
9322
7418
23029
22318
2675
22921
13450
490
6414
18054
21349
25376
28245
17717
8206
22092
28581
32270
22375
16849
21154
21941
31447
21391
14203
11820
23720
27575
14448
18504
19374
10718
4753
22881
8746
20561
19400
10574
15341
29097
31257
19600
6081
7327
4137
20174
10244
31265
21245
24962
5782
4517
23813
25329
32758
10173
21081
20832
27047
27371
10818
32389
30681
25271
12796
5948
9797
21760
11450
21371
2137
5520
13547
25224
21653
29683
17084
26473
16181
15240
31710
6557
26640
31192
12425
24073
24512
32551
10689
27701
2051
19785
11480
21432
21345
26807
22580
30193
10255
16354
15698
18424
27156
7367
23563
28884
28842
21700
25366
6127
27367
10922
22991
30663
30620
5907
5942
2277
29822
27382
10811
22803
18563
120
5945
25290
11663
28165
3776
30954
15696
28576
407
6829
17766
31351
13825
17374
9928
11963
16960
3398
17507
7086
4184
12648
17668
2558
20245
18798
11383
16465
29775
22114
4081
30241
13421
27297
27051
26826
4904
1933
20432
18145
29074
899
4761
26056
15702
3085
1462
30079
9537
6232
30961
9917
30465
24552
9230
30528
2605
10634
2549
6241
23686
1674
5907
9195
17277
20007
32509
4909
22261
27972
7510
11342
31049
24160
24052
23009
8337
24008
28734
8377
17697
11787
18904
10239
6483
175
15491
1921
28295
22306
9022
20557
27495
28659
27313
895
30576
5186
30924
27479
32686
22902
14252
2703
30918
11054
18366
5611
16954
12665
7462
11281
20201
26441
3170
16283
14037
29989
2602
26475
5673
9247
8859
2366
23931
32006
27541
4740
30542
26588
30306
13168
26331
24458
1176
20555
17425
3539
1088
7437
14554
25479
5943
5934
25504
249
10709
20922
17168
690
23757
18340
3869
1639
18004
10332
9032
31785
20102
21155
24095
6108
11013
29087
6660
30442
15843
28714
9008
20025
23490
13936
20216
13402
15673
26041
6222
23555
8058
1667
25994
21183
22578
23764
23403
6116
24753
22222
24920
8133
7243
18820
15084
5930
24062
28684
23218
31485
29013
24790
21037
22598
10891
27963
796
18522
16884
8025
30203
32078
32409
18975
31181
29362
29730
24484
28953
5756
22522
445
28723
32323
12717
206
4284
31918
27285
15584
7788
11051
181
7412
271
15332
24805
4247
1998
10223
11312
20407
31152
3524
27770
19637
3937
21493
31845
3259
14897
25625
9846
23120
23647
4617
16244
1578
22168
848
16401
10819
3771
10972
8653
9007
21471
11514
790
13228
17303
16257
22196
1659
5237
23116
8804
622
27084
19438
4291
9411
5306
1698
23150
21936
26214
14721
19048
27455
30599
2552
25020
20060
2342
376
24163
30252
25252
879
10599
11681
20734
24440
28745
22348
11088
21454
28065
9074
152
5127
9476
27745
21181
10239
5674
11524
720
14098
11088
17846
21137
5006
26332
852
7989
6759
5184
7318
14694
15149
32
6559
32396
15420
31671
22994
5963
3891
12151
11240
32588
18855
239
11327
14913
5656
4082
23925
23075
12579
3830
12086
15038
18170
31418
26450
5744
17682
29996
8467
22574
29723
18313
22221
20167
28213
20422
10678
9581
17761
23855
23544
17777
28213
16462
12549
1358
17109
4622
10283
18665
12830
30240
17768
30487
28452
23710
23679
26720
13535
1774
4683
13059
29217
21482
2132
30777
29131
5949
26272
5822
21313
16
14284
26254
26395
21223
19291
25068
17438
31429
4685
24489
10346
13719
10739
17059
31476
24527
2307
17036
311
9040
744
12781
7463
3466
5467
25962
10087
20710
13367
8263
14779
13668
1929
10795
32192
31874
20455
29220
21467
15457
25860
25324
26223
30243
641
19563
32083
27543
22277
1660
9603
30744
2447
12532
277
28850
10507
13537
21359
20359
14884
27407
7608
11889
22362
3025
24460
21737
5972
19453
20468
23848
11639
19257
8853
13451
30903
14197
11559
31548
29869
18873
297
1807
16618
33
19923
3498
12940
14630
7757
14825
9231
5150
18462
12417
30565
15110
7655
18403
32328
31104
14929
30563
15567
17688
30532
16793
14911
6859
25946
7687
21540
21962
22419
9725
18337
25467
22346
2234
25861
30913
5223
2772
8606
11389
9687
5338
31698
6997
11833
5431
25963
30900
14554
14681
10291
12561
25316
16915
30913
373
9426
30528
11154
10295
20519
32426
16476
4874
5472
6698
14238
11835
9767
4368
26236
14643
18377
18628
15562
17475
27114
20654
12647
15265
5496
25940
18636
9133
18397
11970
27108
27257
3705
15919
29983
29321
30287
3805
20930
15063
9214
3649
25985
18458
10228
28516
10831
13128
25310
19849
22133
346
3682
25104
19169
10319
15889
20890
15297
25971
27799
21614
18257
18657
26933
15900
28401
6727
14706
10336
9851
31465
17165
17736
28115
26857
21045
7321
10432
1989
20476
14448
10490
21025
15626
1317
7812
6343
17550
26740
25147
29420
31611
21471
20144
949
8176
22094
6963
14585
27895
28921
27952
26441
22131
13191
5055
26413
16724
25463
8566
6065
3085
12992
22657
27168
31560
18868
7413
23312
24280
10282
24930
31902
751
8668
16808
30203
16785
31246
16395
7208
18504
25201
22665
2045
26138
24902
24170
19824
30136
25286
22554
14356
14328
31170
19764
12512
12933
4999
15071
12594
26325
8964
8797
26387
30044
1839
26081
28349
256
12452
26529
17755
26316
19087
7981
22799
7656
27341
6399
23097
21449
3406
5203
12791
6309
24254
13113
16872
12330
6756
28904
20790
23151
32586
21077
19155
10539
8350
1284
12546
13605
5464
24606
27162
18411
19229
31685
19078
19911
99
21156
17
9199
10711
8650
16993
5884
18171
31416
27840
9629
27156
15288
25891
23437
30531
25201
29796
22722
24306
27833
29651
22760
22385
15274
29677
20237
23009
11512
16491
27038
26194
24193
25983
4754
21288
20518
6746
16357
11203
22490
13553
10312
25183
7160
2817
12311
22840
2010
25680
8843
1778
28327
25143
2865
14905
20588
93
17306
16549
30063
4805
2388
29920
21440
25867
12314
30730
29456
24298
17480
6748
17094
20994
12690
14092
5712
21720
16884
1905
15287
20255
2284
12648
24695
6966
3816
5366
14477
24817
20730
7471
7121
3484
26835
6230
3462
3389
28911
23365
25136
10522
30989
13327
30629
12155
7906
28645
13159
18609
7950
30774
15153
7511
29263
19226
7120
12760
19189
21233
21044
6962
1686
24903
27335
28921
26626
20732
11006
8350
11641
5025
31021
1521
22300
11812
30367
27877
12706
26800
32742
24723
31052
13775
1904
27522
10523
5330
32347
11558
19008
29554
16266
26790
22484
21175
12537
28899
2761
13081
3917
5557
8737
3046
6064
30327
31581
20963
987
24007
3897
20790
3188
2695
9878
24195
26011
2599
23480
9046
27072
2087
15281
2497
26295
14039
7197
2886
16654
13666
30992
26358
24990
5898
28493
731
8544
28597
9913
31892
10114
2473
16655
11583
28090
10388
8404
9372
24283
32207
7310
24430
17318
12771
29233
15653
29154
10061
3802
30907
29103
23166
32447
10460
3351
806
6502
2889
32230
23218
15894
8062
11707
11283
13452
21651
15456
4290
1518
20064
16471
32513
25093
1508
30133
3427
25766
18664
20276
3982
20337
23775
7555
28736
3007
18705
16608
27792
2261
3064
6377
5239
19038
16362
9903
13454
15128
29433
5389
3353
6093
13848
6968
31301
1669
10111
28054
29102
11770
31824
12500
31012
24908
19834
9011
31407
13302
11229
28706
6608
2561
16304
25106
28170
30839
30496
26246
18081
2587
2106
6249
23458
15447
18955
17573
4131
18550
10502
7409
10700
3347
15014
3306
8599
11217
13396
25958
29139
12109
18826
20997
1391
19793
13625
19721
11381
6475
29288
1383
14805
15101
26654
27421
11876
32117
3203
21959
5412
19008
17218
31085
29894
25819
31537
7584
31341
31338
20276
19141
16821
22956
11871
25008
24052
26415
20314
20853
2240
8640
29450
24442
6577
19238
14957
13777
11111
2320
5062
11205
4559
4683
763
31923
1443
15416
18747
24860
10544
31870
12259
15863
19036
13052
31395
24140
1511
20482
17629
27390
12273
10944
20045
5353
9661
7166
31471
9516
27828
12558
2589
26568
17069
2815
18680
9323
875
15892
17418
6534
1895
17780
15402
11685
24528
24355
25247
19200
5073
25649
8328
6477
17170
28978
28027
2521
20865
29422
31084
27095
82
27481
11728
28408
6212
709
18947
29244
2343
14678
7911
19719
8859
19638
11727
3191
18970
9739
11931
28405
21049
25638
16676
24586
22314
22013
19930
26228
17542
31068
22955
14458
26697
20951
20775
27260
14111
11267
3810
27598
9694
8422
8474
17863
15443
28075
4762
20756
17729
29594
15070
21842
16295
29768
22904
18141
30018
24075
179
5858
23123
15537
4981
18876
6818
8818
23146
18301
30659
7458
29790
6858
23704
2988
9707
4589
18967
26555
19541
30245
333
22458
30642
19776
3747
7423
28750
22892
6753
12867
11085
19275
8816
11862
29330
23109
356
16144
17376
14114
26298
20619
11071
3288
9309
13455
7330
929
30063
24142
4294
31313
8775
1618
26973
27111
9654
19123
24684
10082
14223
8077
1778
30678
24678
9137
5834
10942
31383
11675
7122
11924
17547
9381
14413
21407
26678
31354
2182
12557
7140
22732
27063
24641
16438
22346
10280
622
8039
19916
22683
17509
12756
5841
24808
21675
3004
22060
29669
32719
22596
6138
1160
26362
1470
23511
29776
1224
1834
24658
224
29782
20221
17054
13550
11933
26402
18058
24667
12798
19007
23218
23459
18461
25145
11511
6776
24051
20474
25390
20906
8735
24690
19477
13386
23933
21211
7307
3087
14842
21570
3328
12536
27559
21571
27434
9267
28684
5908
29689
21054
22462
10437
2510
16460
20020
5573
6888
10474
21462
3241
19486
19426
24151
19753
15316
30048
21317
2155
28968
83
4318
5765
19308
22550
31014
9533
1497
15696
13110
17426
9089
21017
5847
29057
22406
12638
30287
3457
15754
5510
14971
21840
30310
21077
1310
19569
32031
9745
19833
14070
18454
9700
11036
2299
2686
18818
17147
28531
10771
23051
2756
22055
15625
18483
22128
3835
9283
11680
25625
32371
5574
32148
23051
29047
11117
10443
27421
83
18910
14503
5442
8962
29628
9610
11867
23212
23839
27779
13135
5229
21313
10286
3422
10584
19578
12501
16818
8124
13422
2011
16183
4517
18565
4699
16045
23718
6299
26380
26876
32470
32761
13160
14279
17689
10884
31757
17475
11937
31285
15459
30794
10676
24777
10623
21931
3503
442
7239
18373
30283
12397
26327
13140
25631
7853
6436
14474
18022
20312
30943
23394
20995
8536
12445
1585
18882
1749
31284
6781
7137
15529
18536
1043
30927
5653
13255
596
18227
12466
11985
7120
6448
9386
17756
28694
1767
1319
27447
23497
4670
17676
7694
8951
30688
21476
24205
5543
4486
1815
17608
25265
11636
9060
13275
3283
32582
6795
28877
13824
3564
20810
8379
13563
17140
395
29234
10533
32519
3292
30172
148
22455
21279
27231
9316
25208
24963
32642
16210
12523
3507
21650
21126
25187
20813
13828
3249
28322
31125
24155
5976
3555
32619
15948
20080
25118
7034
4128
5674
17799
27315
14939
17168
25175
14074
17819
18513
30672
14366
27074
8281
28795
24847
30295
9125
11701
3403
6698
16854
11369
8858
20023
20740
26399
31483
26573
26452
6454
10974
5616
29389
18285
30611
19963
871
12713
4611
27530
31589
4594
27038
1942
6629
19646
11156
19170
5046
30322
16968
16278
11881
21030
26882
26154
4523
11688
10211
4486
17106
16068
19487
20072
32437
26051
12390
23045
26049
31026
27043
27635
11849
32485
11241
22342
20766
30267
31658
18170
25696
6050
32555
6545
6291
11614
1076
8188
3061
27015
3596
17343
26639
23889
32677
22609
32139
30097
13843
7105
21061
8316
10050
10911
21925
177
22761
27418
12075
20858
17338
13158
23371
24654
30428
12129
2684
16283
3994
18805
30348
5827
22877
6848
8758
13156
10711
9842
14070
16349
19842
25719
29980
17166
6217
24407
27168
19807
28292
26970
24885
30467
23082
11503
16928
4990
66
7246
21067
15972
2715
1117
3093
9572
22973
18128
109
13190
4895
32661
30367
433
24475
6511
15981
12400
28190
5601
26722
3829
3748
3149
22627
13151
31076
9309
26247
26680
5703
4002
553
4930
22687
18043
2875
31091
790
3129
21980
1086
26596
32384
3117
27668
31046
13296
25185
27691
15915
11781
20756
25470
32560
8764
18910
1813
16334
24184
6695
2438
22482
19619
28733
23484
16654
22936
13987
27383
27983
17217
14765
20
14479
4604
19273
9231
19307
16708
22816
11718
471
23437
10462
23807
10768
3439
11981
9901
12242
29703
12969
5743
1996
10907
14000
26970
28497
23420
21752
17912
21584
22577
1797
13712
31110
31953
2971
17064
10994
25265
24273
24777
5769
9791
30823
386
7468
17454
17497
31407
12247
20948
2484
8700
3355
5328
13225
16804
29390
15855
12512
19071
6145
19281
23823
26427
818
21959
10442
21737
4291
19840
29597
9404
15787
27109
19544
19214
2668
20673
2986
8100
2629
14501
31985
13107
29352
2699
2385
7715
16110
18105
6403
11410
15434
12520
7920
2972
4603
1958
639
23514
6598
19193
23467
19752
7332
22085
13656
10156
18360
20847
18919
26132
28035
15683
28168
17694
26459
7955
7631
27742
11033
4001
24587
5180
26899
12608
29651
19772
17994
20789
31841
19586
1764
14435
7972
24981
15580
28456
18448
31075
20216
30850
2105
21125
27643
18550
17056
18117
15900
31154
6988
19933
29368
1649
23709
7554
27204
2207
18142
2721
9349
17725
32281
4073
15619
1800
2607
7561
3003
3157
7463
5691
15892
3136
5063
7553
31764
5893
25697
6958
28116
21934
28656
6185
13617
27887
26980
22638
12229
1870
18233
22101
5398
19078
29518
791
17676
15406
11509
28814
23209
22934
20806
18492
22260
26354
32186
13199
30774
14778
16629
6499
4457
592
19938
21705
30190
22756
25861
18695
19838
4501
26637
30432
25699
7128
19369
30485
19432
28958
23453
32299
24334
22193
1301
19823
32640
30431
6969
13624
7881
5467
18945
3180
26565
25312
11083
16709
7253
13335
12843
26453
31575
8123
24706
26312
17110
18427
31442
12522
8829
21280
11856
7657
12882
22383
23867
22491
16801
15953
1389
30466
4661
25265
30000
13135
21454
28326
16978
20262
29648
15442
14204
8033
5433
15882
11199
21655
17621
12726
30832
27038
15797
9083
310
23374
20957
920
609
3464
19261
21390
6525
375
22755
11908
15399
16662
23662
12521
4384
9203
11206
859
24480
20786
6922
3272
2285
8916
25290
4051
16427
20026
13943
14201
29814
30180
7959
22260
8494
2175
28221
24799
30866
4383
23865
22940
7313
23753
11404
18675
23004
6452
22431
28411
6464
20688
12468
16446
31539
26632
31004
27928
20909
32708
18858
30816
27705
24883
24425
8522
27211
22215
8330
9356
2004
5761
28064
6336
6164
8558
4880
27146
8879
15474
28354
14586
22276
26180
7709
8372
18874
28346
18483
10318
12443
4935
22584
25465
4262
17602
15417
1636
4703
31336
31754
28893
28778
13861
15489
29882
13400
7695
737
23415
13761
20275
19609
28448
3987
19861
20271
2673
32681
13682
29815
29757
25760
4552
26376
2572
19942
31769
17136
32264
21011
26987
16039
11290
8061
18579
24642
19024
31494
21939
4841
30850
8505
18178
12427
29493
15766
14027
21456
28095
27689
28345
1616
22444
31074
30801
7938
4449
21536
5824
25847
21503
26127
3543
19016
20618
17972
23124
21325
19019
31174
16227
32271
12402
14144
19812
15872
31488
24500
17903
24554
20196
8802
277
27174
11620
32393
14313
19726
12991
6013
22592
30644
10257
3834
17844
9429
27766
22968
11247
29704
31090
16959
17958
9019
1681
3581
16355
31840
4170
30870
4872
19300
17961
31099
1809
28769
9262
1982
13721
25108
15216
20517
14367
13457
28165
4477
25355
30773
8742
4912
12780
1245
12431
27162
18692
1365
4645
32665
12294
22292
4315
3811
10782
4646
32726
3229
20274
19817
16080
11433
19048
29436
3258
31295
25064
14581
28069
13887
11235
4690
10210
28613
5332
11315
7272
2814
6917
19270
32375
10811
25429
7554
11899
11588
2874
21528
15411
15087
23554
6566
21522
2289
17246
14510
7142
22003
13600
1608
17079
18921
23108
25875
18418
12447
12589
29809
15815
17044
818
16372
2767
28684
21337
787
28402
25185
10850
21794
20360
10138
25608
20865
3774
15422
24963
4115
29243
26475
17745
497
23812
7458
7222
1632
24733
23269
6018
19457
26994
12932
15506
21064
2677
30516
11673
7983
11271
16609
28577
32044
8732
14789
20940
21856
28058
27194
23008
31249
11523
30412
23042
30042
84
1171
5058
12321
25645
14272
3160
1354
18481
117
30253
5418
25776
10714
21406
27967
4996
24429
14076
22558
12344
7321
17367
27052
17264
14987
21884
7057
32132
4161
28348
3562
17519
22755
22255
16446
22760
21591
2105
22196
22222
22032
21260
16259
5321
13862
23278
19625
10031
22700
20605
5600
2596
16190
3248
14030
14086
22745
29023
15740
10504
1007
13062
23817
5404
30395
28614
14496
22807
467
14252
23207
26127
24828
27190
11321
10760
3649
3347
215
15568
19271
43
2650
21544
21723
13023
18732
17188
29901
16018
19640
2261
26113
2664
22559
12837
16067
23629
16173
4865
21851
31546
3979
6846
21217
18099
23094
18357
26707
26517
12591
32305
23013
32270
11637
18060
21656
28909
4400
13972
16910
16924
23087
2611
3741
3178
22676
12112
5538
3726
7630
18672
10264
26473
22472
28065
24937
26508
27744
9496
16003
7162
26907
26905
11055
30255
6935
11671
31134
13665
25409
13341
30789
29957
6855
11884
6636
1173
7121
29798
25601
27793
17004
20778
5937
17604
31174
11137
17978
16328
10657
3449
20218
4044
6146
20303
27084
2197
4905
27026
17173
8899
30662
12934
21274
17494
26474
2759
26645
29296
17212
15662
5767
20572
16109
5624
975
4048
8174
29989
16124
13935
31968
24607
7136
23698
4428
22172
17509
18760
31124
28357
29733
3996
27433
31896
4660
4374
15615
18571
7488
2436
21566
6514
7645
2041
18747
5538
4890
30999
22694
16215
3416
9866
29957
4179
27484
20437
3168
30920
28066
16465
22078
17784
5108
1650
15825
12571
31036
12365
15470
9473
8599
12631
14400
27896
28330
21872
15164
25200
11833
25888
5719
21213
30453
24352
17655
9565
18326
27420
9384
923
7210
27063
21777
2547
28077
17872
21542
17111
20441
27395
10911
29041
8511
1395
15528
28553
407
28359
4826
8874
597
27763
12138
19584
17789
9017
17312
14981
32439
25583
22923
6365
2726
13698
17908
27773
4214
16443
30352
30867
25012
32321
28793
4898
3171
21856
4831
11501
21324
32264
29179
4247
149
23449
24133
7432
18069
10717
27623
32531
8935
9174
3697
11861
30653
1979
7374
12640
20343
7229
20855
27929
32373
6926
6886
862
5929
9380
20558
1260
25712
8507
7817
31360
24098
13081
16722
2365
19431
7701
23732
13902
2637
18522
2754
3532
9752
14441
29065
12514
16858
13405
30019
3887
31171
26227
23246
20331
14777
10953
28252
11086
14763
27238
619
17069
5155
10107
23288
10727
11035
7912
22767
14207
20242
8962
31207
21770
23647
5012
12
22348
17092
5924
22108
8606
11078
31095
1303
6290
12348
21335
19056
10202
23463
24467
11145
24422
24513
8520
4510
27597
15833
16223
18305
28142
20317
14679
27462
30167
25913
22852
10303
9446
29023
1816
19755
15149
28327
24866
4778
5147
31450
15828
9716
22105
22281
31433
19403
23283
16932
15623
12206
4024
25032
1665
13136
22755
11607
17632
21064
13819
3918
15746
28170
11767
12499
31427
5654
18086
9102
7804
8303
2894
23994
15818
9807
26260
15484
10769
14617
21403
115
19264
25487
10864
30864
28502
19269
2982
20264
13093
1621
12093
11591
26709
31061
6857
10312
7341
20870
719
11682
9870
28494
23411
24837
23232
21737
23632
8358
20338
27995
31656
9175
20603
16297
9405
26586
26854
25160
11646
24311
9646
17110
20326
5580
30150
5640
10146
17125
19292
996
626
29836
25183
25648
30161
20706
20543
7978
3928
7215
16628
1657
6496
31095
1345
14948
15207
6478
22074
28482
31157
19180
29188
10033
22590
9092
30172
13323
9419
12242
6490
5526
11349
25588
12023
2043
24497
15738
3534
22138
11123
19392
18591
18011
1804
4732
22041
11816
32565
31379
3673
3353
16273
17713
8622
14032
24461
13592
27807
26438
30348
25144
19759
21254
15169
27520
23903
1945
12891
31477
14069
12353
12392
20481
9340
4842
13043
17421
25484
22877
21744
32082
23627
31415
25179
17387
29236
22809
20251
11567
21015
26530
5420
4415
24929
27802
15869
32475
12958
13296
6935
8570
9020
17895
29184
19865
1682
30220
8031
10067
545
24171
30048
5938
32537
6914
22874
325
21791
22902
25776
29298
4685
4357
3317
14350
1146
30396
5971
5547
26556
490
23341
3377
24108
5332
6147
27953
5353
7594
25238
6517
14944
17338
27981
16860
10698
29924
12248
31589
28661
26446
12819
28553
3400
25433
32301
5582
6402
27091
32265
11161
10690
2670
18404
24131
10060
32368
7737
23408
27018
23469
9953
15260
18641
29618
7551
31479
870
13124
1307
29811
7233
5641
7437
4891
5904
644
7453
11686
13695
8775
31976
16460
6583
2659
19078
30936
29220
18468
21609
18687
4732
9723
10888
29424
7677
15548
15037
17452
9974
9481
3180
29336
26504
23822
24422
20432
30638
13936
12813
18111
9339
24703
29368
22381
19619
25267
24665
1303
26173
6998
24157
27269
4551
5758
16339
26776
24171
20798
19921
8995
9088
15645
3347
16379
4948
6087
1766
7250
27433
27395
6468
27712
25725
18661
4673
30883
19343
6213
6822
28457
24350
1392
13275
30891
23924
27420
19722
2493
25251
18338
13185
8579
31759
4711
25176
27334
5420
1435
30036
29510
8585
12327
17164
27986
10254
25568
25162
12183
4994
21505
7860
26422
27727
30680
8364
12313
24458
1471
19572
1926
14126
6734
7318
19700
10152
24527
31619
17694
5785
18930
24698
21335
16087
14787
13227
23837
21941
7640
15773
3056
5508
25295
9677
24933
20825
18424
17560
20854
30225
27726
19546
22300
7315
10156
3544
14112
4437
1085
23515
25901
29986
27701
21022
16171
23322
24510
874
4808
2042
18229
21248
8535
13981
13719
32055
5598
1475
12086
4966
8554
29458
18609
28420
12710
1882
12834
24590
30124
6173
665
6825
9499
16975
22474
10249
15722
602
7682
24209
10620
3429
5216
9532
1908
20438
24897
1595
202
13589
19196
21728
26783
7315
26832
27322
5197
8204
24602
16386
8771
3849
459
25397
8976
17320
23578
5123
22717
13471
5238
1384
96
26751
7615
2841
23022
11830
7861
13857
25169
16088
7345
9420
29626
11423
16019
2500
16441
17200
15355
11898
23179
15647
19644
29895
16691
29366
11405
7124
8140
26098
1794
19511
15005
20431
24507
12126
14446
4805
19164
5681
16026
13971
2492
29427
4966
20795
24546
10857
14993
334
13357
63
16428
23913
21074
8871
9644
32000
24716
6467
9534
32346
23950
6981
16218
11741
15037
4309
18075
12940
26268
17331
24014
25550
23431
797
7241
11377
1701
16115
19582
7918
6936
24089
30927
7919
9590
21533
15012
17422
29565
14873
32699
23008
9218
28379
14784
8498
29483
580
11294
13970
5854
28654
19476
16914
16249
27921
26379
21576
4292
19880
807
5273
10020
17615
11804
9400
32017
1136
11843
23913
17609
30
18925
18571
2630
22337
6391
31829
12654
10868
5278
15328
9355
24619
22933
229
18170
7321
20565
21193
39
28881
12213
3798
29369
1323
3514
1484
13321
17129
29360
4760
6105
16666
8825
3683
25667
30911
4134
17870
495
1069
12228
21372
31881
28082
6776
978
26482
20859
14543
9722
31414
22197
26447
28206
31807
17395
18770
19763
18760
13008
15892
24867
5140
9941
11274
25456
10719
2973
5749
14374
21781
24118
12600
624
12226
1483
26342
25182
31305
8064
1312
16357
19034
16798
798
18216
9758
31216
5771
31221
24500
2925
2710
31379
17633
12054
3398
29627
30467
23586
26381
16868
32583
23385
20641
16836
29468
10686
23303
26643
15592
28272
7664
1682
23801
2002
8265
25164
14014
29674
12046
32539
15927
6151
5727
17519
6570
11175
28885
24395
2968
19095
278
1424
14575
29276
18855
32382
8065
28370
22274
5240
20661
31251
28649
21511
17532
5018
8185
15394
22663
21161
20610
17325
20408
14311
25494
22591
26070
16974
1376
14888
19332
19268
10167
22963
7796
28168
23539
6568
12760
32336
32512
6933
15129
21041
27569
30286
14028
25406
10070
1331
6626
2804
15504
8881
8990
24150
14436
908
24781
27860
32143
3163
16049
26225
25113
18644
12350
27941
19245
26697
19209
5504
15144
25459
25981
23185
1520
12143
3535
2310
8071
8710
27957
26004
14560
27441
27475
4762
7921
18396
9718
30977
4105
20971
4357
14438
31588
4475
21173
25211
24317
13162
12283
1450
14243
2329
7495
19196
14159
13680
18287
11066
13749
11043
10473
32594
3865
24628
32574
28667
25956
23226
13499
2204
30583
31456
4714
29034
703
9776
20033
5329
25353
14354
18840
13334
25752
23439
5089
12090
31861
12891
1427
1057
23303
27923
1895
18676
3299
14531
22983
9667
7653
9643
28803
4463
29312
27459
14023
21959
19282
11644
20298
7921
9980
10057
9415
6668
30256
24158
24241
26387
22028
17463
3619
25092
17574
26717
10006
1858
1000
8165
6614
30520
7838
17977
8375
23872
17357
31515
5635
15811
27718
486
26168
28577
32380
9751
29296
17619
25747
18701
30497
9807
18617
32013
19206
10027
27577
20873
2653
21254
18893
13474
595
15268
436
3563
28861
2520
12805
30320
27656
5543
16579
12791
1907
18858
16689
19845
1915
21940
27624
1828
14999
29877
23846
25316
18982
18910
3433
4384
6054
6406
14397
2562
31270
24141
9554
585
28670
2303
2001
7498
6333
23995
26608
53
2915
17364
19141
10906
23761
503
3159
14380
27261
11790
8187
28612
15722
21605
10974
17321
6488
6667
11486
9998
3128
24188
11166
23772
4578
8316
5081
9138
8202
10822
17654
25386
11888
18662
31453
15967
3928
4836
2570
12204
11322
546
8671
4534
31418
25863
2367
14764
15834
27357
2392
1741
26479
20344
31424
2859
11730
27161
10436
12719
10711
9106
32509
1374
4355
6058
13604
32218
24569
26050
27942
29996
2358
29881
30587
10944
31742
11790
12724
30641
6038
29764
13140
6216
24244
22667
15585
11967
32564
21404
7483
25418
524
1509
300
17752
14210
17126
24895
21013
13213
27611
470
17460
28377
23963
14711
4333
24350
30144
29031
13889
7411
29448
5242
16005
26864
13563
24617
7454
9585
7886
19429
18570
6290
8584
31403
13728
2647
12643
27353
6168
4906
10869
22592
3149
11915
26767
1146
3650
26115
5734
22909
25059
10329
30704
6769
20622
8457
13329
5823
24530
9202
24951
4971
25975
335
23235
24227
7358
21992
7657
16792
8425
11146
15065
17548
28926
32180
5471
31020
24777
30355
32327
16161
6944
30768
26566
14050
6507
17897
14613
22220
13411
25118
1375
22132
12825
29740
10717
25660
30010
19103
5952
22820
12690
19875
19023
24291
18896
30140
14289
15415
14985
6839
12205
15225
13951
12001
31568
24436
22562
14966
15183
23159
3159
11100
18509
31657
6777
19729
6944
1693
28061
31971
47
10534
795
28255
6686
877
8778
5131
30638
30272
16778
88
16606
11181
15496
21202
16215
3536
16317
1434
17926
8169
3384
12054
15371
28081
32414
3047
20178
1263
26735
25883
3967
11590
17034
9892
32656
21073
14836
14857
20669
21490
4053
31068
23587
12518
27075
20076
5282
16285
30531
21051
30852
26953
4237
179
18015
6966
12944
21652
31036
25177
31798
24497
20472
25899
4329
13148
25579
12216
1110
11551
4808
1522
13169
31661
16324
12364
11961
28695
12283
30340
6589
28483
1551
15552
9183
6043
8466
30429
32344
28418
25254
26116
29564
11532
8290
21630
831
30062
17528
17353
10489
5811
24981
16619
11878
8497
15881
21254
12273
27196
6696
14381
13874
20377
13808
25718
2229
20277
23020
30544
7677
18199
26455
6935
19656
29076
13189
742
8853
29122
12927
31405
868
1071
13550
15747
30397
10194
15674
1597
17907
21313
12274
3647
20394
2597
25455
28306
13463
26347
21172
5943
16775
27837
30617
20667
15011
13745
4137
31756
27634
20800
21320
1163
8991
26361
22681
14434
30333
29046
14238
31512
32072
9616
8737
1635
23854
22991
32211
11581
20749
548
16692
21817
3327
5083
6066
6680
9108
26059
4373
20375
20574
24784
24602
21900
19379
5243
27742
29233
2990
1031
15230
9920
5751
16271
30077
12864
18884
7551
2150
13982
15264
10313
12082
13311
6252
5209
24555
20053
8739
21066
25874
4400
13538
4442
9791
9688
29863
17947
25607
12184
2136
2412
27426
16988
1544
25512
717
10111
29815
22557
6766
25822
1495
17600
31351
14897
28630
27166
31884
2203
1240
12182
3816
22655
29316
30662
1789
29078
18819
6467
1882
14654
12932
20365
31954
19221
29828
14402
30427
32711
12364
12433
24372
22052
30011
9970
21707
29302
4933
13588
11741
10257
20028
5655
25951
16683
22094
19708
30621
30958
10704
3930
29217
23500
17466
18514
15062
531
15986
18372
21101
22721
17485
29123
5632
27801
851
583
17397
27510
30402
14626
18470
20448
13526
566
4926
27357
8520
28132
358
16393
10516
3528
5154
26601
27520
2467
885
27773
29786
152
27212
21524
27521
2716
4634
20068
23975
28200
8639
14298
596
24112
13230
26415
9006
21593
5967
31036
2169
23399
16802
3855
3802
24052
12582
12862
19040
19816
18681
21371
23236
13605
26432
5993
21744
3586
15049
26031
26047
26107
7151
28234
4612
12327
27838
6439
14285
20714
17496
5105
13545
14955
27031
29224
22183
11592
24820
4979
30433
29065
4520
17463
27193
7123
17937
19560
9123
13022
2902
24735
12580
18729
13390
10605
30169
24301
926
21744
17722
8271
16674
26275
17312
21465
16015
14714
12293
3371
3926
26671
31499
30702
30667
4054
20288
20234
22406
8376
28321
21529
4873
12638
2397
23323
16548
2028
29147
15979
7318
19889
20989
20210
2165
8443
17831
5274
6608
31024
32379
29445
31762
4378
21735
1664
10665
19331
27234
19762
16488
17922
16626
28825
29994
3604
27634
17208
27321
11374
15890
18057
28654
31378
6303
19769
26905
30369
16389
3476
26786
2416
22930
14399
15089
29405
30332
26405
27020
20580
20518
30899
31103
29165
6559
11080
26881
28904
2667
3303
12372
15772
1671
4912
18925
5820
1959
28558
1493
7996
11202
29617
11343
1634
3280
6719
13243
30240
17875
1990
3514
15265
18708
6134
20371
24098
27567
19213
14806
6147
19025
10130
25407
26142
27457
25670
2780
8535
16797
28248
21874
22132
30183
8152
31262
20528
6080
14958
8760
1930
7410
31308
124
28259
20916
21857
25452
18504
7722
15055
18160
1421
17708
26272
10560
21659
72
7604
9987
23946
7434
26110
8889
23539
32634
3825
31574
2815
11751
7732
5679
6084
18915
29853
16410
3538
6799
16221
10705
29192
3097
2424
920
32685
18562
377
31776
15292
19877
18275
9898
21118
9333
22250
3183
29534
7558
25059
27968
7930
14031
12026
29546
7030
3758
20643
24284
789
2092
18515
27532
8458
1155
27119
30486
4235
21981
4997
10662
21032
20319
3386
9753
19291
5734
9603
1375
25696
6416
23960
8484
14406
19967
14886
29103
2887
8537
3140
778
31573
13075
18089
17763
7925
19056
13084
15538
1616
8900
7211
21404
21127
30078
16160
21911
22344
25957
6705
21584
31391
12066
27383
31818
18190
17151
28962
7367
25567
11246
18794
26347
26553
26573
29897
10271
14706
5352
24551
948
29476
6336
32470
28616
31619
9227
20735
31086
18797
14331
24924
5129
1475
4291
5864
30713
32632
6488
26964
21626
9703
19572
19964
22728
32106
9953
28953
22664
16936
3828
3896
3939
11566
21848
747
18420
4034
13068
23230
27108
14579
26799
2924
13139
22901
25340
4691
8570
22956
2193
7206
19599
22023
5364
994
15081
13711
9431
15875
28517
3776
22427
1015
14088
20119
10772
21459
31206
21996
28300
6213
4930
258
1546
3273
29942
19805
16084
12832
6678
4563
31794
26367
3280
31974
2933
30980
918
19793
19000
16877
22912
30945
486
9484
26091
13702
7292
246
30567
6314
5776
27004
30160
16577
21139
15836
28602
15650
12627
28472
5906
10261
5059
2886
28931
10029
10751
24394
15639
17880
13195
18241
22431
24116
5339
32095
6996
1060
26137
32188
1598
9892
24354
21067
9685
23385
17618
23307
3687
2156
15233
26241
25017
24729
8909
11877
10481
25987
24218
3228
1459
25675
12632
31846
32395
8288
2949
15321
27275
8345
29810
8590
16437
21121
28745
31386
19355
30706
1871
1215
4036
4837
21095
22756
22354
17288
12504
22979
14434
19601
2895
31458
4020
12754
18472
29636
14092
9486
21737
13152
31447
13580
26895
10194
4882
29417
26126
11857
9064
434
30867
16225
1690
17459
24332
11081
26916
7433
31082
31432
30494
29951
1573
18436
8544
31639
12417
9155
15849
21990
21521
23261
1922
12197
6521
12274
16542
25222
20599
23896
32133
10180
11045
29527
22961
2046
15992
26265
7288
32069
27661
25308
4332
31604
6437
13802
5376
21183
22254
26315
9196
8335
24580
19769
24530
17038
3895
15700
24225
32765
13199
7063
15930
23886
25997
27915
17361
19951
16820
14266
2710
14436
11336
18279
1429
152
598
10876
22747
3189
23540
31556
19931
30386
17354
18778
26384
25580
2001
14178
22243
11769
1883
8438
24014
22905
8788
23779
21442
2477
11719
28566
24774
26253
4515
16849
10466
10516
29632
12195
28475
16863
5149
918
29823
19958
15980
12842
5251
19946
29904
27010
26411
21280
14309
18782
26763
5996
4097
22345
27723
13025
15289
788
24656
25576
10151
20354
8856
7568
4971
29509
28262
20517
2032
1577
9376
8196
753
3728
29557
32429
31675
798
8514
23066
9524
5301
32439
22096
4380
21668
17462
17715
6291
2843
24187
20638
11739
20963
28290
2739
31584
18251
165
22640
29685
28006
16134
27267
14433
2419
9004
14432
30234
6045
27377
12688
9040
9957
21659
6476
15405
12636
26185
16458
25948
17557
17553
4311
6088
3674
23655
8486
14758
8606
25664
16360
18613
1971
30840
12060
31172
29117
22257
297
29046
7783
32254
19498
31298
18388
12927
10121
23485
11737
12621
10191
14108
4201
4056
19642
3316
11856
4110
5521
20549
7204
27519
12212
10935
1913
22975
29559
22051
14933
22028
9008
12117
29412
26673
8335
26129
25452
29866
3118
28243
28290
22537
873
5851
29567
20889
28784
26857
16174
320
8346
13638
29895
31914
5373
29315
801
16291
16699
20613
31267
31685
11422
9538
21628
2900
10600
5829
2451
2918
5732
9848
31681
24903
24257
418
5823
12059
11296
15151
12890
31685
32492
21168
3438
4616
8426
11426
29969
23276
9745
24563
27663
14180
28571
31938
26263
7469
25948
12391
28211
31481
22867
27315
16893
10189
18815
26744
18193
25000
29683
18252
23870
8037
28973
1675
27649
14818
18596
6555
15283
12386
13216
28532
28417
3120
590
4959
12445
10118
22292
19197
26931
23468
11298
21900
4511
23140
22346
12390
30045
13958
17
1226
31040
24552
15366
8927
14951
5760
17746
11766
6510
6349
32657
24080
1505
4466
16096
31392
7670
2085
1335
29330
30331
22983
10746
13707
7949
31700
8138
12915
13963
3838
19617
7985
9162
1301
10270
28085
18058
24106
5149
4668
13481
16628
9099
32463
22423
29299
17273
30733
32266
28882
31342
10027
13811
13714
12802
3385
688
25317
16040
15271
17283
24664
6604
30215
24131
10933
542
8468
593
23336
30253
8948
6094
10656
15671
6330
12043
28280
29247
1327
1089
26455
17761
23762
27523
17237
26467
4893
14576
14943
21388
3338
31021
13276
27577
7382
3603
16528
6829
27397
932
27585
28841
28838
12612
10137
28220
26328
31526
22732
29021
20365
18436
17787
30903
31630
32531
27479
12612
12736
8758
265
541
23461
22641
9938
2705
23333
31905
2670
18036
28047
1131
575
19641
16347
21363
25511
23620
6194
20174
6326
11001
14512
17593
14597
11033
24424
31883
10721
15054
1960
744
2476
29188
20607
1592
27265
635
11389
22359
8215
24090
16058
25230
9448
6023
2329
13507
23186
12532
20430
24812
10621
19772
22046
22986
17342
30510
22630
5075
3899
29480
26463
880
31504
20201
2208
19304
17458
9120
16485
12188
27986
15944
26766
8182
28165
8760
30955
28572
23841
6646
9398
3177
6762
19021
29025
19101
15214
31647
10899
6355
16301
3452
22381
12340
20477
18546
5393
5355
3373
551
31333
31448
12777
18342
26900
25225
3037
503
28630
614
4126
18674
8690
20523
3781
22612
2049
16028
18909
23315
3572
884
29567
239
4696
31134
22331
4682
31449
29607
12986
30265
29189
4724
418
24283
12883
29744
16570
4074
612
20361
27727
29583
18056
20252
15830
29051
19332
16685
27858
15411
11923
28572
30456
2219
1706
13332
13201
25623
13056
7302
13857
7166
29390
13270
17478
27792
10835
17108
25314
26937
31004
7533
15996
21366
1410
20515
29412
21480
8564
16826
30230
18855
11383
7476
10849
9176
22250
6144
23497
31106
10895
26735
11433
21405
31815
103
13725
23916
11037
24667
23710
28429
20614
5754
10095
9807
17895
15911
3385
451
9048
5034
2930
12822
7080
28709
514
5533
22945
16841
6825
4658
17037
21577
16283
16703
16889
32143
25966
8728
696
687
11318
18062
14635
18713
7151
11713
25280
10258
27
16693
7865
28261
9899
10280
1071
28757
1571
25891
6486
12759
3834
29136
20482
254
11327
19723
11114
5303
14211
12091
29484
950
25586
22755
6034
10160
25795
12148
11028
16587
21203
7270
5406
27987
5516
25222
25107
18862
21260
23954
21649
19602
11139
24579
7159
13173
17373
9002
21540
4933
25506
32126
12930
24922
10778
21301
1092
2217
7860
29969
25067
24378
8360
24957
15375
4060
31196
7128
9564
19479
6405
3601
32219
23138
14094
10356
25458
21654
27581
13251
2991
10915
30100
2441
27329
15745
14581
9899
19399
9834
14986
19520
15950
32327
6372
8866
32020
14696
18786
4805
12818
27511
7253
18888
15290
1967
19553
6858
22398
29001
7463
13055
21905
28727
19744
21507
14833
24085
24268
2158
28325
8029
32013
1704
27459
15578
32461
13823
30134
12639
19943
2550
24638
16312
13637
10208
26808
25825
23110
2734
7456
14966
25954
6406
26964
23915
7696
24981
12827
11517
32231
29093
8549
30184
32516
31218
2005
24027
10669
13753
30588
9001
9523
18451
31720
1217
20509
897
4957
26208
9090
20424
19810
1285
26039
8703
12927
20390
28715
15078
22854
14369
3214
8057
19600
4213
11577
32709
9993
18482
1226
32763
2031
7726
16654
6083
17686
6778
27941
31698
32304
25748
16096
17855
30027
18910
21358
19986
20635
2127
7992
27807
10618
12649
5385
4882
3245
14699
18546
30154
20457
1735
3949
14059
24725
5590
26432
18350
28626
1227
8356
29692
8121
7142
5927
19516
5603
9706
30671
24937
5935
11472
23296
1895
4287
28349
13727
4503
12868
7986
25976
15785
32124
18562
23773
16561
28409
24970
12688
10877
9251
27548
4836
4902
8832
11452
27422
18150
9267
23055
12321
25641
3523
18064
10059
8167
28958
27141
8346
9264
16862
21554
27923
15625
7882
24652
5220
18294
21664
15536
3528
5848
32274
6869
43
17529
25870
7039
19855
7526
2370
19254
28078
8829
28640
17143
23520
20166
8350
16681
7232
6151
29698
20178
7178
23954
5852
17675
29000
14690
26388
18098
15790
26470
3493
606
14530
14109
31210
20632
9536
15203
8729
584
13756
11403
11533
29549
9353
12461
26952
13841
730
32321
13624
27005
807
3309
15545
4521
17106
18588
12252
758
22283
31440
22246
13855
8433
24121
10140
6253
11513
4230
16318
11307
8596
22139
26834
3418
268
26180
2338
11942
17071
11273
9736
25240
1840
15554
23401
1292
27722
27469
27776
22758
17318
13245
20957
28161
12543
28918
26797
9064
29572
4215
10043
6601
24190
14454
31415
10790
17714
5170
12855
13518
24073
14981
6907
23692
24814
25272
12789
542
25848
23452
3720
5096
16713
30934
27281
1514
30006
27259
27556
1520
23464
13021
4504
16392
11713
11940
28229
18233
6339
25376
2700
30322
27438
1757
7320
24001
7465
30840
29540
4037
14371
6066
15229
25446
25018
13507
266
32195
3548
2545
4873
14444
7212
29536
11227
14290
25767
22828
771
17916
30599
32693
11307
17787
5223
12858
26471
20639
7337
31658
18110
22763
1301
25014
19687
23239
2754
22059
26960
31093
12090
21119
30053
5958
16345
20905
5902
15886
27766
7222
11385
27605
12614
6810
9499
6095
6140
8644
27633
911
5173
28149
18188
11383
32532
16337
20556
29043
30249
20407
27500
16615
8600
2894
23870
25317
9591
20832
26680
13220
17015
8172
4656
25133
27079
26742
30564
1880
18485
32418
20157
10487
3223
21761
853
32081
28009
31787
1846
722
12727
6158
17253
16384
16702
16261
18719
16305
32718
31277
10338
7547
30706
20596
4015
13933
6355
8690
6415
20988
2906
13821
26708
22336
25237
14967
32417
25185
11100
9451
26412
20044
7988
10712
8515
1706
32371
15949
27533
13842
21925
22454
21651
9341
12847
24054
13438
23035
2610
950
29730
22949
23474
30972
17724
2259
18168
11263
12280
5775
10292
3130
6583
30537
29799
959
10510
18636
23936
6862
11026
12912
453
31142
24019
5521
10869
15515
17446
8769
23980
20073
26280
9274
18310
15560
9727
7190
16007
15168
611
30915
26427
18495
31838
1329
15129
10345
29391
24141
30381
11311
8757
1331
13047
29603
10538
24991
11790
9354
13870
18597
1800
18099
17062
23459
28958
14984
32548
21363
8716
32227
21737
3045
32695
13091
8361
25452
20754
7806
2702
17175
30274
3481
8063
25283
27649
23893
4001
7568
7744
4588
13854
27281
19984
13630
20006
19912
3778
28517
31028
21841
7757
3471
31379
30429
7409
27405
19488
24930
26650
28839
28753
5905
7303
7731
9590
25481
939
21094
24127
586
28756
17641
9087
2412
20106
26287
17199
27793
27322
7303
28854
11288
13332
2029
14952
1171
32305
21030
30796
12923
1529
11660
6178
7715
15812
294
27300
1003
9407
29307
22029
27830
11666
16808
4568
2718
30783
11185
20426
19942
25421
18197
30258
17967
14375
3749
20336
9199
30399
3733
21172
28192
1142
26580
27144
16437
16960
7577
22929
9298
19971
24895
11281
23996
29505
20562
18609
14223
3831
22762
5630
11183
27333
14391
20017
30208
21326
18270
26803
26586
28130
2691
15584
4023
4443
13863
16908
2351
9796
7861
4291
2343
21057
18007
2389
31301
29354
32014
17298
15783
10874
18178
11219
25556
1896
32023
28986
29170
595
23488
10554
1850
24291
29720
19545
30378
11886
13103
28724
10489
31256
29601
25284
23248
22591
19822
2785
2871
28950
6149
12804
11854
13967
21154
6993
30781
21375
26330
3029
21613
5629
31093
10252
23801
22794
15739
19110
26207
12664
32145
14474
29564
25092
20358
22044
9655
23238
9770
16827
32124
18379
13663
30606
32492
29440
23666
25217
3794
32081
2731
32394
7129
13075
21026
28721
26621
32671
7381
13647
1600
17472
14328
21270
24734
5712
10636
9553
23106
10397
1075
13037
25082
25618
11587
11193
2281
29587
18713
29546
29052
18216
16816
24034
10911
21086
7026
178
19248
2538
3149
15837
25011
25744
2314
27615
3144
25411
15578
16109
19675
25742
7986
22399
28059
18226
7129
6668
2477
8209
320
13332
3617
1866
10513
29284
18213
16550
3850
19606
19832
17203
18956
18903
26658
25646
7023
8941
13923
10534
2201
17784
13801
1375
13007
7287
31045
1653
24906
16911
8864
13377
29070
32392
30378
10240
8695
14489
7124
7858
27285
15077
22975
2753
22586
29381
27892
26851
7632
3144
17109
23617
20464
3960
12756
21977
32433
25311
482
19233
8638
22346
22826
16365
2732
8397
24832
10130
20874
24839
14100
24908
28601
9895
32492
21469
31998
1583
10129
27767
17109
12281
14728
1244
6664
10103
16643
29892
18049
32702
10329
21119
17756
16710
5812
9947
16705
23787
9993
6216
8433
20536
2894
20794
25630
24293
28647
9679
17024
1438
13153
15538
16677
2567
18018
16191
12809
19452
18400
21736
20966
15389
12690
28119
30797
7050
10404
8404
3574
26859
18095
8298
15701
7860
28392
2885
4461
9895
920
7135
30441
9882
4044
31580
21353
2682
14669
15282
10010
28560
3794
15628
27785
21763
1653
625
10937
13726
16484
14752
28019
28372
25049
31295
6109
6401
7244
53
17742
13555
13543
25941
11361
21161
8250
7740
14408
5466
1584
15996
19555
14522
16961
18426
26129
31608
13290
2452
4295
4875
29530
20743
24671
3246
15983
29712
26034
16297
12768
29906
20840
13523
8892
17784
14607
10069
11283
28443
12907
688
17650
8166
14605
514
29333
25720
4647
21637
27353
4233
8863
27480
15088
6865
27490
21634
18008
28709
8187
18228
12814
484
2916
17742
4095
5009
14108
30245
24255
3009
2169
7811
12669
19512
18496
23024
5175
21839
18547
31024
42
14489
7274
10765
29837
7877
5925
19543
1918
25798
993
6184
829
5170
19689
31084
25496
15080
1199
17569
18342
26102
1307
10460
11192
17338
6435
781
32653
12615
25756
30339
27845
14089
32336
28339
24984
14509
28752
28213
13256
23611
4748
20239
28628
27781
29600
22582
10351
15045
17393
19538
23088
17282
30457
21954
14219
6835
3807
29664
28928
25383
17995
19846
19858
21796
3192
3281
10107
6223
1931
10276
8478
29899
4387
15472
9789
8101
24881
23731
3436
9840
23306
31423
28102
15916
12474
19773
31966
31085
20635
22257
2297
10681
20775
29504
25466
28721
20235
3055
20381
16755
29052
23597
18792
24768
2254
25812
14559
5722
31555
30188
25976
9520
29729
29041
15822
17341
2311
11093
18329
7214
18816
2761
19422
6083
27865
20665
4963
31095
4656
10133
18278
3043
18126
24663
19086
26208
18103
194
7714
3436
11134
1767
10105
29263
32094
1518
27058
5630
23175
19
1957
21311
10422
8687
8728
5134
1288
17145
26167
30271
26128
20300
24638
9062
9255
32427
26233
24564
23555
31938
12398
5538
24460
26286
28249
23827
10474
16832
29912
19124
995
20350
20712
744
24932
25323
22544
22882
2397
6921
2268
32721
7890
9883
20365
1987
10800
29999
783
15299
7645
31068
11819
5061
2322
24649
30974
18629
27885
25198
18090
19370
26562
4511
23371
9072
10931
18502
7725
30342
28032
7664
19516
17269
21664
1291
11963
3267
32144
30189
10809
31767
9579
19225
14785
16541
7611
12990
10834
11436
910
22913
10894
22183
27853
12924
694
16673
32714
135
2262
20036
10520
1206
9533
627
25503
30243
31536
23086
18159
9965
2528
14134
20437
31360
22937
10482
5932
4375
2363
5138
27382
19584
20462
32114
32172
4639
18194
31809
8146
28214
4213
5986
14285
31844
11465
4626
27641
14699
5717
27596
13047
8758
29674
5993
15940
17434
30745
11660
29456
8796
16547
7741
25933
5363
18993
9684
2310
1168
19525
2329
3570
10204
4465
23721
6473
9728
8135
23452
20950
17003
17808
4452
29262
30159
24129
23288
21984
6253
25514
819
13069
403
8049
32374
30906
16483
4287
2453
387
20949
23097
12273
4435
30720
19506
31969
20785
5781
24350
23639
15709
14508
12874
28352
14748
9155
25291
21547
16336
7171
20149
12974
23755
15814
6285
31749
28517
4183
32512
13949
24012
13816
23764
19729
13596
23850
25888
10962
26416
22312
28600
9612
6839
30645
27116
31654
16778
8727
16242
26954
26941
10084
20384
6342
31219
23036
17118
29234
22391
31319
21596
3667
6281
24833
25600
20672
18550
2530
25763
27971
26348
25795
31356
23682
6667
3854
24028
991
18111
23253
22044
5276
846
18198
24788
26179
6189
19774
22862
20549
792
10219
13371
18145
12385
30454
9124
16199
24201
25777
14115
7934
24589
12397
19538
14979
12162
16960
25476
10035
2532
11269
11443
25706
812
15267
24762
8173
18720
659
15044
6533
2159
30364
9733
27117
10237
4065
29608
12526
20092
2078
11528
28361
26172
7983
22050
3285
4932
2258
13387
22889
20385
26541
27934
31484
8702
31123
4537
7819
8821
22787
27177
25916
16805
30705
5410
21824
1541
14281
20467
20989
13175
17074
31418
24429
4385
2576
11476
13505
16760
3660
28056
25163
24733
21463
25925
3738
23789
10604
6712
3815
15828
9110
3683
24240
19681
29043
20730
15010
21792
28343
22639
25276
27812
5875
14497
18354
31843
15896
2385
10127
31303
12855
4309
23967
2433
10890
1808
27020
29985
10168
1185
29127
14563
10581
29275
17705
3148
23720
3317
8155
9206
10418
20739
14195
7465
15211
25381
21087
18346
31823
18559
28295
16856
2073
873
15150
6900
6607
26727
27161
28609
1278
16219
7156
13645
9543
1273
27633
9742
26394
24700
24242
1328
19906
8599
14441
11310
6818
23215
32318
5792
31166
27463
9969
24660
22397
3772
16064
27039
17325
17202
651
5621
1479
7374
13878
22712
18036
22822
14927
1102
29265
18165
9456
3958
14831
22036
25063
17628
21279
25509
7701
4331
24428
5777
532
25058
7144
24630
29
20010
15916
30041
14632
29927
8858
21346
15700
19661
12261
9672
11146
21812
5076
8138
29789
23919
15682
7776
17461
22106
14186
9841
22701
25139
19041
4934
17721
5803
1252
2367
27404
9532
4948
196
10297
23996
2047
32127
536
16179
30881
17864
20203
2794
5419
11873
8897
3524
7106
20068
923
5073
19979
12153
10446
14881
19366
20044
18856
4822
30200
32575
16214
20349
16686
2908
32261
26015
5758
6541
10568
24978
11184
14351
18362
23445
29662
6692
23012
17181
3448
24072
22625
29801
20874
28455
23871
19548
26690
22669
31913
11916
1709
7070
4291
12695
14785
24327
31958
26038
25248
2548
11181
27028
18459
8068
19775
16736
24949
28281
6030
9248
15978
26933
3790
13129
12400
14818
6346
20621
6461
26352
24452
1525
649
7108
18203
13359
25365
27054
31474
31529
13548
5404
22031
4319
16617
17166
10945
31345
17273
6858
11654
23416
20130
12241
1835
20378
3397
18449
21045
604
19360
21084
1920
31032
26902
8473
7718
17392
5939
15674
25250
1825
2539
25966
18742
5403
32034
3479
16266
2288
13170
29310
16789
6091
21032
5573
13760
3203
16015
13854
21577
8560
24690
6075
7654
11390
28124
12550
9644
20863
9250
3985
12846
11974
4643
2384
31209
14321
22479
3590
32480
13062
32486
11517
19843
3010
20738
8954
8917
28973
20184
1136
15822
29042
11451
22516
24574
2030
30818
13553
16756
20871
19434
15005
31710
23359
12830
29483
12530
16136
8183
30531
28684
731
10079
26031
7960
28164
18234
855
27314
18624
31911
5999
396
14857
31107
22511
7952
14257
9264
31299
10567
15534
17556
15428
26106
14773
612
31080
2839
29706
6306
8245
11861
18070
25188
7164
22555
31034
9432
1731
15775
8803
14981
14211
26187
18142
979
148
16484
11246
16590
12901
26861
3996
14375
13936
10953
15183
20347
22125
31009
9372
30936
966
26885
4191
6526
13132
28246
27659
19938
8488
24547
20798
12025
4372
1746
26521
31922
24267
15682
6350
20933
29373
24622
19194
17579
28424
6292
5430
6637
10404
16343
8808
27554
16605
25443
13920
27187
29447
11151
2336
6754
27245
10695
27770
13451
13450
20970
28641
2345
9084
8945
30329
3739
13493
17106
29552
31785
20468
4515
16529
5698
29299
30723
17174
4103
6754
29878
21182
9742
1685
11663
5920
22111
7802
1939
20287
22979
5709
2651
14174
16959
9103
4794
278
25307
21940
6304
4517
25767
26396
3134
31369
11520
6724
3691
24654
30992
30526
2119
17316
21140
32094
26142
24756
16866
7479
31119
6324
24874
3781
18157
6585
13564
22508
16869
14541
28170
5921
15713
12866
30768
26216
4781
17478
31409
27262
17368
22455
11716
25175
7518
11064
10575
19147
6915
13444
4338
27276
5122
11266
16711
23131
29287
30362
25192
23931
31162
25032
946
7782
24797
26094
9417
9152
17207
25327
20444
4489
11539
2809
10539
2710
18242
28578
6086
17986
26120
25911
27543
11873
32566
12368
9378
6517
19347
12712
16268
29989
6016
1068
11098
29930
1756
16722
19580
6412
20518
24492
12554
8653
13025
24509
23117
17123
11581
15115
16257
11052
13555
18805
28121
13470
30577
4295
27076
20605
25911
12940
13679
976
3201
27684
8331
2069
1830
23830
17744
25652
32704
1959
22210
4530
4621
16299
9267
551
2709
31643
30217
6386
18829
15336
10177
27947
19708
31887
9012
26585
9756
25838
8473
4709
24067
10709
21196
10575
3458
21985
22862
18208
11342
27653
11660
15264
23389
6250
24036
25416
11923
25465
17637
4858
14750
6966
7510
27632
25631
26319
6010
11251
18698
14452
21395
19917
9551
4458
26021
3584
6586
19547
18044
10168
17431
25073
22000
24063
29595
23459
21096
9520
31871
26830
27037
174
28398
18951
18081
26837
13601
1712
16671
19761
23753
8393
4580
1774
4013
15113
12446
20368
32660
25901
16100
4069
18789
657
9335
6967
5005
32509
16584
10949
27553
17857
21946
11637
10052
12036
4008
16323
19532
22361
20138
24573
17440
5523
5396
12978
24164
731
16192
27496
26329
18687
26766
11661
21118
11021
8616
31152
18428
31777
23563
31473
1856
30843
11971
18614
29802
13524
22645
28832
18918
6130
8867
23742
13784
4731
2604
27136
26302
2311
20754
17134
19281
9336
23936
21145
2475
31886
2572
25554
29103
20662
19257
16539
28326
17187
20032
26075
15398
18976
29968
8022
25144
19365
21395
8155
15545
5928
4659
27071
4609
12725
22941
7051
31939
10305
11204
29938
11572
23612
20009
10246
17776
32357
10587
19115
21785
11234
16825
31819
14401
24976
11647
5067
23946
14744
11265
27070
14219
10051
16945
4825
23926
9487
103
7847
7928
2306
21858
11902
3937
29502
4746
30898
19461
2774
1399
3080
482
31968
19127
26478
30339
29131
15820
14825
6180
27891
10869
24270
22806
19059
9007
27189
23141
20282
8442
22955
10681
32610
20576
15655
5754
11965
12212
27712
25143
32688
25240
7068
20553
17476
24257
26284
22707
30074
22015
8598
589
13535
375
1907
10274
3169
12851
6331
11798
24673
19166
15869
26828
18441
1736
724
15558
16352
12849
32022
14542
27291
14275
13390
12181
21559
10080
7533
5275
27460
6686
32444
8270
9348
6032
20501
32630
31924
24648
27475
4560
19626
16793
8455
31737
9120
22178
1389
4238
7120
23175
2462
21650
23873
28674
13574
8976
17120
539
4889
13313
21970
8755
10562
2671
4873
1863
2332
3547
12053
4723
21221
21213
19517
31925
15408
22282
22223
4596
28377
13338
31668
7489
21566
3659
27975
27228
8364
16896
27240
122
13080
5294
15307
31301
7440
27896
7062
7973
26353
22041
15148
8638
25689
21123
23363
10170
11487
16837
10813
32456
3330
23986
23733
8932
864
4800
13400
31194
7721
14254
26870
26629
19666
26730
10200
8797
31246
2097
7509
25009
506
12024
15520
23344
22679
1547
14820
8750
29822
22516
27283
22309
20943
22430
32763
18426
8555
25274
20506
25986
30819
17250
8371
12869
5040
13564
10401
3714
1060
12386
15212
1395
22176
17216
21274
32721
3208
30397
27719
32667
30836
2397
26744
18708
21288
37
27309
7435
7367
21249
25141
26718
7747
14436
14278
3265
7960
21550
20685
9916
9018
19922
23811
29939
17739
4536
8769
17578
274
16864
14997
1928
553
6601
30869
30363
19189
18833
26099
26269
18395
3165
4178
12662
8881
32251
6232
22785
27251
29638
14085
18195
25400
23754
11587
20154
4708
27945
20926
21186
23326
6334
12533
13694
16133
8447
29586
30149
5918
14888
32502
7482
22801
2966
1049
25552
15510
3952
28817
11406
21802
5517
30192
16272
29702
28050
6995
25935
26193
31835
3384
18210
25493
16541
8080
14596
16496
2761
13846
20631
14732
27699
1758
28009
27344
8563
27441
5750
18136
31755
12952
20719
8867
3915
11319
21562
10636
9330
23132
16186
19836
14870
1112
13008
1885
4806
6798
30114
31698
5869
8393
1307
22565
3577
4819
14259
31617
29373
30531
21616
16481
26388
5270
17324
31304
2760
31873
15642
31667
14770
24966
5892
14411
29986
27334
6870
22368
31873
31254
736
19091
22836
6228
1368
15570
25028
31740
4254
28042
30780
24054
7364
19479
2003
4274
13902
26496
1483
3447
9782
1633
31129
27640
23348
31528
20550
30761
30780
2180
32533
23120
11335
27163
14694
1375
14166
21884
15834
24449
16564
1876
32440
22771
25212
12516
10640
25877
3676
22962
21022
2497
12184
2431
17520
30939
11858
20090
16971
26665
14344
29619
12236
7013
29022
31698
29515
21649
29982
13321
3204
7819
17533
29511
9977
9697
3232
22959
11154
5094
25950
9288
5511
8198
27976
26870
3711
19286
26342
20137
5626
31343
15172
5588
14316
24957
1453
1313
5802
30355
3255
3683
19466
24130
19584
16331
26054
1641
30262
21856
290
25422
2269
32425
18895
750
26444
11436
24590
27282
3961
31773
27161
29347
22263
4047
21694
5311
20669
28526
1869
24588
16425
15984
3764
1997
15685
24393
1001
16435
28232
22238
12680
23925
31328
1085
15550
26915
6574
139
21861
8631
26258
15165
12656
6253
21546
9868
22410
24916
28181
2082
31994
2469
17789
16922
31434
18516
12116
10279
7720
7398
14301
13587
22540
20610
28527
13420
4123
3402
29814
13434
7884
32748
24250
21619
13001
14195
28644
17138
9624
14180
11582
166
890
28678
18106
15175
19091
4353
28470
21711
9548
27178
2558
27366
9206
20126
20882
29342
14768
11790
23466
15456
138
22617
7800
29735
2282
8032
23341
29163
14383
19222
4542
28257
31381
5078
25064
28641
19544
5882
32114
935
24093
31145
4018
5951
22669
11760
15954
1595
835
3604
10068
12327
21224
16935
84
10943
8860
9178
15117
25695
7320
5266
21279
19130
5650
31166
10512
18895
25185
21351
3728
14105
24930
8456
26625
32006
19738
2209
1846
6827
2717
29703
9083
19382
558
6270
4822
27812
17063
7305
10381
28468
29724
20481
23784
29467
23995
10853
8760
22265
758
881
2840
21900
7141
14834
9715
803
27877
15576
12743
16214
16774
10893
4136
28405
3748
31365
6279
4670
32723
25879
12468
2899
29697
32139
20130
10475
11606
12916
18283
18759
14431
10304
3987
10600
20076
8717
20625
13439
14134
27838
30603
26533
28101
78
8546
7628
3217
19301
2030
22517
17640
23849
21643
21924
25999
24919
31700
4497
13484
8850
1710
30369
8419
1787
27785
24852
3520
15105
25314
16384
16213
32379
17932
27390
10532
18420
32561
35
9279
12869
2964
24114
20653
26730
2328
3855
9744
910
27654
13943
30597
3944
16907
22767
28364
10442
9856
3834
17065
27255
19438
30863
11401
7222
16082
1226
24937
22564
17821
25058
4596
6734
511
10587
13803
28287
14181
7293
9930
12375
23233
1284
19881
4509
20361
3609
26720
23254
30210
10625
10734
6679
28350
21781
14876
13335
14179
21618
22621
2952
1199
13041
9721
12968
32185
8666
23402
23315
15482
1748
27910
30683
14219
20128
25311
17882
31024
22535
26600
11847
18326
2833
21593
14216
8793
28792
14164
30791
14665
23900
9160
16584
16494
1848
17558
28282
17738
5141
31730
7628
26973
31486
4620
11841
9711
18611
14064
19655
32009
7330
23467
30789
15301
29202
9904
13427
12743
2466
1914
24302
524
1778
11634
23180
28899
5792
26130
1260
21304
12406
9803
10834
792
18913
17188
27570
32114
3237
7589
19211
3355
26064
17907
20983
10005
236
22972
1663
23569
889
8661
8755
818
7323
13090
16251
532
15631
5815
28968
22029
2915
15676
30798
17075
26727
16790
3158
18846
6111
16068
26959
20335
24954
15622
6277
4624
15880
31301
10069
21566
25831
4527
16447
25157
19902
18082
23101
21515
31342
30411
29267
12368
7494
30607
872
21812
28535
25257
12372
18938
19399
5653
21562
24075
24969
27437
27928
14654
5068
26899
5276
16726
22739
30286
31546
30925
11717
19896
6523
15056
29350
14999
2968
30858
17030
24586
19271
23461
7160
4007
15317
29198
28102
29538
15477
18169
23523
3760
13528
3366
20641
23277
20477
15970
11812
763
22859
21584
13335
557
28637
32361
28061
10851
1053
31042
15243
21878
21396
27405
20180
17878
22272
26979
10053
31345
22183
3137
27250
31191
6380
12880
9968
22684
24352
23145
22468
32510
9370
13912
15388
29128
21514
23264
22333
8823
26378
12544
11453
2714
9206
3189
3314
5759
28158
2944
1450
8971
23417
9193
19228
4842
1660
324
11551
16105
19372
6259
27802
17823
27472
5228
1340
32339
16555
61
16237
4890
904
21069
7812
1600
18454
15588
32570
9961
12534
26605
31326
14584
1939
30715
24523
21552
11954
1675
23960
16025
9034
28553
10126
17958
32661
6165
13023
23956
13415
4742
23060
149
27839
17327
32072
9006
20379
28002
29332
12382
5137
16947
23242
23552
7068
26238
11878
19442
1716
684
5825
23671
30625
19121
26504
986
30608
7897
19565
6485
12775
10693
32540
816
31190
8112
6513
4141
20014
760
22504
36
20343
4569
24661
32747
23613
16763
24789
7288
18346
27183
6916
29002
24154
2293
12144
5637
11626
14915
15694
3932
16338
20993
10860
18227
17909
13528
10087
20485
23415
22188
17438
30596
24399
615
10342
27776
4637
20217
17664
31754
28349
26013
4296
10713
28956
32093
9774
10221
16202
12248
21738
29041
26833
2883
31724
3302
12358
1454
16274
14718
4893
13704
28702
3014
961
29542
13415
15752
2533
18688
19663
13552
15636
20860
628
1773
19856
28400
5803
30938
3929
31010
18090
17758
15244
18834
14212
10385
23534
18618
24155
30560
5321
24724
14544
17970
16631
30813
27071
25292
5180
23961
3626
9585
14297
15959
24178
23886
5469
6326
28621
23574
17343
17320
10740
25834
19114
29942
17692
635
12312
26756
25640
2162
1058
3287
7965
17424
24342
22740
4566
8209
1483
11978
17145
16343
10289
28851
30505
21956
28204
10679
17533
14568
18083
28914
31281
32220
11476
26999
12444
5869
22506
917
5474
16253
2257
25433
18411
13991
27209
4179
23060
3362
14137
21149
18724
2664
6982
24858
769
27927
421
17660
19364
2711
17965
5769
5834
4605
31921
30494
10732
30255
17036
27764
6770
17225
20093
290
31780
25408
12982
20067
21473
5574
1327
21274
8851
8045
25152
15379
7266
29710
32111
396
24616
24684
13447
32244
17189
30485
22762
25074
1269
17545
8999
10665
32702
3742
1231
30523
10414
8995
19589
30347
29861
31172
20565
11848
29998
11565
4679
25127
16820
3955
4915
27247
243
23983
18390
9403
9900
22252
25638
25083
14749
14915
28899
30141
13744
28740
24431
19115
24179
25496
4063
8276
5576
19685
32082
22063
2782
30194
1153
26588
21855
14348
30872
32430
20715
14760
31301
15463
19654
12105
17678
9026
25549
9124
26343
16183
4271
2818
5636
29818
21081
9703
6380
5957
29874
30449
29903
12503
20873
20482
22041
5565
7627
15010
26439
12624
5882
16286
2553
10879
9434
20981
9801
17870
17262
24821
1116
10399
18722
21922
25654
25008
23882
32599
18387
23270
13003
13232
9075
6217
23320
9638
26677
26703
17761
14332
7399
26973
15879
20187
31005
2187
594
25785
13952
23976
15462
26239
3177
2174
31603
6890
2479
29526
31789
6449
16573
7871
21884
4841
31207
23180
23924
29990
24574
4124
23175
9444
23329
478
21753
23205
3543
9235
7317
24923
10331
29398
22175
15495
1591
26970
10249
31139
18964
32372
20457
12478
27601
19033
17963
30822
27858
14760
12931
20682
9883
29099
20390
18976
26525
18906
3770
27205
21071
32416
3851
5539
12929
354
15871
32600
15598
2494
13132
25749
27920
19472
7528
5955
30008
31035
21058
7149
29917
27558
22575
24282
26932
9604
31527
17529
3074
1113
16945
6403
5295
19897
22812
9051
3995
31059
17008
24377
16309
23599
26020
8839
15945
6452
19857
12811
19737
31469
11047
2375
3760
6797
28767
22941
6387
30768
6000
1207
5625
26723
27206
5670
26396
31463
24112
73
32336
16050
22489
8305
25012
1847
27513
20034
3431
5863
27980
31325
10141
21240
26180
8252
15090
25701
16635
3932
27390
27190
17131
20386
22313
8449
9697
9464
8128
9137
26031
30263
16713
10630
5665
6985
14868
25949
21811
22159
11795
27186
11649
32128
31979
14563
31999
5267
32331
23350
13290
25183
22653
12318
32767
15873
9531
19770
14314
7359
22723
6559
6913
8939
7982
1495
14642
15369
9213
1321
5946
32308
30709
11291
25368
23741
2349
6198
19650
28182
24933
1289
22294
18670
7833
12913
13587
15518
22998
23
1865
26820
28749
25145
3470
30765
25254
5038
8435
761
16022
10532
2551
23545
18100
27053
1786
19804
19592
4218
5876
2187
28901
23525
23654
19793
15993
3509
11409
3135
21155
16542
7911
2127
2180
14088
12479
15303
23129
1810
20812
1120
27912
18389
27088
23208
31224
9197
13837
6309
2854
30006
252
5051
15734
19923
6594
3535
32071
4725
5344
16813
29001
2521
11690
3751
1939
1427
23546
1919
22768
2059
29221
26760
22138
3013
22318
14599
30059
20453
12602
7135
19759
19954
5188
4974
23486
15578
2322
15538
25640
17718
104
17840
7025
19152
1659
8982
6048
28514
19112
18719
13587
12961
20326
27575
26133
21370
22138
2528
8371
22172
23914
18516
24267
22070
15923
24427
25701
32514
18494
8256
16454
24194
26001
21775
15043
26250
8259
226
9940
18942
7218
17005
18793
5853
22776
24118
19201
12670
20506
13305
26488
5402
17283
9034
20512
32139
20529
9084
29716
24147
6447
4802
8905
19168
7875
148
15590
13327
5608
30548
26454
7918
21502
2354
29851
14534
8897
9293
30821
27737
4216
29210
14691
23656
4206
17930
30041
26488
32678
24423
11123
6358
25035
639
24793
10969
27238
11525
4995
32359
9812
27060
20303
11194
22902
1845
6480
4196
25770
13891
9577
32401
18426
21261
2587
29069
5396
24028
26268
27526
26106
26357
12073
24722
11259
29121
5020
21236
27362
4907
13377
1179
13421
20298
6374
25067
30721
31296
7729
2496
31387
8290
19767
5808
2826
14745
20809
3473
18012
11271
17
5435
150
25070
10207
23439
9640
30414
6205
19385
9887
16334
6345
31153
18205
13149
16964
26376
24326
29721
28134
1249
25725
752
12020
5950
21007
23685
2709
23933
15661
1493
25058
9250
12512
19482
16956
9174
8376
15344
4066
20912
2054
5046
16066
1204
2378
13623
3472
5273
8687
23177
30486
21968
17974
4662
19915
5825
31089
18074
13734
600
13937
21644
28724
3008
15425
30017
12009
18286
4885
32620
24500
21858
23933
17322
10197
16553
18910
2078
243
30759
14371
26456
11369
17555
26544
5756
28898
24515
16791
22176
22053
4394
4879
5493
21298
29599
19490
298
8845
18527
5797
5005
12506
31574
22893
22644
22954
15514
31680
29531
26261
21305
32010
10318
1161
3380
13521
27658
9057
28875
20203
16223
29625
4859
22511
23000
30465
14150
28137
26526
21969
7346
26962
24218
28796
7188
4671
11994
24040
31630
13784
21046
19613
6999
12300
32563
31259
24506
15747
807
13425
31842
10708
1950
6667
1236
11769
18173
3020
26173
4864
29797
1373
11886
27906
23258
20420
17445
601
30629
16952
29838
13070
5110
1331
31241
29841
8654
3018
24622
13741
24604
14138
26894
16058
2599
22723
22460
25109
5675
1465
17421
4301
18247
29144
23451
10143
5782
17368
13328
2085
14237
6209
4769
21066
15333
9857
19672
20993
6632
15419
9879
30007
6962
739
20826
24069
30144
17288
28860
25899
5292
7408
18493
8378
21516
24554
30274
17168
13335
1504
24669
26121
18313
30124
13519
5748
24905
2732
9547
13252
17737
4633
16125
30728
24750
12948
971
15390
19762
29186
10459
19491
9158
19866
7765
24621
25211
6204
17514
3389
27042
4869
29077
17007
21554
29728
11808
9844
12139
20447
18667
26946
21945
6154
10601
24074
28891
9591
747
29035
26436
32730
19745
20453
14530
22495
9693
20624
3677
26486
27
30734
386
11374
17471
10174
24161
12614
17821
19762
26003
22592
12606
9700
20736
23734
23009
27428
8192
32433
1345
31317
28352
3256
7830
19801
23784
16358
29278
22346
18298
7744
22365
6507
23037
22341
26851
1118
15068
20166
13901
31127
22281
18935
3022
272
4325
29383
14448
1854
22116
9581
30037
14149
25196
15427
21059
17768
11647
19928
19296
15811
20890
4416
27705
11068
25949
23727
9225
10935
4715
29255
12089
16009
27412
3885
14883
30255
17202
28898
8475
15937
4176
17617
29104
27809
5394
13860
4399
23800
23505
3548
11369
12643
17541
6433
21686
2921
10728
18902
28218
20785
25048
17777
21351
21233
7421
22026
20931
25770
27053
29105
25580
16403
24076
19461
19673
17106
11640
9731
30818
23794
11556
20507
17667
17298
3074
4745
6877
15322
16871
28642
29693
4660
31210
30189
14817
4536
31757
4277
7224
4071
23071
5084
17642
24733
25568
28210
3416
17985
9831
15238
6373
12863
31425
10429
30901
27064
26587
24097
15541
25208
23457
25595
5595
27688
32616
13667
28079
31172
11145
30039
5898
8016
15951
31243
31773
6087
23060
8832
28086
26453
20134
10840
30655
28101
12784
28649
24327
32061
27606
24720
11334
18729
14688
32583
26715
16757
27419
14714
28119
11775
25276
32279
29631
7756
5127
19173
13710
378
3311
9238
23674
31349
18687
10783
3576
17518
21496
16839
17282
15241
32700
638
20376
24022
12650
24305
13317
22659
2507
15323
11619
30032
27885
26910
6113
31810
11533
12562
4420
23964
23738
29213
31788
14347
3128
30340
18585
3873
30243
32384
9645
17924
24404
12437
180
12904
11785
25631
30049
23482
31807
31278
4954
15006
10595
14483
7416
3228
12074
23355
9031
4118
15806
20412
9045
15486
25370
20270
2217
19142
16823
19004
14609
8727
6760
23418
3489
31941
11650
13306
23800
22915
14145
13850
31429
3283
2919
12959
20618
1729
5158
31752
29600
8401
14400
17436
23676
2102
27757
30662
9008
6212
29693
3362
25908
14632
5310
30680
14439
5847
16928
14249
20305
17476
919
13639
12971
7894
6721
24938
13345
1561
10697
18976
32342
15284
26763
6756
26153
32667
6905
14323
24887
15493
24125
29531
17824
22689
1568
32341
14095
32388
4650
7252
25844
29286
32266
16734
32276
18319
28985
4891
32068
2572
4571
44
13169
12454
32486
25021
13028
27413
13701
23390
32708
8304
26047
27918
10717
12776
31316
27545
13215
21942
22503
21285
27242
7762
5986
10247
5129
486
16279
23003
5500
30210
16931
23763
30458
29585
16280
27983
26934
30476
22235
12718
12258
20717
970
11876
5489
23143
20770
16461
19490
25172
24992
4418
24634
26223
5223
15081
8080
27843
18594
3025
6735
4451
1130
8894
8440
7260
746
21569
25510
13288
28097
3724
5782
32484
17831
12165
16358
19332
15956
281
4765
3654
4510
20435
31468
19748
3553
20397
16308
19214
25507
17190
23879
1943
30328
6292
32115
26351
13604
29116
12477
5649
15616
18848
19690
32573
19615
11416
5316
25257
18864
13988
3354
26484
24102
19457
8969
14555
28823
16378
1914
943
31714
24065
25580
26630
2581
2302
19572
13106
22158
25831
4865
30191
23392
16017
24549
19168
19960
9670
13201
24893
20224
28055
13728
8134
20867
1779
29976
29691
32082
27001
32236
8590
4263
32395
26565
9753
1289
17060
16897
1293
31599
4331
252
4074
13224
19720
20623
32438
4858
24374
28631
27816
32266
13977
31288
3364
2555
17875
16801
11500
18650
11730
7697
21396
13626
2795
22106
6454
283
6189
1573
1128
19473
7407
9526
1131
1186
22700
5105
23461
30959
24849
20765
3665
23191
9811
15593
10614
14808
4550
3372
30229
15351
29356
22257
27815
4322
11594
20787
31943
27669
24642
13541
32043
1210
29724
24118
22488
24852
18726
4882
18070
28957
30590
4844
13218
15470
21869
21435
4772
10080
14326
4162
17888
4977
8623
2965
25520
24297
21456
11737
28722
1981
30090
24139
24382
30131
17818
16004
29339
12231
2589
11003
18546
205
12966
9419
11778
20313
24718
2230
2710
11484
18827
14186
30388
24591
10372
4868
21400
28309
12452
30163
30433
27100
13998
1630
16009
836
1168
3240
8474
11139
2874
11442
3615
16712
26288
10818
13017
4894
26718
6627
30516
14483
7085
9005
18169
1690
30931
14406
31557
9007
14831
26281
30778
31801
1621
9510
21236
9652
26662
17194
5055
25359
16421
23873
26759
24531
11205
31449
23440
23430
4487
14665
25191
19663
18306
10258
22808
16347
2115
14948
15777
29694
10712
29156
16295
31902
19240
9900
30824
26957
27526
4243
24305
14645
8325
30127
19600
7609
24077
8729
9613
20569
1198
3312
31253
32726
10805
20129
13175
6295
20605
19557
8595
27724
32392
15627
31886
31953
28622
27383
11979
28245
19925
22379
31511
25787
10242
8965
21284
20544
7599
24457
29241
27999
28286
12001
4135
31730
25836
21346
16511
29081
20265
5457
20994
11103
31271
8614
16985
25243
25328
17935
6663
26901
4670
11832
17563
28778
22085
1610
14634
24754
20180
9906
1788
607
32668
11555
6790
32616
23759
9950
20120
32680
1518
12337
7640
25729
8924
11581
2159
26564
5942
32765
514
8661
32743
24452
31716
15114
12022
13446
24458
19541
6563
7962
3391
13091
27827
2494
13080
23683
15112
28060
4139
19339
31348
11276
30716
24311
17103
8537
10808
6676
839
21704
21158
29917
8696
27094
17754
30563
14781
14018
19244
9330
27205
9291
4712
30577
28265
15035
6087
31114
27836
36
7070
12811
13924
3050
30550
30220
26665
29569
26396
23379
8652
29816
7129
21108
18330
32695
10597
11324
576
2565
9464
3664
28897
17869
2017
6930
16742
10785
10874
20676
8982
27391
27483
25584
18278
18131
22222
6407
25874
19774
25219
24904
29036
790
4485
16099
1012
1966
5229
13407
6186
8023
14806
17209
8608
18214
17168
15822
9811
13816
28953
28794
21307
28340
24008
26114
16161
18384
30028
19247
20401
3095
9173
13756
29904
6313
2961
21107
11824
7235
22234
16018
3873
23488
31406
4211
13482
8160
32095
21356
25048
12361
5515
31477
13910
32715
13647
4360
13118
28136
21944
9166
559
16788
5754
13943
12960
16697
1509
14697
24947
3070
9492
19870
32461
6217
31848
22343
9766
31618
21557
9142
15516
24347
26042
9850
18829
18125
6231
4556
15716
3108
7930
20010
6835
13117
2523
5441
13699
31951
8297
13328
31976
22888
6019
14411
728
8697
30700
3325
13884
14741
18681
19058
840
31862
21389
15700
19976
8257
4423
26900
31548
27018
7162
2443
31590
23195
12638
22498
3105
16241
7941
5807
9140
15112
10896
10592
15079
14809
18978
15069
26902
28064
16661
14185
1667
13922
29932
7625
18672
7343
3721
27561
3694
16677
15265
10555
19056
25909
9324
22561
18723
28970
27041
18829
15618
7014
16033
8103
19109
5359
29682
32303
1753
24363
1520
11875
6902
12008
959
14883
877
159
25220
16979
7329
16890
4309
5249
29176
13459
24174
17351
817
28159
3109
18675
29688
6411
6176
28134
22967
23621
6725
2106
7088
2495
17650
18216
6473
31759
24046
6312
2726
17562
17312
27097
20349
3859
21119
18084
8230
24126
16074
7324
21746
1530
13945
9513
14270
1662
24435
15078
5064
11491
1537
7751
30657
7395
3971
28031
24099
10208
1378
21409
12228
5415
19525
13061
21676
16247
23432
20205
18211
11197
2282
14440
23823
32034
15493
631
15229
27207
8452
367
10366
6095
9232
6558
12084
31775
23307
24881
18988
12385
8193
6485
2030
21199
31451
17053
24019
24110
10966
20644
7447
6808
25652
16627
15919
2943
5682
6437
30301
32495
19769
4169
19329
8723
1368
26503
6706
16123
242
13831
16909
1948
30644
11278
27725
4633
12746
4458
8349
27201
25427
785
7210
23640
23570
13317
7931
23834
24422
13690
9093
13053
14460
2619
13434
17591
24259
2378
21731
12544
16032
21446
11886
5017
31332
25106
31241
7053
14203
27700
22191
22199
19429
12667
642
22148
24555
25445
10779
4602
22538
14271
16926
10489
6964
26126
7953
27841
2360
5166
16238
20917
13694
30265
31734
11871
14839
9643
4681
27571
13908
29635
15796
2712
20342
15148
21066
8868
17190
29916
3638
15911
25607
5181
5455
14188
4552
28298
19181
31547
414
12668
32251
21666
27378
11559
6990
9718
27735
29982
23093
13076
15550
7390
5970
24812
31981
4970
20904
3649
15661
25138
32244
27050
2883
21305
9281
26845
7330
17015
31671
17708
26847
7805
30900
8528
18533
23639
286
15462
27498
25270
15095
22071
15650
12367
10545
10428
1842
16766
2756
6882
26983
31023
12287
4234
31144
4350
14875
31700
8233
21661
30998
5021
994
11382
23487
21318
6976
15250
9741
10167
13594
5306
25012
28068
3558
19164
15610
9487
17709
24752
19399
32271
18236
23450
24316
8911
32541
32211
26118
25305
25797
27588
3763
9109
15247
16562
5956
14860
5353
22176
1731
4594
27469
17777
16279
17892
26996
23886
8277
3310
12742
8263
9945
8528
14868
32573
18838
1154
3977
24063
31530
17525
5854
8883
3125
9756
7374
21624
24428
22827
19146
3401
9193
6431
21485
17188
2501
24446
28210
11372
9449
2912
27621
17293
29217
8750
2391
11742
12915
3498
17110
2507
4270
31535
18140
26675
17733
16442
22663
29967
11358
26666
13897
4949
551
20292
22753
28700
14697
28410
7818
20736
8287
16237
13938
8648
18376
21040
24685
1350
24635
2639
21739
28031
443
5520
26920
32524
4491
2808
17314
17344
14915
21137
13520
28811
10788
14955
2065
17054
2985
23777
24803
14288
27742
15389
30805
9793
1525
14047
20159
30525
7575
14969
9648
2403
28024
22047
22056
32262
19630
4957
22279
30163
2371
14313
1990
180
10377
21659
4965
17653
429
17850
32676
8614
26255
2169
15478
20544
20177
2497
18355
18827
14639
21041
14605
29118
14094
13156
19013
20456
22103
23154
12191
21648
23941
27577
21651
29592
3581
3037
20677
5480
24734
31245
10551
9032
28826
8072
12733
13068
2180
14432
8882
5623
1450
31102
14058
20186
1444
22503
26087
13180
4653
21822
3664
15678
16178
30089
9374
19711
28457
16952
14873
26174
12708
32355
28675
9598
28710
28755
11027
30191
23861
25668
6949
19018
22960
19561
27439
23805
17507
8753
11639
15240
26585
27849
22531
8487
31345
4322
25937
25777
25780
19892
27977
32192
16870
2882
19056
25874
20187
24032
8030
21551
15117
25331
20594
10316
4075
23289
17860
27760
8819
9417
2395
20181
17154
32283
5537
1425
8043
11594
26643
26229
2887
30809
11325
13878
8845
3381
4838
29386
31331
16185
10632
7445
21555
15863
17923
17861
1792
10550
23185
24955
4859
9783
17917
10283
4945
23101
29712
965
584
28235
25165
21013
906
48
23774
32232
10432
9409
1997
13168
25699
24422
2167
13289
7887
13016
25406
3197
8602
12072
24959
13413
19747
8452
5060
22098
19566
17974
17466
18699
15151
11117
28005
31575
29220
5952
2322
22301
28072
9840
19341
24522
646
32109
7957
4083
21771
13084
29581
14908
18015
22744
13940
29048
19477
17335
1815
15377
26112
31502
31493
5802
9800
28727
1732
2564
32702
25489
24258
22558
20077
6857
25742
1185
20081
19544
29768
15482
29965
25677
9815
24777
24567
1613
22873
14586
20214
28888
6240
4145
23471
9677
12635
16876
25532
31793
4050
31204
22783
32556
12247
11060
27702
15956
15673
700
17871
29487
13050
22728
16637
8178
3843
26093
23819
2959
28183
16180
22769
16111
9222
23931
11557
26492
9251
13335
22451
17123
19959
6846
11920
30744
29239
3749
11307
410
9204
3813
27206
3320
10770
6179
16132
29588
9467
880
12355
12455
15508
19566
12587
30853
27249
692
24071
21795
13381
27252
10836
27606
27292
4187
13592
20573
16332
21689
14198
2338
19240
12770
16766
10429
19576
16852
14666
8378
17318
18202
20550
12700
12474
15600
25295
7201
4104
12967
30208
30664
26280
30283
18376
21137
29479
21124
9536
32260
22140
25530
31548
11636
18750
18556
21793
18821
12564
12579
15862
7404
10860
4786
14269
15990
23152
257
15619
23628
7477
29723
182
19573
25654
31972
24631
1692
22786
11519
15280
27412
6193
13806
10408
31513
6300
891
13012
26201
4814
21847
7984
4531
31925
7170
25935
31550
28061
7402
21231
8077
32352
8663
3537
17457
31190
14214
26568
19328
29075
16276
14607
30101
2770
22943
13535
12952
6060
26535
27713
27200
20622
12730
29474
23701
16873
27856
23461
32763
16939
10484
31677
108
1007
27300
12538
17413
6256
29563
5795
6340
30276
32269
25094
28560
22599
28947
22796
18553
2261
19912
5904
13378
27964
23954
5105
3868
25968
25317
8550
22709
21505
20836
21138
19825
25163
20810
473
9463
21741
4617
26865
6640
1148
12337
32572
7947
20088
12946
4693
25925
4734
25253
19689
5991
4032
1064
8136
28368
14003
12297
16699
1396
17159
22149
13977
2341
12764
11409
7189
13330
26675
2169
7898
11917
7586
29127
23898
15889
24397
26726
8674
25987
16145
9991
11122
23224
770
25796
30925
30008
26904
23043
18892
31297
21285
3230
19191
27151
28426
10049
8022
12891
12075
24595
15493
27170
10016
12952
19719
31399
8366
28886
3292
22971
31989
28598
21590
14652
13802
21166
17704
20444
5128
15005
19904
7971
27715
23542
30423
23224
31294
16417
12102
21724
10941
13854
2587
5175
27229
13932
8940
30423
19587
15913
7275
1654
7826
25978
27963
25083
15201
13613
28418
24644
13036
32669
25536
20515
6729
16598
25951
31142
6110
18938
29579
17564
32722
15332
5059
10324
5313
5386
14256
18600
16564
22184
23990
25658
23120
1307
8138
30718
19021
1930
9347
15353
9514
10956
9843
23880
3359
19334
1463
6499
28756
27540
6093
7843
30544
13995
10662
22018
14260
14908
26620
31267
32553
21659
8678
8082
19095
8032
6570
4684
15768
22798
22482
11394
11820
4594
13442
2714
6318
8270
2824
16503
4102
8119
19381
29690
32289
32700
24555
200
18590
26056
5240
2382
11722
26186
32290
6403
28111
22802
3203
15341
5160
19710
16152
12135
30040
24279
12436
4129
13532
30582
27770
10600
26462
13611
17130
18856
9515
1119
3771
16431
8423
11127
8651
26675
5760
19964
19347
25879
9824
11001
11775
29674
28903
6821
21628
30257
1560
3906
16722
6630
32146
7493
25908
17088
19138
20151
13589
6325
8536
17883
21054
24510
32247
29457
30878
31962
10033
25082
10081
19541
15026
25053
14276
11594
6843
3402
22055
26215
20435
29949
4451
18416
12985
29188
29791
12038
29340
25381
24030
20010
19342
22906
2715
24317
311
30814
1432
8521
29126
3213
29363
19269
21805
7814
26490
20245
31886
1076
17984
6545
9712
13774
20337
11847
14391
27132
23842
17603
31571
15675
31980
19214
8375
26754
23547
29044
12301
19238
14690
9098
11304
19451
21169
4720
1082
21948
32458
13396
9543
29356
27376
23863
16345
19326
11809
21748
5622
3442
9894
3710
25935
31682
21992
25705
16826
12348
11909
32428
29666
20272
2211
17829
12349
12940
12421
1629
14911
20550
17244
11278
18382
24570
20063
13026
14581
981
25629
14334
30684
30897
7186
19135
5368
4481
12409
25411
29567
496
11874
8748
6687
15429
27652
15776
31727
26250
14676
16276
19878
10989
32471
31051
15115
26470
16052
20505
4268
154
11277
18285
11731
23552
19599
27663
21174
17730
22600
1189
7918
17126
19385
11132
21546
7725
24621
13701
12581
8763
24137
2718
30933
22137
32483
21267
31206
14392
19992
7781
10854
14231
17560
26442
11202
31654
2885
6388
19185
12747
7421
31126
20719
27749
15027
7717
14189
21680
26053
19292
5575
13289
21641
26626
23094
6066
5417
25711
9031
5559
21170
15181
19851
29330
28775
28572
2448
12268
28507
11256
3601
17893
21055
26399
14954
2998
29560
12718
15694
5013
373
4395
5052
32218
5439
3144
29743
1887
5969
19558
31254
22316
26283
30809
9603
20308
30242
11371
807
25882
21498
13219
4222
17496
20406
26183
12359
16930
12847
20895
17207
25254
15332
3324
14574
30294
23953
24569
11562
4682
24323
7681
25915
26591
26666
23313
16823
16293
8304
23999
30830
7032
22601
29308
10912
17388
28939
1046
11118
17647
30465
7553
2703
7593
8634
14550
14148
10151
11943
32668
20366
31033
18918
24647
28574
18200
31064
7422
5517
2380
15865
14241
27981
26445
24433
24331
6368
12137
5606
16788
18631
23909
1557
26842
14526
29799
17313
706
25766
12308
19882
15289
2499
20725
14754
3648
18471
2079
92
11175
30830
17939
8550
25112
2476
28899
4249
9176
31652
17814
8686
5066
18747
26830
26516
15157
22316
27304
13887
19654
15100
16868
17346
6361
28209
582
5088
5876
16831
21051
10079
10388
9667
25536
8543
31021
6515
29824
22250
8044
22357
6460
31948
25535
4528
22640
26533
20503
21313
22580
4668
27885
22574
9056
24086
20355
29504
18931
16968
23916
21324
24758
23689
26958
15602
9244
6283
3303
3210
17005
24972
25678
5212
4387
4648
3707
11023
12693
5745
5898
32357
26834
29761
11580
32293
11984
11727
19519
29528
14534
12929
14511
6071
726
20993
30556
16741
7407
26003
8526
30426
16114
9126
14598
32543
26643
20904
25863
16961
3459
18463
13205
3584
7244
31990
19389
4807
21116
2068
12181
11489
13189
22068
29637
19945
7140
32240
4166
6786
14337
27422
11882
4169
25174
21600
6173
18440
11476
12023
11370
10285
6530
5336
32065
7034
18024
20738
31351
8189
4267
1550
19982
16963
29433
8968
19895
22729
8999
6781
9621
5043
13081
4053
8260
13504
14563
28387
12314
894
16941
8635
7596
20922
5852
22724
32660
9275
3823
6414
24434
21424
32678
1253
12337
14822
1002
4774
31116
16190
9193
9681
23760
23647
8193
15968
22243
25640
25311
12887
25477
10728
24296
9629
26070
22482
23255
13322
31256
2475
29096
449
5303
32710
18870
9664
4742
32306
18208
8885
7756
11314
15728
25107
3967
2029
25727
25958
9807
16999
5267
8676
18663
6064
3531
14916
9711
30556
20157
2771
24661
4402
15965
15300
10317
6697
11553
19911
26006
23952
29026
21726
22271
28300
8966
21868
19243
3527
14940
30607
22161
5991
5703
1200
10950
3389
11679
25433
29439
4415
28628
1350
22994
25657
6356
31678
7228
15551
31791
9764
19944
2662
2937
11977
12974
31028
7153
18948
20827
18772
12127
27525
9136
20238
17475
26086
1965
12023
28971
10371
22031
10853
20325
3980
16919
4134
30934
31320
26253
9586
7466
7164
9221
6941
29230
14877
13409
25361
889
19970
6039
31228
9554
15341
15796
31046
3790
5292
4641
1350
24377
5483
19493
27573
4791
22988
10412
1635
10795
29754
28999
13864
2648
24698
29811
2590
22087
1154
21278
26381
18664
13199
18279
17191
20987
26482
18598
18934
31281
9258
12460
31890
21135
14776
17996
8727
29460
22575
20762
7254
19611
10763
6770
29899
20995
26819
32700
13776
15500
8098
31215
25615
28548
4306
15956
11325
16164
28858
23693
6406
7861
27530
32213
25923
31222
10515
10633
15987
15810
17117
13032
2921
21486
24691
13335
2882
5745
28162
14951
24730
32199
8482
2011
23808
3735
16372
3557
8358
19091
24173
1393
25181
10399
1521
18468
29633
22582
31524
20198
21937
21514
5629
31134
28931
2027
24604
1084
18293
3562
27997
19709
12518
18110
8877
20458
30918
20839
24348
31651
28619
9745
15156
17242
17893
22586
21129
4642
16501
17431
19346
874
8378
11060
4535
1220
20107
1116
30123
17644
6988
696
10236
5125
12571
6202
16873
6437
586
30525
20595
276
19730
22373
5559
2641
1925
461
29818
4694
18373
26721
14854
2077
31860
19592
14901
26595
2411
14599
29131
9260
7343
21282
8968
8199
20384
18179
8318
7827
26740
21344
14881
19394
20452
14425
157
16989
3877
3487
21228
13129
27162
17371
27175
4616
27080
21838
22428
27266
27402
27060
10530
17414
1414
29039
10153
13708
24287
31713
25621
3901
15917
19738
1613
15669
29610
30387
4750
18311
26797
30713
6406
4993
27613
10575
926
18994
3486
30413
30231
2090
8400
11821
29784
14977
13241
25576
17158
19739
5439
13212
13910
3625
14939
24497
25375
27379
6090
5180
26164
27094
17414
20771
13808
1416
30068
16259
12818
19876
12511
30286
26059
28770
15397
29241
12310
4517
10544
17621
17992
4924
3368
16123
17640
12897
14311
6766
17088
7814
32686
26300
6708
27986
29974
15717
23763
4070
4937
319
9516
11620
16497
11545
15075
1714
12913
30111
15620
18299
3028
17022
18070
26743
17666
17096
16756
1773
13754
8345
23384
21878
21180
6139
20793
2563
29638
29959
1239
27937
13762
15693
4244
28284
19774
2166
19845
25250
23836
19496
32713
19978
9611
7978
7449
24917
7990
14281
24993
2771
22203
10618
9998
16713
7262
9664
12777
27634
23551
17488
26915
3011
12617
5748
11249
2547
3117
2477
14810
20411
31118
23964
24845
2907
25662
12578
26361
18013
25130
27335
24344
12573
25041
88
25611
18313
19451
25044
26348
13094
28071
2954
2272
3668
15941
891
13035
27858
22053
17925
24585
19844
10544
26051
19834
22900
22998
25263
1373
5144
14407
31881
30592
24787
16870
1149
5239
445
13562
29184
7915
29607
3239
16123
10037
19290
31006
20267
25899
30752
10256
26311
25658
3974
29032
29796
13750
1631
15417
12823
7533
31500
12277
25049
27778
29947
1505
10543
32377
15726
3781
20490
3214
13694
16616
26347
19275
19807
25147
6220
1625
229
8917
10556
11927
32071
15263
27977
3689
21540
25937
12706
6227
24515
15261
25469
966
15519
24745
30135
11321
31779
29891
18874
26236
29874
13905
8100
16457
21226
24070
20902
24093
20522
2908
24233
27461
12881
21822
2104
20540
30921
21252
1946
9012
23237
12709
7742
1779
31430
10536
1373
27616
29540
26204
218
26462
8523
15561
6509
5464
20100
13542
16896
14365
8950
19085
27737
2671
32300
28587
20730
30678
7768
10044
28229
12091
14488
19575
740
17329
26233
23109
1896
20374
3258
18168
27440
19931
8018
18490
6285
7584
26291
4931
1059
25604
10833
27984
19347
16443
25694
8272
10071
1505
25304
10208
13293
29069
31174
10873
22071
2986
10943
4840
16162
11650
26027
24063
21126
23708
18126
28811
30029
28744
30210
2438
1752
13688
2883
9357
2462
1233
7281
24724
16150
32514
22610
16088
15064
25429
21207
19989
12543
13443
26272
5625
977
8141
20417
22233
21666
23112
25543
29092
7157
26745
2806
3093
3301
1057
24277
17708
18371
5210
4589
3550
8193
27619
1229
31244
31054
16825
11345
7602
3
6119
11556
19041
16574
1182
20612
16623
25420
4488
13893
11117
3277
9562
26649
29529
11538
11177
12814
18453
15178
28414
25688
27032
9694
22828
25169
2916
31129
3553
8894
25527
1036
4988
1364
15110
30001
32286
8571
4007
17486
20740
29265
8654
23580
2580
1010
31674
21033
2997
1527
18992
11643
22756
26428
6441
118
22405
24295
18632
23040
3318
1701
20110
20962
2282
27191
5841
13425
29301
12334
6762
4463
27491
16370
31919
12844
15822
2313
17825
15088
2032
20374
3174
31645
23093
8736
9721
13201
31636
23701
11296
19658
18464
23695
28830
21069
24026
19157
12458
9672
3018
7717
7329
14454
14158
15153
2040
19267
11185
21991
21876
31281
2047
30709
29597
5882
16152
20621
32112
5879
24068
12645
21332
6208
3206
23811
16463
16917
31732
2615
32634
1148
14405
16617
13746
31532
3948
29716
13201
30634
741
32019
5020
30386
30605
23580
2238
1240
6070
25098
28918
22127
7035
10079
76
5802
27473
29833
6153
12801
20703
32612
7719
8150
10768
8705
26887
28505
21094
28326
4962
7081
13969
17685
19586
27452
17984
19729
30898
24192
14391
31263
13811
29122
21665
31882
6384
13904
14760
17321
13876
1754
20036
30052
19355
23326
22352
32501
7686
32453
25315
8940
24403
12167
32221
10358
12429
26262
26560
4062
5215
20794
14530
28756
26063
15544
11808
25326
10025
31097
4276
7916
15672
31080
27082
11072
27324
11676
31280
18766
8217
26423
10124
31984
29517
16270
21490
21949
21540
19338
21430
23947
20655
7758
30079
20530
32242
24345
20637
147
22749
30318
19869
3801
13182
5747
7450
21503
628
8856
4310
9875
7847
14968
2825
23737
20278
27652
30712
12146
12209
20702
1482
25374
18057
6915
3735
22848
24516
21677
26819
28546
32757
22392
4490
20473
876
16067
26075
5801
15786
22873
23914
28748
11544
24145
31745
5711
5880
26930
27926
19486
8091
347
32163
16801
13012
12450
26674
32518
20654
27964
10039
15810
4698
23261
16803
21202
31595
10015
17846
3655
27462
1320
26133
13313
17107
3207
27932
29115
4729
32608
31349
30280
25674
15305
16106
3611
30330
23667
10871
26893
31254
19597
16548
27995
10738
21221
1810
15342
19940
22609
16979
18912
32303
27981
29950
13115
15170
21221
21763
11012
11683
2774
11069
11384
8742
13040
20806
20885
5730
12222
16783
29404
26981
27241
28080
29782
1191
9690
20220
25557
4413
12063
25945
19580
3407
27920
6223
25473
21964
4914
11870
29234
30812
31707
20117
8502
24983
28055
16480
2326
15220
20427
23970
11260
4100
4760
27395
15546
1120
19970
19084
22285
16352
23634
15473
3363
21389
29624
8749
28252
13785
821
30676
27470
9870
22200
30629
15115
3845
18056
7135
9638
12952
30177
29399
22515
17241
25826
31046
9359
12037
22951
28391
22048
14387
25778
22850
30430
12241
1167
10434
12627
25297
11447
13326
11870
4128
13238
32150
5246
31448
27785
30572
3149
27830
28490
14678
28235
15566
21775
23841
32221
11901
27407
30008
21910
15520
8454
20853
26804
9475
14043
1590
15854
18461
28032
27060
18285
12538
16155
31632
31768
22904
25187
27311
5652
32438
7500
11592
6795
6602
10982
24379
3757
20658
14466
23205
32245
29581
15896
16049
13742
23052
13797
22705
22965
13603
30552
9069
13952
10500
14639
20666
29791
17229
32478
4431
4098
8576
30000
3797
15420
23477
560
19517
4358
1931
3146
24662
11207
26468
15534
16031
9427
6610
16629
602
32305
23884
20487
28641
28577
15398
30268
8253
13277
13504
27841
2805
15136
12797
62
25124
26341
26614
19125
29902
13041
26864
17582
2932
28563
1676
29073
29414
28971
21310
11091
10585
22761
22528
20820
25017
23255
21064
24200
20801
9498
3639
10966
31560
19573
12563
23485
28510
25102
2039
18493
11671
5749
11977
21493
9511
3554
9069
1417
303
18878
6456
23622
14295
19301
8360
10505
3997
21547
30546
28252
3821
26269
5147
3043
2545
27913
17323
14583
17066
10560
26911
4752
20288
20890
14078
16488
14998
32571
29807
30045
4898
20885
8873
20247
23548
27438
5802
22764
5172
11171
23340
13824
18537
19182
28373
14001
25239
14820
12974
23858
11313
27649
7382
5493
13936
28264
888
9295
7402
28710
5114
4567
22118
8119
19063
4879
2031
459
32112
14022
3623
9546
20926
22972
12510
22677
10955
9736
13539
17423
27394
8631
16410
3548
6276
4278
17359
27368
14877
11762
24906
16683
118
32701
31908
16172
3980
19316
29145
3268
31840
27742
8221
31013
21233
4568
16244
18970
14439
10415
13437
4241
32145
29646
22158
9814
13713
6169
23558
14625
9430
8088
24799
1747
7243
14296
15235
12029
5326
12174
5089
15778
7908
30590
28863
21310
31403
10907
12114
3590
27664
24944
6412
6258
8001
21694
2997
249
12646
4967
26557
16155
12684
20362
14545
2469
11745
1776
19628
25137
8487
2727
11312
31212
21603
10732
10933
21404
2261
1103
32673
18145
32301
18193
7736
18618
10492
22993
16310
7500
11625
15975
21403
22239
29221
10257
19015
17962
24481
3533
28102
16336
8062
15365
15597
23338
28741
10609
31910
3655
24920
4922
29576
19249
2856
9307
939
626
6057
11341
5818
11991
12035
10467
4169
20084
7307
10099
14953
27880
16369
16694
24698
8931
7866
14065
3137
12005
10737
28629
6459
2888
3098
24484
4656
9600
4968
6166
3338
6818
3120
2427
30952
7459
8092
13985
4719
26594
2724
24568
29280
25193
16698
27124
27248
23152
20933
691
9300
30371
7377
19168
14107
18086
13573
1495
9920
5205
31573
5386
512
23120
19321
17059
4713
951
19613
8043
21172
22834
14938
30698
8020
16181
14821
9424
21839
10626
3974
14995
21325
26607
18508
23642
4334
12393
11264
13850
16481
2617
2903
25086
11827
32390
15979
15629
21348
12827
26476
28423
19904
19563
19859
10639
12908
20434
25688
25231
28352
18206
21221
3545
11092
27726
4042
6666
25950
11418
25842
13492
12859
11699
28630
6588
24907
14411
29168
29184
28674
11224
1395
1341
1084
24469
2617
17201
24785
5322
24317
26620
2154
24142
15050
16332
659
8522
15027
19897
30481
4927
30661
23022
4981
22859
14650
11018
28401
11432
5871
28358
24683
10357
8217
5591
31440
9401
23091
10006
9131
17061
11323
19934
30710
3609
2589
10165
29487
22634
29808
5423
3247
12387
8288
4624
16184
7049
23531
22705
11981
29859
593
21669
24774
4986
5317
10395
14883
8670
19305
19334
14369
16873
12921
252
5899
27016
10182
12508
23379
5942
19559
25140
28897
17419
16043
23906
21675
14070
12370
14713
31878
7495
11516
22758
28987
3184
9441
6483
20190
20748
4035
15051
8027
12064
15393
16927
17234
30625
7854
23177
23845
5943
13825
31376
29263
577
22158
20523
14071
8729
29397
14377
14276
10137
13273
17616
22004
26334
30164
6085
18856
8267
32041
4908
7810
23249
30618
9743
24178
13166
7611
14340
24269
17908
2214
30730
25504
4876
4081
4789
3395
1914
17373
5003
17457
2211
22480
30125
5910
10828
4358
10170
16170
29092
3459
1776
16062
18821
30540
5524
19988
3063
30678
28820
2676
17654
32703
18540
7036
4725
14012
24902
17080
17826
10195
24165
2419
10604
32202
23747
204
4674
25567
8441
18444
6942
24249
23648
19766
13251
12703
19830
31712
25667
9192
16259
20034
27075
15026
11644
29837
4226
15063
3111
1662
28440
1821
32640
29490
26364
11949
32604
9020
3657
16327
12108
245
26306
12979
28100
23315
1555
251
24188
21885
4954
15575
29719
23646
15845
15593
15619
19832
4413
12330
30624
19388
19044
11813
12708
28951
4700
5987
30398
21134
16872
23078
21113
2701
4759
28506
10596
15740
24829
9160
11632
19604
25668
397
29081
10993
32484
28106
24776
2280
3246
20126
7160
18842
21007
19793
920
30409
28819
2258
28721
9963
1192
19556
24137
2429
20645
7828
4487
3482
6410
15470
29464
22220
5641
21744
12112
29730
7750
6335
22165
3459
28380
29209
1401
31553
13472
30987
22566
31729
15017
30692
11519
31867
25104
5097
31364
9837
18164
28234
15478
10389
14017
20821
15420
28110
23474
15850
14470
13850
16789
27951
12336
17905
6095
6788
21609
8153
21663
10682
26132
31799
7591
32127
622
29541
6568
4637
8946
3588
3981
12389
21626
12180
30379
19685
27046
3906
23623
26466
11393
13056
16984
32386
21346
8411
23439
27592
15633
14985
18581
15301
14379
30530
14996
22157
22984
28626
7928
3177
10074
28907
14455
23243
6105
1983
18766
32135
12317
15566
13006
8255
16011
28925
11800
17439
31219
4329
549
11723
1977
4730
23305
28566
11571
28859
9848
25589
12371
6633
6537
11315
11142
970
17338
1894
22747
23103
21300
5537
6248
31773
28241
23403
13802
14905
18012
6512
12715
3266
18328
19575
4265
13012
2691
27028
30708
28745
27227
10911
5976
24019
25826
32484
10044
32584
10079
29724
32202
5180
27877
11165
32592
22229
4567
12237
28134
7387
172
15836
23634
3855
23536
22451
18472
27326
2443
12839
7990
405
838
21363
13342
27575
4235
30181
26181
8205
19820
727
236
26333
8936
14817
5533
23199
5225
22605
21961
27404
1680
21707
12207
5751
25397
870
12927
19808
16042
13751
32192
13383
25152
11097
16367
14270
24589
26269
2153
9922
5100
14718
28811
18251
13764
7895
24599
6434
24846
13267
28889
15091
13713
26021
13707
9635
30064
10106
26615
12771
17511
17580
16987
7174
27730
9017
2065
31247
19183
2675
367
22543
19684
16889
28397
28334
6660
7397
14213
10247
22222
17735
22112
26297
7990
23507
19374
17210
7849
16342
5334
13167
26955
4975
28623
20602
31363
20475
28109
11988
31929
32465
6433
31899
15966
27184
12890
23085
30765
23157
18609
8437
18609
13201
12708
3205
2312
1723
9184
31205
24294
27746
31076
12587
12253
14950
23780
27980
23003
27271
26219
5682
21748
17694
27461
24847
8801
9227
1308
19184
11465
25070
5217
8597
32192
18842
16878
3712
27790
6598
17385
22604
10801
28934
27115
20032
20133
13818
13409
4644
19298
20421
31539
13395
26407
17089
26532
22034
9974
1394
17786
17952
18527
8632
28510
19343
12546
30280
23173
4817
30544
11356
1424
28950
26769
13738
20145
29142
12331
26259
29968
25257
1057
158
18797
20831
31450
16676
20998
12365
28196
18509
26043
5349
3960
27707
624
17546
4480
19588
25267
930
2774
14822
5790
23276
30223
17974
9215
18195
29432
4250
29111
1668
11551
8696
608
31101
2965
28078
16947
18535
3571
19076
27688
17510
31387
30686
19038
13870
16960
823
21950
3864
15529
8650
30940
12405
8881
21138
31261
15650
27027
23669
20767
10589
25444
31933
27477
31958
18657
22983
9202
31497
4203
3583
29449
9676
13904
24332
6130
20004
23116
30023
17135
10077
22096
10098
527
4186
12929
11943
30035
1833
6788
22158
3600
31450
14329
32211
23956
28562
5701
31447
14092
10459
29589
14502
10406
20030
8992
8234
4082
15892
25772
8606
19854
665
21843
29252
23554
7490
23943
21083
19945
7249
16468
28492
30546
11942
12261
13860
18021
10712
2890
10822
3914
13956
10616
5218
20294
5861
21905
7585
11047
15269
24678
11042
11491
6899
27451
3498
1148
32214
20426
22935
20518
14273
18826
31510
12204
31847
17456
23190
10000
18384
29558
9597
5234
3245
6172
3865
15666
7401
5677
7641
13913
128
16516
22717
11317
11924
32142
26891
19780
23742
10578
1092
23636
22690
22702
12886
11751
8134
25059
17427
5340
10660
20052
3554
588
6141
6538
15028
23731
16753
24956
19258
21072
19021
27661
5462
10958
16292
9687
22479
23587
26785
32295
13896
26297
16923
17480
12659
15563
22634
27141
28546
14611
29561
20329
26846
26786
18717
31689
19740
11279
10661
26629
13357
29651
23219
15882
28628
7156
5194
12699
4445
10977
21543
22098
30605
30621
31573
5857
30933
31520
27132
12702
32202
20731
3450
24127
8154
11066
5300
225
8247
15758
16046
3664
19224
25516
30554
1410
6945
1776
13998
8804
12575
1862
22009
11738
29689
11082
20343
3840
27876
23470
7203
439
13269
11740
9164
5725
60
477
29547
24283
12783
14202
11700
27877
26212
16033
27115
1405
28196
1802
29945
11705
13948
4889
10431
29895
31606
12807
19882
7982
22024
9533
14984
5974
31370
13568
9882
18251
15213
30803
25066
16318
9259
21529
26590
20557
16506
30075
14
29956
25541
19337
24915
15651
1244
17444
2848
3873
491
20507
18710
28146
24745
29332
5330
9094
24273
24494
18954
29842
26326
28260
24792
16786
15571
25013
8789
14607
30656
19713
2922
32541
6892
6071
20963
28201
25511
25645
16325
21745
7999
24015
22754
21972
7471
12924
32426
19276
4498
15149
1604
21945
31710
6104
29918
30304
26062
17044
22081
23475
3744
24061
25000
17107
22145
17114
24786
4691
32326
4349
3414
4671
3932
18283
22583
25948
2
10173
20408
10162
26549
26822
6001
22088
22508
31862
9891
25647
11526
27902
16585
8385
27521
5429
23663
21291
32108
14395
27719
12073
25631
15452
15994
1809
12841
3383
26172
24339
24970
26911
25507
17855
23075
7617
32185
5575
15466
30727
720
1287
17506
27453
25365
9410
22731
13171
22888
14127
6805
30498
5739
32308
2203
11282
8665
26481
2958
17274
26138
14720
32303
24938
6676
9851
1474
9062
32067
26559
20159
14931
6668
18160
458
23448
590
14398
1253
19837
14907
27110
23781
4822
17766
27899
17186
31206
2588
23398
17267
4734
32504
7980
30298
20325
22194
16111
11131
22268
7736
21432
6227
18210
256
3059
24358
28758
10140
24507
569
19483
25743
23128
5954
12961
9055
7430
20253
5025
19947
32504
9664
13961
7167
28317
20081
17881
294
30754
12343
10701
11455
5432
1678
30268
20563
10775
31326
28608
8230
21443
18222
27671
16908
27534
16533
4553
7806
25566
19442
15115
18413
25136
8797
32740
27734
14941
28382
11150
1303
12060
7388
8479
14593
7113
27352
29545
9390
27493
5467
13342
32021
221
11820
15928
16475
29839
29639
32663
26861
19210
15627
1516
22219
2325
19763
21207
25383
18676
9223
15180
21038
13542
7763
22075
5926
2802
31385
15984
7865
3555
5635
11192
5008
1938
30107
10053
20772
16483
28606
24403
30929
4114
2510
24076
23853
27568
24104
10153
14231
5352
7766
987
23571
20103
1413
30313
24405
14908
20281
11034
25371
17307
1599
22741
31936
15464
16356
24583
27150
3603
5988
10309
2133
9343
32165
307
16825
30215
12581
2724
25808
19651
29233
26626
6765
13575
18265
17137
28086
13613
26144
24879
6781
12949
5112
20926
5581
10217
4973
30022
1218
4262
29088
26037
5534
11736
18423
296
28442
2085
17939
7182
10746
21260
6146
7818
2276
5487
31926
4378
25202
15183
8374
23671
29062
29912
4372
16572
32734
1693
23199
18377
7912
28452
10585
14058
25303
1445
31788
17332
21494
30223
16600
4144
2620
15948
27696
12860
10017
4294
25222
18989
8625
16426
17508
27833
6367
6252
29565
25621
8219
18699
25570
3162
14887
17558
3449
20269
30246
14703
4524
671
25334
1999
26974
12114
19647
22794
12067
478
30924
15380
22960
27506
21402
27460
31376
13759
17711
8025
21785
3601
8109
5051
24991
19391
23591
8195
4327
30150
6579
2748
25566
19377
4801
31083
11147
21948
31915
8654
1347
16440
1421
8290
26396
1585
25686
6183
20644
12111
12063
32679
29650
9466
27580
16181
27196
25281
3729
1139
19083
1533
23463
28439
12844
177
24064
31470
5961
29621
26919
19233
30456
29716
22794
15031
13234
16306
1036
22107
14342
9522
4951
9055
12686
8982
13679
22530
30755
552
24333
26862
30029
28441
3626
4101
8189
22377
17242
12381
24703
3462
9563
15241
28842
30776
750
31771
3162
20796
9957
26982
1568
14128
12926
26761
5175
5807
29167
7849
27066
11964
24386
14461
28693
13412
18275
19216
13498
22943
17784
12738
24341
15224
2160
3472
17089
31597
5855
18838
25084
2073
1289
18642
29784
22800
20796
8491
17844
8715
23140
1970
363
16709
9433
21031
15819
27940
24955
12735
23497
25884
27393
2852
3826
10705
11662
4030
8613
123
11397
31793
18816
17807
6815
8231
8216
21148
14395
4943
5101
31602
27637
15270
26013
26250
18809
2293
1367
17570
31386
2458
25747
11176
16030
15500
4096
6361
29660
17562
9662
24106
24458
24819
31694
32487
10192
20203
2759
16282
13344
30972
28874
27950
26570
5899
8375
8020
27339
9197
4513
31270
29926
19498
640
13066
20215
14849
9766
23770
32387
25260
19317
16194
20371
14565
21966
15721
12483
26792
6604
4051
5526
59
29235
21894
21260
10860
8483
16491
10871
24090
20882
24824
30346
9974
19705
21772
11955
27531
14668
24090
13483
21628
29488
8842
8267
14605
22633
7772
32161
13541
5777
1807
12611
19219
21008
9921
30435
14926
14664
29335
11812
26241
22544
24671
27052
31623
16228
16244
29818
11570
21850
6370
16762
14483
24920
23243
31063
2677
10373
21258
6801
12075
11901
15637
24527
28556
28233
26408
24694
16187
8078
12960
8058
24620
23556
29605
31861
24419
14634
29707
15094
20223
10809
7546
5147
24952
15958
3789
1634
18981
3851
8377
22460
1793
29432
7599
32227
30638
18630
12547
24814
26042
28253
20813
11299
25122
14423
10768
8460
7188
32180
18585
8397
5369
3023
4138
24500
21939
5776
14680
30482
2339
30948
24754
18761
8175
22890
26787
27687
24962
1904
12954
3442
3668
9245
29543
1476
30571
27631
9961
3481
12066
13417
26342
18599
14121
29189
10554
7022
20429
23152
10548
32527
19577
30454
61
18273
4477
15163
12730
3906
7951
29741
11828
16171
19855
9014
4534
25096
7952
6582
8567
15430
18963
26800
19641
22829
24981
30916
13553
624
15949
24157
296
22018
3375
15915
161
28204
10036
21972
24764
20445
5725
31974
31258
4929
27638
12817
30978
31380
19480
2195
25860
27449
21105
2547
19420
32006
13383
24562
5017
5091
17339
23231
14334
14227
14411
10090
30504
7633
24731
19099
12657
6815
8565
13188
149
27355
26126
31508
18963
3347
25995
9069
20694
7322
25027
27545
2581
25307
17223
2936
14712
4846
13984
27645
6268
25449
11991
12186
3352
31353
28987
7929
13217
24625
3678
19949
16363
27425
27745
3240
31153
23339
18033
31022
22582
5778
17810
17674
301
15700
5787
831
11990
1722
8578
4737
16747
7469
17882
30629
32698
27723
16538
15447
19219
5434
7968
9739
19044
32060
25462
22838
20643
10884
15827
15549
620
25417
32613
12717
32492
17176
10829
29486
4093
14958
17132
12978
9618
11398
18013
17522
8278
8048
27202
28699
12176
12899
2500
14788
17994
20052
25557
14116
27570
17607
3768
17666
27328
20710
17604
12524
9497
11984
28261
11052
3380
15667
3427
5368
3003
23837
28007
32489
21556
1039
15803
27567
27872
13396
30801
11010
28131
20368
14855
24795
15270
30620
28713
3301
16506
29073
32567
9774
27006
16163
18153
7971
27330
25137
10097
26043
3756
32409
27648
13298
5275
20049
16011
17529
25291
7092
2255
16300
3961
13849
26259
29892
1351
5290
3373
13134
18145
7028
19527
22748
5601
14010
3043
26362
240
16527
27549
13667
7470
25764
26416
5237
28373
30302
9276
29667
17689
27947
19783
25002
3410
31511
7681
30022
24924
29082
1228
31525
21822
26804
32123
29788
18443
23612
2394
16025
15366
13174
26735
30808
31241
26339
30720
30042
1064
14429
23126
22355
7057
12643
19392
7908
23990
23473
18650
18632
15535
26643
27150
19282
22233
14204
6236
2071
29124
31314
32599
1512
7244
23053
24688
1795
15365
24832
11127
20361
2525
5238
95
12339
16892
29953
32322
10561
2799
22799
932
14772
22534
21950
17404
11965
19194
10738
22129
1909
22739
24484
8673
16590
13833
6013
18983
7626
19946
12963
670
16363
18747
20179
27105
9194
26658
18608
21205
22188
13124
14426
7914
30321
18474
7235
3485
21583
17641
9790
9538
18911
5890
24281
6400
5942
12679
4845
20509
23830
28287
16243
29307
1894
8076
28569
7779
15328
4555
16662
11138
8458
2300
698
7985
4455
30179
8521
13818
3822
27629
22153
9815
2747
6679
20122
188
21765
19212
14214
20696
18768
12429
28441
25625
2787
32278
17139
22894
25981
5823
30427
24144
9796
21088
1366
15619
254
7672
20088
8217
21891
31568
10491
12089
26994
9179
2446
26910
27172
21217
13423
24290
19166
31452
11580
13437
21323
27171
22791
2697
29225
8901
1704
13640
10306
27064
20823
25831
8094
20787
4474
8964
17143
16984
20411
18799
26989
18966
28254
22061
27259
11598
31953
16579
11818
2100
27013
13489
3460
31993
1533
21820
5964
13735
4389
28272
3308
15692
15332
14182
11183
29786
23540
2499
5680
9294
16626
12929
29203
30352
24497
16370
3570
21146
18388
28929
9114
26461
6044
10684
2680
25568
25086
4367
28238
9003
15097
15314
24106
20323
24102
2311
18329
16438
9105
4956
12824
6266
14023
23544
20171
26384
17456
4723
12402
20239
4255
7718
16280
31518
12072
19622
16141
24610
18738
18827
29847
4890
11468
17270
18917
13894
5445
25170
31172
16783
25078
29401
7574
10787
12131
27482
12031
11616
1667
11706
20961
17139
5723
10938
31371
31297
11218
19063
17453
18182
23488
15927
2959
315
4936
8034
8707
7230
616
32719
11417
22829
5326
20289
913
30866
27885
14898
9750
12102
5457
26063
5673
25231
23599
11587
12507
28556
3393
17464
22207
467
32208
25243
30879
15704
7955
23968
23662
16273
2743
20999
11902
15319
15807
17309
13043
14096
30094
22021
11128
9867
25410
696
17712
30251
10564
28747
8943
14792
22301
20209
22443
3538
22412
24128
25901
27447
1237
56
4876
29319
22363
32129
12764
29271
25201
24308
7843
11491
4974
93
6796
8439
26367
16511
19168
23055
2242
29273
30001
3005
4368
29608
19417
31819
21786
3245
24227
673
32055
32048
967
7018
21884
23237
19740
22899
3214
9294
23945
13651
21684
11969
12988
81
6960
20268
14111
32386
18896
26102
12296
27698
18112
12135
23601
29317
9890
32106
22119
20318
17632
16018
4230
13440
13889
30300
31396
8692
18875
2740
10893
16298
2953
2746
6000
31331
32381
21189
15831
26573
32662
12712
16348
13808
2005
29493
21914
10698
16461
29696
8675
28982
7290
8806
16177
19475
28371
4301
6366
20641
11170
32044
25751
20270
19988
29135
20494
6387
5004
25428
14063
11833
317
28666
29974
6080
26616
9243
10495
28512
23106
26614
31357
23537
18602
31410
14767
1129
14426
7840
27184
15940
18411
23233
3727
31529
30334
30088
18431
14794
24840
3296
7759
32268
27117
28529
1052
5224
32465
6943
27461
9360
28842
1236
32159
22358
4634
3456
19946
5066
4093
18526
5380
6051
14398
30328
20317
28385
8942
23405
20139
3760
29079
20338
5087
6030
6349
12951
1367
688
26631
9548
21845
16034
17325
10787
11440
32559
17778
5335
28105
17536
14052
27278
9153
23944
6721
5979
29161
27039
13709
7431
6010
7532
21473
7953
23431
20233
12550
28659
29999
3426
17219
935
17431
18142
22386
27498
27928
17218
13145
16064
12084
29906
12856
5560
1231
25785
3999
30833
25883
16042
21634
26589
14805
16328
6799
25541
23855
3267
6591
4621
13325
13124
13356
27450
14451
23180
29730
4145
2110
26456
12408
11585
19475
5895
19233
3684
2710
22014
15870
18626
15324
21836
27126
7543
12578
9098
23625
31126
9407
19717
32289
14190
1623
18208
25195
1292
22354
10995
9700
5121
11148
824
5495
30309
8782
12648
3782
19739
27518
11809
20231
11095
11538
10443
9233
21342
23754
19067
13238
12429
25119
8215
19796
12957
5239
28604
31143
28197
27034
32092
15585
9824
26729
684
16125
9265
13262
24125
20048
32356
16879
15848
28769
14135
5031
18544
29946
21273
54
2659
16255
19633
26935
10817
14975
2594
27347
10208
10633
14222
23605
11023
19777
10969
13373
9594
3506
13487
9849
19406
7910
712
3153
10781
21428
30570
28289
22403
4826
6704
17101
3338
8780
1547
12783
9163
15563
30854
31189
15958
9656
26190
16393
8532
12075
14577
26737
32619
26176
6630
17464
15458
22961
28366
11532
27526
11946
27385
24714
3404
30680
23084
12278
20535
708
2209
22576
22780
3935
27728
5603
21989
9693
29549
18944
24947
32455
7218
17003
30791
12620
14814
31476
1602
7129
2814
27272
20204
15081
1259
12456
13586
25117
30868
14107
9652
2959
29821
7136
10782
12644
2056
30567
25940
26016
19444
21249
179
7230
21539
25492
19414
23425
28320
23699
5047
18053
21472
28461
29974
13849
11336
18885
11807
21457
3824
11171
13127
27478
23975
24809
2935
26113
8759
15048
14188
9384
20714
22515
10334
11192
5196
20820
2527
21892
1587
7935
25351
32477
31229
18788
21198
25059
15385
15048
27577
4890
27337
17654
29369
21697
19493
12081
1360
13407
17764
24686
27381
9886
22359
31168
5562
5468
17462
29972
5676
5120
17055
7198
1658
11786
25052
27539
12506
1007
869
13977
29993
10787
3493
7804
12753
32375
15361
12962
13296
26533
12311
19649
29367
13097
10307
32079
6672
1363
32616
7226
10371
3995
23021
20954
9306
308
9221
11300
11267
26084
17716
5152
26039
26386
11535
14237
4697
8993
7491
15139
18337
3836
21720
18473
5497
5618
183
19336
6823
27589
5482
30768
19629
17661
30244
25113
30445
27010
3329
17789
13585
21866
14478
20037
27818
23568
12940
29633
2583
358
21489
15515
1193
32140
23088
32526
28165
7841
4538
29011
4297
31961
2501
7772
25202
13519
13644
4805
19581
7197
7511
22024
4300
9259
2172
1008
19788
24388
15270
6736
25301
23535
14357
20212
17233
19068
6822
472
27425
8413
85
8088
2492
12471
5120
2088
7577
25529
10606
19909
1872
4653
2447
24619
22524
10188
21509
30729
24291
2775
6628
22194
14937
31075
5558
11797
28641
20725
9411
17647
20374
29774
25999
11071
9929
17288
8099
4859
1516
23138
22672
8449
7598
2265
14898
19024
30568
14840
11826
4472
3256
15600
21198
14415
619
9323
11485
14822
2721
12318
15117
8379
12843
29853
20080
3376
7480
13684
19511
60
30513
9587
15549
15969
6625
329
19399
24286
12249
14421
7690
23333
22035
6072
8173
12943
213
11183
12689
30287
10200
19232
21518
20901
32170
370
15360
25172
13905
19106
27971
30037
8497
21907
17402
31693
6704
16550
3798
19517
5655
1163
7829
1016
20027
343
28360
7387
20318
25046
19418
2872
28624
18722
6734
30739
28889
32372
9032
27537
20316
2875
2639
31661
1972
32619
20561
21293
20706
20504
2023
9428
4842
1091
7899
24282
7290
9204
24808
12953
23501
7561
6080
17545
7887
5453
27732
6254
7810
21324
27983
3536
22944
17254
24291
172
642
15267
14281
25193
1088
31942
28547
24333
25370
8485
485
25265
31766
28087
19411
4915
26603
14703
9548
4650
1310
24264
23720
6943
28011
27554
30493
20986
23142
844
23176
21946
15714
9954
17514
27497
3730
22489
12849
21839
5998
18648
7866
10855
15448
4297
14611
16911
2432
5169
30853
2051
1797
6332
12754
19596
6237
14109
4539
25845
27382
7956
8389
12351
14365
25040
13373
21526
24096
13944
28794
17923
5295
27909
16482
29922
16520
850
26160
9879
10836
4214
2420
24061
7371
31313
26202
23839
11807
10597
560
6059
14488
12007
2339
10659
18043
4374
14665
9814
30001
12748
32485
21391
5029
851
9702
9484
32750
32633
17584
3121
2094
5351
17439
28670
21178
32430
10441
24895
4475
14883
388
24322
1172
3821
7977
16206
4164
23900
31127
4114
27150
9981
26106
1116
8472
1387
589
16843
1490
871
31261
8775
13527
3115
2192
15855
18712
25852
23463
20819
31031
25855
15552
21476
9265
24397
8799
21161
4416
29513
3885
25395
26368
14130
25153
17106
7632
28916
31903
30217
29051
20804
24574
31808
5656
25835
10959
27577
13358
12386
5498
2501
28700
10656
21739
13112
184
1072
1613
10522
6455
902
2069
5535
10829
18323
25667
23897
16020
18327
12260
4269
30258
28471
988
4484
26039
4559
29410
16706
23620
10249
8396
19196
21746
2991
24333
24038
6001
9661
29308
27658
19440
17083
26199
16704
1597
329
4231
1626
3118
3836
11045
1183
23359
10088
10046
15739
12668
2430
7379
10868
7586
22297
31780
14688
23169
4819
25647
22741
31140
12317
17011
10466
8500
27023
8185
9212
24858
20860
16277
21563
25444
20682
29034
26823
31722
2048
16300
16269
23345
18081
22698
14134
26767
3257
23051
23897
1936
19125
24919
19695
19609
21367
1466
20744
25803
13482
7941
8125
13610
26963
32246
16742
29951
6825
31161
30733
18299
25383
30382
15138
6300
18399
19053
7023
16725
23569
8456
9039
14057
17148
18320
1819
18840
1012
32730
14822
13949
25781
16770
14954
4279
15863
3121
11329
17863
32323
12060
4441
16697
20228
10701
14242
29575
4065
2598
12041
16442
7242
27555
23466
5970
3921
31711
30785
15848
31164
10330
7394
2578
15960
22905
7659
5639
2192
24270
22326
11907
4413
28826
14227
109
9664
27280
8309
18872
9551
9180
28139
4487
26764
2148
15058
11156
18268
22350
13642
2770
12534
10946
5990
10065
2618
11505
6184
31586
17989
7766
26796
23549
27970
4411
4515
12383
1410
32384
17667
19703
4816
6040
30717
30083
8190
31188
22832
19063
1732
9956
30492
9630
27083
26267
10969
10755
5380
30194
6920
2834
14398
10064
27403
20219
12280
22536
27249
4183
20595
24355
22708
782
26380
22881
4391
16504
26057
30330
13098
7874
27954
11177
6816
6036
10338
28523
15523
496
12125
25221
15478
9054
25508
2628
19642
23622
31495
8
12517
29597
11451
14852
29425
17859
13484
20799
8529
23212
8468
26846
10537
10047
7757
6822
8382
32251
13540
3261
5676
29408
11758
5296
13911
13965
4511
3002
24611
11430
29720
14404
30696
16760
1153
28840
3872
17120
4696
23354
13411
16488
32008
28553
32662
14004
16830
7394
11871
2589
7032
14870
25819
5275
26975
8829
26260
19176
20310
9275
23469
15586
17619
9154
30304
30002
1517
6297
3243
31787
6839
18267
31301
500
26829
23810
24279
29674
812
20325
3177
320
11335
9984
14874
21224
15959
5620
20245
31415
28146
78
22976
24004
6879
22924
1847
7697
9001
31582
12024
18285
27762
22953
18144
17304
6026
14289
21334
22953
4672
17208
10182
15533
31608
14082
2897
28049
3454
27932
5570
29762
666
124
22724
13330
10213
25770
10579
24414
4698
5759
7537
20077
10800
18988
4634
15772
104
14975
19833
14008
8866
32098
4444
10668
24884
421
12774
30812
15229
6653
1155
31184
26231
14668
15137
14485
8588
17442
32670
28768
19883
7044
25468
3829
31386
17645
30684
15431
24206
21395
8618
11745
27641
30443
32277
18820
31139
21103
27458
23314
12540
671
2369
25002
14001
29510
18240
14357
16765
27390
20734
7265
4930
28662
28803
23243
2136
27123
14351
8163
12580
9621
2128
13802
10733
7388
18135
12671
9452
10474
22733
20859
23202
267
13794
5657
21615
10994
10119
21338
17759
16454
2141
17063
25927
11613
6125
22456
529
19783
13977
23734
15188
1806
7634
6556
7208
20540
26764
2787
1848
14494
32751
27486
10520
25416
16464
5475
25817
4313
27231
32555
28379
7936
13474
22139
2531
8511
4386
32644
6765
30447
31588
31497
1092
645
25242
30655
1615
26131
1051
4857
2222
26898
18961
3204
4358
27486
625
29136
20760
2434
561
1105
921
22070
2229
24357
2877
19750
30602
8183
2070
25333
12886
5923
22300
22146
15119
17179
12301
10090
24172
6921
21879
21966
1177
27830
2834
20310
31279
20906
18004
11637
17763
32661
19776
10479
23422
30701
14207
26265
19085
23257
1457
352
11097
24910
17157
30093
28569
17015
25863
20808
24679
2139
23994
20058
24817
6074
5095
14647
18801
28471
13748
18747
28255
25021
6520
20020
10212
20507
8398
22305
28051
9713
20969
13881
23124
7632
6951
1583
11424
4253
29928
5301
5876
21558
21920
22079
29823
27992
11307
18185
13854
6337
21601
23899
7051
28561
14827
28940
3282
10998
7509
15429
10244
19208
12131
22919
22318
9458
30377
25327
652
7251
13142
5817
13051
3044
13649
9476
14509
8538
22663
2772
10784
12430
7043
7773
20305
16859
1087
12415
19757
24519
18233
26509
9544
26598
25802
14162
24017
25340
12467
6742
26054
10338
30713
28765
2404
20651
14580
9777
2786
15238
8610
2721
13150
11494
18497
29898
28696
17761
21020
8085
20446
22998
31909
24193
29895
28243
15556
4003
20004
22582
26735
28395
11956
19346
7803
11944
4887
22484
24753
31054
11397
6054
5157
16503
960
6163
23491
32041
18503
15084
299
17751
8141
6251
24511
23210
2537
9239
1529
5761
11279
6375
259
22326
6591
28842
1665
21155
27900
27302
28849
29156
17152
25984
16567
6751
28974
4188
6962
2050
1608
14148
29459
7372
27618
11982
22191
18831
15383
8953
4883
29684
8058
19801
8599
32191
18255
22132
5046
20820
22524
26219
28956
6010
22458
10461
15361
31328
30096
18440
4022
6622
15490
9009
3453
5372
1798
17478
2974
19640
18103
22723
15031
17412
29773
12754
13652
16655
15309
4022
11711
5061
14589
15465
11802
9625
22555
14724
7850
13954
11982
1376
1654
27459
24925
15227
14865
4336
26655
5149
27828
14766
18739
1851
22415
5818
6768
5787
27489
13229
24479
825
16455
30462
6376
29162
14289
3016
5515
17215
1371
6349
24273
8876
4251
26812
20289
4329
26230
26543
10774
28057
11288
6648
18161
17450
18499
28701
9676
24572
14055
7201
32559
27589
15092
19461
9382
8244
25196
28047
17778
17876
4284
24394
27519
3636
844
13006
17558
2117
1109
25665
3028
13315
16371
11038
10075
31063
28539
18485
20039
1596
20238
29940
19172
22562
4462
22500
11550
29839
17937
8822
312
5388
25972
15360
24257
19007
30642
7683
25540
23125
2389
17839
28736
24227
25196
24233
13783
25740
13278
2827
28618
5541
12029
27821
22309
11031
15198
21411
10039
12357
16105
13830
17989
22703
11308
21752
26240
27926
19188
13026
13107
5090
28447
16128
24129
30912
4524
23072
8655
6031
20
6310
2622
11901
5597
26068
7260
7021
13420
27720
11227
10397
27931
26566
30210
3205
4491
17464
21666
8450
7740
11763
7500
5555
13146
30524
193
8611
4058
30475
32426
30761
17094
17679
16777
1293
1749
30449
30448
13292
31807
17117
30705
18142
13519
11071
21973
85
17978
6090
7952
9289
22191
32703
28789
5266
22447
2412
9895
3221
25375
17139
17360
16418
28316
22604
23957
24989
18702
27277
10057
21340
5760
27753
27744
2129
15919
10231
3879
22505
32480
20917
24499
18739
7543
19661
24343
6469
25030
1175
17115
220
21923
32606
19625
32066
31293
3687
19016
8309
26544
16175
20943
11397
2774
29173
3602
32318
30048
14712
12129
2823
29734
26626
21618
30218
24508
28069
32667
149
23366
27589
27716
22976
30093
8663
22685
4433
24658
5991
6028
12764
12770
10080
32490
17967
25834
20616
1518
19949
2701
28490
10217
25976
25268
17592
24372
9492
20133
28368
19559
31562
20952
13822
24012
1675
5381
21475
2836
12822
8066
5973
31048
6684
15052
2471
6914
31521
13412
31018
8412
12453
29148
3315
20009
1796
2865
17887
1507
25755
24411
4309
9189
3628
22307
20043
30298
2691
18997
29452
27510
26970
14966
9784
18276
29051
22935
140
30335
31268
3307
20707
20420
29615
25461
2557
23431
25458
12870
15744
29286
22245
19206
18492
18556
4610
208
5043
14551
31986
28483
4313
25899
5349
14293
20504
32199
25666
10603
23191
17865
17920
1575
12476
10126
30803
23425
4592
28013
17036
8346
29090
29349
12858
3788
15758
24723
13206
26758
22847
19497
2334
8791
29394
18331
26239
8776
5374
15451
12984
2415
6737
8520
13693
15297
26044
24867
13273
6696
1106
1346
16408
8918
7245
30856
16612
27608
19794
30356
29614
11246
26102
31545
28240
17818
4736
17966
25584
2167
26864
18183
12583
7372
30273
1380
29538
19809
12524
22889
12169
9105
29869
2158
19423
2465
27529
6647
24874
26448
2064
30950
10003
27823
29920
13551
32719
32563
7530
30797
26367
32009
13305
1459
18389
19113
22768
21126
32377
24238
18258
4425
2219
16357
10888
16473
10665
10660
351
4314
1363
19037
12881
14833
30349
20594
13573
3123
9445
14667
29977
22878
7542
5799
21022
1095
29451
15919
24804
19732
10632
5969
20984
11691
28806
31563
8556
23147
28990
23430
29654
15129
13224
8742
17563
28701
24292
223
18798
14318
22744
8714
12051
18635
2331
28664
4969
29356
17169
26246
24743
7544
7000
8945
28134
30584
11363
9708
2272
26636
3685
31728
19703
6812
1649
16340
27513
13778
12511
11165
18722
4870
10993
11159
5346
2554
32695
10149
15329
9416
23599
30421
24257
20504
20145
12599
11299
23446
5514
21488
17516
24228
16616
27530
2761
21835
11254
14478
1904
2424
4423
597
16169
7269
15992
3099
9229
17493
11025
24661
910
4740
30381
26180
5560
21854
4699
30155
4535
27375
6467
23934
27544
6043
7309
3835
8020
13583
26238
25981
11530
19831
30948
15022
10892
30449
19125
15805
3613
834
2291
16561
5753
22473
24274
28669
29718
433
2333
10324
6058
23146
14550
24254
18925
20569
2333
20204
28832
10190
3154
25544
9422
18487
13438
3665
32338
27028
6895
32422
14489
13867
27427
29536
5289
13437
29928
4901
7266
3448
10688
1147
11012
750
2442
14297
24306
10822
16991
6148
22710
16242
1979
5273
27460
9249
25821
15077
8579
24373
3696
20733
15625
12407
30570
9995
4646
3209
11573
4839
25893
5405
16141
18919
11470
24933
13481
3319
24112
10954
22557
23276
9629
12769
22271
7445
12533
28571
32456
531
28456
26300
6270
31467
26870
10638
10128
3674
5881
26582
4098
30313
22758
6407
26569
15424
29200
5814
30585
17983
12077
15182
11805
3147
6493
22789
3174
26214
23144
7438
19209
10627
13895
13072
16482
1688
15847
15576
18781
24564
7977
29259
14742
2259
13869
32158
5823
9008
17360
26569
9027
4058
28019
10552
31784
9418
27135
12996
20026
7604
37
739
26214
31452
14827
6939
8548
16939
29028
27069
32409
22146
6846
31695
23099
22862
28547
2890
4790
19037
24344
15750
7502
23024
26762
9714
19974
8465
16777
24840
22209
13350
28341
23424
16808
17351
12569
6596
27339
16333
27893
5029
15627
12459
28097
30796
13879
15106
11118
28275
30325
367
29935
9429
24292
22696
9208
18146
895
455
15878
10680
29765
24293
9887
17743
8599
21995
18139
19955
24545
21925
20003
504
20092
12568
28729
32681
9683
17686
17528
14209
12485
7183
10846
20126
30027
1066
22343
1394
20571
19348
29051
30396
2316
5912
23659
17078
7930
1777
6712
31376
22508
7644
26229
24606
20660
7793
28206
19918
5463
21170
18729
23260
1134
29157
6251
4041
460
6303
28158
16137
15457
1826
25074
22012
2910
6632
30882
14879
9882
12416
15929
1668
15925
30361
15220
15743
13691
17245
10153
17059
1291
768
31752
12524
2104
24216
19489
24894
14767
5679
1958
13582
9050
16662
2418
31071
1413
26749
6091
30193
31040
12353
14820
31925
4612
517
1702
3459
17049
28292
20656
25103
2358
14629
21405
30234
9963
16849
18053
24549
26172
16641
30662
3307
13583
2587
22020
14031
5576
18430
2670
9364
11186
26587
2115
3084
26273
9800
13717
10131
4565
29327
4430
21501
18978
7244
31344
19148
8014
32567
31905
19622
25787
8510
17894
20487
30021
30423
10671
2100
28270
16788
21780
22640
9913
15607
6238
1905
25427
3465
27081
18197
4344
9766
1416
25682
1045
6043
20234
13163
1066
32371
22396
3178
9843
781
11663
27594
15303
8178
23163
2932
21952
8806
12356
2029
10012
6461
19771
26061
17251
9712
30921
2931
458
25584
15720
759
1880
23098
25586
6240
15431
11052
13342
10263
12461
30359
7751
12700
13404
8725
12912
632
9734
31645
2182
3443
15781
27220
32228
16902
22041
8614
27677
30739
31251
2710
15605
17364
14387
22354
32688
17938
621
29963
25488
19607
7345
20483
15257
22245
24267
7656
28567
21288
19848
8800
32354
10090
20250
8677
30049
23302
32445
30419
333
29791
25499
31935
31799
24273
3821
17931
7373
27880
25956
20407
10969
19152
6087
10106
23818
29965
3805
14354
17399
1900
20109
12248
26209
30778
5188
13719
29368
5043
13463
24478
10721
19389
31786
8468
26423
12247
6096
8588
27088
8524
18419
13017
17153
6060
25399
22820
3620
2428
27738
6460
21912
19757
16223
300
18698
1611
6635
7955
10483
29431
751
23088
2914
11671
21895
25149
24060
14028
29474
10494
18753
23461
24804
6681
22801
19474
21576
1320
3694
30107
29450
28173
16003
30289
19012
14213
25317
15365
16599
23553
16154
9145
2316
10417
32600
11604
21883
12001
13454
6042
21804
24456
20905
30810
15101
1310
3600
9449
21571
4015
20848
32464
29364
26414
3263
30914
11653
14347
9339
26577
15823
28167
20531
29921
31287
20808
4937
16988
13774
31144
13046
6695
1590
3155
19854
14293
13575
30609
30470
795
24688
8416
32435
20100
3874
14662
16980
28262
15209
11237
12883
15381
6556
23248
27464
22870
7608
7709
2239
18455
1096
14652
5435
10845
25224
14983
15227
15997
457
31001
7419
27535
2583
9444
29118
29216
16410
7422
21835
5415
23098
60
25846
20282
12550
11266
4960
26626
20183
7513
21825
32237
8880
26690
2917
22562
23145
14667
19957
5306
10253
5471
31992
1837
30336
19426
14873
23306
20837
20222
12203
20204
1086
26167
18666
7081
13525
28486
16260
23500
31964
8484
8792
1862
18128
1381
14717
22368
29219
7111
27526
9972
665
23563
2052
8925
24307
2563
6989
24236
25291
4077
12156
8604
18367
21247
7865
32713
10705
13891
23227
5020
11022
16293
19850
27530
31342
4939
14218
32766
16892
14628
11957
17811
16438
24772
9000
12167
4279
5999
3297
13933
26643
9331
9927
14113
18179
32699
23274
15873
26818
5794
17421
4698
28854
21253
26722
5665
6995
6300
4500
19940
30269
11402
26122
9471
25516
15154
10091
16915
27925
28749
14941
32692
10503
21817
23443
23906
14419
27028
9734
31931
7791
10762
20098
32494
31004
31083
14437
22131
23367
8193
18340
24826
20269
21792
5134
23969
17347
1790
25045
4969
26965
21701
842
15339
16749
28391
2024
1607
26102
20914
23700
18014
19361
3620
16675
9281
904
5376
14109
24552
16402
14369
19904
32040
8470
22031
28488
27615
2883
25552
4974
114
3775
18689
31535
20601
8462
16933
22990
18360
11830
15676
3868
2386
17696
25752
22263
28985
25410
19436
4625
18921
9083
29606
3059
2646
21566
5758
25153
12322
14579
30031
28991
2580
31386
5414
27028
1734
2994
9113
29518
23453
857
30043
551
6142
13236
21261
16134
30911
32657
2134
10953
4060
13131
26933
24130
5228
25838
16790
2943
28371
8092
25380
9295
21816
24112
17759
18945
3130
6432
27630
27247
8158
27560
1846
11836
10444
5157
811
7257
29116
21439
30822
5838
4395
29002
13177
5303
19282
25454
18047
15756
20568
26118
22775
18854
10951
32455
10706
19455
29245
13602
30666
18746
5732
363
17398
16355
22051
14138
8859
1527
14102
28434
3654
8103
4412
13120
28951
29529
752
29702
22624
32496
24859
1785
1647
29261
30631
13736
22183
21269
11831
8062
10198
3509
25877
29418
16578
6052
7787
16828
25349
1768
18359
29907
27
17116
14201
8949
17594
12848
13102
20222
28257
2609
4482
20797
7988
9035
19650
28699
9223
30412
6544
27645
24761
10730
21978
620
22211
18952
25613
11380
31248
7733
18053
7241
18448
12790
3913
15921
21768
32069
30709
16541
17324
19929
13815
26521
23279
21928
24318
12135
11802
683
29104
615
2843
993
22172
1595
8992
8086
28015
17447
8549
16101
31338
12478
9290
21116
2067
22203
19625
29855
4395
10541
22374
27760
1761
16599
30024
30317
1861
2262
21767
30266
22527
7812
5030
30113
31041
26781
1794
5335
25850
10656
5804
20480
20045
4472
5876
15862
30017
4700
23110
11334
25274
31988
27834
15484
8360
10173
11750
26273
17022
9646
15607
1281
20966
20508
27392
19762
29618
10203
10129
23121
22806
20902
7052
11407
20757
12736
26164
16876
3642
27356
12423
11331
29832
17467
2766
18567
947
15124
18546
31564
12689
17208
19985
5769
18635
31478
1489
19612
8152
22076
28148
21646
15404
1280
30125
9113
13740
6366
7218
24551
28262
11779
1555
28829
29311
6985
31946
20248
5228
28067
3219
32118
6501
12988
13438
18009
2583
22235
23746
10727
31642
6666
1876
7190
25762
24695
28344
30758
21241
25114
1816
19823
5421
32152
5523
26972
11398
12904
20951
17080
6970
1588
17906
10792
25316
22914
24677
25593
18227
28563
27770
3868
10463
11659
25816
32111
3298
21715
21589
24895
9188
15548
14603
29706
26103
20325
7598
31369
5764
19934
23837
18925
17541
8077
17462
12906
6901
12497
1519
29426
5509
9446
13730
6723
28049
24329
15273
31011
21330
9948
30763
2538
18261
27659
2101
28994
10284
27952
24845
31787
18531
17908
13763
16194
8374
10359
23304
15170
29312
17907
7491
10955
28279
10908
15586
23906
13207
4298
1262
17338
14940
28505
12259
4401
52
18256
3774
5790
1844
29890
9815
14922
32266
1778
14065
12604
9267
25530
25104
23994
15982
14894
25227
30476
12144
2172
2785
24195
2265
14615
32208
17850
10343
6932
21796
2588
13673
14804
10958
27046
4727
22499
14389
29934
5985
4384
32721
25189
10085
26654
13557
9945
30629
17099
21996
30526
6616
6735
11336
6061
7999
25143
10103
7085
26586
27347
17815
31666
29149
17116
32395
9187
15710
23642
25935
24608
6224
30917
29576
18756
26292
8299
13152
6055
15118
10513
15248
32488
21270
4061
12734
30441
19633
10868
18186
5658
10015
29535
25316
24827
25718
30131
28704
13020
24399
7153
76
9191
10431
26155
14657
4193
649
19304
16632
9517
18833
19018
7071
5522
25748
27886
12268
24126
2839
17428
26034
14730
30877
7552
4786
10495
24605
31136
10675
14361
13235
1134
24533
23628
5270
5528
15394
5701
32586
31710
17766
14450
2071
6076
16960
30404
15289
2378
16250
9140
30809
30048
20630
16004
21180
9725
16041
14023
23483
2538
6509
2339
23027
22426
24209
6486
19389
22357
11091
28023
17761
6294
11345
11902
32646
5809
16284
4615
10733
4280
32015
4435
22111
6304
6367
4496
4068
7584
21618
24922
29238
30170
29045
12161
21877
11069
23337
24333
25116
4010
31229
23679
8500
23637
25954
22618
23752
24687
26587
2786
25752
770
2387
25892
2833
7196
5044
21302
28285
26927
17845
29632
25208
8376
10228
26811
3491
26911
14404
9593
3996
14046
24392
24038
17197
21990
25665
31501
28867
8766
21284
14558
1314
13294
2288
20782
8280
539
23102
22527
4335
16755
2073
11522
3943
460
30481
9818
19940
20231
23691
22691
12323
22843
22107
8243
16306
26640
8341
20383
12385
7528
23967
10113
2292
19269
9355
31609
17434
24807
18852
10354
32163
13108
5447
16423
32749
9309
23797
3557
17823
28351
12965
22674
17306
5895
7775
1518
3885
18842
5638
793
13448
10036
10102
5718
20852
17614
2255
32270
18497
25286
783
280
7935
7994
27367
21559
24305
10164
7111
30948
2110
11789
10556
31054
28138
9355
14971
9632
3589
1357
17470
13954
14882
10473
5326
30946
9227
28755
26209
26356
8883
17921
27559
21111
17260
14924
2720
1083
31578
16154
14768
29920
3368
18106
13045
736
30457
18959
29144
18896
31906
31217
12002
32482
8726
8144
19922
30383
10785
29082
29164
14387
27994
23775
11411
16665
7507
3380
31258
24377
18450
12757
216
17248
12229
18062
18042
12623
19121
25563
20381
28934
32620
23118
23965
25922
29004
7473
16039
27460
28959
16493
25622
26580
26140
3498
13052
9606
17178
29880
17150
26684
23552
23341
32614
23020
12157
3920
24179
13475
30969
25142
8947
19914
7883
11563
23572
26281
20652
18004
6008
26153
27243
10386
31111
24542
28387
21160
12297
3140
12075
8609
29428
5705
29196
10860
1922
25100
12216
22218
31111
12517
13752
18794
32514
18085
18215
19793
14834
29727
3358
21632
19563
10983
27503
18897
29416
32345
3478
14883
6371
13789
16364
6326
7075
21610
26910
8920
12118
14665
14302
9922
6751
15900
22744
12733
15089
30238
18664
27017
2781
29356
6026
5374
5544
12549
11666
6132
5345
5454
27677
26209
9905
5849
14279
12993
21172
422
17438
23483
20743
28970
13143
23809
18339
26704
24128
18296
29161
10942
22646
1177
26237
15193
1240
26903
28504
9227
20027
23233
10265
27332
22624
3499
22172
22462
15651
7304
12750
28934
10740
91
2752
20280
29067
11087
3066
12169
26072
19170
785
26379
3641
30025
26748
6957
3568
17936
6563
25473
20180
11778
31033
14531
17478
31304
27084
21782
23143
22229
22170
27024
25993
20481
16039
19705
9699
6003
30220
2000
13192
4165
4498
24975
26266
26211
12415
21297
4026
13620
6320
752
5316
381
22760
11603
17849
2690
25960
8040
32253
13934
25280
9806
26051
7668
4836
6135
26565
31543
6274
22828
12088
32743
1171
1234
16895
22189
25137
6251
2847
21450
13480
18912
26995
6395
7119
27261
5793
12447
4761
31549
31308
25627
31719
22088
15755
20862
29088
4538
12954
1121
2564
32678
25808
5650
1853
28507
25809
6385
9527
5093
9477
21273
31154
13271
31305
3139
6806
1608
5348
29416
32390
24860
1468
23718
19383
7301
9162
26085
2307
20424
26059
13498
25913
19269
1080
25356
2232
29618
30585
21493
9532
25255
9814
30826
14327
28767
22702
18207
12772
2749
17003
27557
31320
32141
15029
28885
32730
4109
29542
27250
19252
7083
17598
25098
18634
17
24921
2845
15403
6239
1629
642
4582
5559
31736
7429
927
25343
31242
2389
16993
30178
17694
18718
6966
12568
6047
17778
18933
15336
11081
621
28252
29419
30429
13849
22366
22034
29721
18063
6334
6122
487
29535
7901
12831
14037
11826
13521
9024
14277
26286
12470
14785
26341
19866
14921
4166
32482
21315
24499
7967
28249
25886
27810
1806
1935
11950
14238
31057
22625
25000
22939
24796
15998
18774
970
12519
3027
11577
26549
31912
20295
18162
25995
15458
5545
20323
29880
25502
14054
26385
31417
11448
896
24012
1071
15774
26171
7571
5170
2517
19994
15538
32231
5565
29833
31533
31829
32533
21468
12129
31860
28353
25080
26089
19847
22475
25424
14527
11180
10153
27156
8611
22706
19390
21924
19393
14122
12323
26187
10382
7105
7078
14634
19443
18637
3347
16498
21421
18469
32179
3031
24052
5942
11539
30017
21338
22867
23046
1476
2039
1101
3309
9938
30659
15172
22326
29615
8771
19388
11299
16166
18792
243
14029
8571
6068
16755
20840
8864
29086
10979
456
21675
30264
8226
7972
29320
29455
32151
1307
22251
20306
26562
30708
24457
12855
26647
7722
4232
26779
19469
13096
3124
19945
31346
22353
13043
15420
13057
8515
32635
18376
27702
21597
29506
18806
17249
24703
10038
31950
13050
3856
21679
13594
820
326
27298
28104
10452
25505
791
14865
1604
31417
19677
22488
17123
27962
15740
27093
11424
28461
8043
7410
22471
12921
20611
15605
28954
16553
17588
31840
30244
8687
8439
29589
18378
30057
643
6974
19235
24228
17988
17900
3210
27743
25737
23806
6385
23697
13565
25797
376
25005
11992
3046
15678
19748
31062
18943
23926
17195
24681
20877
18366
23488
426
22797
27309
21735
17814
32609
8363
14906
30967
20342
13574
9632
6816
10020
16194
32093
12637
1365
18608
21323
15914
874
28738
18790
7843
32218
157
8078
29628
12316
11376
20105
24754
18376
25860
21576
13890
13049
32533
5483
24088
11765
6625
30727
6794
21520
31870
7078
28294
14285
23920
21135
16841
17991
18555
16456
5458
31183
5814
16730
23575
8151
11489
84
19446
13839
29688
23570
15086
8909
16392
831
23695
19634
6466
26905
29615
21899
6990
30580
19551
31861
24290
8706
4638
27461
8594
16081
22092
29478
8170
18453
23265
31876
21946
27432
30046
11817
6321
2255
7684
4006
16685
2751
32580
10997
21842
12896
6520
29020
27226
17616
20176
26516
12331
14379
27535
23851
23343
17930
32375
13095
24672
1865
5505
30188
14242
32014
13010
20064
6230
11014
3563
3660
25644
9970
29984
23558
13368
16739
25419
16717
15433
11201
7617
8564
30838
16274
28293
23235
22777
19193
20156
5914
24641
1661
5473
4055
26434
6156
32314
18682
31760
18240
7435
1927
3756
18145
4361
1836
24605
14250
3217
13092
26563
18512
1306
26203
8937
5824
8041
30419
665
13992
11268
4166
27572
314
18408
8717
32066
4653
30078
25664
4358
5636
16844
14367
10837
19858
18920
26544
18217
27326
13491
2218
18290
10884
29891
1682
24236
20540
26273
6180
17334
26143
7989
9204
4834
26375
32382
22613
5705
13686
23175
31354
26721
986
22166
12507
9425
4623
15014
19674
7043
25638
24343
22439
14843
22117
165
26209
7912
12942
4247
31102
3065
10853
21816
27500
10738
23404
28299
12920
21247
16369
4923
31216
22344
12618
6609
22148
28613
24416
8745
6642
21332
24938
29479
2531
8713
17403
24742
32271
6853
14399
19889
10664
20234
18561
7926
5110
18701
13809
12663
1087
22541
25509
10627
25833
30436
29405
11749
25058
220
29835
25435
17984
10435
21523
15434
23845
26178
24399
28847
23014
19818
4054
12889
2924
1168
31102
29014
24282
19547
543
17579
30063
19995
18074
19272
20911
9308
20762
6458
24509
20924
1178
1315
23820
6649
25000
27111
25398
29006
2152
12457
6700
30208
7131
14070
21904
10292
27233
25919
8543
21507
32637
2445
467
25040
729
19056
27272
217
2186
17976
12509
24589
13972
12904
32157
26910
25521
3944
479
12758
4942
17530
29482
6062
29399
14319
4829
14749
15412
14235
17614
17454
8596
17798
31026
17365
9833
7396
28093
29059
2483
840
2570
11640
9602
14868
23356
7257
26550
9268
29414
6786
18442
29708
11560
31133
24401
30126
8731
15475
1023
18769
18031
17667
4074
8703
32595
10449
13138
23693
11669
8065
31007
720
29707
16292
24683
3854
15665
32210
12096
947
17427
8697
25251
11077
9326
9972
24529
5274
13842
14432
19144
8009
14218
17067
9737
11358
3071
18797
8093
18258
4186
30716
12118
23354
19369
8251
27223
18494
32452
7090
12246
27981
22320
17124
4897
31247
18755
28380
9951
7451
21897
14602
3481
25195
15719
27981
29561
22028
27390
25169
21841
16154
4178
11291
14558
1772
16812
23778
14927
8332
3901
18465
4865
1130
25091
31722
32141
5201
8177
25725
6916
31641
23370
19993
15737
24479
4430
14610
15296
29810
15384
13348
12918
18895
15303
12551
22081
25680
23260
1859
15193
30432
29155
6470
13896
20594
28246
20404
14830
20979
16574
24318
22215
124
30235
2870
16241
1997
134
24098
30312
16631
29461
911
2325
4440
13567
16359
31751
13772
28672
13574
19584
20002
15871
26954
11059
15565
23023
17641
21580
11996
22515
31112
10417
24621
10437
2057
27783
28637
27736
22692
20217
22786
22460
6457
7988
25501
12867
21988
21174
8650
11746
32723
16585
19770
7897
22100
14154
6371
22166
26162
19631
19190
9687
4930
4937
13074
18960
24633
4549
20663
18956
26816
9465
15869
1494
16843
11998
12934
32218
13350
14040
12977
5448
1360
24382
16144
21433
17037
21526
6173
27157
16951
5920
27176
32436
20309
19735
30100
1219
13167
28723
1859
8938
4768
3058
21839
27947
19948
26136
5115
30222
24532
14580
22249
31483
26408
25318
4749
12263
21533
12062
20961
28211
27551
7078
29786
19152
5352
16547
2075
22440
9554
15576
5226
5177
7785
19307
26720
20867
4677
26348
16868
3365
8727
7571
24794
1987
19201
31433
23191
6826
29995
10730
16792
4279
30995
13898
30068
1653
3876
3190
12048
5509
23947
8380
7442
20291
6214
24301
9368
19110
26493
18273
6697
18792
2070
23868
1772
14439
23172
18928
19991
3916
21471
23043
18091
21354
1338
14099
7519
16873
11569
791
4825
25891
1985
14567
27172
6478
20573
30207
7007
17500
10813
4479
7858
17695
25338
9335
25479
23985
17240
26466
18422
7443
25186
2288
9344
3092
11965
25097
16385
8564
8758
11022
16352
16714
21405
5730
26761
19363
23254
29737
16925
32364
15149
17231
30055
11922
18410
21452
29971
7271
14117
24103
18202
26440
22236
13369
641
25725
6211
28468
21827
23904
25947
16100
9868
30913
29894
15924
10535
21386
4058
28915
29242
3231
32500
20184
26673
18440
4111
32708
7672
27986
27541
11592
28269
9522
11124
3431
27669
23148
26741
2717
30989
16883
12746
11552
6980
11858
8933
10597
24808
12874
2961
14310
26910
22205
24123
6691
25846
26571
22672
28902
9374
7482
6734
18380
1238
8731
7763
31233
20643
16298
18939
21579
27464
12151
1704
6218
22130
22723
6562
17662
26803
32045
11810
18569
18481
6286
17833
32566
32160
30753
662
9147
13165
19687
248
5307
30012
15689
12705
5007
917
14848
27516
24646
4058
6706
10016
22250
29821
17117
6308
29189
15727
23929
7093
22116
5340
25049
9703
19483
26645
30547
13129
18634
22734
28960
24892
28446
20105
27141
11141
10138
15442
17203
32672
13975
28333
2669
6743
29577
30157
2920
25492
1413
6
4215
15476
18688
14469
5736
29596
17114
32319
30632
21456
17563
1831
21166
194
9724
17316
12183
5671
14249
5698
10510
15632
21317
13224
7279
11128
11438
16074
9516
16921
18563
30047
26479
15493
15332
150
28161
10097
6521
15876
8042
4436
12214
5345
3674
10545
31837
11125
10567
16304
31044
4301
3416
24180
9816
11954
130
27049
29922
6108
22257
32732
30729
1634
18345
3088
32408
7797
29805
15886
31234
18766
10463
23804
22180
15461
5354
10289
10569
228
1629
14920
22003
3931
26072
8819
5081
21429
31468
10258
29356
11627
15230
27781
17694
16375
10860
24382
5285
10124
2420
14362
636
26116
25169
27633
14828
7194
11046
20332
22473
25305
2592
23574
27455
22868
31831
19382
29647
15000
25590
32221
148
4063
16796
23483
21707
21254
7426
11830
13714
5441
24797
6718
17648
32270
11782
14170
3606
13927
27096
29831
9956
5180
3033
16195
2735
6688
28317
8421
4674
8003
10216
17967
11554
13216
11283
9510
16407
5239
16561
13601
19687
17662
626
27937
18277
8020
583
31840
15274
29110
15814
28973
10659
31733
30417
16886
14796
24871
11890
27815
12090
24989
18186
8243
15071
28950
4523
9327
5130
32050
19138
29735
31277
30762
18937
15724
995
31677
26971
15403
24369
6254
26553
8964
26380
9452
19021
1624
12828
8658
414
32164
32448
1424
21923
28430
8274
1193
23851
14654
20908
10784
1149
12143
4331
21548
26427
7110
26739
26931
396
15330
18739
22774
31865
27572
23082
15882
6552
29329
24873
13191
488
9861
10459
13060
31741
23019
2052
3778
19805
18234
28166
23591
19241
28450
6313
25198
24064
7384
22299
24990
32032
1198
32310
17848
25806
12518
29186
6709
3065
12488
26747
20911
7450
15858
18836
13791
30302
19440
20603
5063
29959
13836
21023
30768
4111
32615
19696
4183
1551
22857
9701
740
8800
25526
14020
21787
23936
23618
4510
12374
23735
12070
7576
7091
5370
7826
28914
32266
5391
29765
3137
31778
15090
29020
23295
1828
22648
28775
7494
12111
2866
28098
7897
3822
19348
27171
24420
24967
30550
23407
4101
6998
23323
8146
2570
5369
32593
9998
8957
8045
15448
17939
478
5177
23014
26833
22959
13801
15786
5706
11574
29886
27951
31467
32766
27556
26372
27932
6303
10596
5914
8214
14399
6683
27245
30964
27481
9451
17894
14861
22461
20976
25728
30850
11224
3190
24747
4115
4918
21865
27886
2359
21573
31244
32719
9579
31580
8942
30455
1482
14075
20251
30098
8158
18773
3983
501
29878
13067
5872
9859
15928
31547
29052
6609
1721
14521
31040
12808
24267
16540
23178
10123
9558
7677
15522
27354
5611
14075
25269
4535
4436
17154
22802
8071
21616
30286
665
11514
4414
1706
6767
13038
7735
28030
32247
31889
12257
2824
21246
1222
20641
3818
24118
17099
2768
18917
7654
10776
30994
19684
31967
24970
12515
31036
12722
30144
15219
26162
7712
2758
4276
16318
17106
20720
18609
654
6987
16649
30497
14670
30234
25517
25916
7975
7508
10228
7629
19333
25409
3409
32649
19230
26454
9401
18847
18992
10083
11527
22160
13321
12558
20127
31041
27597
1920
14929
12367
628
4446
12161
9122
3602
8955
11653
8261
1627
30924
21583
1652
19046
13852
14412
24055
13233
15360
11659
1199
23142
27790
20002
11119
28380
11850
16334
5389
19553
17377
31961
19384
10551
19482
9281
16523
2012
32265
5398
2403
19854
30086
22820
12526
8719
9181
8914
19717
31910
14535
25162
20284
614
6041
13786
17335
6578
11452
14746
29247
22273
14173
31312
5524
9951
23397
3984
7429
22837
4012
8488
11327
29129
15465
23483
19811
25096
7662
6315
2395
4100
16274
15676
23149
20153
8942
5367
11536
11156
26444
11085
25343
13622
1372
26749
3213
8053
29481
30136
19512
26787
17484
11394
6272
25619
6751
5467
20474
19930
31157
14751
21408
19411
22088
19627
7019
32742
27891
28737
31012
3977
15586
6190
32119
17542
13638
20777
13129
11007
27469
28415
9547
20656
27729
26093
25039
2421
80
21325
28891
23820
28828
31094
28796
539
9939
13021
19293
2677
14354
8320
15768
9369
12390
6020
7116
5756
12931
4636
4208
21896
16313
10158
17255
24548
15395
20529
8148
15094
802
30426
11311
15142
8201
8183
10393
30949
32538
9755
26476
5870
10930
21115
5143
15820
26816
21656
23593
28829
19579
23838
11947
7957
4181
24588
1459
6342
19498
16918
28214
17822
23486
30024
16926
18353
2406
18667
18588
27192
20741
28844
12480
474
20282
1787
6727
8747
12504
3762
8372
19571
13975
14327
7330
31664
8457
27747
3928
12766
6351
26212
27806
27253
26380
22495
14031
5684
4634
25626
8496
1053
12924
28890
11392
23489
5140
4808
29136
3261
30614
6425
3989
22405
2109
31854
27900
21344
22973
13561
18301
5556
632
15330
16051
24196
9716
15337
21099
28215
909
13644
1787
26779
23911
6379
9173
26921
19367
7850
16475
11403
20451
23319
4853
29531
15574
22605
13921
558
18009
13848
22859
25297
19855
5465
3102
19154
15711
21164
8473
19266
2855
21577
21157
11706
12206
28456
9190
8860
11355
10089
12176
9371
28837
20466
22780
13694
13259
19802
4987
22560
5829
6
13290
27580
8826
6545
134
19559
30259
24945
29442
23774
14928
11480
24791
23938
11066
3545
32220
13473
20632
32204
27926
3063
13510
1779
21457
26485
12418
12638
8943
6465
7913
14091
2689
14077
3491
17234
19348
29772
15706
16768
23629
1682
1648
32451
4665
30204
30193
9030
18142
32705
14022
18076
10902
28071
6956
9058
14749
1736
23141
11808
1896
32150
22189
4977
21560
32541
32624
24932
8432
18312
9146
24609
13603
24551
18671
24016
19314
26927
22972
29110
22549
6274
16717
31393
7607
18609
18113
23687
1159
17664
15579
16746
26508
12585
23034
24958
19512
12963
19531
5774
14401
16163
24125
16028
6572
13412
16181
12744
29995
7460
17540
20339
20136
18287
13974
26275
34
4127
32363
32169
29368
1956
18251
15618
28163
21505
26806
380
29097
29719
11419
22937
19759
18470
17866
29240
27151
913
2730
13938
31755
27617
18479
9923
3008
2317
16647
11114
3966
11001
11540
26130
1623
26684
19743
18097
18806
31270
26315
26545
1971
6658
15559
30030
8036
17304
22344
9279
19061
246
12471
31640
20667
9072
6822
30191
13445
3558
28425
15805
3444
29765
24995
2312
1421
13392
1470
22591
11405
11169
23583
7270
5500
12010
32057
2162
29317
1665
13217
4599
8965
5148
6850
25856
26594
1497
5586
20286
12830
14977
13061
26214
16300
15117
20224
28116
31362
28009
3216
16244
19951
25721
29852
15330
26159
29018
21080
1488
3645
23018
8124
3241
8168
22666
5685
10867
14889
18722
14234
22778
12724
10086
25441
16939
28621
16984
19475
12222
13149
18702
24829
7704
26693
5302
41
30319
2290
21463
1164
13359
15921
31450
1153
31132
12613
7624
21622
22457
17464
5973
8677
19817
9326
8478
14983
16853
27520
16687
21444
32269
16967
12488
26221
27122
14902
8289
29357
4179
20717
31979
16445
11862
21004
6745
28376
21018
2885
26463
27375
19610
1718
3705
6813
31445
16245
10288
22237
10796
1132
25241
1275
7179
32103
16926
25672
27851
1643
24448
25618
25047
21834
18205
5587
25358
7540
23919
4009
9065
9744
27862
21254
15582
1611
16535
2985
17284
31728
28964
15053
5111
4154
17822
8864
24830
32486
20120
1526
17515
5003
7710
4159
22339
28974
16629
31158
5407
30737
23845
15324
3794
15821
6581
27173
12364
19360
13238
753
7615
5896
25731
19645
27648
26769
32070
5019
14383
9451
23486
23263
25242
11327
7232
22300
28895
17347
11516
17487
23377
15757
9858
27737
18845
21157
3461
29107
686
25437
25054
12893
5069
4581
7891
22295
29453
27418
4250
25300
8422
4511
8985
22124
3360
7983
3568
15505
17138
12337
441
12804
8300
19853
14990
15880
7442
10431
7116
3864
25546
24106
14615
28629
17400
12718
28831
2114
15847
31100
31393
16179
11883
11049
4656
20483
24004
16130
6965
26758
30150
23968
27061
25406
9015
3004
3666
29138
26233
18500
19477
19387
22376
20653
7018
13633
24710
32652
24172
29350
13654
31072
10851
31649
2053
7090
19083
782
16975
25185
24600
9955
17825
14135
17270
23654
30331
24511
2773
27805
5913
32091
23013
5382
13650
21393
24286
8329
12224
18598
8388
3243
5665
21614
745
3844
26877
20834
8627
3827
31882
25587
27807
26512
716
27678
8582
1506
256
13633
3360
14163
13371
22573
13510
15456
10575
892
19836
29589
3054
7717
9262
12473
28946
30797
23354
5190
8347
32352
8495
30492
8762
8801
17620
15989
4495
28542
19053
11292
32142
31720
26169
32474
22311
11489
63
30513
13094
279
9547
5197
25432
21808
2355
7480
10991
22182
32350
19021
4647
6357
1671
8943
7466
82
24767
25467
27185
30847
14513
32634
31469
10076
23338
5148
11557
5024
5081
24290
9888
28937
6227
3226
14405
1776
9305
29840
31873
25888
11102
5123
13545
23272
17220
24022
11041
25711
11367
12936
6396
584
6876
5222
23524
12102
9467
27647
30589
26770
31514
28889
11141
31738
19612
2658
8447
4236
32299
15657
29328
7524
5441
30798
5161
17090
31981
22328
24038
14688
2004
11141
15926
19458
21366
25415
22333
3918
28850
8045
2934
19422
30092
3711
15773
20116
23599
24463
18380
4909
21294
24940
28132
32025
25359
8728
20270
4746
3338
8828
6978
28108
18190
29275
3624
22740
30981
18565
30654
18203
24409
27469
21081
8621
30391
32060
11439
6524
21779
519
27381
29691
5100
12223
9028
1512
12241
24648
6465
20585
292
14092
7421
29787
12830
20208
20762
28647
22035
1160
7216
23126
1527
12422
18798
4646
9762
26233
7301
4445
14672
2996
23745
23581
25836
23179
7033
15737
2702
9670
14762
18055
6850
28751
28895
17334
1291
11566
25428
7266
26919
15287
30554
20646
28053
29698
509
2418
24405
22428
1253
28381
32495
14972
890
14524
7862
30777
13132
11635
30286
2426
2993
779
20332
3501
30896
22149
28637
7420
13597
11630
25802
30332
4102
13748
4922
24232
8526
14264
12760
16911
12696
28324
4087
28745
22886
15103
19923
815
7042
25471
27161
17996
32414
22558
18602
12942
27191
11119
5788
21057
19135
13875
12162
8510
16634
6440
26606
15712
24745
4385
24884
31544
16998
20827
19056
13058
27855
22543
13002
22999
22758
28996
20728
15140
5560
23527
25605
26202
20285
17693
4433
9447
15488
3544
25562
3174
14591
3753
20665
274
3413
19925
25840
15489
11030
23466
98
11407
24571
18707
16931
16024
17471
27755
2546
27370
26696
26767
13060
5241
1418
10807
27652
4309
13993
20358
20567
27738
31453
11743
9892
16038
2203
27131
26772
9041
13170
22072
30678
10968
26931
2868
9319
22489
2644
28315
26640
31878
8598
7229
31536
3156
16102
25956
9915
13811
31105
23140
30595
22915
23900
4723
14006
12037
18371
9659
19368
12559
30528
3502
27347
8132
21182
24474
13853
12292
11246
5501
12889
15072
234
22810
13839
337
281
1356
13696
22569
22866
20891
4069
20553
2884
23565
16888
12053
21525
1342
8629
19237
26185
21171
1890
8509
31462
19308
1997
13696
32213
696
9173
5344
22924
17742
4395
2777
9706
7320
90
24415
15970
7250
1029
12565
860
11860
32112
16319
19160
20652
12867
15098
17493
31216
28554
26923
21489
6099
24063
15029
10449
23541
27532
7535
4803
19200
28172
9301
23330
16880
25426
22397
9467
26034
29292
16461
6253
12529
4648
1516
23894
5165
30936
11766
10540
23565
14675
21876
25640
20982
12604
30219
10666
19164
11399
2931
10201
6232
25144
11563
8841
4091
11886
28779
7523
7395
11681
9819
28991
3979
7464
19074
20693
8167
9470
13697
149
21937
28357
26625
17875
19198
11787
490
20775
32020
32205
14805
10260
8063
14137
26821
20967
9570
9656
32273
19426
29964
15404
28581
2202
31179
12150
31339
32414
2053
6716
18179
2649
18308
3561
18106
10042
6162
13557
23738
17426
9286
27238
10110
14013
5789
27287
32393
4868
9420
312
30808
26818
25941
22678
3221
11590
9049
19996
9869
21497
9389
28698
15332
23104
5680
2246
15239
19108
4699
23169
26851
31537
30233
29019
30549
2843
30681
11736
31201
25512
13538
27893
31526
16457
10471
29030
20881
522
17372
29218
978
21037
4616
29217
20876
22546
10842
17764
13393
1627
22272
26423
27853
17229
11318
1459
28737
28792
348
26246
18996
5530
76
2295
18021
12993
16106
10532
30467
32176
5885
2190
27424
3716
12349
8152
10596
16279
28844
7628
17150
17573
18218
22431
4832
15661
1092
3702
32044
17946
13646
11816
17129
20131
13745
26950
15867
13424
27269
22105
6482
27390
23651
29290
22881
12868
9076
11464
18642
8343
22990
24581
7544
971
2049
23618
27013
23963
16364
26284
11517
32586
22998
21063
7018
2187
1978
5611
27090
19871
13025
908
14566
26813
22454
1214
28540
31414
21463
119
6463
24281
23144
19991
7589
22036
684
22951
25378
27997
9430
23902
12956
9040
31004
21610
28446
4378
11534
2797
30160
6805
25382
28485
14887
27060
20640
2192
29273
14626
28043
13935
26644
12838
27425
7691
16751
25034
25684
26710
22049
2364
31913
13716
25840
19828
24905
27161
15725
2583
24662
14420
12767
19356
2683
3084
25981
13485
4807
15082
19168
21200
24763
7736
26295
9798
2209
31208
10941
24883
7712
21720
31976
8704
5390
9812
16099
11518
9349
31965
27071
26956
24633
552
4582
9466
31752
106
26448
25710
28115
19667
1529
16647
24973
15192
10898
6913
13201
32694
8054
8857
25913
8116
30177
31857
16300
23208
24412
1333
6391
10812
15228
30847
28512
16498
11724
32504
20214
9958
20488
26561
13677
25428
21644
4369
26665
17753
11531
17439
28825
16766
2436
2114
12998
32114
17266
12630
21036
29079
2372
11619
22728
17344
24076
21881
21618
16186
16763
17886
24173
3593
5133
364
16701
6003
2945
25652
12472
10179
19340
10599
18528
17735
30414
2167
17392
22171
19461
11641
9781
32297
9089
4302
16927
20209
24792
29186
23064
16006
11482
31220
18836
30809
3015
18487
27882
30266
9152
28601
15202
540
18300
9890
18319
1305
6460
11647
6623
18358
23041
12704
6512
1895
14588
11966
30501
1366
14150
5090
20218
29280
29649
12161
29588
23648
29599
9964
6173
177
14897
31976
19534
10222
17987
27544
32461
28412
18102
5540
31162
8523
7118
21140
3460
2136
30877
6781
24066
21623
14527
21728
1471
719
15944
3791
917
25766
27643
23633
9853
11231
4029
26888
27557
8384
20809
31761
707
25849
31012
29484
27818
26594
9172
31005
26650
28677
13645
31570
8413
24028
8364
8901
21775
3036
22567
21540
25790
28594
31044
31536
32691
24780
2378
9571
25998
10267
22005
12245
27673
15639
20078
3168
16342
21508
26746
25090
4826
8564
26098
3204
11742
30478
3699
16217
6036
7565
12630
20425
17975
4108
995
27215
3942
31872
12225
14143
18994
11654
9649
12971
22390
16735
2173
15240
1127
21048
17450
7693
31595
29615
9589
7516
14127
10644
1406
16484
11251
15340
23998
26118
6953
3132
22590
25718
17727
20484
12299
14309
28089
21641
30181
1117
25986
12247
3383
28396
3972
775
30028
4612
4982
12734
12991
4386
13045
13046
27955
4014
29911
24321
5445
3874
6844
24266
9919
30831
5349
8287
23310
21661
26698
29868
24567
30897
15078
14985
26245
10451
31318
15096
7750
30384
20642
6823
28855
24350
23387
1213
4348
27390
22758
29395
13268
22375
16407
13887
973
2305
30210
9881
9652
20142
5645
6520
24912
14192
74
1917
16976
32647
8708
659
17793
22745
11416
24948
26180
4759
11910
17520
8256
25630
17096
22378
14676
24347
19043
29987
26575
19699
25659
4027
10468
31586
5931
628
23384
15458
25173
12474
29310
7502
10167
5728
21861
6471
9472
11565
15952
19159
28321
19351
11878
24788
8486
24782
18859
23175
15559
12796
12079
20238
24378
31947
8582
17407
20428
9001
4983
22350
4528
17480
27896
16497
28823
26344
7259
27841
15233
6360
18370
15140
8658
10170
13016
6889
26280
22280
11459
4595
24172
14164
6740
28186
27303
724
28801
9678
26647
8989
13078
11261
17155
17455
19367
15159
9675
6322
19657
23569
30147
13183
30082
10951
4673
6754
2301
8229
2549
30238
20098
24999
14969
946
19878
23775
3625
10971
6847
12823
19509
24026
18331
12856
12021
9847
19570
29674
13436
1094
32024
17405
23919
41
24183
29960
19992
6422
28733
21071
1462
28187
16082
14826
8215
18847
20877
8740
21865
29162
18727
3618
11342
25320
17008
13765
4654
21801
20800
25808
19921
13869
10161
21838
45
30175
15755
2350
10108
19807
3072
26417
22674
25348
12698
7942
8814
28578
4721
6323
20495
18696
18593
29494
31881
30157
30971
22124
11607
11853
24571
7219
26355
28398
11002
5323
28580
32680
29093
27267
13463
5316
25518
26769
1330
27875
32450
10561
6309
4163
24762
28498
4546
5438
2581
11932
29966
3603
9382
2039
17688
1001
8842
15449
14601
8977
18781
23358
16765
31884
32173
12365
20369
205
25263
13368
4669
6079
8753
1252
7653
31242
28880
10442
12842
12179
8811
8605
4614
22337
25304
4652
8728
7175
26325
31627
16700
31519
10561
21869
3935
16275
2188
1493
5778
22274
22636
31726
2652
25505
15313
29238
4437
12160
23324
7138
19696
25871
19083
16767
5017
12512
13560
4309
4352
12462
7876
9232
16564
21407
21774
1058
30451
4038
23848
10851
27585
4332
30795
17786
31799
17552
3977
17793
5662
26412
7172
29540
444
30394
24414
6026
32238
11895
112
29624
25207
28647
24639
5170
15512
15641
15147
15395
6625
10284
27242
28990
30022
23570
22965
27302
31349
8852
1345
26379
4967
2966
5105
11798
29749
6557
25034
16648
6446
6030
3751
32414
27430
31673
25902
15927
32272
31765
11778
9784
7632
14285
17210
16816
7498
6652
30739
6456
7103
22965
10465
21278
13401
15175
1868
7874
19460
30399
30392
28479
29056
26542
3333
18766
948
27180
2937
10344
4678
2332
25594
16171
11368
25010
7809
5887
4597
24627
13003
21241
31420
14844
10834
6656
26652
18630
7803
27694
13521
11048
26385
26488
22285
20061
3314
16274
2250
17736
21768
27917
19039
4277
30587
22467
29522
15586
22309
116
17774
30782
19783
28081
13845
1904
23930
24569
25047
15003
26088
4387
24131
18401
8123
763
24060
12070
982
8496
23312
2838
26563
14958
15238
29545
26349
5319
9270
21605
27664
8535
28126
24485
28397
4904
28785
31258
14914
23891
6322
19279
19961
23656
31746
20977
12704
12048
24182
8590
19225
497
24365
11677
3475
21202
16097
17855
5305
28416
29883
10052
40
12528
1388
18417
8999
16677
20601
15872
23698
24148
18390
26985
11032
28871
17847
16992
20903
27903
29859
28959
8227
18845
32202
4837
13406
3203
29080
20543
18245
13110
7818
10374
23127
31366
19009
5801
22876
18802
213
29484
1107
17222
28267
14193
13740
17670
30474
1591
22711
21007
170
7520
9309
13308
9102
5367
28174
20935
13524
3953
10490
560
24395
16179
25988
23907
16004
25941
25843
20949
12332
11686
5483
111
20376
3056
2589
9198
20386
32381
17338
1930
9908
23001
23853
20693
16674
474
28809
8423
11709
13278
18496
20664
30885
18004
12439
19661
10334
382
32086
21527
4390
30068
6084
7704
29318
29037
10450
11335
4904
58
13207
19126
20200
3603
13308
1010
19245
7062
5561
3114
17786
8717
6016
26516
12352
3312
28279
20493
4599
27819
15852
7680
23148
18080
14149
14472
8797
9840
30261
20697
2371
21622
27958
27868
9583
21909
30259
1305
14936
6196
23428
14810
10548
29318
27936
25485
20421
22031
30222
619
18806
23652
9757
20823
18086
4402
17365
9
28228
7553
15021
22635
32156
14394
22911
21315
6768
32743
21816
24595
2891
8635
25556
25661
18962
29138
906
13675
9436
22713
16963
4910
24835
14897
6481
25574
5244
14640
12638
14561
10595
32041
8866
24007
16346
23693
1370
30517
25108
4242
26229
29864
16045
22067
29840
22941
23869
8312
31012
8694
300
16375
29182
17824
11976
9115
24304
8051
1684
5796
6087
15193
27363
8175
15996
20403
9126
26232
8623
26104
29827
16157
9040
30367
22823
18341
30624
31808
23516
13056
20568
16886
14942
10960
18471
28935
19690
27177
8802
8647
25497
30101
13048
29625
3564
5212
676
28920
168
28418
870
16597
3556
30480
26931
28098
25440
31768
31468
17007
792
4595
28557
562
10777
11341
11175
172
6548
4964
29456
23722
30257
5644
25304
25161
12709
7415
18304
22622
12935
819
9063
15636
11871
22516
31109
13783
27137
28052
12379
13937
21529
23000
8490
9075
11782
19317
10084
29655
14060
22738
17504
5603
3332
11280
11089
6993
14647
12360
18809
28844
6380
9235
7834
9213
6686
13648
31150
32423
32177
2593
28119
30352
5126
23351
5017
14977
10189
848
27207
24016
2842
10237
28091
26428
31419
24489
13386
18200
19402
30935
10488
30892
6014
18091
13799
21208
22854
5804
29462
19450
13081
13256
11592
13586
19463
6809
22849
12324
32021
17126
18232
26078
16455
8813
10890
15995
5630
19679
18860
8679
21636
21805
27235
804
5606
21506
20023
15084
14338
14224
21285
30104
8928
16528
3220
14400
18758
20612
26762
16676
6022
27968
13600
18250
17563
7592
6707
23913
14708
955
23389
31750
656
22481
30243
30429
32715
10528
28784
24962
18040
1925
27459
10056
27055
31362
19876
23138
7400
27011
7132
32328
25801
22885
20197
20829
19005
9016
16416
22990
17350
2116
32070
14781
18708
18251
6305
3743
17622
5902
18812
24546
22736
10770
28888
24787
10286
8100
22112
2496
7192
1563
12703
19545
22150
21085
21361
26460
18262
28837
951
7538
6044
21123
26447
21332
24377
7716
580
22833
22703
25299
10817
25428
1843
30400
32076
30210
772
25088
12464
18593
24572
31446
19515
25632
25188
5937
9642
146
30221
30581
12386
26140
7068
20094
30049
21778
16422
2787
18291
14685
13053
17783
1961
11552
11721
30998
3591
3739
8922
26526
2685
11599
17852
20539
29209
21090
524
23272
19578
10310
21643
23858
30088
17814
14961
23615
10082
24384
11012
28688
24728
26089
20328
27651
31387
4749
27833
28828
1137
9830
13399
19076
13741
25104
28289
17106
3487
30698
13094
17546
29384
32191
9463
31587
26256
8614
25281
20430
8508
9766
8954
25651
10778
27038
11674
30590
16382
31972
10284
20698
9714
3373
26660
6332
10282
9517
16243
17188
27958
2431
30553
28448
26491
13382
28026
24465
31460
13333
1845
28977
10965
29196
28465
12757
25697
9028
20792
31984
14524
26990
2121
16729
7155
26294
29416
21582
31706
18670
25017
30136
17222
4072
21581
27056
7549
4899
30780
19267
3563
2730
7796
31858
12311
7994
6864
22397
13269
17827
16877
1378
27068
26992
31033
7584
29658
10954
3404
29504
28327
13210
17020
13078
9784
26606
21419
14149
11189
30110
21348
13313
24333
1839
8999
8601
16616
7671
29952
1972
8414
22402
2910
3546
31718
8757
11043
30007
7953
9521
29688
24476
25208
24443
4835
1991
4210
16985
795
20196
19723
19199
20763
17236
4530
24426
5109
1196
4402
29325
4329
10497
6116
13227
15670
1891
15394
19716
4656
2983
29438
30131
26515
30570
23860
23255
18455
13394
24670
9201
29764
7063
24679
5773
1928
22210
11586
7461
29575
15797
30940
13634
17842
21996
26959
2276
27419
22274
7000
14116
26247
22647
10507
4120
11461
3248
2245
18423
6975
11583
22627
25981
15567
31845
26801
28561
20692
32725
7461
7718
18564
22715
29646
4703
11908
23805
18823
23030
11446
21953
11888
16862
9298
1839
24223
15399
3128
25976
13074
23843
2436
6935
7912
13255
30307
17495
3281
339
19238
1045
12484
5174
7573
21959
8688
18987
10886
16573
20724
32169
7598
20647
11858
25210
2998
30552
5409
5545
21137
15305
19971
25762
21518
23137
15959
3989
16041
14963
6064
2843
22695
23817
7045
1308
354
10464
18218
12528
23777
14259
31742
7876
23979
2236
30695
8768
8413
15481
12795
3175
20603
15788
28544
15550
4
31653
9495
19888
14153
6595
30772
24625
8062
14393
29905
19106
1682
14862
19300
12020
11452
11368
11022
15377
4183
13065
3093
7799
11247
7706
32404
25638
23196
3367
20849
22461
22158
17260
9616
5856
1514
4431
16710
26588
2517
30509
14353
4750
17357
25945
14982
16513
17728
15714
8842
10326
23895
30869
4037
2153
14611
6083
10324
13489
18844
16453
20926
15336
25814
10812
30250
26604
21556
17437
10703
7526
17873
12142
17579
24233
21437
31434
17528
30173
5524
15659
2780
2652
28758
30313
19424
9564
6258
22781
16547
27087
31268
24843
29264
903
31745
23712
12621
4510
20433
18744
3253
4117
17820
10883
24073
1211
21768
15976
15650
29520
20706
12875
28778
23787
30970
15755
11596
20121
24116
17743
15593
17223
19676
28035
22797
23778
12602
15133
21857
14524
10854
11173
26850
25394
16222
26100
11153
11916
27222
26684
7276
28964
28239
22344
17310
28363
10987
21253
17651
29032
25216
29762
30350
21730
9835
22452
20446
2624
23975
23101
17614
22031
6558
27245
24892
19972
11582
4938
14509
23011
14928
9292
32319
15263
10501
6828
22751
25283
15826
12255
18363
3856
16766
12637
11002
1640
28538
1446
17579
25067
7792
647
17916
13919
22302
30873
15533
7125
19813
6156
29892
22665
28573
4770
8833
13067
44
7934
26772
12188
27991
16671
3726
15579
23384
31784
31638
5025
5296
20834
18781
20009
21694
12419
852
31348
8337
15665
26140
11243
8699
3522
13117
20551
14566
18246
27932
19374
14059
15047
3879
8222
31009
26575
5715
9231
21555
2091
28104
3156
1718
2287
5082
19779
9657
5306
2876
5909
14237
4923
27760
29072
28967
16884
11138
15075
18643
19006
26102
3537
21611
30862
19711
21265
9433
30966
32754
501
5178
15599
27385
21579
14899
28245
32268
29057
31368
5043
20509
21772
25066
18881
659
29705
17681
13867
30970
26149
22027
6036
14585
5563
9172
5851
1668
15165
14374
15773
4178
10197
18322
13819
16530
9036
10192
14237
1498
24874
84
17910
10336
20767
26913
9162
32620
20129
27618
8174
6925
29655
6967
8016
13836
5046
13389
2103
1054
8042
32433
29387
12381
31479
24166
17111
8185
1312
19509
3790
19755
22152
10308
30732
20075
31767
6890
22623
24035
12447
30658
26822
29987
22975
22270
17784
20758
19464
22782
29480
29237
6751
18466
18824
27898
29858
3292
26380
7832
22927
10249
4592
6633
8161
10113
10876
24744
6843
18668
4743
15584
23882
16088
11834
20132
24999
19465
25110
8705
5882
10512
12856
24881
6885
26656
26332
30481
8736
19228
23073
13782
21600
16372
21260
22011
8062
30514
4558
24957
17877
18640
29002
24395
11244
23373
16850
21240
10581
16640
16689
25780
24788
32683
21487
17786
25540
13907
25552
9099
9399
21839
1950
17178
32093
7328
22568
3913
19367
21632
5771
14164
27179
29757
1968
11276
1995
11080
10518
4488
8849
137
8914
30999
10718
31734
6868
30584
3012
3684
19819
27470
12720
11165
3852
1998
12364
19122
6991
30651
11939
16531
21818
11412
18567
10460
23746
11788
28719
20722
7567
32186
4901
22863
15104
25362
1632
282
32111
13204
32172
20475
9398
27459
4691
4653
17393
10585
7414
23253
2694
25913
26300
146
7779
28581
30127
18517
27527
5169
30818
12915
3268
28407
5335
7672
12739
19085
7841
13887
9800
6708
30790
24255
24247
25682
9191
4392
11736
12579
18211
25007
2007
20907
9784
7589
30351
4847
23147
14415
8967
12644
18347
31218
6205
8360
5489
9517
8995
31600
12010
1675
29672
12226
3672
8793
25720
15204
22454
29877
2118
3220
1690
30696
26953
23289
13152
25846
5700
3290
13189
25203
26187
31886
6481
5527
5507
12851
22201
18837
7977
26019
1923
8489
30934
23716
9899
1648
4865
31071
13062
19709
17093
3348
1829
14889
30948
17163
26748
26538
27149
14286
4547
13416
3162
4245
15517
14220
3613
9986
28280
27097
10716
7438
3252
31039
31642
27972
31751
31405
15192
19245
20256
28200
220
26635
18570
18714
29873
28617
13268
31468
4719
21043
23023
8150
24637
11363
5335
22006
16275
26235
18037
26784
15173
22938
14021
17910
30397
4616
7476
29368
8839
436
22860
28765
6676
14049
7826
18786
3767
27420
6063
14306
25588
32369
17615
6759
8442
13022
6471
11008
7022
15368
7290
11411
16234
30509
4605
629
6342
24410
27897
26168
406
4574
4817
12228
6643
30462
12549
25513
27903
25322
10839
31668
26403
17136
24364
7617
411
10992
21812
13519
18229
22288
589
8282
5717
30128
16037
28133
17469
19873
8735
20694
1419
5265
20729
19590
16387
2506
31659
17561
10639
10525
5650
26507
22660
2584
2509
10124
10535
16256
26600
13710
7280
19195
23991
12956
5134
30988
28933
2925
4010
14660
18287
12857
20336
18103
32010
10955
32716
13486
20044
7384
21105
13211
6441
24719
10400
8786
31100
14705
12967
16245
1193
13155
10408
3888
26752
22017
155
18727
29029
8758
17814
25261
15278
3593
29772
2359
5197
29370
213
8464
19631
8462
27053
7246
1508
4071
31742
15876
14079
22807
11554
7609
29376
30838
11619
32537
12400
307
6150
20971
7181
15719
25737
28227
12711
27632
32040
24825
10250
4220
7846
23641
28317
2532
25929
8476
17034
25276
11047
29592
7967
4136
7072
28979
3445
4848
8236
23069
5967
11991
2647
9023
24900
11305
7945
25710
12321
22420
26379
30437
23945
13368
26823
22514
32734
5121
12111
9199
18789
2613
17057
15732
25252
27721
29994
29899
17423
21753
10888
17316
21220
23960
31636
28938
17748
420
23456
12694
4579
24733
8957
6115
28177
21015
8897
26945
8250
15
9670
10926
10427
31611
758
31234
1622
32548
9414
1897
6616
21688
10753
17174
27896
4123
967
4918
24707
5375
13525
9763
1462
6836
5639
13531
9963
8769
17434
18864
17273
4787
6839
24385
725
28597
24749
27560
25341
24161
2431
11253
9750
27734
12318
17372
17235
19723
12023
1450
24346
355
31024
30333
3682
7553
6447
25269
26976
8413
30813
5798
12642
5271
21545
3983
3579
25612
1103
14544
9568
9128
30298
2391
5138
14843
615
5468
1981
7950
32045
26702
352
9719
11066
15117
687
1195
31103
23129
10934
3604
7951
20875
1470
21091
3108
11650
5236
6568
19043
27617
20040
27807
12897
27256
8980
8141
6757
27391
16382
5324
25200
32522
7071
9700
378
28729
3429
28635
30719
30895
29749
28173
19386
24518
12373
7359
28849
20225
29834
5552
17265
29507
12925
23281
30875
15934
9827
17399
9631
23597
17885
16623
18120
12742
5661
26705
26233
30314
11595
696
18870
16032
25383
2289
17893
2753
29935
18513
9174
11765
8323
8524
13314
8541
31431
5188
30736
6034
1353
4255
1438
25679
18212
14876
1597
3178
27940
6247
30909
4617
13610
25835
6060
20754
10450
27367
2329
32739
27476
11716
15261
10308
7848
18854
5277
11417
9198
16961
21449
11613
15116
13294
20456
25291
17817
6909
28888
16094
12538
9549
2768
27516
19402
16923
32489
30958
2688
25624
17629
20628
32587
10686
16910
16343
2369
24547
4554
12126
32441
4751
8909
23173
22261
8203
19975
6923
5893
570
19104
7434
1511
16940
9018
3885
27635
18929
4214
8989
24951
2219
23737
29244
28830
7399
13616
6806
3734
31022
3089
10261
12273
14038
28708
7668
31820
2846
32131
13429
25903
4731
19358
7895
9269
26156
31873
28034
25709
12308
20826
24710
6911
12489
26677
15939
21267
27625
1803
617
28910
28333
6139
31012
12382
25792
15063
6800
25177
28497
4066
14963
11745
29287
8152
24619
22570
19572
1327
23269
22527
11310
15005
26128
14434
30874
13018
29202
3699
32617
7591
25913
1683
23944
32271
26868
19656
22003
30189
5955
21603
2762
27310
7276
17121
19622
26456
8432
528
29741
24523
4029
15731
31204
14664
3237
20198
16453
15407
12047
24197
17426
21261
21740
14795
9960
15061
8685
9719
18455
2158
32499
12724
24497
10094
11720
18936
20449
13862
17676
5677
8318
25310
10354
24463
22752
11873
20780
2005
11251
14269
31395
21267
10889
30020
1900
2271
28661
32470
12919
12467
31957
19811
24714
28050
13359
5035
9710
15598
11968
5192
21609
7370
22672
6383
9580
23836
3274
28403
21644
8309
9163
3338
15926
20451
10105
18004
22175
1559
8662
11929
3323
13763
14805
5075
28399
3910
4716
12524
8264
27019
8170
32200
31469
12846
26507
16518
27410
10465
23881
17411
23471
27151
21494
22432
18225
3263
13192
31814
16495
22458
27060
25255
2015
20976
18622
7878
266
12824
18575
13497
7229
29079
24072
25261
2178
1699
23702
19500
16846
2472
5638
27291
20348
18922
11419
26375
18170
5485
19294
16673
26307
14354
14518
26502
23949
30210
30520
9540
4547
1359
26816
2202
32053
19161
10177
9984
28943
24175
2777
25191
22023
6711
1705
5058
15579
14672
25059
16069
21243
18869
28580
13037
3970
30053
17413
15808
11371
26305
5869
21078
16386
19509
18729
18968
2712
16154
16318
8904
19579
4571
2429
24002
14374
18775
729
25729
21684
17799
27638
5732
25755
23905
9474
25522
9366
29180
1224
6621
30435
15604
32130
17667
20143
24080
1007
19130
28623
27682
27814
8717
22192
3375
13226
19650
23697
22992
25150
30175
27631
4056
1787
22892
22849
22583
29727
22905
13286
9247
14376
25699
9052
25957
1186
4180
9394
9769
30525
4105
15424
17337
31010
25816
28565
20659
10375
29169
7089
25194
129
21732
31605
19851
13082
10083
29271
5633
27044
3657
28506
5653
24397
14812
31806
8410
2547
15183
19699
9160
17721
21388
25428
2983
13274
7984
6930
28847
19261
17366
12782
19949
15690
664
8236
18408
13437
21459
21828
18053
5688
28715
11482
26152
16222
27343
12272
1052
28445
16638
30299
27189
21515
715
15475
23987
28533
31005
271
5482
17139
27897
16305
23328
31808
29700
6909
23607
4937
26179
2928
28044
3716
24870
26190
18078
24963
31685
20700
30707
6601
4201
29648
8375
19932
16206
774
10151
668
3751
28020
31533
31442
19427
18784
7372
9484
4655
20688
31679
7081
6716
579
25309
27440
14146
14750
32192
4838
9541
21865
14630
29599
3223
15419
663
8404
24222
22131
11081
18422
28631
20521
29248
8706
29467
14181
31161
9046
14881
19086
11209
24003
24389
2853
21058
18659
15495
26803
26070
25772
21463
6143
22655
27206
3216
27269
24350
32538
27202
14884
32354
7724
8372
15639
24299
11178
10537
22054
11439
26309
15587
13597
1437
11711
22758
23422
15233
18501
12030
22899
27944
11264
10243
22278
15044
28519
23388
15764
6545
24279
8130
5503
2745
26597
6470
27684
14710
20211
26774
22029
17526
25345
24444
24935
13955
9158
24231
3254
29283
3583
16558
5575
5629
520
30290
13542
6334
30889
14340
6226
10555
31282
28839
13294
3608
3018
17814
14649
3624
1796
24553
19328
9173
4019
23284
17491
32707
7168
31761
7221
7856
17081
6048
19351
30367
17388
18251
14344
32565
32693
21903
422
6499
20308
631
17624
6725
29826
1451
9279
32074
4870
29098
12009
406
26755
23636
30408
13988
13972
28843
27491
15408
4890
19930
19660
14676
4821
22391
19154
20209
562
23301
9335
2384
8292
11965
23461
5385
4278
11662
20764
15140
30240
13410
23727
26751
27928
1187
13744
17519
22442
12285
16297
6826
12235
29030
3916
7269
21483
5980
15277
15545
457
25454
20399
11339
29579
766
28604
14380
21262
1349
1978
4094
30587
29336
5434
14169
8475
26857
25074
9837
10092
24976
17005
24040
19828
1100
11521
29210
12373
11140
15618
20822
1058
32211
30261
18844
4849
16580
23687
4470
12849
18650
13311
22560
8766
10964
31986
8427
3123
4654
118
28131
4608
24811
280
32176
9404
31890
25554
8378
5436
27767
25911
27025
4836
11579
12017
15499
3261
23958
24941
687
10440
10324
26069
977
17810
3998
7231
11263
14857
32123
14884
16412
18318
15767
27923
17867
29259
17474
5542
8847
13255
26299
11958
13872
15287
26799
13515
29792
13080
765
8662
16798
13690
18364
20771
5979
29855
1919
24457
13147
14916
7127
23524
22111
15423
15130
23493
22017
30410
14691
18535
1503
287
23258
30693
15355
4165
6966
26283
29794
7209
3712
9514
22540
23280
16153
19921
11012
1676
11518
5944
26056
8333
21067
22174
32243
10298
20734
1685
8729
30433
11774
9724
27891
13931
15708
814
21436
9779
9176
18297
21466
8729
4519
22226
9153
8146
6771
22470
27413
5762
20132
30644
17934
1164
31198
16186
6177
1960
10954
2797
29149
15159
26650
31821
3603
20692
14023
30456
10809
5932
21917
32285
15888
25359
20986
1588
22149
3783
22995
3820
6101
936
28407
6501
10997
488
24472
20128
6705
6833
10247
27188
24851
4213
8639
15682
13190
4482
9125
23978
16443
214
30606
21887
29260
16692
18690
26297
30240
13943
28992
14122
1422
28967
17537
30900
16197
14410
17537
25016
3435
25980
23612
2513
24452
18242
2293
32451
15254
32156
5245
9646
27274
1241
17586
15496
17366
25263
9286
4041
23641
10635
18626
14440
7302
17958
14794
30215
453
19289
23970
31083
3862
12338
3825
13102
12536
13383
16325
31416
6281
24138
19928
8555
20974
18654
27666
17950
6645
12713
17742
31949
14073
32427
15457
7822
22791
11726
27992
21959
17726
25278
21506
15007
20604
1786
15279
5042
27959
12332
23606
3849
20648
16566
18493
1865
29487
30349
4276
10538
28659
23626
16803
3371
1993
20606
7206
6533
19287
5958
12725
16477
12409
10784
17577
28221
5859
14845
4604
15557
8
6040
26705
15774
32315
30213
12340
29104
7956
15245
18850
16533
21782
21689
25292
1101
9358
15789
11288
32051
6078
13751
3433
16943
15931
20776
16544
302
15252
23907
30051
9167
10548
19251
25117
11359
20362
4962
26181
24328
31335
18823
8676
2885
27815
20767
9809
2457
14099
26847
9279
16769
30342
73
15098
19367
15695
2942
19694
1112
11223
18771
32105
8760
31876
12198
15266
9525
1756
29171
32505
12729
32238
22050
6272
11300
28141
19363
15803
10361
15647
30909
12452
599
13301
12835
10482
12588
20604
4297
25243
11429
26868
6645
30104
30057
25021
11673
23272
5638
31355
12000
17111
12331
30322
6919
8320
27161
9266
622
3729
20564
2169
6127
29006
32670
12373
19054
31193
11045
28297
7345
28336
21244
2098
12146
23927
16072
5290
12723
6648
4284
5293
11090
11880
1223
1210
21981
8427
12299
28348
30631
12891
21650
16106
29980
31301
7484
24556
3153
1077
22012
25151
28384
21044
29764
13018
11762
26766
958
9490
11421
18137
19261
21435
3185
29234
15859
7568
18509
29898
3300
16597
29047
30370
27802
23098
17132
21394
25371
19203
32501
21136
12824
19046
19195
25135
12647
9780
32156
32358
11700
30396
4863
9107
8051
18925
15204
29375
19992
2490
14335
27428
13195
8643
31238
23788
13270
10289
14345
31036
32033
3553
28034
9073
9185
6598
30893
26538
20300
13192
19097
14982
2576
16753
23935
26159
2884
7562
25940
18583
2975
26113
28314
18177
31464
11470
24443
6852
10669
19094
3864
23371
15160
22736
26399
26977
29631
5926
17307
8107
14043
16414
1297
27766
19003
4345
2248
14516
12442
2268
31592
16448
12526
9005
14791
16234
24035
4416
13311
6575
12679
14131
1732
24008
4423
28694
16116
19175
19994
23887
31600
15165
29948
17725
24875
6079
926
17692
5504
14634
21852
23081
13001
23108
23663
1542
27437
32613
31588
4703
19897
30519
4812
14286
25010
22714
5942
11260
3114
8843
17242
23306
29650
24421
14999
20527
22287
29672
12192
4514
2128
31129
25458
29626
1182
19243
4233
10067
22645
9725
5715
1909
18130
1251
30949
27184
26253
6185
2285
30922
10729
32469
18407
21277
1130
9517
23700
570
8934
27769
11176
32338
27103
10
26819
19415
11792
31611
13219
29662
23366
17975
5528
23496
32113
18491
29496
16417
24571
23582
18003
22216
14168
8782
13354
23632
2271
6556
21467
4263
17624
8443
14624
26357
18134
18052
5945
27847
12359
1982
4135
11373
20809
26397
1051
3744
5055
31432
29998
32617
7332
22687
21330
23102
6048
893
17545
24941
24793
15802
15701
17598
268
25845
32111
31571
12252
15120
17595
29908
20586
16507
21628
26057
7205
950
4293
13127
28644
2577
22064
16847
28466
13751
22481
11123
29160
19690
6509
8506
28674
1680
23016
31686
24491
16367
509
16180
14746
16309
27442
5700
6049
10811
4874
2234
8579
2826
3708
28932
15367
6047
20900
29980
11850
3947
8121
1712
12633
23838
14143
11905
7679
23845
3709
9993
11484
28017
13362
2656
31927
10875
10372
5984
21270
32133
16953
21000
19211
24610
29737
798
26192
30968
1779
23320
13462
30149
6896
15421
1307
18080
1637
28680
22139
7810
25597
19405
30920
23812
25974
2206
5596
17770
16026
21104
5102
9953
15473
21114
1636
23045
23733
14558
8424
14246
31110
2443
24766
27852
23903
12386
24661
20472
21321
8344
2332
7085
1870
859
6038
12847
19249
14776
9649
20107
4956
13756
12116
18135
16410
28377
17719
17339
1798
30092
25079
4401
4292
27197
5482
27784
7918
23399
31280
29615
20049
20216
10634
6576
18778
31483
8559
17531
32459
29044
20701
30693
12466
17291
15982
12784
28572
24557
32043
23629
22022
12400
25508
30495
6164
15094
14657
24834
15238
18835
19923
24652
3047
24050
12142
20883
7943
29684
29307
8047
32172
22427
16393
26496
17541
4647
7780
28851
20831
12926
10217
22210
20635
29905
9240
3834
16096
3453
14059
10817
13069
6959
6758
30807
1138
1100
5744
28764
8511
17296
10977
659
10556
26613
8156
14181
8379
19414
28767
16297
20428
18260
17176
23074
8623
25081
25979
12873
6287
18331
32017
7245
10605
1155
25363
21081
5210
19663
24119
5909
3305
21269
11978
24943
18148
29257
8447
30107
15166
12001
6535
3928
14665
21302
20577
374
6185
11054
11764
28309
7305
8984
32347
32559
26252
19927
28416
14553
31750
5699
2668
23237
17133
8140
9821
25484
10
6753
30745
9258
11764
3472
17155
1098
16447
24302
21868
23493
9969
6073
18347
1381
9781
11708
12656
3822
22100
21363
18773
10847
24544
4976
8886
17525
18483
15101
32195
25713
25112
22531
24019
14619
14023
20010
23036
30471
31511
18242
23520
27671
25839
738
16585
27713
29949
18766
4345
31634
2219
1438
16699
22899
18511
19229
12990
20780
17826
18928
25891
29606
24180
30456
3797
7797
14238
27385
3993
29717
25655
15611
29030
10612
3339
23536
27510
19633
11336
11160
7069
26916
12667
26786
27098
11422
8635
6164
18988
29170
2084
1516
20646
21684
19080
5895
19398
12864
13920
29251
22787
15358
23049
17633
10149
32485
32301
9773
24025
1086
21375
24160
21509
28587
10411
5317
6745
15975
15500
10523
31911
3023
160
15419
30836
32546
24506
11258
22863
18053
23799
1617
28513
17226
7923
14267
5190
19313
15165
30943
29211
9327
22024
16239
16600
6959
27171
13904
28128
23895
19755
251
25047
30668
17407
20003
22708
7800
15220
32152
23
8523
31050
23915
20444
12927
22879
16979
20720
25121
27427
32591
18019
29389
844
141
27839
27577
5579
3467
17305
3060
27646
30332
5477
752
2855
12525
12687
4671
24349
10152
3271
31898
32065
16856
15260
26151
5044
25967
31564
2556
22727
30917
15578
26847
3763
10113
26210
21839
28555
28349
16042
201
5486
13413
14073
28228
13057
28128
1836
28158
12316
6643
20486
1658
32452
4578
14280
28361
15450
30168
13569
32266
29457
14472
31656
13357
4006
3605
16488
16380
24395
16943
17979
9819
10724
14720
27194
28366
15477
8774
8628
31037
30683
6209
7805
24820
14267
16335
3464
4334
9657
7254
9144
27987
19690
9698
27892
13887
395
25103
4474
1989
28915
1066
1397
6964
28102
22675
22225
11672
19564
32613
3406
12164
25537
14937
20691
8719
1550
20968
18950
17693
1593
21936
28953
31456
7480
15385
16102
1182
17355
9528
29759
31924
21611
17652
27519
12763
2429
14439
10341
18346
11212
19079
6691
16476
1334
27653
17329
21460
27558
25205
15975
14302
30786
29360
19147
15800
16101
2678
25512
26833
6607
11608
1888
25296
23963
10453
11138
28888
2418
21444
3743
19978
18303
23794
23642
3916
20898
27915
22463
29769
3689
8126
32726
18873
31292
6172
25207
16611
12503
13377
4447
24672
11006
9271
28036
29217
1131
26647
15526
4788
24076
31089
15655
17858
12395
9198
11292
13277
8814
20788
29092
30072
14400
19466
26489
3895
28303
16061
28100
874
5624
28866
16950
7380
703
1948
19796
22192
25796
20225
23058
1526
23474
19512
27556
10202
7034
8389
9617
31125
13568
72
31241
15721
22291
15779
4728
20703
7075
13147
9819
30804
13614
2881
13395
947
4220
10577
20855
12420
16012
15834
751
27942
15054
17119
21951
24920
24979
26813
10464
24575
10945
13839
23957
9763
31947
24271
25084
2874
11232
5822
18915
1705
31075
25349
27102
11912
10140
12060
10390
5029
30125
10475
31332
7884
6087
10287
15135
21318
32669
9504
23090
6816
2329
593
3313
32174
24398
11735
31533
28366
11695
23981
6661
2417
29054
27479
10496
27352
32647
4806
1369
2076
4621
6268
18330
9585
29445
6896
24428
21163
5762
4916
8622
4354
14705
18645
31940
1554
22662
15619
18226
24614
4982
20721
23657
20405
20583
11135
31712
14893
13220
8727
7783
2544
16278
10452
13753
16284
12528
3562
2640
10384
27433
1090
11133
24236
2351
16740
9655
30039
26202
12954
29492
30663
13214
3410
23222
7293
27910
16069
12456
21006
17245
32470
11881
2345
20014
2621
21480
24534
6640
18404
1905
4604
26234
23953
26566
21286
10685
30662
1138
30086
10929
18662
28762
571
18576
920
25237
9935
16963
21616
22909
7172
4633
7885
29702
27088
12735
253
30031
11430
23149
25512
9847
16375
5469
6251
2738
29177
12417
19395
6556
9383
27509
20013
29645
9
28851
30859
17837
6581
28422
12234
19593
13718
26433
19394
12775
1004
560
25949
12567
148
719
20476
15115
22410
10426
16918
3177
29356
5861
28962
27101
5312
4749
9400
30388
9657
11886
1267
22951
5174
13879
10265
9204
28748
28219
9086
11956
9093
31593
9125
25192
27176
1918
20393
7381
29115
30073
31707
10514
16583
14927
28589
32223
19419
11745
17103
13880
23507
26667
5527
30762
10586
32446
10406
15846
20910
13936
6089
13588
2212
32082
15389
10345
11243
16610
31095
10108
7060
29826
31490
24789
31698
23593
9002
25159
17407
28505
12985
13185
16096
26705
27456
32479
24618
21379
12473
15494
4933
13128
28266
5039
26447
3027
17165
26179
15460
27491
14381
15017
22045
17085
2259
30683
30550
8666
15202
10176
27445
11485
4800
13238
8040
23880
6838
20333
13229
25454
21402
1532
8856
15404
16683
7470
26513
20180
24764
17181
17948
10090
19093
14851
5725
8467
662
30284
15067
5322
15389
25328
9092
24661
5418
16383
497
22903
3265
20350
4844
360
14480
17521
8495
3202
32210
10297
9583
4669
20851
10784
10137
31069
17269
3379
17756
29802
22930
10320
487
8801
32035
11391
17140
10153
64
9605
7941
21320
32297
26807
24813
9303
6884
26125
25747
17331
26152
3959
12531
17910
25978
19060
29541
18854
2454
8160
16418
17836
4880
7693
15364
7175
10811
8470
5005
17601
11850
30064
25387
9506
32693
2242
29882
26405
18911
7415
30283
25896
4085
12689
3620
32231
281
5952
28680
25771
22464
25011
22456
16831
18520
11182
3257
14116
17199
24925
21336
7557
3472
1256
28396
3437
30255
8519
6491
2232
10438
24408
5087
22600
25857
28974
13578
29177
7320
18348
6152
31446
15546
18003
20773
14733
9906
26969
19342
3360
7109
4603
13404
15326
8281
27924
5838
11922
6749
10221
3542
27642
12004
26455
11992
26746
8979
13559
4526
32274
17470
22242
6639
8334
6990
17770
25969
8700
28518
13111
1036
7011
23494
23449
23713
19890
31983
2844
25435
3831
30983
5725
1333
6097
26496
13085
27837
17704
23541
26516
1047
8731
6228
1031
22596
20026
10818
23197
16805
5110
30651
10607
30138
17237
32505
27358
26160
9451
19864
41
4379
6405
29431
27199
9856
14119
29153
1233
10006
441
30061
30636
24653
509
19746
21062
27024
24644
29791
1430
1735
19554
10490
12329
5153
19039
21800
28787
24336
14191
20637
12643
4245
6948
15604
9530
3261
6371
336
25244
27500
5525
10564
22503
28249
26014
10992
2245
6234
5907
22637
18941
18914
11303
108
28559
1735
23015
537
8447
18761
7976
22598
18417
1617
18365
24517
19702
18166
12269
23829
5798
31557
23588
1346
32495
27202
14568
3590
12972
25386
5903
2356
12153
5115
14383
3926
21446
10550
32599
32149
13611
6884
6652
19162
12539
19159
13622
14387
27420
22578
4909
24696
12054
19500
5325
27438
26473
1040
3010
26283
7972
31880
26784
3451
16819
25116
6497
31491
3321
2806
11285
4964
27039
15848
2517
8867
7595
27312
24057
30470
3412
14202
32139
31425
32276
1958
25339
4305
4096
24524
4627
14633
24917
19197
30766
16396
4179
9548
7333
31930
3918
28557
13707
25422
32514
4189
29850
28135
807
9827
8300
8454
17733
20437
19951
12087
6602
2877
19987
32756
31578
5501
9157
7622
20582
26896
5665
20397
12032
17044
13027
25026
4845
20101
21791
24859
14844
25676
1075
20207
6807
29304
16121
3834
10392
75
1857
5411
23646
26744
16766
5725
12319
12587
15551
16587
1919
9546
30433
16167
13666
4858
28931
2916
5119
21350
10299
21650
25399
32700
1671
31747
24868
30583
24583
28076
20724
7140
20585
22477
25592
25823
3236
1493
14584
13022
31977
25216
26058
562
13014
25922
16162
25481
4078
28392
21164
23990
12358
22909
18264
7349
28032
16234
6134
4585
3581
15842
23554
27049
29775
13949
4801
31227
25325
21539
9357
3743
10283
22316
3692
13904
18025
27845
27624
30022
27786
5526
21275
255
21160
24482
14090
26943
20229
30574
17460
21078
14149
21605
27498
9377
25051
1147
3808
21843
23490
23313
1413
11381
9837
1816
26768
11308
4608
21626
24411
32059
1984
7349
23925
1224
22728
10953
1779
1891
25855
5717
12038
32068
11846
23037
9427
31700
11254
10510
17022
22640
29321
18533
29320
26729
919
28301
8028
591
23045
28455
16676
9327
1657
13711
32225
25754
28688
21180
4027
3368
3412
8808
26005
2877
10600
19313
12773
4683
2438
8064
23491
6360
1708
7656
1600
4738
28561
7633
8696
2880
18142
25493
15595
2026
12699
9578
1160
20476
10727
17218
11787
1175
18925
13807
14601
10440
17171
31115
16457
32525
21876
30487
19670
24597
23441
12642
24402
28360
15939
14636
9101
19847
25845
11404
599
14517
30223
17807
1426
10870
31669
15394
17035
27574
16562
32562
16010
13934
31151
2321
423
19746
3753
21276
19424
11183
6306
11419
8297
13635
26518
30952
6979
941
9392
6356
17680
15319
25790
838
22822
2960
16099
20773
12770
13455
15243
16504
20286
18613
12196
29388
11174
31635
22540
27350
21256
11564
18757
3418
28715
4604
1904
10572
17473
7225
23161
19252
15551
2648
12943
24535
7020
16083
12503
27155
25784
17706
10337
20491
2128
10280
11099
900
30703
32103
30852
2447
8311
18966
23780
9577
31040
9466
23995
10911
7600
14771
16055
14965
9484
4417
14441
28809
11405
17350
29434
17076
18359
30605
6426
6193
19174
20812
5946
23553
9258
14758
23291
3725
13908
7156
9958
6798
27217
581
20061
28970
27319
12963
28113
12639
15774
12697
29494
24229
12465
19954
2740
27343
19333
6594
17312
5939
15401
29867
426
28938
29182
2905
3672
27930
23240
28751
24243
26258
30214
12774
24896
1333
12927
4498
26673
20154
18974
16488
989
26483
4095
17629
24942
17966
25802
28113
473
24409
17728
30412
23828
2921
10003
16775
17795
11388
6139
18606
8115
22332
21254
12260
16970
775
16432
5384
4670
1358
4659
1718
12102
23611
30368
17425
17550
3223
3119
10688
20911
5866
4947
28727
32734
18404
3346
7992
22371
26619
15380
23193
26958
3670
15354
27719
16741
6890
8945
12171
13408
7139
24966
16780
24153
8773
21692
6934
25982
18899
15963
30617
21769
30768
6028
11637
9330
5956
29091
23412
16098
20193
22844
3992
7916
422
28553
19224
21112
4388
11754
1957
31487
11584
1982
8689
7678
13016
24186
19826
22948
23978
31736
30052
20942
20849
1809
12045
26934
15952
9837
8516
6887
9332
17818
1332
2037
31478
12380
9310
3434
15870
30788
30685
30339
10286
22660
19694
7965
6974
3074
4783
6762
31715
18859
13607
12776
1270
23306
10631
20628
21970
281
4015
11867
16382
6999
3316
20433
6156
17690
17441
11813
3520
23847
3771
6997
20341
11136
23434
13982
31933
6525
22100
1335
11336
12318
15596
830
2311
20640
1388
16627
19088
23374
14782
24612
3269
14490
11361
1512
19120
30828
27241
5264
178
31674
3784
16859
14813
23641
23245
23913
3230
1811
14314
23410
19103
15353
1722
30648
26603
26874
24386
1210
23892
4789
9848
15147
2578
16268
7425
7586
22700
6394
19263
17555
11036
14118
28299
9854
21038
19128
19391
12390
5161
6379
2808
17029
1713
32227
154
25918
16364
26946
1940
19027
8932
2294
20709
28248
19244
5716
19551
28264
23495
31083
3754
26134
13637
13970
22669
27046
22319
23108
9065
28798
28837
22318
22278
17367
25670
2693
3218
17848
17232
23197
743
9253
1032
9144
10253
19604
30557
26396
23552
13216
16840
28776
20659
17665
23414
25895
11092
4028
23465
29350
19154
663
4956
3587
22429
19664
15142
31367
173
14094
14432
2613
2501
2200
15754
19619
3833
19653
18923
8201
8558
3252
19576
22680
8545
20796
28151
29197
31082
294
18020
32645
7938
28570
404
19859
31812
11992
14104
27280
9968
31529
31076
2354
2229
21012
24625
29024
23728
2516
4639
29509
9776
32010
4511
4260
1212
7856
20752
20587
2391
2638
21032
28810
28930
25712
21654
27141
26755
8023
22501
31560
15717
30703
29860
11452
8256
16129
20676
919
23610
17066
13121
22264
10190
27660
31493
31539
29388
25923
32009
14185
21921
23450
3517
14685
1497
12799
14762
31618
29666
14261
29013
20825
30227
14153
11367
3577
9452
29127
18444
30959
19616
23085
9369
1353
6096
9504
18033
32494
22426
222
32297
8753
3282
2420
23530
20901
5775
19761
29207
24114
10730
30042
11056
5480
30466
26399
14071
2580
8004
28878
21201
19217
24809
22343
29038
31841
7103
22448
1452
1660
4909
29034
29881
20456
4465
3139
29560
13578
20525
20205
21287
12860
18978
14767
318
29728
23099
22874
16026
16947
19405
9855
20954
30629
16413
25823
14602
32360
3363
5923
7807
135
31117
23245
5377
17337
31239
16495
24368
25398
21434
29722
17952
23497
18450
18970
17223
7718
11717
992
409
7039
6929
24896
31217
82
1349
20957
11955
4485
31106
23265
19119
24500
21187
1265
10057
17610
4379
26208
32215
24526
13886
7586
18507
768
19267
20484
5394
18469
29608
155
21052
16159
12695
21370
21468
27328
16231
4392
6578
32736
8806
32338
6151
6829
23254
23484
2009
24131
21813
8829
568
12925
194
20588
27376
5130
12092
22742
28264
10947
8685
3442
5834
6715
26599
5014
15460
16536
29070
14762
21839
22434
32086
16606
26702
11290
16846
28440
9976
24397
30942
32048
29466
26345
12364
13664
21335
16142
901
22006
6929
680
8859
3148
18829
24061
19082
7162
25681
3970
4799
1610
20689
27379
13275
17901
29003
4770
11188
29420
2288
23312
25244
25313
11076
3258
13799
6502
15047
30773
2983
7374
15061
4221
21434
787
30923
32651
6663
19216
20587
26917
3588
22000
3970
20474
9084
5351
15559
20718
12431
16160
17927
10419
11514
9206
22911
14233
30360
28006
28298
30631
16169
26308
16764
6378
1875
7086
18125
14349
19174
25407
22906
25386
16996
11140
10408
24800
24001
6452
10378
28070
23655
20379
2694
25438
9853
29912
147
32558
19305
17992
20454
14731
18835
20802
30413
25750
876
9221
27099
1196
1456
2798
11333
5944
744
11759
18316
15308
10290
8764
26204
29553
12100
17479
5813
27195
20911
28143
30536
32544
353
23796
21540
32265
2670
23983
30353
16426
528
3584
11324
9871
9964
19591
18837
8952
5782
10263
11126
17127
31832
25447
31749
28919
7471
24843
16091
24687
25879
2979
26726
22295
22920
3667
1163
18763
5441
29043
12432
31821
12612
28551
27706
8928
16162
5745
1586
10258
14456
2277
10157
7257
1978
29726
17228
30945
3631
3535
27457
11557
19261
11869
21172
10941
2279
23371
32357
25462
12692
22006
26770
28072
13074
642
7195
17092
4826
15124
2788
19501
6038
25409
9083
12873
11232
20423
27131
8663
24141
22139
6192
31619
8874
6787
2299
8631
14469
26821
29432
22709
23280
14495
13919
27875
7553
9433
16936
4965
6813
28888
21619
14577
22262
28180
6694
13023
32339
21964
29144
1664
23952
27384
21998
15025
15845
30847
12803
26544
1387
32682
10126
31022
16603
10968
1470
22181
31385
22644
30889
26091
754
21029
13222
7176
3490
1092
6903
4165
18586
18835
12460
17797
20480
7980
18627
7640
9078
21687
18580
11342
159
3296
30061
22793
18143
8713
5753
2966
18531
17211
28134
20350
11362
23907
19782
10007
18082
9403
18742
160
2109
21126
20542
397
28069
27392
10489
7200
3558
8085
7030
9017
12075
8529
18909
20591
1156
30616
31830
28767
30950
12055
25638
10564
11124
29946
6683
4041
252
29279
23595
32283
28357
31755
20056
24897
25224
27228
17111
28848
27580
11647
19824
1050
2582
29155
9768
31624
17745
26862
7966
28072
29227
2542
12723
4200
18608
24402
26349
4035
12218
13338
7966
18139
25017
13708
31936
3913
20144
23849
30372
6833
24448
14047
21836
2713
32361
22400
8085
14971
2254
6003
15000
28696
3640
26026
16595
26128
158
18131
21636
25776
14820
21715
29014
23819
31393
21104
319
14924
17957
10061
14505
23882
16315
22556
32208
30301
27947
20239
24427
12657
643
2191
24206
26712
6935
30769
4047
20325
967
14822
22440
20534
31360
25458
17948
1745
1798
2591
21917
5363
20720
20658
4398
16292
5876
4510
26053
2831
11108
31096
8947
18577
6649
9643
28358
19216
23248
7021
12527
13710
14002
10993
14624
6141
16536
4830
9400
20053
2158
30721
18338
21989
27416
1342
7290
3302
9139
18381
32754
4182
541
7075
15221
11268
27319
15405
8970
4327
873
19780
19066
17843
12775
28766
5557
1454
20275
14849
10354
448
13412
7038
30998
14282
1189
5339
2775
21561
22656
17169
4897
20955
11869
7800
3640
19441
17477
32127
1824
13957
16108
12192
5818
28926
16879
17555
24111
26353
23898
21442
145
13114
29805
22526
24512
31052
416
29552
8331
26821
23524
12242
14872
8006
24876
3807
5254
23681
10796
32519
31440
15507
11104
2152
25589
27797
26449
17914
22358
3437
5652
32521
28767
14570
26131
29929
17769
23825
14864
14565
13791
25009
2150
7800
25504
19518
16274
7616
23461
21979
21491
14895
12772
10169
23246
16772
5236
12704
22165
30457
6641
20171
6249
32446
20258
11513
23261
7591
18393
10689
31229
8482
14107
6694
27791
875
21121
12395
25240
8195
1246
29737
11554
3166
13346
158
21309
26843
7807
32072
30788
15866
4810
1202
30561
14794
2083
28047
22611
24992
22744
10757
367
3086
9351
12619
19173
14099
7555
10102
22341
3728
17785
14224
21826
14075
23892
21483
3765
12375
3165
20660
26853
25956
679
3275
14853
15123
6826
7378
6142
13372
15918
11397
1135
32147
4715
2633
6642
30169
12142
4359
7842
1615
26302
25658
8154
24432
23872
12871
31551
28127
31832
28942
30976
7071
32337
18622
23388
12674
6655
8429
1893
27876
4514
1000
11012
7576
10510
19527
1086
24611
18185
20677
11701
18472
17909
591
5234
3876
14255
12379
31457
7004
8374
26491
11549
29459
28304
7730
19054
28671
11625
9222
18449
18174
16638
1750
4407
14342
9401
25198
26703
31322
30493
20057
28040
14596
21605
24054
28306
13183
17512
26319
25509
22196
16320
293
15813
25128
4139
30416
27204
28019
4145
5190
12168
25076
3592
4089
18191
15555
21940
31718
22703
11495
9842
30058
15139
25033
5975
1880
7619
7657
12085
29258
32659
25040
13246
20276
6015
17222
29676
16447
4581
17604
4512
9172
18260
16684
3721
32246
20628
16312
8263
3030
7142
17456
4048
13729
26508
28513
10259
21149
17804
970
30684
29556
3250
8856
27384
9936
23252
21717
32409
27687
3161
13532
5372
18649
19708
19472
11336
13176
9678
30925
31930
18790
11386
28831
16895
678
14285
12978
13281
22508
15734
32394
29222
3830
15626
8948
26549
8479
23627
14653
26875
28722
6313
8353
4493
15740
12809
19974
9487
5925
12998
17387
30548
12224
14581
18075
8134
21536
25838
8358
31753
29549
4360
2961
17883
28024
13987
4301
16447
6988
9324
30438
16346
17926
27100
3837
4765
32742
7170
30328
2724
5029
22403
8440
12382
32265
9183
16011
24559
9656
7157
21028
21970
17738
32714
3144
28355
15265
4998
15881
7900
13949
28607
30776
25598
27467
9978
10967
14194
21054
25711
22733
17104
6049
26637
13277
23584
14188
958
13529
3392
30485
32236
1043
10886
12712
32068
17941
15525
10778
25018
8338
16853
22491
11981
2972
2606
25002
27404
17174
13141
15021
6361
27757
1883
5569
11373
17539
17122
8975
8988
27116
1666
19424
8154
5981
30571
24754
12543
25185
21323
28042
9031
21070
31602
10381
1565
25464
15156
11978
17689
19108
19854
859
31431
3264
26125
1196
24746
16081
16620
19482
128
556
32380
11200
2760
4329
19913
16013
30338
28309
10875
16026
20022
4391
12794
5563
20023
5685
21462
23637
14377
22632
24933
14959
32705
31022
16558
24331
13516
12974
18053
438
20083
1537
31736
8798
15293
6559
21226
31588
23893
23575
3582
23026
19598
16132
24503
20623
5028
7740
1245
30704
15173
10058
24098
12817
20815
21791
19717
9093
19676
21508
22519
22283
29564
25043
22972
16225
9153
32359
16405
2909
10497
81
7580
57
31831
25036
4847
20015
5867
23028
21264
4933
14707
5682
18188
107
19706
10235
5339
21699
16608
31418
3464
9024
2595
26122
18066
5746
10204
12329
25233
9888
20749
5289
19740
30232
12185
9065
28139
18371
19604
3012
5945
17404
4541
10248
13164
32674
1097
23850
30200
31084
7395
8888
4993
381
24816
18190
17728
16185
8471
17357
7079
18774
257
13961
25672
1078
11357
20930
9971
14964
23848
23062
32286
9149
5931
948
20106
19937
15557
17428
8740
7209
24810
27622
10794
20716
31340
7496
11406
21853
23673
29243
24735
13223
6246
26456
32486
30524
11434
24255
2126
26473
9518
20305
2185
20527
4292
29727
22446
19790
28660
4129
7975
19362
255
6700
9674
13490
3358
25886
10054
30855
6923
6236
15041
27066
10946
3198
3263
8145
24201
24648
28742
21452
13614
23004
2880
27386
14736
26671
8736
9233
19296
22714
18120
6782
25897
5490
28330
5114
910
32505
13358
19550
4564
14102
18260
13240
32672
28515
20891
21150
25601
4165
20769
18626
20912
19489
12043
6599
16535
29389
5415
15443
12433
6469
18128
8038
26993
27040
275
6634
31813
12098
9744
30859
27100
29522
14242
7624
4741
15727
25922
26698
21274
19614
12584
21365
29501
23687
28852
1598
18658
19170
11277
17468
13582
12588
8456
29953
24029
18078
27979
13738
18890
7775
9138
10421
16427
5625
20721
30739
4859
2058
13179
15742
13788
5948
10915
17677
18012
9590
8449
24070
27000
19284
30232
11763
8799
25557
11061
14840
1656
84
22426
6755
29349
22714
10204
3205
9674
3057
27786
22209
25737
17564
31759
13026
2640
5637
27610
12977
11158
9558
25788
21192
11617
29453
5777
12193
30220
22698
3874
4338
6983
3754
30794
16189
12639
20153
344
22434
8128
26148
30645
4601
7864
19597
21191
11549
17021
4834
14100
30090
14194
16016
13483
6699
5030
25843
17600
17261
24989
6929
19094
8344
18516
3465
7074
24415
29823
21702
21229
16822
10005
22904
29626
17891
3342
23877
8041
5336
17516
31675
25243
10944
12920
14218
23959
28120
3918
26608
19436
10112
19099
6772
12120
5010
11686
15575
8681
31218
24205
9032
4962
1638
10449
16087
30176
21160
12053
6188
7613
22202
27171
25209
22709
13178
6448
15021
71
2934
1889
26347
2910
24065
19086
10810
25393
6279
24389
126
32616
21021
17938
22183
3456
25948
1533
4904
10096
23664
14421
682
23949
25452
428
32002
6059
13536
7203
22113
4485
13486
22248
28875
30303
11545
12028
459
24553
25119
25914
24676
15463
28425
13717
28490
24591
8768
5025
30547
17842
19298
4181
1576
17055
12181
19727
9536
12741
6172
8152
32015
23063
12072
19689
14458
5173
7920
31087
15503
29512
9987
15244
2163
29997
7133
27550
20891
32215
1209
6851
12351
8686
19367
21149
28684
1212
13278
594
22810
19786
2643
15575
1309
30406
17547
11375
5343
40
429
24430
23022
16150
8667
21059
18577
23044
26562
23221
17921
11679
22640
22637
9942
8556
19814
20149
29120
12204
27887
19327
14967
9348
31920
16297
10485
22618
17023
11391
226
27010
26489
19074
15696
14618
4430
3432
5288
12082
9696
10595
30948
2609
27917
32166
26623
15731
1224
2086
8362
9015
23407
18077
3905
1465
9304
10453
1789
17307
31406
30755
7019
5001
9851
22577
11805
11037
14341
17665
1183
19712
27998
12847
31404
595
5687
12151
9378
845
27125
13942
30260
4901
1031
1461
16735
21298
31350
11491
8607
20817
17085
11874
10082
21895
22748
23046
22461
13031
23720
17689
21598
8118
6501
930
16322
22734
11158
1766
12712
5184
14612
17712
20421
1853
28510
3790
24249
823
15408
13404
24386
28227
29783
25157
2991
6850
23747
21894
18840
16960
18910
19893
25549
10140
18716
24642
8332
9321
2259
4350
2039
9621
29262
21465
28356
23368
10781
23536
6455
8207
27310
23495
2637
23354
27938
6866
21307
25219
21593
1083
30486
7920
20047
4831
14036
30970
24492
16026
22899
20462
3478
20164
17528
148
22986
13819
30875
16143
17643
23331
18113
18436
19225
29612
20778
11518
3782
21267
11500
16401
9669
21420
14240
25278
15524
15518
30043
15383
1084
18735
2784
6691
7558
13634
10259
644
30641
29469
30385
13911
21617
28272
24895
11612
26265
147
17984
19543
16108
31248
27563
23222
31536
25953
18076
31603
27525
26363
27466
11580
8693
24203
14649
5586
8268
11647
6065
7343
6186
18120
22126
6379
29014
27614
1689
5728
2645
15109
24567
30221
26428
29392
1633
28088
17090
3811
17268
10967
13721
8700
2185
7345
26623
4405
19687
10689
400
5251
7224
21595
19294
8323
26938
4754
14403
7542
30903
23896
18294
3977
30903
15079
30045
5211
6132
18528
11938
22969
12686
1714
31113
29100
24832
28350
18817
10165
4691
4281
12537
15191
25234
17105
25972
9174
25725
8979
18912
16703
7553
28812
29475
7848
20200
32686
23288
10681
24398
19958
13561
875
30804
30924
6652
19984
11416
7083
32163
7316
14820
22913
8751
26370
15269
5465
32405
10313
24991
7735
19156
2369
32480
21059
9861
15593
1266
32042
3508
29171
16213
30146
4078
32130
25388
16109
32155
9010
18231
12223
32655
7769
22529
26339
19675
20620
7259
3386
29417
14693
24072
11206
25544
7044
19130
6343
16068
29396
8510
16419
1850
8207
16115
19211
15786
28037
8576
27356
3854
20761
12486
19267
3690
3980
25876
28581
11429
9470
7578
32702
25239
5809
15137
18312
16739
4625
21241
28254
23815
31985
3634
10593
17713
23320
2319
27931
85
11516
18103
25186
15612
11213
3374
8831
11615
1717
15748
32400
16692
1375
31820
22059
12744
13238
15952
16708
5198
31471
3459
4433
26230
19401
6711
28075
18754
15891
27792
3896
24086
18799
19001
24391
31246
31575
9301
32187
9107
20061
8633
29292
3633
1719
6488
3530
2211
14330
4350
15556
4400
22566
5186
21480
1083
995
30646
5579
6421
22538
23648
30891
8469
1127
1902
28499
15595
31678
25125
14655
31793
25867
13851
32257
6979
12814
31142
14307
21329
32519
16532
12750
28850
8127
9500
7274
9083
32199
15637
32391
15953
11268
28518
1212
22395
21356
15806
29773
59
23818
22149
17746
1631
32072
786
10262
29715
1133
17950
31166
16889
6245
15992
27691
28540
15297
8699
25889
30049
17918
25790
22696
18078
12554
24714
8882
21360
24580
4241
9215
17064
17219
13660
9790
21829
32155
29958
19317
10312
28379
19368
3234
18628
18330
24596
2979
20021
2612
4294
15443
28434
7439
19735
10486
17318
21027
3764
21975
11035
1977
1871
2095
1752
18034
22164
29769
16397
140
23647
5860
19339
22113
31532
15833
8154
1072
24271
1021
20869
23840
7013
17481
18873
30594
14474
18488
19214
28247
31948
13681
14501
23570
3424
32422
21363
29343
13844
23484
25052
21667
28037
3372
30084
5126
27026
28329
17250
31151
22544
7427
16918
31374
4031
13131
636
32224
19837
25400
30337
22702
20922
27849
6709
8855
29228
14636
13090
18384
29636
7391
6621
31849
16608
1301
16858
29906
20418
5211
29572
1949
19777
29307
27789
7301
24510
21408
23171
3248
5722
31420
25509
22577
22630
15143
12788
21713
26908
15753
13453
14863
21388
3065
2869
11877
21208
10598
20534
14797
2724
14390
13418
16772
9161
29742
8597
28942
8521
914
22263
13434
392
25485
13346
10215
32697
29650
9738
8263
2454
25988
27227
12643
15700
4436
7439
21792
982
30953
17471
6144
6945
30596
20025
28395
9488
26084
13780
6704
3656
13671
16640
14791
24943
18035
3489
30425
23193
32276
24734
26241
20227
24294
27444
2517
15620
10550
31377
3872
6208
18020
17822
14450
9759
907
19740
2907
32382
24420
498
11763
1188
28520
9669
5405
27767
8245
6602
26637
8175
21811
4056
15624
6348
11127
20930
4971
644
25576
4835
12015
14464
14496
32762
14379
29831
8597
313
18011
16763
19576
25240
13919
1603
19421
22127
29447
15624
16797
1604
4749
10916
2168
9697
28003
10839
8447
15530
4655
25020
26034
6446
15125
28924
19045
8956
10292
29506
10984
32440
883
25455
27878
14446
12669
14606
30990
26661
13322
20874
20337
1208
353
31134
15147
22753
29978
11022
26950
20119
15913
21141
26331
1178
28184
12830
19066
25164
3476
13111
3276
7618
23083
15810
21623
26651
4436
26349
14658
13328
27824
3173
17018
19149
13199
12231
9364
8959
1462
9816
531
11823
17248
28917
13229
4174
13954
20557
23465
30097
24915
26957
18571
31359
5644
3548
27379
23112
15340
32201
25283
22360
25984
13313
26496
4652
7201
5126
4091
16996
1214
2972
15664
1562
16860
31942
11374
15219
14042
1008
29880
6259
4218
28270
29548
29974
13981
29989
27682
31644
2894
3976
24535
13092
6914
29383
24395
6268
8734
4418
23719
14648
3002
11844
16483
1281
19877
23022
17767
18736
17833
26993
24688
2716
31760
16257
14006
12719
28518
30982
26572
15552
19841
21012
11975
27804
15807
22301
7842
8038
8335
13925
32225
19874
26675
17847
1397
23948
28356
4183
1760
16558
28022
311
15769
4017
31005
32109
20402
6260
10224
741
16824
4699
17549
8019
25051
27882
12862
21356
28238
27794
26235
13910
31473
2506
7088
27997
23086
18018
8512
19431
3360
27924
27849
12202
32507
28509
20650
27932
4008
21899
31682
24619
12719
29974
9851
29999
8026
24883
4359
15901
27416
18855
14058
26621
28447
15321
23481
9374
24661
31276
21793
23688
2161
23947
13866
15666
27485
30022
16317
30581
23519
22812
14949
16961
17273
24985
7506
30095
8590
15010
9891
20886
1477
1102
18661
17986
2483
30199
4566
20194
3508
14225
28271
13857
15641
25915
28706
22071
7561
28948
30561
10592
11681
22352
26463
16013
22238
22667
18202
26202
14013
11868
29593
11329
800
28206
18290
28685
3572
3659
23440
13201
11281
16698
17715
28825
865
6987
30008
2849
1093
13936
7323
13253
4660
18510
14906
20089
8102
24212
13788
12666
16688
13708
11377
20613
31728
23792
20892
10310
21291
7934
2670
32275
22837
24014
9589
18394
18321
23268
21493
20568
25178
7426
18549
27532
10977
26687
7805
20332
9624
31837
28575
25814
14127
3416
14772
9417
23804
10811
31336
21973
17568
1591
9209
15824
1768
22518
20283
7115
2545
17197
20192
32324
20112
113
2038
18846
11504
14155
13233
718
17533
16014
28267
12886
8961
14056
14313
29559
26381
13240
18656
930
24987
26143
25015
26161
31473
32346
30351
28756
24265
14159
23681
20814
13230
16485
23590
27361
25001
31129
19805
3590
11293
13775
8264
28642
8944
30565
30616
27382
12011
23310
14347
24726
15716
9438
12594
20124
20250
9121
17272
27997
28256
24177
10080
27100
20606
16520
14862
4158
9812
14162
29449
31358
24640
30406
26431
5986
26946
22519
32074
7598
7518
1510
14065
16279
32578
27803
13298
12922
28969
7796
20991
24270
29951
9148
3590
19544
14278
26751
2741
7837
27704
15517
24638
13725
14510
6686
6487
18110
15424
9669
389
519
28462
7656
10395
6030
25215
11135
16253
12596
8935
18810
12842
13455
17134
13912
8954
24872
20559
9205
11044
7911
14494
6563
1154
4299
24878
15485
153
16350
30258
29176
28884
29289
13602
4283
25616
868
13921
5041
23901
20016
31260
860
26627
649
15477
2412
11460
29878
21729
25232
27745
15874
9422
8844
864
16752
22922
32396
23307
26795
1376
4535
27580
11580
21508
20488
13400
16895
24113
7001
19226
28888
24720
11969
27538
162
23004
21536
9709
14184
21572
6136
4982
19672
24080
28543
13405
24820
30088
1266
23223
19211
27665
7723
18119
21736
1178
20854
22652
13897
20790
31905
31290
25747
5130
12882
10462
2755
10090
4509
15612
15784
12607
15318
22890
16464
9644
23716
8963
27840
23793
30807
9637
5351
16527
29820
2684
28629
21421
3758
899
26409
6842
13743
4167
22728
9812
30903
32751
8405
17768
267
21625
32733
8859
18898
27462
12625
20713
2596
3801
17978
2956
1381
21980
6184
11552
13777
29539
26731
8708
1367
23669
32646
23043
2219
26313
24801
32052
28823
17613
26302
26654
9618
748
23150
13088
16787
27153
23749
18705
23591
27495
13003
20771
23746
31076
19124
28685
18258
29189
3347
9321
14106
32347
20042
16986
31678
2886
29765
21107
3226
16257
9320
22484
18008
4830
3525
16790
9922
27347
9107
2922
31444
24630
23515
20860
13078
4677
18037
23454
21033
10985
4147
25506
10655
30780
18012
6919
22800
16200
28252
13273
17257
11282
17849
28882
28296
727
15945
197
262
30357
2723
10557
21076
18637
20179
1121
16650
5767
18770
22042
17275
30360
2101
15480
26253
19744
32420
16210
11976
30806
3726
813
4012
14984
23195
9055
27976
1373
29794
30581
23560
2654
15069
18385
4815
13492
32025
13720
17221
28723
13618
22987
19571
24984
28543
24499
31629
29711
12810
7811
20238
24569
30787
30265
28682
3819
5877
29637
21952
250
7288
109
18288
5942
297
8304
12396
26484
15383
1257
31344
32081
4095
29943
25142
11379
9339
21019
31302
22546
16246
15329
20492
21431
13027
5827
26412
16708
21166
31306
32538
4149
1779
19062
22245
549
20079
96
25427
22676
17716
26142
11059
4071
928
18919
15855
19376
27023
27767
30817
22576
10704
11957
3047
25883
10710
17044
31674
23962
2480
25399
1147
406
26684
22616
8719
9268
14231
18666
10157
13212
13783
8445
7733
28159
24061
3811
23748
26584
25893
23441
3973
18290
6144
8775
8394
22954
11396
11124
14427
25590
23522
28372
17677
22438
22713
219
17559
19050
30089
28502
15778
22549
3946
20816
8223
20896
4350
3634
32733
23922
8612
8239
23899
27870
21742
21983
28891
10990
28246
22314
11191
18527
3372
29032
25592
18668
21715
28358
24101
13776
25901
31980
10585
22918
14164
26333
408
26835
12939
9758
11363
15622
3444
3866
906
895
20355
7365
8770
1646
1714
8064
26743
29405
1398
21309
18532
16369
15602
8419
4704
7020
1899
3828
13051
32631
30461
9581
5961
21919
31884
18669
11134
19229
31485
20762
10171
14938
6821
24128
7976
19890
28929
12860
1347
16248
20648
4249
7544
23355
21887
27128
2289
9288
300
22197
26287
17776
31693
9415
14810
11788
19689
31976
2645
62
8358
25335
29590
13433
27965
5530
5557
5699
3244
4391
7362
32313
7851
14789
21084
27988
18144
28878
28031
28012
6998
6520
5278
23290
22316
20661
17906
31778
9610
23639
6673
2289
6361
5496
5314
2275
8756
21017
30736
10664
7449
4617
19869
29479
17253
29449
6713
31940
7551
12333
28595
2014
17107
12421
20719
9116
32386
26877
7225
15850
11351
5506
28633
17854
25086
3430
15592
17056
14448
14086
31842
1385
18866
24234
14972
22091
14015
29868
27703
17425
18883
30429
17205
30888
2185
2340
29643
14047
19255
360
8537
25963
11065
27312
25814
19246
24187
17289
8623
24761
21211
31657
7378
23311
7646
29905
2565
21419
5281
2808
893
12741
8211
26533
8108
14546
8546
9373
6490
24650
31411
446
15863
22701
4118
12843
5680
25032
21689
1193
31936
22069
14428
27465
6025
4129
2308
9800
26339
2897
7412
5683
24372
26727
22745
31054
16577
13666
26181
6199
8643
8037
11870
9671
24254
29113
27864
22073
25870
1556
28448
29070
3010
2588
21466
25903
28334
15911
24206
6357
32700
4421
13214
2726
17027
16000
4220
30369
26139
20322
21529
3387
12591
10168
27553
32074
29779
32406
30565
21795
30360
26779
15385
32511
4190
22390
13375
23716
26730
12969
21987
17985
1849
28045
24713
28825
13459
16023
18276
32355
21347
23513
3016
16625
12229
24780
7138
27665
29537
16716
2471
16689
13304
28132
11786
30150
20540
3404
3186
22766
3813
28464
2667
31827
13313
7219
20379
25683
139
10036
25081
863
20544
9168
21049
1185
18862
26152
3210
10722
21646
28644
8580
16554
19027
11896
7004
29353
5379
28325
13147
30037
12358
10563
31630
23765
16573
3391
20670
5662
13716
27360
10402
19548
10331
25678
4180
15763
28433
1876
28418
17030
5250
13413
24806
3544
10964
30429
15992
26225
11356
12938
9186
24867
24246
19051
3252
23949
27668
9399
22489
19008
9942
12321
18378
29729
11099
20059
21249
25871
21527
18393
22705
5573
13286
11479
3508
30465
2720
18333
13764
5606
26606
1026
31983
24478
28764
28719
1349
18501
30895
15013
31956
22786
27512
20866
20438
26999
11497
1791
19240
2140
28904
24382
17150
22374
14178
27459
4566
24174
25314
21824
938
6607
7522
533
362
18448
32609
27671
4265
15043
11573
6928
31639
11948
24227
23944
13615
28454
1197
10051
19889
18627
427
14603
2899
3891
10141
30128
31539
14951
28864
2124
3729
24309
9823
16331
6203
1471
27116
17323
15944
9936
21583
1537
13321
19334
8062
5821
20541
7158
3662
15406
21380
23436
1673
29897
29463
6386
4416
17958
31669
5427
13666
32075
8417
9761
24718
17453
19530
6132
21030
12404
395
21043
15525
12159
10772
17368
4402
29608
23912
23215
10613
18121
31114
2559
17321
26111
8113
9324
1266
19117
26947
3356
30193
1220
26881
1049
11670
2626
19583
4598
7734
8185
12760
22198
14558
16274
1439
16361
23270
7889
32025
27160
14793
15387
169
12643
16692
5173
6795
13673
5980
25934
15813
21608
15253
9024
31067
24997
29473
275
27587
6927
30789
13250
2712
8735
8098
21058
4755
31746
26563
30401
13238
23802
9971
1324
19914
17154
19281
15091
20748
9137
24870
27664
5924
12640
21365
4422
18518
31631
6868
2982
8444
28293
20091
16728
11060
30263
19355
30616
16598
18539
26353
3583
27049
6685
23706
32516
27094
17442
29225
18882
5276
6923
32503
10492
14150
32332
20154
15198
12378
25246
4697
261
1812
23457
21247
21058
5906
26822
7023
13211
9297
2412
19351
11027
27480
23625
19047
31404
435
19980
2531
25641
6819
6976
4471
23064
1044
10612
651
16912
28623
31641
19288
11320
23793
17835
31738
9224
13724
25492
29126
32340
29932
14157
19677
18566
26925
12870
25601
15659
26187
3592
10920
25009
31881
30745
15695
12654
1910
13599
2065
31205
10526
32585
15224
19525
1405
9195
915
10291
21049
9320
13641
17353
3728
24149
26092
5343
30606
32475
8466
32649
3204
17757
12448
19936
14263
22875
11047
21766
28501
14231
15476
27492
25261
31350
23650
5174
1950
424
26611
1098
7248
15627
20639
25604
28963
7885
21996
29350
3813
30930
32063
28366
3400
18773
15346
26689
11667
15057
1958
24294
3479
23330
16603
21270
1765
19943
11198
11027
3646
32300
27457
4565
10059
4934
12913
13069
16526
11517
8197
30820
2969
10993
30770
11267
9598
822
12487
9305
9094
27714
885
23832
22566
24073
31342
8577
25646
11878
11059
11234
26692
19645
5030
24157
27281
24799
19815
30954
17594
20781
2909
28831
11794
29697
5523
19504
13838
28745
14150
10674
17145
4469
21308
20900
26856
4756
4695
31535
11505
9401
24681
9645
2200
13476
11082
11113
16778
13214
6184
29093
27022
26533
8991
23010
6840
1737
23817
22619
17375
8662
15256
21459
6482
8755
12194
12944
32199
24330
30139
14504
30612
3497
21769
7035
1570
4393
16468
28289
27550
27981
3421
19782
16113
24748
13937
26290
23027
27155
23101
19854
30683
15653
28132
12868
6139
27204
21839
27110
30890
15797
21957
26226
16001
6654
5819
1109
7114
20883
9453
20781
3125
17330
11181
12243
30925
16524
22651
32153
22571
30885
7383
7376
7913
31613
16979
2190
5210
2416
1260
21934
24440
15579
10138
17687
24606
20096
14118
19266
10360
31020
28476
12534
10935
16535
30145
12630
28425
8075
24678
14622
26056
24904
14462
11050
10737
10792
28941
20024
18393
29567
801
18414
23579
32453
9317
18719
7893
1015
19443
20298
12052
7994
31082
8035
12940
16834
29248
24022
7565
10738
26970
26570
14130
9924
17626
20898
11740
10860
30265
11978
20446
28728
6293
1712
15482
14779
18764
6928
8461
26410
28361
25461
22150
28422
24990
25085
29468
30971
11219
13660
9281
8201
21118
3107
25809
8161
23956
23875
25488
29074
4607
2508
11731
7012
4593
19451
29309
14340
22391
6004
28973
30946
15697
20172
27062
10200
2561
29258
8144
27660
12578
11247
18189
22039
16123
23731
27406
30567
8788
3858
10230
2273
18568
29383
18207
25803
16348
17880
5132
22506
21519
20178
32159
3559
22835
19542
22412
7416
6331
32212
20494
29884
5332
10647
28121
13414
5625
17410
10831
11293
14017
7193
31734
3491
25084
12611
25898
4149
30463
5709
23311
2995
2108
1459
6346
20225
26646
2843
13041
13741
30707
26147
32575
16594
28050
2652
9357
14140
671
24726
26365
4300
17028
11615
1145
12574
27267
16582
13660
13674
4097
21349
9582
22952
293
13470
30998
14584
5026
11812
13003
27968
21969
16573
3276
21015
22019
7751
6929
28386
29717
1273
18817
19516
28997
24556
2661
14492
12867
20698
18717
16433
26508
1829
29969
23569
4083
2075
14571
7315
2432
19576
12804
21241
9342
22316
15387
32339
27856
10591
9549
32672
7556
14259
24129
22837
29355
17609
31396
32099
19815
17670
5589
28756
24133
12183
28641
16694
18893
24754
22193
7835
31576
28959
12162
2592
6690
9976
13462
28493
21664
25517
15145
8637
30228
13130
5543
1663
31326
24829
26140
27835
5141
13523
29932
22937
22742
16066
24516
19294
2012
21228
13520
14297
7889
6946
20015
18941
12516
24999
420
8911
13340
31031
30862
8579
14572
26184
17434
30433
16391
11664
439
2030
8821
27591
9162
25545
16359
6830
12963
20691
26440
10064
6576
13586
11668
15752
21745
24024
9965
27843
4780
27295
13804
2567
7522
24376
25909
29493
8705
8485
32590
6027
9819
25667
22705
26988
17367
19116
31
7524
31335
15323
18744
23143
12218
14097
25929
16217
11954
9464
32357
25044
15128
27782
2231
10789
3471
20261
15894
12439
19398
20497
30682
32757
20722
11009
23278
24906
23164
7689
2599
5355
27894
2751
21204
7351
1364
12957
1943
31646
27225
4774
32115
3680
12879
8780
24357
24983
20731
31122
19128
10488
16848
8814
27988
15318
8803
6513
4439
15079
20767
16809
21158
17227
25658
20423
27974
21194
3303
28797
23078
16734
15054
11818
11839
29681
5049
22969
28639
11367
5008
31430
22082
6879
26759
2819
10083
5174
24470
219
10257
4557
29994
27989
21061
24205
24090
12602
17843
5416
7388
3450
9887
21409
30457
4812
24306
18446
24254
13461
30093
31389
9524
779
28637
30933
2131
20634
29104
17950
29043
18055
3911
13700
30723
11475
1452
4280
31869
26978
19782
12375
28569
31324
15018
26991
6594
28628
8628
29760
30406
10407
11991
12351
31185
22183
27313
26977
19868
3577
7138
661
25826
25532
31519
10642
28436
24555
28034
30676
1357
18053
14628
9441
9096
31723
26606
11729
16913
2185
19628
5645
9017
32696
24163
9559
10574
19939
24037
18187
18634
12777
31138
28324
27339
26051
25537
9601
21443
14951
3696
9706
25201
10988
632
10062
15120
10990
1044
16334
13006
13364
31235
32512
3967
22416
19164
9708
28563
21767
9378
8283
28229
32562
25240
9042
22550
28132
1366
5337
890
17422
28957
8448
8657
3295
26216
8228
7320
29743
26819
12911
21217
24093
2016
13470
19200
8695
16104
29191
11400
27739
24079
14298
5750
3228
12907
11687
9643
12647
24582
5920
16288
22695
8754
25377
30037
30373
26140
11245
4746
6260
29604
3259
11570
1420
6252
28785
18725
9397
2351
15791
25621
10279
27989
1039
32195
17647
18628
3755
28786
31124
14328
32736
11676
10235
12886
23122
13029
1672
18109
6960
19277
11398
1631
18874
28841
15817
4559
8192
24916
31121
31834
12524
15906
12466
31131
12162
17557
26354
2378
15207
31060
9139
5461
22176
22232
13778
13874
26781
21609
28366
4467
29302
22857
6445
1691
22644
28719
11803
7728
25811
20214
3669
28433
26566
1687
16965
28170
6332
28501
1390
23462
7394
9527
8459
17476
22249
10427
23027
18029
25609
30665
30144
4965
27206
13030
6960
24064
7154
8874
4556
11191
5235
12660
9415
15355
29254
11612
11560
31178
21060
26217
1836
11135
4132
32005
30437
21742
28738
29869
16424
32688
5790
24301
30118
23996
28456
12940
17241
31287
27451
8964
14370
27790
14439
3124
21168
16833
21619
18009
21923
4098
8866
30267
9969
26750
26166
11684
16009
7035
17971
28694
26679
675
15973
28605
23752
17823
8612
5795
30318
19688
4439
12323
1126
22234
3639
18080
471
25355
1622
2423
13310
26586
1119
20273
29576
1611
25631
2046
9535
12306
12356
13407
9705
29677
3429
13346
11629
25655
22083
403
27960
19387
19791
11505
28127
9414
1900
11295
28678
1664
29685
21148
21632
31867
9730
1461
20408
31885
17127
249
27727
28379
14846
16110
8454
31799
10663
23042
32223
5804
5516
31172
13439
28758
21034
8276
32727
21623
18829
27672
12035
5832
32090
8625
22386
3341
27155
4654
29256
18156
12183
12671
26880
30719
8936
28972
21846
18472
11569
13127
30820
32293
7176
27039
11531
14436
18160
13622
22932
10264
11810
6645
9367
652
30349
6815
28956
7351
26395
20740
26113
25874
19254
22135
1180
12198
24203
4225
4768
2153
9741
13783
23365
32714
23101
8074
2979
9611
18089
14974
11871
9679
17075
11549
2698
15476
10132
1356
27078
29346
26529
670
2475
23204
10956
20680
15465
15863
5229
18006
31918
29089
5699
31644
30922
17604
29877
19950
22801
15731
24670
8980
17792
6084
18633
248
28324
15143
19577
19874
7608
6646
27181
19302
4110
12109
22370
9564
8624
3867
8216
8209
2886
15481
29657
17020
14138
14907
17400
2868
29211
2501
5911
1504
31295
3105
13803
21742
12973
31054
5444
904
32057
25050
8519
13251
32753
28339
19966
32026
22968
21306
4372
3868
2609
9625
10457
27745
4319
4438
21644
20930
1930
6185
25050
7625
15332
21771
13218
19559
3180
30096
9723
23269
3219
23926
29560
10269
13341
10366
32683
9450
7627
32378
10983
26845
6455
28072
4938
32562
5119
16190
26363
2
7717
31302
11185
18874
3510
2220
8053
28363
1450
12950
5800
11171
25612
25587
31559
30941
23387
28759
20846
3508
15151
18694
25883
26302
11295
22863
1333
9431
25315
32027
28621
22618
3766
17861
21411
3224
1790
300
2796
10114
31791
14087
29522
29097
12269
4217
1853
23145
30833
24038
7249
19552
4909
12036
27448
9765
2739
12597
17569
11063
13267
18452
6024
308
1539
5197
11448
3404
21253
23731
15247
17908
8643
3468
15362
19679
12414
16943
6624
25898
25127
3282
11611
6615
6925
28829
7364
10364
20665
16899
2966
1084
20758
24913
15030
1271
1238
903
32249
5822
12560
32104
10983
32138
31790
17613
25791
301
14854
7230
27067
5512
17223
7363
17812
21247
23575
4600
3401
21290
28154
23648
2077
17869
6390
19963
27102
21003
24565
13595
621
6102
29802
2419
1659
26026
25911
28529
21905
30331
13519
1486
24915
19436
6807
12643
6661
30913
29587
23358
1102
28567
9790
21749
23612
10706
32185
22330
27017
15064
16424
20144
26909
9085
1114
27389
12243
31165
2728
9249
27264
14513
7455
10758
7986
19644
15073
29271
21429
12294
4808
22678
32092
11051
4429
1129
7677
3636
1448
2613
12862
30150
8761
31214
21775
28825
23591
20526
15480
6444
28231
32132
29589
30647
831
30734
30175
16482
19179
2890
4012
16820
32511
23081
10234
5966
6894
18277
22376
29913
19211
14357
28805
7485
22254
25727
23885
23059
2842
11053
30193
1886
26077
6723
13527
1909
2935
8975
27618
13124
17790
11234
24307
6836
4480
29726
26544
10600
747
32401
1668
938
31786
30209
1254
12197
785
16392
3295
24276
13435
12835
22982
27578
6961
7429
26191
24532
28174
8753
15300
5580
31073
1991
18065
19439
14227
32414
21510
15073
23818
3732
7513
1167
23372
7458
1002
3942
8040
16948
25291
8643
3986
24375
6528
20906
3085
11379
13315
7354
30542
12443
21516
15456
2398
22178
16270
2636
29312
5585
14469
2337
4372
24599
495
25969
16059
19104
13848
744
30908
9384
21019
27079
26534
28818
6822
10388
2615
29492
15869
32272
1917
19830
22338
24426
27707
21531
14067
11954
22414
6622
5300
13712
23248
24513
3663
14390
4285
24482
6137
13459
12244
9487
16855
8650
7168
26715
30400
17378
15224
8177
6213
26559
4836
15337
7150
6993
27841
16345
3527
13835
4102
12014
7195
17815
18952
32315
4224
13000
20379
336
23059
13008
14714
1295
3333
22707
8169
3259
31575
23291
6552
25938
19169
25006
8651
797
11417
28797
10680
23941
6418
16702
22832
15656
13891
8860
17026
12332
19082
12045
3485
6355
24817
28677
24180
2640
687
16746
31399
26586
10738
2375
29279
31230
20955
6084
20601
28217
18378
17238
5608
29894
8669
5427
1108
28853
32435
6665
31751
28221
29302
10991
28938
21331
17688
17052
15243
32379
26076
13014
18306
18399
14361
20014
26517
6302
7483
23019
20280
3174
24586
23620
30744
20805
25903
6866
30394
14780
17651
23876
607
13590
12875
18517
13356
8695
21266
25851
16775
12088
28053
10209
13764
16114
3924
3352
28417
32729
4359
7178
25166
12492
7136
26543
27410
17066
5136
24323
10666
19558
3212
439
13650
1374
10257
19750
9545
14824
2917
30092
13616
28206
17633
16242
2227
9021
19756
3437
21100
29272
1353
30216
25092
29330
21972
30207
23964
7324
21384
4782
10859
8411
3333
200
18600
25533
26064
9036
9898
5198
8860
30389
12110
4358
2760
15474
6041
3813
17192
31381
12190
14019
17928
9167
15010
11489
7278
31644
4735
14019
15520
2747
6726
29506
12774
14305
17448
22749
29073
22702
11927
28240
316
20192
7336
29032
21074
1479
19900
24597
30417
25593
30815
6081
4941
1350
27760
32480
12855
20718
8323
27848
23647
16402
11907
17347
6840
26729
924
29027
17755
7988
18263
18710
17359
18548
15879
27898
8840
9818
10853
14579
8621
15615
29303
25594
8479
7765
2998
19384
3510
12894
29295
7763
13262
20379
12394
22152
6914
14280
14026
15866
20279
19654
3892
27081
15069
4569
10291
25959
30321
19731
16603
32679
12614
23824
14253
28183
6022
5860
16571
14992
22899
16466
18189
12043
14323
31295
32066
13238
14924
12133
24954
21320
28972
23372
14452
22929
27372
15734
17396
16469
15637
19674
14440
24154
18212
32661
13770
3264
4746
15067
18376
13969
29687
32563
12579
1689
20952
9444
1621
10104
13343
15530
23414
18933
322
26798
2400
26005
3206
16821
19986
26477
22909
7320
19538
17204
14541
17396
11927
6812
8756
31266
28965
28386
28617
22378
6010
4260
24197
22643
20713
16884
30721
12542
20613
16042
18817
14036
23616
7934
3122
30973
22356
18518
8880
22323
19426
24668
4043
11671
14297
30292
19083
26786
8474
22189
4978
5469
13530
15573
12032
16853
30279
22354
10621
16841
16494
21007
2034
11175
8028
23283
2681
8631
17539
21688
25526
15253
6752
11259
2470
9188
15195
655
919
15937
20463
9495
22904
26998
6154
32468
2131
12784
9143
32699
8216
2164
32506
10443
28316
20749
21755
12957
23521
24137
20071
573
23448
11428
12052
24632
6116
29253
30436
9718
14689
22248
2539
21834
28773
26652
9172
20040
9094
7598
6784
5975
26460
613
13297
27527
9096
21743
4967
804
2292
13596
456
19083
15709
12618
5445
31548
24591
18465
31803
19249
19440
12928
28503
9838
15040
2486
3838
9946
11679
7670
12268
15949
16080
4357
23323
18154
16572
2358
1254
28079
20026
4248
16238
11082
12301
29806
27709
16174
15278
14559
12585
24807
3917
29935
13435
7082
20242
10926
25681
2097
18344
28591
19777
22726
6652
31164
17471
27549
21570
25544
26561
22374
7226
16165
15393
9763
20145
17656
26434
12855
14410
15337
20342
22976
19326
26143
8607
31783
30690
2923
661
30198
1704
29635
28616
3817
8297
26099
4903
3655
24610
32399
3648
26994
6012
29484
168
16573
10320
5583
19869
7807
5994
11430
25834
11366
15501
29174
4875
21261
13240
20565
7314
30672
29608
12057
10441
19679
11678
25360
16281
26513
23138
6002
24234
4347
6280
17171
27084
1218
16370
32221
31382
4653
20118
19070
21324
21374
4737
10334
30982
28547
13596
468
14607
6504
2991
19097
7564
17103
20771
25213
5470
13346
11532
4184
21321
32552
11239
10564
10325
32727
3231
14345
23924
24426
1879
14553
20582
19891
29027
15678
22490
25777
25239
3152
13014
27237
16325
4907
1880
25826
20097
14752
13374
13476
13863
28459
31331
10530
4640
1061
16651
17318
31072
9019
31105
7261
7987
32543
26110
7594
28986
2173
18381
2496
22192
16433
14509
32368
29938
31159
13175
27455
7487
8675
4096
11708
18364
24018
30273
18449
16315
5664
3253
26071
25916
16987
26115
9007
10164
2232
29149
18958
7694
1541
29992
31192
24560
20959
19805
27953
1087
4901
815
21008
26853
14509
28782
26644
10194
10805
32043
22812
23872
1436
14365
18
9020
15442
20035
4615
26210
9485
9675
23941
30696
21949
8243
5152
222
22979
18350
21071
15027
6237
27593
22906
4348
32613
29006
12372
4209
17980
22888
7531
18232
23809
17417
12286
31335
23558
29065
19214
21700
1924
1936
26295
29391
15245
7477
31681
28674
21571
21095
19827
22871
26184
30348
1447
10507
23413
617
22308
12193
18383
26946
6695
3627
2742
1346
5955
9669
4192
8989
29803
8290
18310
28915
30798
30411
8029
21624
6115
6116
8648
27730
580
5425
32204
16578
7871
30874
5700
26503
12586
10091
26838
7935
6264
30367
24869
9360
23434
21598
27720
19014
30791
10948
24700
4029
10479
24548
3349
16962
5036
5901
1723
26677
6251
5964
978
31665
12521
31537
23866
14448
5905
3542
1849
232
9605
31006
5813
7866
9851
10555
9895
25165
1226
2419
12748
26038
4932
32291
13470
30428
24135
16388
11138
27865
15247
31917
16707
27811
3150
24665
16831
24811
25983
27883
9440
10565
4727
16943
17870
17546
9661
15203
6755
31354
3099
1526
32480
18598
22005
5519
27102
5774
10970
6481
7303
29958
7001
22110
8965
27870
17686
2969
14651
8385
32029
17073
26547
18014
29813
12891
27864
15046
2809
5598
18022
13845
17507
7637
28446
25173
5034
24112
9406
22943
28814
23933
18992
20355
27504
10598
14850
27051
13160
5242
7446
3002
17042
304
6555
6778
9384
24104
28219
31287
3030
14261
19862
19558
10185
665
3568
12427
29450
1039
294
3161
27274
31503
2279
7962
25470
28365
15136
25681
29548
18051
10936
2462
7814
3696
10366
31715
16440
3616
4192
20389
25085
5103
30429
2229
29814
6601
19133
1295
7869
10035
16127
3842
6135
5263
4371
23185
16168
5019
32585
29210
25932
8508
906
22069
32163
17530
9798
21727
10316
16075
32173
23512
19221
4500
11554
19017
11410
31981
30956
1450
17772
23461
16943
21987
15356
133
32539
19633
15896
30937
868
15436
11565
22573
11506
327
20622
29013
18649
9143
524
8368
17547
5015
2247
2989
32589
1131
5700
31117
20455
11300
6591
10603
4768
26948
24002
18810
21353
5186
9206
29583
26713
48
13114
21215
4185
28315
3058
22281
27169
31411
13985
6231
22371
16299
24763
20800
8261
15971
15284
4402
27413
17989
21085
3215
23608
25965
18544
11766
29284
9228
14441
19651
29456
3854
9112
11481
31528
22010
10357
11167
2052
26
29491
15944
3227
31965
7320
9560
26356
4985
27403
31075
18910
30164
10735
29976
28385
31397
2863
8319
9332
17110
18202
16767
3184
20014
28274
13731
7877
17196
8895
6430
17516
28214
10473
24332
7837
15347
2566
16122
20033
13045
13937
7081
20394
12443
24348
18191
16002
27957
31015
18335
5633
2922
8113
714
16739
14039
18414
28870
4250
5625
31609
15758
25920
4941
3308
31530
11215
16821
31407
18736
29972
24606
29709
5515
17377
16480
13453
23163
25347
5477
10623
32221
22387
27790
5589
13741
17105
22098
10292
5577
18957
553
14155
10999
21608
20904
6244
18218
13979
9965
17464
25345
7765
29245
15880
14481
20971
17132
28905
31588
6219
24445
30560
20929
23859
10507
302
29486
26016
19944
19309
4148
10376
3971
24284
26466
8139
8079
2168
11157
9576
22625
16460
8054
12524
21658
29321
2627
2353
10759
24281
27091
15940
19397
497
1492
32679
22441
15717
18520
8889
21214
12737
32656
28018
6608
32469
27862
31059
1865
24144
17649
17053
5850
19601
1429
14274
1661
13241
17450
23833
15224
19717
22990
22741
28293
11355
4253
31544
25391
10786
13872
5892
11903
8023
14179
15923
20696
10205
10588
14055
10016
24341
25545
15524
30496
19119
4200
25021
6958
26560
21453
9484
4361
3604
29536
4070
28676
7621
7333
28750
2663
11020
12736
873
15890
7256
16184
9267
14435
28317
32507
21103
12634
5103
3234
9700
25083
8271
12023
454
14836
14533
23220
7283
6272
30895
21134
12128
3211
16728
2162
25426
24599
10188
9231
19665
29406
29931
21140
3289
10297
27581
17339
27092
27712
18949
30726
29893
5171
14105
17480
3782
7705
5360
11880
25268
5030
26493
1890
10025
5218
17979
26254
15530
19208
3082
27173
31778
21036
14649
24833
18831
19489
15332
16804
16124
12826
4736
4732
943
7823
31924
10086
9123
5859
11882
22640
31545
6211
14631
5603
2858
27601
8087
32129
18624
1538
18285
21771
15942
30020
15722
3590
4029
9189
32698
14015
14288
28976
17031
31885
4362
26073
25289
9046
32583
1947
31579
5716
19816
4127
20564
30233
4939
2848
1172
18385
14331
8141
19869
10696
25635
2414
6565
12588
30921
843
23529
21779
24120
11209
29507
2751
16190
8919
24319
30497
1176
26504
13803
22941
9387
14593
5037
5133
7029
32406
28761
29704
7874
31536
5699
8548
25251
20466
10770
22009
540
4636
30998
17064
24605
30767
476
17821
5299
25170
27391
21968
14976
16884
23616
18386
12393
9395
28121
20422
9102
26236
8719
25773
30079
20212
7431
26856
21165
7703
3802
15351
3358
19487
1003
6535
3941
168
3961
27052
31698
1297
1136
26219
19430
13861
12421
14971
1033
14587
19841
32076
20351
30490
7389
12361
6297
9697
24976
8539
28968
23847
11301
22190
24375
286
11536
26551
25082
893
322
26486
17153
16350
11515
17400
1969
30564
14560
16161
5877
12194
9549
25768
26417
30904
10220
8547
18552
24255
26503
24517
7934
2664
10778
19877
8656
21727
10541
12096
29122
21238
96
25474
7337
7039
27208
32129
24779
19705
16249
5963
17556
5744
27620
16865
22155
18334
20068
13955
10628
11350
13971
11566
24854
14115
29922
31844
25167
16172
12521
26155
31911
21850
31227
13912
7987
29885
17918
5645
28187
4652
21113
14465
19534
20268
7151
17663
11636
21524
24428
8754
17445
5486
23133
1695
24664
2207
15524
29299
4638
3019
236
30335
25744
1267
7994
27777
17669
31840
19909
1189
27273
13893
17416
19531
20875
4000
13333
4619
8150
8801
28204
19190
1219
29902
25228
23839
27052
14374
30089
29531
1699
23172
23007
15940
12132
28679
25926
18052
27785
14128
4935
13392
13565
15499
10829
12338
23475
24978
14079
16652
1432
19150
20941
19290
15302
31039
25289
5559
28154
4862
22457
30371
31048
7969
106
3971
1805
14559
1351
14569
22566
32245
11305
1046
20575
15431
24433
30141
22062
8907
11093
24074
23202
31139
9591
29155
7574
9609
29372
2414
554
31344
24411
10195
1908
8552
15668
12355
14706
5571
31844
27705
11843
32118
12822
18175
25495
24770
411
25205
4197
1299
7102
26894
16092
28456
18513
16667
17051
20596
11788
1356
24356
25540
19608
26227
12942
32035
23782
23180
14459
20730
3013
15611
31050
13948
17076
17428
14734
26945
29428
28640
15806
3633
5858
22046
30254
32676
23940
28553
10045
9416
13410
19033
25040
22594
9111
17932
24576
8728
12327
15462
6672
18638
14483
15287
10146
32207
32683
13916
16682
10511
22948
19336
30114
6127
12138
3397
26752
4961
19511
26549
11237
8524
10597
3486
2839
30002
11393
3621
22833
21520
2976
30682
6169
28549
19446
11509
2995
31799
3748
19679
3412
1907
8146
22261
13178
20499
31742
27272
8634
9893
16275
18472
5369
6345
13502
30754
32735
27611
29565
14919
19337
10962
18425
8943
4222
19304
21269
2366
23525
11900
6471
10918
21749
32692
29607
10157
22188
14438
5957
15857
20932
18873
9920
25449
2787
12807
532
9965
2322
390
18612
31225
18544
4648
16857
18350
1319
30399
7961
32025
12960
25957
19771
26296
29427
8475
18250
1850
8866
9904
8168
19335
19590
8421
13541
16384
6665
26574
16656
11016
5014
3963
16461
12483
17742
18904
23016
25629
7165
8146
17705
26895
3660
17851
23593
3102
26168
3824
20707
29476
16066
17593
14478
19282
2536
25712
24875
6262
13013
2278
9562
2426
12373
770
12913
30253
7051
26027
29903
27207
7910
2280
7790
24999
20817
18502
31672
6622
20906
123
2716
7409
13942
4168
2016
26971
9683
24740
26297
23378
10669
14358
26265
15179
5173
23907
15176
5568
2191
19817
31542
16433
31691
2123
18448
12137
16919
14798
26001
770
31795
16643
12955
27179
31013
23335
14470
17833
24621
30151
17592
11036
14075
27687
16501
11652
6176
13285
15097
3843
11715
15578
22980
16357
17557
2113
9014
20189
2823
15131
22363
11921
20666
12242
19208
29785
23094
19228
31015
29764
7392
6178
15951
24157
30502
28642
29336
16684
14589
12241
21933
5503
4237
17349
290
14186
12074
1811
21768
28812
14983
16628
4799
30612
24102
16430
6668
2308
4371
23024
31851
32053
25554
20477
23207
32667
27286
25100
16551
19275
6068
3695
29579
4282
6742
17908
26104
26824
5492
5897
18095
30973
17152
5155
23909
11538
22369
31072
10703
10675
14627
21867
30972
23683
24813
14752
25831
19809
30131
13680
29261
5354
31020
8455
16572
7230
6279
31533
237
2567
30042
24170
9555
184
31451
20846
244
4627
4946
30383
18552
3054
20942
24404
10623
566
25623
1362
27704
14900
24805
12501
21296
23311
17999
19681
11623
1939
15494
28473
20137
17712
28867
6016
25115
21574
7294
27038
19221
23968
3297
26469
2095
6462
15996
28021
19615
21079
24890
30556
17346
27806
22676
28418
13048
20165
3076
2885
28085
22079
7101
480
20437
14411
19865
4241
12848
29742
18003
8571
3439
15039
25334
3785
16158
28457
18069
18836
9474
9453
28733
26630
684
16166
27944
24256
25934
5393
31539
27002
31182
16332
12178
26345
2329
30046
30147
11238
3770
5368
31424
4556
7595
18555
22649
17442
1898
24377
5505
4474
31056
17920
19720
17304
1055
16469
4873
17111
16858
18173
26820
2249
3545
12226
21871
9758
796
627
30505
24519
13536
7981
8239
10075
21872
6617
21586
29369
16190
28406
15017
14063
5170
30105
22403
2650
26434
12977
8863
12815
9283
29072
19872
7802
10750
17831
20155
6981
19079
22929
947
13947
9674
12116
263
8942
4711
13795
24938
6614
2240
22503
10611
32698
17487
26558
5014
20628
3902
3268
22611
5936
27697
5586
18093
29653
4711
21765
16606
30247
28673
26817
29001
20044
9889
5621
19376
6478
13879
6048
11943
19648
18968
1940
14664
1445
23633
17530
10537
16013
9018
30998
21643
12545
32078
10444
5332
26145
20281
25955
13632
14988
2099
4618
14803
22912
16525
22424
4754
29507
9865
11800
3826
12993
11631
8069
9617
13942
13021
10194
25636
4238
3679
22061
7088
4683
16191
4997
7422
26280
11423
12874
6473
16444
11204
11124
31545
7776
16565
11462
19477
28052
19717
23636
31028
1823
8429
30019
3508
21494
8862
8656
13423
5855
32724
13971
5675
8662
7599
13061
26641
31408
15039
11073
15969
13054
30557
32519
30563
30516
14402
518
21153
6411
5970
31067
2131
6435
22201
4693
29979
29677
2617
13947
11762
13768
27330
24784
4194
6762
2116
22613
8951
15234
19905
29648
23024
4763
2982
19148
5177
21060
31835
30689
25758
23150
30489
20533
31545
19477
17660
13379
17196
35
19545
24027
2198
26001
1617
20330
15039
2767
29350
18556
7830
22118
32206
25471
1374
13020
3398
16586
23460
12759
9769
25310
9332
27270
25089
8171
13516
5949
9693
19606
17233
13919
20388
1017
8257
12929
19880
12523
10665
21964
21630
15490
20440
3235
9998
1495
15891
15238
9446
1801
31626
11319
4820
19333
6283
22043
20915
7044
15350
1506
30597
213
9457
10347
32450
2268
29916
15585
32752
26587
21896
12843
10612
24944
20387
13187
27048
6751
25975
10340
32557
14226
17877
27562
25475
28254
11083
32245
17366
27144
15261
14158
31771
10888
31603
15373
18524
16524
10832
14585
8272
2752
6851
10930
28975
22605
23265
13388
10692
5279
16626
18749
19652
24684
12395
11897
32094
15346
11037
5851
14867
9856
683
24263
14792
22327
15937
11022
7962
29458
2179
28433
30193
25636
14788
7722
12120
13857
21113
3143
3980
7200
31213
16856
16978
927
21814
18156
2446
22728
19047
10646
14866
24563
1031
17302
31412
18539
18626
821
31139
23669
31583
15217
3067
29326
22258
16218
27542
1013
15187
19644
1830
3177
7630
2558
6272
5940
29212
6986
30011
7528
8082
4847
19834
6505
22169
16643
19718
29611
23134
9804
21152
11453
4811
3681
12693
26759
31413
5388
12690
16080
15959
6899
16570
29955
7679
28023
3062
1330
26887
9693
29068
5723
9479
939
500
18922
13641
18005
743
640
5757
18969
10424
2035
686
27688
31207
11414
4469
31238
4340
22458
10349
12339
12401
6516
20454
3083
23899
11169
16350
29931
29610
1064
14637
149
26919
23679
32511
22230
12926
21105
1159
30822
32404
1566
8946
27919
15386
22851
27546
7441
7523
13243
27261
22982
3698
28998
27885
22914
20824
23690
8329
10941
13501
23383
7787
25204
6332
12335
13987
2508
13812
29958
4068
3833
23259
13126
28542
15710
4950
15638
15756
245
28295
11228
6511
30962
22246
10240
4731
7587
12436
24052
22767
32155
12780
17521
31531
22031
10842
6147
797
2688
11120
12231
2045
16282
18486
3955
2106
7517
24258
23192
8116
31866
8201
3364
28203
768
18933
7467
16887
29751
18360
27111
23290
14284
11359
7165
22996
23599
15274
23297
12117
6202
29979
31805
8248
4115
21837
3758
12558
24915
16775
26704
3704
14952
20881
6300
17817
312
27590
25678
24779
19718
26475
11883
15505
14234
10559
29315
10446
18844
28243
13363
10804
1602
14620
2031
28670
23083
5319
6398
20962
29066
8908
20678
27201
14726
9926
842
8354
4321
1154
17649
14430
27608
25686
19849
14236
28491
29108
3211
14976
18206
26622
21153
1696
15327
24988
13413
29368
19369
7501
2668
30366
19016
11706
12931
30584
19613
18257
30264
9260
25412
8272
15005
30232
26741
5920
23880
10756
25896
4837
25246
17748
20861
21075
22866
31618
13402
7363
5928
1996
26198
2438
13055
20266
31702
20857
24590
24195
6773
24281
3694
6432
15786
3929
29912
11105
11941
23666
26545
5551
13177
24059
8515
25521
14720
23289
24398
25539
32507
23736
31167
29348
32762
30747
22207
12142
10876
16688
24559
11212
7638
7431
23794
27751
31065
26053
22317
19873
32303
5364
27338
8326
2182
26653
10499
5119
9201
13209
28573
15945
16138
22436
22962
23206
16989
2995
11700
3923
3713
29704
27823
20409
9608
13699
26318
12007
922
31675
31009
13888
27356
9549
22685
5233
9878
2676
3685
14503
2454
4570
2376
11774
11215
1966
26762
19260
11078
27383
25575
2751
29743
9512
29909
7860
21586
24564
9482
5514
23988
28003
9790
8870
23668
30246
5938
24409
25587
25128
6641
6159
14135
12133
8021
31177
4242
11007
3022
13261
3198
16526
6495
24987
15308
21432
6889
20772
8446
22531
1196
31031
7409
6886
24075
13372
3775
29734
143
4900
10979
20576
18479
23712
19870
18913
6351
3217
19610
17342
23814
26560
3022
15138
25124
30672
22945
17122
13684
881
22098
23895
26302
22230
27287
10348
21520
28776
4484
4086
25278
26044
31151
31300
18856
5314
16786
8951
20667
30016
21296
6164
10683
7807
8956
3416
17983
21829
22006
31180
20221
13826
4887
13209
8263
20302
1007
32284
28630
16531
18573
15933
32711
12551
25247
18685
739
13022
23514
79
5667
26301
11164
12841
29555
29553
8144
28122
16823
9697
19731
17310
9740
19777
18964
8816
31312
10121
14913
18463
19684
29222
27552
30628
3504
29423
3066
27059
3176
3418
14655
11152
11278
14320
28966
24612
28601
26110
9236
5968
17556
14734
28479
12161
11561
4501
16915
30085
12768
18542
29397
30365
15042
13959
1670
14547
13955
19803
12298
19853
12992
24224
19081
29283
18821
25537
21270
13358
2066
22926
9614
18529
13023
1075
195
4253
2781
12134
5594
31871
30719
16101
9970
15805
15609
8992
30983
625
6216
1586
7445
10676
30322
17686
21632
9839
6543
2328
5299
1134
23048
5513
28167
17334
25759
7607
23015
32281
6575
14109
13363
2823
29109
15318
25569
5543
2832
12632
30442
22822
17669
1886
13668
30544
3078
17190
28651
7517
15156
27357
3398
27405
14114
17752
6984
20471
9692
16900
26355
21277
26664
7456
24548
30917
14347
5161
19179
14980
4239
16022
2041
17820
17092
24262
28479
29576
23557
16183
2452
12500
16764
28664
10263
17970
9449
30817
7958
14283
13982
20737
10287
11987
14542
14808
12213
8544
22536
16582
4438
11388
27903
3140
2042
21624
2956
15954
21741
8068
758
944
25153
15997
13168
9041
25710
14342
23779
8717
16188
18906
19182
20118
12771
29793
556
18861
3696
25729
21173
24214
106
12214
29671
16329
9910
5733
3430
31722
1208
16493
20833
16123
3771
10240
3095
13265
21907
9905
19610
6596
5504
22733
2771
25259
11350
19183
28359
27912
15067
9679
7448
11903
30065
19547
11471
25229
26613
8201
10840
4470
12518
24427
19406
895
30666
21252
14970
29790
8909
15450
5526
6895
4012
15180
4694
22824
21457
7590
23849
10319
18368
19699
8252
5482
25009
20114
21311
25080
9086
2572
14445
7390
8128
18853
10950
18340
23093
10545
8607
23521
1894
26409
3421
17652
28550
19454
29054
8693
30876
7085
24537
25580
7141
17812
14630
7232
19059
18052
22208
3954
1307
28951
426
24586
11150
4164
23248
26066
18118
6192
6288
1347
21156
22855
15737
6973
19159
27020
11347
20731
32511
14381
15711
27717
29202
32603
14560
28647
18687
2136
23257
8291
3218
30162
17433
16611
17048
2159
31861
7281
8771
4521
27221
12138
26576
2268
25458
1328
2918
30365
15069
7712
24386
10830
28740
29124
22801
28143
25713
24905
2717
11319
14099
11827
3500
15588
12737
18767
26405
19279
25660
3561
9589
2883
22004
15680
15921
12303
28878
20023
28413
23002
2341
25933
9644
27959
9999
2255
13225
2298
29921
25933
20629
3657
30453
13898
12337
28406
28842
10039
12159
13836
6829
16547
23844
32423
3703
13740
24849
19721
2839
9657
1890
32235
30514
9835
29318
16401
17480
10704
14497
19489
5944
5338
28718
20149
23047
6672
28649
14511
6877
11396
17900
27085
23632
7941
10776
27005
15077
17301
28598
8690
3028
7966
14942
20855
22796
1376
31256
9731
24183
12590
29378
14094
27775
11482
21170
20900
21457
7918
7324
19128
15969
20252
26805
19386
6574
30584
16664
19820
30279
13797
7529
13553
142
12749
16825
18214
30396
18966
1194
26166
16421
24401
16596
19817
2494
3636
30055
16189
3036
28234
23057
22968
23870
10473
27170
1276
30542
31845
10990
12316
20388
32643
12658
20526
10956
14640
11067
21922
3145
24691
28292
3026
26585
22689
21919
5849
30715
15824
27030
937
23983
5517
8209
7768
28029
30674
12410
699
19896
17458
17504
6966
18948
14167
1817
466
22
29870
22700
30608
18875
22625
10222
26110
2076
9606
14314
7943
13376
25750
21638
20239
22738
1568
14948
21824
22821
7614
13831
30238
10613
18761
15927
7266
23664
6217
3494
7173
10740
1967
32723
11163
21275
26055
13615
2018
1909
12904
17023
30107
12180
20334
28545
5528
16590
5481
18642
16151
32318
8343
2319
21582
19212
27152
7482
17735
29166
321
18528
13550
1519
31131
10873
29801
16496
24716
11920
18599
108
20399
9252
11836
20224
28480
1997
3948
3370
31954
16163
8325
11985
10820
19419
22131
9989
26865
14899
11150
27017
29991
20113
9910
9614
13787
13926
22690
7618
17562
16473
17269
16777
12739
24482
24722
27530
22772
32435
14514
26990
22978
25886
16948
12516
2221
13491
31156
26089
27730
16872
26846
5702
6883
19327
3972
20058
3029
21858
25327
27417
12760
10962
22387
19797
28940
19392
10310
21053
17778
18811
20883
13603
11681
22156
28873
16002
11706
3550
32569
25663
32413
13603
6880
16175
15709
32370
20865
31194
12018
3381
8696
7294
27694
16962
10186
23127
2547
4936
9472
17438
4514
29037
24118
976
24022
821
31983
1456
12115
13734
27691
12943
3641
26794
25404
8011
19326
15028
4821
21910
13978
14246
10340
6648
23428
28403
7073
21271
23774
13568
31335
30263
15980
5073
9924
7421
13259
12001
15180
10360
18272
7761
2482
5474
28046
1349
26521
26018
22572
26508
15783
17174
7734
639
3291
16272
3010
11563
24097
22046
11830
946
20516
4495
28857
25070
14180
31794
23783
29016
1160
15585
21449
20008
25845
1342
21252
1982
20895
13629
6736
65
31
22499
17708
28550
27143
23885
11473
3379
24178
13811
9828
9764
20959
13102
29039
8461
24639
20728
27282
13921
13644
19699
22134
24435
20253
11950
22787
16604
20215
9507
27859
5148
19559
23940
28390
21636
24205
14135
4759
13139
20411
31007
20942
5919
12095
27677
11640
10870
13692
32470
21044
15814
11840
22199
30031
122
23889
29239
32243
21862
4425
16476
20123
18021
22692
20865
17098
23360
3352
1366
13565
22482
10533
23080
8414
9578
7148
16739
13754
27505
3908
7509
27957
6989
21515
19508
31293
29572
26810
25699
9276
15909
20028
1521
25234
20068
7937
25955
19522
388
7246
29619
12267
18170
9687
18328
26619
29647
20367
11272
16159
25926
2495
30715
30974
14015
3925
4979
21286
3803
3711
19897
4678
18401
16249
26857
28575
30560
23972
32432
31413
6422
14039
8789
17226
24849
17657
25590
24460
30996
1488
6421
8846
11580
1300
3667
5877
19427
19656
1658
4596
15557
12234
10945
29306
4961
8872
20556
24745
8355
5813
14067
8587
18367
2908
9540
21248
6752
18869
1483
9211
2
32342
27025
23790
27804
9580
5090
19587
27267
32010
29523
27789
31627
29120
11268
21310
5487
14704
5923
17562
15731
4189
23473
30763
1863
19589
1161
26359
31535
15153
14238
13743
10081
31946
29316
3881
24750
21230
28722
784
30309
5315
7174
15579
23925
15755
13833
9979
5841
18809
3189
20057
21785
21699
28276
6655
9590
12537
15403
11029
8134
25749
14327
30992
25081
18643
31990
32294
23226
14787
16074
2053
10066
3228
13977
196
2250
16467
24920
17434
13392
7276
29514
21710
733
12817
9411
1646
17428
29537
15410
28484
14444
21770
31070
13958
30353
11802
17904
4813
16392
18962
20274
3272
2322
24892
27926
23090
14292
27455
31354
25857
24244
32753
682
21217
30214
14956
26663
8416
22760
21092
26791
10091
2410
24504
8796
6777
32755
31814
32377
23046
2528
14340
9459
9923
31597
4941
23940
3852
14553
29560
502
10266
23237
17839
26014
26490
29150
17406
22055
12477
11707
4267
6545
27506
27400
7110
3448
13649
27877
1792
19354
1209
17801
31681
30612
20317
12843
10100
6636
2362
28194
21030
11348
4044
16715
17231
15149
21889
19883
26863
16459
24942
24661
29917
6904
30528
18830
25692
18747
31606
48
9712
18010
26574
5196
20848
12957
25597
13587
9819
10325
22179
19959
17519
25117
638
32525
21112
5728
990
29878
1895
11291
16985
25214
18851
11492
10943
9540
22692
6188
17745
20636
13501
31681
31789
11121
14649
30102
9741
24559
7338
711
10545
25247
19326
16344
19098
21716
20691
32318
32121
26183
16781
21280
18151
31230
23973
862
2518
4722
23491
28883
20296
18672
4880
27863
24255
21568
30533
5128
15092
25221
6921
5963
22219
19044
11385
5645
5767
22376
8200
28111
28986
13733
32137
8929
18048
16540
906
18029
15469
14687
5348
32184
14788
10230
9360
3749
20586
27648
5052
5499
11290
16541
13854
18407
22873
14220
28809
26949
30893
28561
9662
21531
12810
2586
25988
15590
31885
9249
4603
4634
3693
22100
28461
7524
2350
116
20710
18994
13847
25595
23238
13685
26343
20993
1684
27301
20164
28768
25813
29190
26484
23063
19357
5163
14031
7916
26534
30392
2164
26198
25503
30316
28604
14745
6598
25182
9708
14643
953
31878
6319
16759
23689
25472
15555
17016
10513
18829
30962
20264
6790
7387
15684
10177
32591
1286
6771
17252
13846
23006
28063
7424
22303
30571
29763
18294
2008
4910
23656
3323
11442
30378
9496
7613
27952
17187
25366
4553
15933
8870
15820
16940
26307
2633
14469
15704
12921
29108
7132
23242
18173
9184
4980
12778
20258
3359
21482
30771
28811
10845
23816
2707
16249
32165
11324
9749
9441
11239
29512
5053
27330
10232
10042
19379
25269
3802
31647
21413
23238
6462
7668
23654
21634
17991
17757
25307
12881
9105
27290
22551
20230
22130
15414
5317
13237
19071
8961
7110
24516
10578
27329
28700
22341
32651
25381
519
27523
13077
3322
30573
29147
11947
10145
21375
23758
26266
12993
16794
27476
6856
14393
1899
25202
31221
29273
25175
1294
2625
8785
21530
15875
31470
10985
8878
12401
17256
17267
3950
8790
13186
22270
2427
30051
22787
25549
24415
8712
24161
28424
13296
26834
18124
24752
14967
11766
11118
23512
32274
13102
24050
26387
14423
9155
5187
31017
31546
9963
406
15886
12849
27734
170
10260
16022
26372
13134
8543
13132
10841
15141
29081
29605
7539
28582
11240
14723
30907
13670
14621
18110
16826
23194
21039
17862
14639
7383
32487
7562
28510
15389
27868
15512
29354
16148
12962
8069
19558
19605
21311
5775
16361
15980
5598
3713
32736
20829
1480
24791
19945
5733
11919
28451
14429
2369
26764
3503
27244
28725
18828
356
17008
26886
3527
5354
8827
18248
3346
2321
12082
10208
4181
25712
28895
24001
6974
26188
2753
7161
32311
8379
31911
241
17558
32264
8893
26352
21268
13658
26533
7650
19073
29329
23753
29272
694
13681
11504
9679
12746
11266
7440
15413
5001
3126
3939
17065
9505
12493
15549
29571
18719
32118
6173
23444
26522
20023
4226
25775
24238
30222
9472
26983
22317
4313
32530
13851
20880
11379
1842
6960
32564
3360
10151
29854
15299
4395
12703
19118
15087
30669
6269
28674
15975
3921
30580
16597
26627
3702
5461
26500
31810
7445
23205
19021
10487
20483
28147
1623
9279
7225
27240
7155
14262
1330
25760
12322
3051
2709
12728
1879
18449
6420
9385
7550
23031
660
13780
32572
31290
16782
18654
18553
16569
2997
1213
27676
23881
30681
29203
10517
18602
15115
21435
20641
442
16642
28066
16841
10985
9149
11737
15916
7149
18026
27624
31743
15287
6023
12900
6482
13989
15943
18116
21653
25849
14135
25456
11866
30090
9249
22555
22621
12473
21296
1107
5569
26535
16726
24662
28828
25509
7147
2088
26806
27116
1431
31970
32654
10127
8817
4173
17822
6573
12136
11951
19680
17899
10467
31461
9361
22305
17572
28850
16949
29268
17138
343
31707
22501
23287
24164
30626
9479
18023
26317
13436
18806
12386
27200
4146
1383
2972
14006
28329
954
5051
9289
26211
25719
32256
4933
5704
19320
7466
4225
2215
18275
31895
5104
18296
9436
13997
3443
1508
504
2680
13297
775
13812
29844
19114
2548
24871
20302
20680
13049
14645
15878
20279
18981
25990
26584
14519
32520
32758
17787
4144
16826
3534
1640
18757
28959
1268
20799
5931
15976
12638
25447
7612
27101
3788
21493
14535
15578
27319
32208
19883
25880
25220
21778
23332
5422
4606
11185
15204
3672
1539
10590
19558
30582
18301
31405
29311
9560
4757
31607
10550
14392
3619
24701
5717
12936
5992
9293
21312
27887
30207
15210
24710
2958
3089
21415
30646
22663
22217
8916
12148
10176
21255
2204
9675
10212
6745
1966
9413
17579
19495
23067
30009
32348
5933
9471
21477
23184
30510
3940
15548
21048
31463
16483
129
24801
9795
2188
22677
6455
17613
14985
27918
25288
16490
30461
264
17675
20552
28594
14656
25505
5138
26100
12511
4058
28518
26680
20627
4987
14728
4866
7140
6335
5464
22789
26822
21403
1409
5771
13674
20550
4340
29719
4186
2809
2965
23625
18117
13556
22323
2307
19735
19137
12478
27594
5581
24508
23988
30063
19080
17107
19933
238
7008
24715
1336
26006
6266
1603
25141
29802
18909
27325
5156
25800
31105
8154
21998
29768
25513
20901
16643
15847
16755
30355
19603
3173
25006
21770
19713
11243
17387
543
1941
32497
27095
15780
11889
23135
21192
20322
22726
27890
21909
18851
19271
13794
19627
21748
9438
20162
18525
26920
17310
3239
15228
6048
30202
15500
22056
19146
19508
32501
741
7912
7704
1747
14834
14355
6377
16296
7894
14719
27036
7915
7227
16896
22340
9390
29183
4557
25038
20350
27017
15749
14574
1931
9305
4719
8025
17673
14563
4102
3637
30165
4510
6837
11469
26204
16984
19423
28810
12729
18380
802
31007
32029
25974
7389
32003
628
5542
29167
23076
11845
16340
1218
7898
21722
10547
32649
7961
17058
21384
26565
27116
11219
15933
11022
13086
16211
15793
26896
1338
24793
23763
7892
20407
20048
31983
5953
9580
13436
10184
17634
16202
30431
18406
26857
5961
11998
15153
11124
12195
9760
29631
2320
23105
20535
6891
14715
5234
1922
27303
29615
19171
4433
12563
13083
6604
11595
12878
25140
23911
13325
23691
3628
9894
2324
616
2049
26661
25565
3964
5818
28510
13386
27439
7918
32284
9800
32207
25477
6194
2223
3040
17346
22892
7018
23475
6786
26566
2263
22842
8894
21980
3696
11290
1367
2466
6316
29698
29715
31573
22048
7995
30178
24753
1514
3969
18535
6245
1359
274
31411
27076
24739
26628
9556
27837
27497
14299
25486
11789
9148
18779
29160
25523
25838
21147
5611
17828
11630
9563
13094
24257
31727
10135
12661
27142
1990
14941
6275
4100
22676
731
1166
6289
294
18876
22634
25790
409
25781
20681
17673
5314
24154
23737
32724
27853
20535
24430
7190
8995
8988
16194
17489
24466
10680
26106
21956
31400
18793
5707
28641
8031
9555
15005
6145
12288
32688
4366
17751
29249
17766
22714
26914
18096
30687
25658
18215
28501
26901
13674
12895
10643
32236
1647
493
8016
27333
25593
21074
29526
7760
15558
26340
27896
20129
2664
16253
1784
23687
30535
13936
26024
281
9705
15041
30800
31121
32113
31381
18896
9566
8038
4583
17542
19060
27318
4477
28018
29671
12283
29210
23192
7864
31484
18422
26790
10479
5495
19051
29655
14057
10014
1009
6167
756
5855
15948
15464
19225
4456
32516
28036
20793
22763
10262
19396
8540
16926
4329
4160
4677
647
11139
27960
13386
13302
2557
19891
8802
12627
22580
14437
27008
12441
7618
22998
31263
15907
23597
31169
22558
32039
23901
24506
31951
20864
18004
27412
8011
22192
16921
25090
22280
18469
22773
15356
19629
16059
18402
27493
27940
26499
27713
27242
21233
6083
6091
3885
22979
25149
24778
27427
4169
4532
17033
14778
31815
11437
8713
8768
25833
26227
2805
20736
5975
8541
14552
11182
22921
26195
16526
9477
32605
30095
28153
29614
21991
21665
10741
12388
22792
32182
31885
8022
26434
5145
32623
10444
26570
16890
21661
17678
5855
9071
30054
24450
27739
25272
28053
29972
20616
27079
22248
29146
4916
19712
10435
4600
22792
21309
12326
18882
29461
16149
17373
31009
21680
15710
2294
28216
7040
7408
23416
31559
24021
13228
12114
9167
13115
5309
32146
9463
11088
31774
4567
23854
9938
4956
19465
22290
18172
29598
10823
31632
26387
2274
12065
12109
21564
14985
30728
24389
14224
32022
6146
16563
26226
12595
2723
18480
3360
29685
21304
7198
26505
17504
7237
1607
31839
8750
27442
10434
3692
2508
15425
31255
14377
29094
6851
19618
25997
11428
2444
25917
8227
22004
20388
25881
24927
10763
32063
2797
24370
28902
15599
3923
1756
23958
17689
8302
6658
1787
32166
16593
8704
24016
11770
3484
11648
17383
18218
12264
3148
10422
7785
32102
32096
20243
11204
3138
836
8252
8464
15950
21144
12314
27936
1884
3824
22215
32571
29419
18915
845
24268
11527
30815
11185
27484
4714
21055
32304
22718
3047
20512
14280
15241
14601
15216
17402
14796
11767
1223
2511
13308
18586
21627
2585
31281
24834
2415
13051
24978
22790
6699
3243
19982
20267
3122
9079
1102
30920
30095
21254
22503
26471
15538
22241
2515
15725
2682
17457
27426
5630
8851
20683
6125
9243
5634
2921
24204
19725
1022
26938
9992
16903
23810
19614
28371
23815
23584
26922
11447
17661
10904
10483
12557
7471
25001
30473
22063
17372
24231
4929
5424
25631
7502
21304
21194
24343
3158
29844
30871
20549
4167
25741
11908
12597
10383
8365
18564
24673
27346
5331
15489
3922
18561
6782
13464
23560
21166
32072
4485
6556
28703
10417
29020
3108
14753
25374
3707
7127
28830
14882
2748
17266
17394
1019
31471
15834
22267
6752
18055
14082
16111
12922
12179
1039
27251
30256
5872
9914
10089
17063
20669
8182
15113
12297
7440
21971
16435
18054
6375
4259
16387
1177
15202
21339
14503
6797
13103
4924
1645
32575
14405
4786
25376
16933
9685
25468
28565
16015
28797
21517
31617
5165
19648
19506
32653
2258
6579
23798
32173
14199
25592
1987
15277
12419
5360
201
3085
28490
8749
28835
6414
18643
20774
31032
26125
14302
25391
480
31504
10789
15784
3785
28319
13027
25204
10136
16853
18067
19629
4435
17078
25594
1429
24446
26819
20071
1488
8324
24524
15674
14033
10585
13574
9379
10387
17502
23133
31660
20361
18309
29707
9082
24279
21941
9322
21455
4802
20336
18950
12500
32613
14003
25591
28182
14246
2589
4206
8910
24681
23380
22925
13157
1028
9381
17532
29751
14834
8682
22201
27032
30411
12465
1455
18708
6259
31642
17547
8187
658
29953
9291
17182
24389
25821
14871
27603
22548
3560
16341
9791
23331
11777
8952
29908
16556
24014
30104
19736
25772
5029
30152
20904
2269
19885
7972
28029
4837
10048
31401
13423
31437
23956
8394
11511
32180
1947
8639
26425
26821
1319
18465
1346
4198
26962
27060
6286
18354
25629
14980
30925
27690
28503
22067
30694
22951
17089
29585
5949
23188
21359
30317
8754
26713
25201
21419
20970
20506
24243
31639
24145
4002
7714
15993
8287
32410
12816
24426
10651
6143
23258
18789
29918
30675
24264
6817
5210
24850
18484
31262
218
24551
20207
27518
28235
23584
28896
5399
18812
12256
32238
11334
17186
5779
6945
31750
3103
2087
259
14785
9988
21626
31053
7270
29396
4878
24511
27067
21259
15108
10832
28149
6366
30536
15495
4486
4549
2825
2601
310
24375
23148
19732
7285
31668
27521
21099
7663
4361
29558
8947
12898
976
17418
2749
29100
22582
11589
17414
28201
21505
10086
18779
20027
465
22814
4865
9258
31141
19963
17299
30767
4770
28967
2029
14539
25104
8274
11849
1373
11174
27373
14504
1780
9991
20889
28276
19298
16012
6623
12643
22162
11076
2593
6558
24091
4665
8656
7459
25364
1781
8672
18023
7723
5957
31097
15936
29169
17469
27376
11523
22392
3196
31989
14057
31008
27570
3086
6072
28590
29535
4164
8607
21918
24797
27419
9057
9403
21664
20936
31158
4588
3773
10143
20462
23377
21673
23755
21463
15502
25667
9537
24801
32103
6165
7159
26240
20110
8407
9808
3538
26808
30773
11227
25218
8694
28883
30270
748
27971
1933
19821
7041
30809
23043
9248
12653
23498
26197
26755
120
4427
30763
19759
28714
9299
26361
7769
25651
20709
2433
30537
27658
1193
665
27662
5587
30274
19246
31601
26758
18140
7561
23847
18766
25092
9681
75
20527
4029
7121
19979
20460
27856
10748
1185
5416
15715
17838
16005
8395
19917
23733
31200
24999
21929
31760
13380
12636
4393
21494
28315
6264
1198
15643
11614
7651
7829
9006
18696
9595
11091
30886
8905
8699
20420
6078
4478
7713
32192
13502
6881
24848
5872
17789
19709
12787
12767
548
19430
32483
13652
25396
26534
27403
15840
16587
20090
2057
435
30499
12095
16024
9907
13403
24615
10860
16080
21370
23984
27998
24209
26801
13783
15817
499
25312
13192
13364
13172
26204
24154
7217
10603
17648
8825
19588
19866
14113
13539
19080
25350
15030
2008
15567
15879
14968
25483
28937
17051
25399
30494
31015
7423
18957
30157
9152
26753
18407
5226
21427
14480
11840
31497
31502
14357
14640
32508
15662
21254
25254
14594
31784
7735
31473
19387
21864
29044
10886
28255
20888
26574
16637
4016
19396
14898
30044
9517
21435
10304
31640
31369
4024
25433
4953
5467
24897
12282
29694
279
20816
12617
14817
5949
1969
4846
14556
6096
20907
1316
22540
9738
31714
16144
23252
32078
892
31569
15141
29278
25219
8920
30973
5326
31626
6650
814
1209
26772
25539
7521
20658
12593
3982
26458
28669
11242
9426
27006
11520
3807
319
19090
5108
29615
23818
4805
14816
21144
27013
8177
28616
14560
15858
12062
13857
15987
1689
8008
1161
32461
10776
20834
14773
6426
22779
18842
18347
31644
15244
30175
28721
32334
12780
15776
9605
4295
23139
16087
25422
32608
20981
23623
5075
5017
25398
257
21867
5049
5983
15661
13364
26037
23968
8199
11272
22867
15544
29480
1709
23951
17092
15111
27212
9534
10068
8383
11301
32497
21444
10515
15232
25628
17866
23727
14567
888
75
17840
3474
19109
32371
26215
5923
13076
23812
3418
15252
22052
11758
10892
31085
3211
10785
2559
18490
7416
13727
6006
23868
15863
27093
3967
10335
28436
6699
16817
7532
27971
1754
18483
7552
18047
12797
22654
5309
20658
2796
4451
8255
2005
25541
27215
20561
5976
25931
10190
23265
4804
29940
31054
21042
8607
16701
9254
13265
8848
26689
24534
25546
2499
27786
18320
26651
32399
27687
1272
30825
31830
19966
6185
13810
31405
22884
24824
8131
24765
27627
19836
5931
18409
16763
20942
2159
20914
677
3341
3007
5335
3379
16293
4713
26048
11012
30417
29773
32284
11031
4447
29073
18378
4325
436
31894
20213
19956
28943
24618
8068
14761
10258
5631
4529
15198
24702
24923
18935
23220
25662
530
28722
10794
7591
5042
25090
16367
31998
27901
25712
12533
22330
5020
6356
16967
8716
6161
14582
17564
12573
28142
24179
20012
22679
5188
22882
18114
6374
8799
23096
31251
14272
3248
29417
9294
27234
13835
13136
11508
29981
8467
25809
1002
25618
22002
10557
21709
16698
20557
245
1157
27561
2422
31827
11549
29715
29412
7237
3025
8847
29921
9787
5481
2459
17795
28484
9414
19040
11229
25203
30651
28216
886
18056
28190
31086
5115
1740
16158
6981
4400
829
6358
7995
22316
11243
24099
910
14022
27554
30387
22784
26187
9673
25951
20439
27250
19338
6331
5673
2961
19508
10731
27478
11024
25821
32184
3286
3358
4939
31715
24629
27300
12309
20664
32347
24439
29701
27879
1041
2258
27841
14224
19393
26627
9386
9885
29821
23908
517
12628
23107
20365
8537
20780
25472
21192
12055
1248
18386
25798
1152
2499
13330
4240
3012
16211
28562
3775
12135
26896
26275
13808
22761
17039
15963
20339
17062
6602
21909
9283
8443
25530
22328
22075
26282
32552
16829
22918
10368
6592
2027
8792
25653
27495
12005
23259
11923
15310
3431
13677
3290
26183
4173
12040
32100
20440
10325
22017
29573
910
17701
26870
19125
26900
400
25090
29937
18820
25877
16946
26718
5757
24232
12605
4144
10102
23734
17775
17610
24914
9827
2023
3878
31796
23062
2306
15224
23444
13623
6423
32526
11411
2359
31077
13691
16011
465
6473
30964
18923
8336
13237
6650
6466
4498
24797
14906
18585
15755
28723
3761
3846
15628
7830
3347
18046
4358
31942
2158
9707
17546
6684
266
24958
23506
18296
11157
9543
13445
1658
29564
7683
15159
30965
31900
1077
6703
25760
26650
23928
17774
7951
24719
26643
2029
30178
12649
25806
30245
26429
28046
13060
27092
15992
26946
29434
27391
26903
2890
8815
10803
6140
14673
26484
28689
219
25484
32126
9738
21487
29594
30906
23654
14827
8878
21408
29067
28212
31471
31435
15996
18765
2079
19208
27808
20370
31611
13741
22725
6186
18147
32556
10084
8247
29499
19431
28198
24143
13841
28486
5800
10800
2688
12551
24187
19631
20820
31958
6256
19442
15470
12318
4882
18399
2411
31262
18547
31444
20352
575
15148
12953
25768
18597
9375
21907
7682
29956
22655
18490
28532
1973
403
18125
11925
8457
7094
1860
31946
21213
20259
14214
7343
12398
4335
11228
14008
4207
11479
20901
20760
13657
7228
14924
32481
20483
20076
21112
2669
4210
17955
6530
7934
14578
12370
27948
13729
26469
22558
15760
18776
2268
7212
15702
5751
11108
18716
25130
26959
8739
32083
18797
16394
12195
31230
21803
17366
10861
1363
5454
23878
20442
16922
20753
26612
14630
8301
17591
18796
9926
19388
26492
28485
5627
14868
19916
30865
21672
16544
31667
3704
1889
20848
15253
12319
21956
18041
19743
30159
12556
24029
125
3923
26851
19309
4557
417
632
876
22740
26557
1490
8854
8432
15067
13668
5985
15694
26052
25569
28803
11613
10106
23633
29876
25987
2335
4197
26549
4110
27411
263
8337
23149
27997
5430
21795
8864
14156
21265
16088
6381
25181
12081
31927
10709
3168
26172
22174
17478
21719
5303
17870
20498
18847
284
26281
26784
1746
19501
14267
12258
3563
31623
18936
19846
6187
4730
17988
28273
26684
11544
27705
22633
24341
20876
28196
26129
22557
27566
20048
32539
4243
9940
8584
24761
7725
6634
23255
19028
14591
31173
1170
25217
23711
17844
2712
26673
1159
8792
31193
1063
1978
22198
22805
20144
22443
8075
32486
23950
9818
19679
2305
28213
14272
24029
22713
58
25197
3810
14533
29704
880
3540
4162
469
26999
18613
18172
7380
31543
2680
16105
5804
7438
23059
1782
5930
6631
20437
11014
15410
4959
21754
17720
30204
15654
381
13417
29565
26535
3117
7163
13090
7659
259
4308
3012
23226
12723
6057
16857
6404
5249
22652
31975
17280
1366
11107
12607
18323
7443
25228
20967
20339
4901
30078
24280
26508
23898
29089
9065
4899
498
21505
14604
5177
20474
12367
8760
27314
29141
18729
4518
20150
3612
32154
12736
10840
27304
12261
87
22133
17900
2430
4756
7903
23176
16474
21809
20923
16668
16744
7400
24104
9306
25696
6956
17954
31584
3259
2840
26533
15940
23554
10917
24853
18672
22860
21535
5341
24624
12803
19418
4183
3337
30694
5665
23020
16973
84
26991
27260
108
18631
4322
22015
27533
1183
21228
26477
2013
14369
12364
13276
4135
1215
3900
26856
6822
2713
9964
23128
23
837
16176
4863
14609
31179
6261
27871
9625
17396
4090
29845
29426
8389
21565
7153
5042
8262
15795
32740
32283
14472
8123
17823
9383
11237
9685
21241
23781
9354
4367
26129
10372
10547
27073
20533
5293
20278
31098
22531
9111
19907
8506
1742
29781
22122
24546
25924
7410
22237
7400
27469
27327
2040
2895
10038
31980
28158
14551
24590
27990
11814
7537
14160
31648
23894
16117
3523
28293
11310
15639
12191
8044
5192
22936
3057
25661
27326
20665
31552
19316
31725
5621
22897
24180
5241
18671
30440
24093
7058
30378
9456
11680
8821
31480
24925
24466
3381
5685
25968
6464
14523
2868
7162
16451
16907
22906
17092
9812
21194
26538
15151
10081
5885
12865
19992
28128
16404
21123
26366
20835
14631
29110
2663
876
28799
31885
2943
32387
23128
10983
17667
27527
4325
12218
22877
28994
13717
9545
15889
8767
30613
2462
5719
31968
25494
24372
8457
12715
24784
17908
15808
9189
32583
8290
19771
22626
31565
6425
28928
18075
6728
7285
28229
16385
17589
6799
14352
24977
365
9582
25758
17321
13863
16251
4610
23578
20799
28214
32270
18046
16566
25896
21878
26316
23161
23832
32307
6697
6630
27522
24870
27137
22156
28229
30462
30039
22578
24476
7259
1113
27675
9807
28979
31288
24457
13867
18294
6454
896
5295
25837
19713
7628
5640
7272
28479
27462
26176
536
14954
5970
12978
16186
24286
19628
1985
18677
28208
17253
14025
32390
4290
28712
22614
29338
14740
14530
16020
25595
19549
20961
27655
10607
27099
10780
25212
5342
22119
1588
24128
4530
11980
12954
20879
643
24409
28209
13391
8692
4405
29268
31743
27352
499
15387
20458
19354
31078
31450
19872
10459
20919
18411
29094
29532
17844
2990
30829
21791
31083
13261
19329
14793
28920
7877
20227
13899
27035
24738
9049
5057
18702
17673
12068
410
5909
12924
1394
13050
13654
21210
31798
27484
18795
9509
1781
15996
3382
23688
10689
1908
31092
12441
6251
23333
32405
731
22005
31192
16332
32135
26694
1061
1122
3980
29729
30485
21327
27092
21848
13187
27915
25033
1853
5320
6050
23832
29018
23191
28935
10932
27746
27173
15274
27935
4967
10893
22860
31205
13644
116
26642
21097
31358
11496
13785
6627
4831
5006
32202
11434
3
11261
9262
15535
20383
8805
25731
5962
23102
27508
9679
30778
23094
20346
26932
3559
28379
12491
1733
4841
24562
4453
11416
8398
13673
7122
21532
8216
30533
13136
8621
31110
10715
20272
25190
27797
23107
9596
7223
12101
20234
26844
25655
15136
12583
7610
28475
27513
16688
19109
4263
20722
27854
2035
7044
24129
22639
12971
22995
21043
12602
18082
3617
752
23368
9187
13148
28290
20497
17236
28389
13457
16676
7831
26854
23920
21276
20271
32486
4702
1231
10468
1179
11013
5832
21352
1791
13383
1784
10042
17830
21562
29864
20939
22094
12145
178
1248
9912
13182
32241
13623
20662
27316
1526
11373
29830
15666
17916
29215
3422
17181
6174
20560
29768
3116
15560
30474
1328
106
18540
840
6715
15927
6518
27924
20827
6544
27265
8429
20513
8337
21707
18539
31186
18744
22246
1574
19388
11372
13233
10451
21450
29246
15751
6576
30039
21358
25014
2595
28736
21553
2099
9373
24125
7217
7052
17605
6769
4054
19741
31443
18239
3780
27015
24121
26208
31653
20830
29577
14130
28968
27170
10643
20307
18505
7025
12749
8559
21460
11386
14329
26198
29988
5557
15617
7250
28209
6866
6438
4279
5322
16623
26969
10171
19230
29965
27625
22152
24961
30405
4191
912
17773
23351
16039
16673
8647
15428
6512
5689
21604
26621
16340
18843
23756
9306
21052
25378
10302
23344
15998
22358
24308
16989
5961
4413
5799
21573
31427
20084
3670
11395
19568
381
22340
7384
18006
11867
3904
3687
9567
30044
4136
805
29950
16439
14512
19339
15893
17750
12896
17550
7447
21877
22748
12752
874
10092
9832
2072
10255
5705
18859
15360
27524
1442
18611
26861
13033
24618
21818
25668
32355
25729
13864
4315
16062
13393
27225
1710
11862
22934
26783
25300
12599
13885
8459
21425
131
4593
9064
13676
9492
14898
3849
21155
1379
26791
12229
7518
2728
25525
27711
29762
8515
3408
26987
18440
6235
21521
1869
13613
9413
14985
6916
26090
2855
26838
2568
20582
13661
31859
10928
9515
14107
2645
3575
470
1492
1843
5759
15379
26587
2597
214
22729
24265
7536
16633
914
4382
4512
22806
6766
30507
1752
3478
8632
20271
8295
6747
13401
7360
5787
19782
17467
14188
6874
10749
16129
11425
16878
31467
27381
30922
26785
29576
4161
23483
18058
18394
16995
19535
8998
23868
24027
20303
24875
30814
3622
13718
21528
3213
28656
1395
5137
4148
9094
4943
17386
31395
25482
3472
32130
20240
29674
32701
22610
22747
32018
4322
15941
32023
10081
310
714
17733
2778
11003
28712
1890
18205
2726
16147
20261
22421
4672
11388
27778
30706
19468
8621
19314
11482
4202
8852
30966
17627
21243
30303
31065
26021
19206
15946
21430
31094
31514
28341
30395
4309
23541
24186
23212
3203
11941
24701
1195
9135
14829
7045
20278
6761
30442
5194
7153
15449
28918
7631
21158
28593
23757
9201
20874
29792
10991
1088
12994
9097
6469
26895
2853
17203
2054
23239
1604
16962
5596
31617
935
28838
18243
8403
6490
2002
15666
16361
8105
5999
16126
24536
10791
10834
7035
1584
4597
14252
9572
20944
30016
13441
20221
14335
20492
22876
10486
6072
4656
28736
18579
5956
22178
16097
22794
15
8181
24852
23597
3252
15904
10117
24136
23898
16769
20136
8525
1603
7970
8690
814
27810
27194
24392
9099
26029
18167
28344
3213
19444
31354
16999
25362
32497
15396
29386
25098
224
11280
27417
9504
9937
4832
14849
1694
3835
20157
23194
5258
20819
4505
2456
24853
7773
21687
31429
12855
16450
9582
687
21651
12836
12074
2205
5536
16814
9907
21704
10506
28399
31410
3784
32086
32360
28017
77
17350
29027
31714
28687
12156
22663
13795
10504
12257
13482
27584
480
10824
23014
21753
30889
30415
2287
5190
14028
9350
12963
15577
4419
18644
6627
15587
22793
24086
18338
20825
4047
30088
1339
26360
21745
16489
20744
3207
7848
13402
304
23132
4993
20232
2240
29473
6158
15626
4862
472
25819
26637
26874
22813
14499
12334
21861
6059
31428
21671
31398
30242
25073
20398
20267
8712
29479
10650
13309
18957
27874
1864
22936
16275
29328
30653
26361
20845
3142
17676
5880
17383
20146
19578
16344
2567
16209
8673
31005
9235
18657
594
21405
18259
21530
23038
22490
13080
22681
24919
16015
22270
31261
5490
6025
11885
1525
4016
21176
30054
25785
157
24454
6780
21561
21016
22119
4640
32179
13493
24754
28450
15433
7263
21167
25717
10161
28738
11249
5171
14127
29160
29158
20448
4288
8097
6316
11763
22680
5673
28198
6290
5327
13701
15184
14750
31064
3374
4047
26607
12338
21361
27597
31201
29154
27670
15363
8463
544
16960
23575
13150
25809
31124
4905
1342
24373
15005
16041
14636
6498
7791
8043
10363
29681
32139
31997
18773
26103
9731
4920
13821
30519
15583
32277
14678
10901
20158
6082
1193
27854
21441
31989
29347
23399
10916
11137
31645
30691
20270
28455
16161
6969
20428
4270
18089
15749
18041
31541
26025
26110
22752
19401
23248
22312
965
32563
5771
19275
13729
12819
19148
21795
31884
10035
10249
14553
19296
2069
27527
20786
6684
5070
8920
21767
25990
12311
18595
4341
21013
4258
7843
26965
30221
26794
26866
14446
3820
23246
28296
23786
9733
6943
25342
3207
26731
30584
7576
16143
13840
14862
16771
17802
11310
6727
15195
25010
12006
12240
14321
29095
13864
7146
30794
996
25042
23812
9963
26482
6428
143
4691
3163
14643
9998
28874
18530
5924
3692
4441
21489
22780
5779
7706
4947
27181
29754
21426
35
3892
1534
21019
18181
23673
32693
27303
28052
5239
24575
3905
5275
12572
25629
18166
10887
7283
28167
19381
8732
23680
4280
13651
360
13932
14029
21970
23797
3298
5966
10979
4931
32184
27852
2217
23669
722
8876
25024
587
6723
27842
20606
21584
14774
32034
17785
11349
4365
19506
32585
5917
24647
9988
12175
30042
25767
30691
28982
10456
8466
32044
29688
8697
1466
25184
292
24929
15097
28534
15775
16882
4991
17014
19753
7931
27056
18243
15074
10924
27720
25016
19213
2254
7745
32247
6675
433
3574
31486
11467
24933
1928
9084
22008
22316
18049
10466
5396
26928
27319
21692
21068
20594
13428
25666
7115
20739
19411
16938
18491
25206
5997
4801
8841
15509
26165
17978
745
7251
28833
9542
31003
21762
29963
3045
27628
454
29526
18043
20991
27466
19412
17702
26573
30129
17767
6479
1771
10960
16103
29055
652
13466
4036
1908
11590
23515
23533
13429
27673
24362
24304
8162
31405
13848
29282
15375
17627
5294
21377
1362
31087
17175
27672
14171
14892
7577
8867
27844
3345
20682
30132
23785
29403
9728
26261
11258
18123
29705
30511
335
19369
2076
16170
22523
2569
6928
23638
15779
25549
9932
16970
29585
235
12287
11595
9732
31089
22545
15471
11722
24774
19289
30465
4113
5682
24464
16680
12411
32416
30341
964
26992
2979
30995
2969
32440
13240
32336
25519
7753
16331
29448
12024
25437
4604
21866
17716
4040
18850
22784
5906
28553
26768
1765
7576
6815
23960
11826
22724
2334
6222
14521
8564
11649
2574
14326
21123
2370
14401
15938
3381
28584
17371
22602
7381
27361
2600
15040
15772
30544
17097
30800
19157
2344
16122
21462
6207
4154
11798
718
31411
28171
2908
29707
17414
4650
6387
28333
13873
12480
3116
7501
12719
18281
20232
22906
8999
25666
31482
19305
29771
25412
28909
12776
1024
5584
12937
26260
27071
2186
24754
29260
2107
23403
850
17893
13124
24594
32345
27423
27883
29275
22530
16856
32231
16179
13399
7552
27959
28075
10743
22221
6921
24139
21527
9648
731
29864
17863
22407
26848
7992
17014
13716
30373
4454
24505
12206
2804
25570
29768
7990
16633
3899
30793
13901
29347
29871
15058
28484
14925
26946
4265
4180
14238
30477
24654
6032
7085
18649
12091
8983
16489
29676
5226
10638
20281
5155
13336
5838
15071
28225
10441
8409
4258
3207
32140
26899
25772
2437
7552
15791
23985
32047
23703
3943
9169
16435
32154
28528
14016
31114
22893
10669
28452
10829
2965
20259
12094
11211
18423
17581
1741
21464
15842
10736
20015
13160
11344
11410
31946
9052
2921
7079
16042
5019
28489
20332
3435
20581
2051
14648
20570
12772
25318
12207
18391
27140
20735
19257
18430
25733
5854
26291
1670
27983
18845
6244
32744
4357
32031
14130
14276
27612
10134
16405
22657
23214
24136
12237
30261
16970
20370
9424
30916
24847
7725
23943
29003
24249
432
26297
24255
3706
20566
3656
9681
5965
22018
28187
16405
30343
7296
9051
26212
4270
2318
1506
14975
17551
29467
29680
13300
13451
6222
1568
21574
14898
4554
16283
26184
14355
11953
3724
19658
15825
22502
12500
9335
12922
24856
20734
15614
30997
27388
28533
11632
17274
15065
27636
2025
1895
11082
17215
28787
18895
6720
21777
6951
13429
30790
18005
30102
10682
23817
21400
32615
19123
17687
10175
5697
9087
23783
2805
14571
29144
32026
32232
1457
14823
15360
5429
30730
7517
14430
10528
10617
10431
366
11657
6577
2817
16424
17948
16892
27479
1472
27335
30685
20808
25456
12401
25332
21252
12151
2537
2595
32247
7010
5404
15343
11678
32650
18572
22057
17562
32734
5373
12493
31747
28130
20337
12330
15614
3064
30551
16963
14482
5599
11520
19318
12727
12921
27730
18011
11696
13009
24512
6895
32411
16988
24442
28914
23623
27775
28896
397
32581
6994
23101
11320
29250
29604
7858
21211
3476
12863
30320
16691
20754
28268
5930
9080
4137
26042
24779
20541
9260
13564
16996
27031
6380
8849
27496
6529
1929
24040
7451
28031
4999
22594
12360
5506
15908
6842
9010
2572
1001
15747
17358
23956
30848
25714
18991
15660
21701
25788
30530
25697
11039
30720
3003
2147
13841
8328
11087
32358
29964
8908
36
8519
2952
14391
12934
14963
5715
24366
2267
29189
27432
27727
17369
2606
30339
16630
2806
27098
11188
19206
32032
14992
15154
12774
14767
7578
819
21705
30104
15463
28281
32307
28899
14381
13679
28857
24671
15570
13684
12552
8084
15117
21111
12584
16121
3529
5828
16642
16999
3786
1309
26656
9166
24210
20749
3253
28199
25478
29049
3037
1193
17485
16760
10021
27200
24953
9061
27470
7483
4713
23090
29774
23364
10605
3326
12952
24982
812
10474
5533
32106
9539
5417
16275
178
12335
27991
9845
28426
10349
13836
17995
30444
23263
16304
18603
2851
24690
11153
17792
12418
1278
18226
266
21461
5486
12775
19238
15384
22816
158
25552
27879
14991
21504
2278
3382
25391
5305
4398
9794
20120
18963
14491
20167
6375
16074
460
5748
3169
26652
20694
17820
12890
17183
9027
17710
27478
7255
2395
17127
21101
30088
17570
26054
28660
32201
12193
9921
32601
20442
21225
8630
19535
27319
19286
29348
27435
6253
26001
29467
20622
14125
4824
27633
3141
6303
6914
3895
11117
27512
12221
20075
1499
25423
17691
24815
31419
4781
21325
3770
24694
11107
26030
4942
11226
6432
6915
11498
4725
10818
31488
11264
11329
15085
17679
5865
22663
5722
7246
13784
27133
626
13526
6925
24113
10652
26179
31563
9259
22227
18289
27275
13902
14331
14211
20722
2944
6773
30762
11265
9099
22001
15652
28684
12994
22915
21762
7661
12519
3834
20271
24825
20300
2157
17198
18739
6713
11286
7459
30144
18830
21091
5013
17307
1193
2635
10866
21642
7562
30687
26451
593
1845
289
6914
4645
2904
15640
25658
15459
814
22820
20397
23682
6051
26768
14667
23879
19641
21094
21186
13623
23594
20871
29505
1874
9039
15098
5250
15358
10304
32389
8455
9794
31293
5498
30628
2356
29005
21460
18493
4533
4388
20354
11729
6235
4938
20995
10679
16303
23674
2099
25640
17049
24905
25701
22014
1816
15880
26289
16315
18742
1514
16272
4557
29244
3434
166
10769
28706
13287
20446
2709
8521
28817
20668
28066
10349
9865
14319
23290
15573
1092
15654
8798
19148
29233
24357
24403
30805
21659
11800
27174
25115
9424
4135
23086
9383
9603
13386
32081
1493
13935
10079
26825
21129
2877
16250
1832
17566
18856
20860
18330
1311
21215
25831
21099
7866
15402
23024
26313
29809
15057
13782
17866
4243
1850
2419
20145
24555
31569
9745
12397
11575
28716
5246
21602
28892
7920
611
26220
18647
2286
6609
7713
11511
11026
30493
11607
13129
126
12526
30695
30932
6258
9876
30896
647
17263
2203
30686
10864
7068
20384
30316
27951
27752
5476
29415
11177
15729
1055
27509
13569
1189
20503
16663
11460
17318
28528
24619
8547
5235
1094
21045
26343
26950
11513
7390
2528
952
11976
4669
28318
26411
11938
30294
28836
19049
27704
7648
5722
19593
13143
27212
11522
28947
30581
18178
24813
10084
19850
3054
9711
24915
14369
26939
1040
32020
31150
16478
7300
1629
24866
3671
31454
4808
17597
19251
1664
15737
7971
25302
10326
1536
691
10999
30916
5760
22292
31340
2524
13585
5392
17832
8661
25700
29862
25730
31160
30630
16730
25912
21597
7590
18640
4275
406
10041
6041
1036
8618
3294
30797
848
15621
30622
26842
27008
1069
20790
31259
23004
19448
8056
19885
5729
6653
12015
9726
8081
21832
20674
15526
370
28498
12250
21243
29145
6448
327
12511
9192
22794
5088
1501
29910
5071
810
24693
21998
24359
4476
12211
6107
12201
28000
775
31522
14159
26171
31824
10736
2086
21553
10298
32534
20298
14147
12490
15954
15378
20922
7735
8656
26504
16841
6652
24816
20508
24174
26667
5194
15769
23449
2820
6896
8535
31120
17606
25842
18099
17298
27589
18216
26556
8634
17597
15403
31279
16935
22374
13989
18598
7514
29000
26827
11276
6623
19153
9511
31060
4912
677
15515
30570
18390
25397
32163
29034
29393
9875
14554
14609
5178
11397
28352
11633
11559
22232
2746
6632
29391
32758
20314
338
15599
16315
22497
10622
13164
29317
21250
31455
32569
13962
23273
2180
635
21359
3708
21578
23531
16406
20449
9041
14716
15031
19520
30380
15935
10034
12490
31837
32643
10147
12538
3200
23872
9015
16922
1734
14774
12095
12298
9253
21585
3715
28477
4302
19408
15065
20484
25184
2982
11510
30479
15963
10400
22147
16176
17623
28873
628
26723
4982
12939
3989
14348
29847
32534
14693
28287
3788
27654
25384
13765
10383
6207
6456
28062
21552
30748
15516
30914
6162
11466
3291
28524
26391
27374
1042
23321
32089
13454
14661
24461
29979
27182
15603
29976
10239
30521
9197
6167
12409
7587
13416
4541
8067
9421
26960
15892
14994
28585
16351
29502
21961
15902
879
28161
7789
7598
2956
26499
27034
19798
8270
14417
23348
6325
30949
11430
31007
28273
2166
28139
32435
13783
3366
9594
1130
10177
5492
15527
20444
11965
28619
24065
24558
4715
14423
7125
2374
29223
31001
24564
14082
21224
4150
2230
9129
17512
20629
22335
7777
24966
4264
4865
12387
12264
7050
1666
13997
8932
14411
14688
17398
17825
15240
2962
24295
20601
22334
5616
28808
11682
7391
29686
30457
12558
26022
23237
20578
1935
5416
8554
12844
8511
27181
7779
8306
6943
20925
32351
31154
27646
28798
30790
27337
22685
22077
633
24350
29456
4042
27995
16669
10599
2825
1808
7911
10126
326
11397
1863
4210
23497
27568
13033
21093
18090
6937
19910
6852
26087
2713
29923
11479
24756
12641
15419
8184
14098
32063
20729
18680
5539
10013
3051
21182
7101
12491
2100
18993
18365
28670
4673
8537
32158
19096
766
28096
23498
2089
23369
26143
21039
23734
13223
25398
12182
4282
21557
26620
6448
27243
2274
29944
8306
15422
1500
10991
27427
15533
28744
191
8628
2872
24374
4235
6095
1706
26836
16408
25394
22685
4065
18551
21694
23104
9573
24805
1995
13912
29344
4335
31679
27781
16192
28122
27615
6599
2007
18241
22885
10816
30859
1792
31698
22588
16
18513
2949
7278
3795
27189
6797
29564
22136
8470
28604
7359
7559
19370
6140
13892
31586
3866
8678
23062
4219
32356
14225
8383
3779
20734
2728
11532
9830
27836
18112
9489
10933
18163
32232
15469
867
24799
17281
13263
15861
25410
26960
29113
21364
7502
4817
6276
30309
27333
4814
15781
31995
17759
18225
9774
15242
1388
26391
11416
25407
5562
30501
13247
14607
7865
22559
19246
14573
27869
9142
26781
31040
5700
19362
23224
25236
9113
12017
22818
3983
16440
6559
21946
26919
13714
25190
29469
21267
13779
6871
17516
31871
14787
1450
14927
10500
30186
18259
24889
1495
11000
1238
21742
24385
21860
25819
3395
19023
82
9989
26661
5834
16314
17792
5341
7529
5575
21721
17554
15942
18301
5651
17424
9103
25759
28407
25288
7294
1744
15531
19223
9355
3064
13446
12235
27360
20457
18211
29411
28173
10563
14772
10646
32765
11668
27033
8599
17960
196
28210
19352
2571
13233
3313
12045
28117
30230
13235
19250
22884
8113
27984
2383
13167
21669
1136
9274
15109
18717
18593
10526
5430
26674
10663
30076
25360
25103
7443
22127
29645
25938
536
11572
26442
1974
30617
15593
21691
8687
22662
1429
18846
8918
21097
20585
13549
7622
19004
20806
4760
6214
894
383
27442
23272
15750
6111
31722
18801
15126
16878
6846
1593
26675
624
10987
25813
4660
22831
13736
28660
26138
6138
31507
1671
10527
2286
3948
21541
24466
18932
22657
10413
21985
395
32617
29485
16376
20680
10869
25602
25289
9882
4964
31297
31788
22611
19926
86
23786
9060
20996
15339
26900
31848
8109
21772
29338
20325
3412
14472
8728
5454
6056
31130
25075
25292
17732
30408
32677
21565
29336
17932
30549
31486
6695
11314
7595
12261
27892
9089
7138
28434
20278
13725
29215
8424
3411
11436
29697
29782
23820
24504
29561
11867
32501
7764
3548
4809
5161
32643
20278
19017
31803
6101
8162
27039
20336
23251
12375
32303
18731
11165
22341
17344
13992
24786
5601
26497
15853
16304
13948
31817
4350
12925
14683
1059
24913
15909
963
13066
10113
31524
1363
20209
4934
5542
18327
20743
14245
6381
7129
11320
18276
2548
23354
23799
30145
5458
27906
9787
20324
21600
1845
8135
8081
28062
23911
31151
13730
5203
12752
6424
7861
11124
31907
29247
10146
4039
7580
17341
15152
19784
19416
5897
28808
17356
14314
10814
24041
32484
5163
10014
926
17668
30545
19287
25389
8677
19780
26118
5842
28711
18989
20090
32043
9787
5071
14394
19765
27264
5402
2121
9847
12972
12285
4008
29053
29294
16765
20253
9352
7506
11268
10291
16516
32740
23547
8066
6714
13336
31386
5168
17351
13545
17151
4280
10829
21825
11646
6378
15336
7705
25913
6452
10724
22497
15344
23327
6957
17186
4122
8988
25350
17506
22836
23425
4094
1864
20057
28879
26400
23808
23315
17206
8043
23009
22129
20827
29058
30285
12377
88
20388
14041
2336
9476
23005
8110
26456
12918
25214
30512
32745
12740
5836
7133
17508
26384
8181
29047
11155
18374
20552
10597
26709
9759
12452
27223
680
13802
561
6953
1800
20107
2127
21770
16376
3652
11980
16605
11742
17075
24666
25567
12563
15004
8512
8074
6715
25833
16975
26810
5330
24815
16408
31247
8200
25587
8796
1426
2511
6125
28612
10651
8242
22411
2514
11506
3304
27513
1304
17972
3881
11488
20904
29304
1984
12589
18379
7987
2914
25363
27894
11097
28478
11475
1273
965
981
6075
17274
24283
29196
1260
12706
23404
28287
25441
7190
1753
14105
1837
7465
3708
3810
1540
5968
8259
11287
15613
13270
16030
19584
25494
14800
2972
25598
20473
20820
20305
6500
20606
1766
15738
1415
15984
9011
15972
26777
11796
11010
16137
18866
24551
7015
19580
13488
22312
13881
32392
2625
14742
29383
30100
5694
23675
26311
28618
24635
8937
15247
14713
27228
4420
904
31927
21098
14848
991
13386
2341
26540
18045
17865
5084
10288
2106
1790
3132
7507
22349
12943
21094
13952
30215
4061
9540
14281
21954
21037
5404
12844
15892
29446
1125
20757
29768
3033
10970
8485
30478
29416
20174
13362
8817
8032
10431
18063
20490
6344
9517
18829
18291
30111
30892
30529
4863
11585
14905
21384
3240
16651
30666
15945
14153
191
31017
31482
14350
28202
9473
20838
1064
1028
15417
11181
5829
25623
24450
21900
17215
12452
4908
16606
30611
5378
13630
29539
790
16776
6597
449
13667
24237
16748
15304
27032
15214
24141
28154
20930
15088
6919
23627
5781
17767
22545
23077
8033
16438
21326
9135
5697
20824
28129
23631
31894
29182
1090
22126
25523
5241
3217
2171
7642
24923
28459
21298
31592
20441
19836
32030
26700
7540
11028
1884
32189
26841
11516
16291
23597
29701
25418
13185
24952
20908
20723
26855
3938
476
9697
32744
13888
16862
24389
8638
14325
4957
16943
24846
30496
16073
25692
28525
18068
21758
14158
19490
27913
29729
18850
20525
4369
21451
12959
15241
8525
23658
23563
10159
3296
19940
7746
859
24612
14717
25225
31634
6556
21242
16287
30180
19242
23814
17557
32751
23426
13526
26080
22564
31711
16649
16557
29646
9717
18386
10356
9807
13862
28760
13008
19885
30200
29533
13710
10318
10951
16158
27395
14336
31927
4731
12451
22077
18925
21336
5072
23980
14847
9283
8432
3306
9640
32087
10434
1675
9921
19552
28658
4700
25708
24640
31979
1003
28563
9105
30700
27210
17297
27275
20830
27919
16174
22568
8805
31391
10705
7815
31669
11181
6385
7822
5799
32765
18893
10964
7307
22638
17245
29118
30784
21047
21640
21224
26115
26481
17047
9158
13701
30934
15338
10123
29248
9416
25321
15945
26122
3989
1342
3930
10731
249
21314
13056
14636
31460
11188
8008
15024
11646
20401
23604
29832
27752
4832
17176
7617
2373
23534
19781
640
14202
2362
13797
11858
23857
3537
29478
4285
30116
23196
19099
20507
26776
26584
1247
16040
31527
29383
1147
9689
15811
17317
17417
23535
7032
4062
32666
22477
28273
19582
3414
14086
15806
1257
10594
27195
2133
2508
14599
31652
16726
3155
18704
9196
24979
31133
19315
8514
12879
10861
22580
1197
13638
15138
30087
27039
19950
8169
11061
19406
4093
18737
25920
28479
22315
27743
27082
3747
3129
17603
26163
17383
15154
24779
22402
24327
24305
20343
20998
7971
1507
16909
27709
468
13326
30222
20724
7360
9810
31592
15536
13676
23279
10989
27213
2898
840
24836
13029
2100
17127
20639
25843
19119
24512
621
5816
16147
18362
21584
30686
14962
3947
3345
26204
19447
20003
22611
19097
14457
31533
16069
32468
21584
12369
28316
17859
12136
30109
26689
5242
18324
31334
25414
13199
13604
24457
32671
31612
1465
30454
5903
12356
14680
7280
17120
16474
5566
2958
27095
27326
17395
22278
27239
4201
27682
25898
13605
13547
17320
5555
27516
29267
16747
29886
22178
25679
27757
7956
19146
20116
30881
15278
19100
640
9725
11897
32482
18430
5584
26710
22148
19883
2646
30821
25270
25655
17545
17027
17264
2317
29755
32529
14366
1078
28258
26616
10394
7546
7603
14057
14935
11465
24946
22762
17887
2522
20104
31502
16511
7954
1750
21635
28224
9127
6857
20946
28698
16645
10542
1379
613
10097
12616
320
32656
21996
19232
32282
31509
6490
14877
29585
2220
1763
3540
1456
960
30106
17697
27575
27423
15196
10103
13342
9461
12539
18548
2518
16123
16796
27065
24274
32492
2398
12024
8134
22329
18237
22606
21807
5117
9781
30420
21907
21555
8618
20337
27914
8999
2311
24562
7677
17962
26278
14940
24366
4746
19952
10880
31480
24513
21701
22993
29657
27117
15390
25971
4653
14464
3056
6804
32572
23865
9812
19711
4471
8019
5606
31726
11775
26364
7018
14624
25447
32008
16054
1580
8635
29415
26316
7189
13249
18132
15686
20766
23934
6224
24823
4320
17404
207
11215
6809
587
25777
4095
31175
4038
20595
20574
27894
23447
13863
6155
11990
16766
7969
13652
21904
15310
9716
31703
15450
30392
19613
4583
11082
10443
765
11570
12647
21692
29069
672
25862
22627
23629
28030
32340
27911
12797
4571
47
31963
7056
32306
25402
29128
8158
4170
30512
24941
12185
8539
28280
14949
11650
15730
18426
22216
18140
27158
2866
6132
12321
16428
2690
28557
6645
23832
8141
31170
29272
28453
5953
3282
17951
24871
15476
25039
22181
26975
15795
15011
14270
32670
22935
10576
2540
32429
2776
23676
9430
29933
9830
5420
17909
26683
8118
10704
6033
4374
26458
14976
9196
20740
6101
31365
2237
26673
25773
13083
32479
11866
32706
25461
2635
21225
26845
8706
26180
26722
23436
8943
465
16125
20270
2029
8304
21141
15690
23860
29449
20416
8741
26567
15649
29760
27539
10490
23120
20122
18957
15154
14325
8452
6148
27629
5928
27524
19317
14082
10992
24919
9662
1833
26294
19856
5552
24509
4346
11009
32741
21441
28229
29534
24915
28194
6239
27040
34
28475
21953
25512
7867
926
1357
22309
25890
22546
29245
11703
29829
11992
9306
9301
22805
23091
110
14828
19988
16423
19707
29000
2095
19328
28461
27192
31247
28182
29710
5613
18219
6224
14841
2724
22752
18919
20049
14981
18883
8172
21362
4554
6966
1037
744
16419
26937
24852
8160
12633
4227
176
28123
31026
31442
30328
32682
13974
1407
15405
29334
12783
13909
25407
27103
15062
12963
32659
24168
2283
11408
12164
5808
9220
15023
25896
23300
6027
19923
21716
14835
29985
14629
11490
28931
27271
115
31409
19874
28351
24779
24814
6751
19054
18249
786
27738
32645
10797
18988
25849
21536
30768
26337
15325
1199
4633
13489
9493
24915
651
25212
26513
23179
26657
1092
14297
16655
17853
29236
11007
15612
11548
6369
21969
16434
30638
7889
27732
30714
421
826
30062
493
6988
6667
26339
26641
9371
2352
15747
10308
1800
11026
26017
19166
415
31326
1990
19602
31573
27400
3495
24469
20378
21647
29525
18434
18733
20866
14516
22398
16180
14403
1838
19480
2188
4363
24488
5746
14686
11566
25781
19238
24307
17313
5386
17251
11721
14009
2611
12503
21990
26421
3972
10450
29036
14463
9553
27304
16750
10799
17506
25943
11522
10961
30113
16489
13975
2024
4630
27676
23433
7987
16149
31937
4595
13614
31414
21858
22725
5340
19590
26023
3606
23748
28284
32506
32699
7481
559
1258
27160
11231
9797
31949
22838
20587
47
16554
8214
11946
3604
22870
23109
4549
21770
17372
11185
31939
16268
9762
12987
9295
16425
14026
24717
13756
3193
23639
11182
3910
1109
18321
20691
19867
6471
3370
5625
21146
19008
673
17328
10586
1929
25191
18618
27502
4860
31553
15316
2919
12404
28397
12244
10395
14978
17416
3572
20517
28514
20271
27246
20269
2605
14181
1865
31338
31823
6580
31090
3812
23356
4119
9230
4095
22111
8088
32271
18101
18771
20918
22021
17955
15958
32009
2103
6471
29947
297
23283
32264
16671
31179
29986
20854
22045
11565
8991
4436
21062
14773
24010
5844
7819
18133
18392
28321
30333
15665
5485
29218
11384
18948
4588
1534
32282
12735
14350
8667
3322
13812
4145
1388
20375
4723
18675
16042
3727
21939
15872
25953
16914
6259
24872
12271
25493
22688
14773
17736
1995
31610
28155
28734
21713
15091
2864
6144
10409
599
32638
8672
1001
32306
31319
8281
3252
25455
9993
29520
15850
12733
30098
15770
5788
30007
26037
21439
24003
19267
2125
2045
20017
11962
10978
30608
16071
20298
24954
15665
6889
30745
25265
11485
16175
18859
27148
31959
3677
19206
5259
32752
21142
5652
27517
21766
16076
9032
4504
12235
9339
30852
17993
7879
12695
16187
13129
29345
19139
1491
14449
10906
21955
12365
10703
2650
2100
23591
13305
15599
3706
15233
23201
10515
7931
11136
17770
23213
19851
2544
20218
9627
13094
3629
2641
26031
15845
10563
12889
32759
15659
12628
14270
2370
32287
23610
24831
13791
3168
19822
12486
30376
27380
15144
1653
26432
22913
28360
11521
29080
31167
9333
19459
19128
26925
3588
28428
11452
8963
32027
5945
29212
15976
30870
2824
30257
23782
16681
22634
24309
23835
2375
15642
13323
9649
25667
26924
26367
7312
12470
20457
12494
7761
544
31450
26793
2550
19922
4899
14326
13529
24331
5395
20376
23267
22113
25080
624
24318
14434
9272
26915
28621
20348
14749
29470
25754
25882
6129
2264
26256
5648
24523
9047
14890
17977
4520
31990
15595
30558
6461
16229
27472
1882
8972
21233
771
6524
28726
13062
5457
12077
7312
27634
7646
13267
2808
9707
29079
32757
27626
24916
6633
6047
4686
18492
28720
10248
2708
14632
3443
2162
10243
28434
25166
16978
31822
27313
2863
25777
28009
251
13510
9938
23962
13033
9398
7701
6611
12922
14993
2843
575
14586
32003
555
8475
4740
1869
29396
9159
710
27381
21204
27165
26372
22972
28729
8193
14687
11217
11974
5433
22872
5700
13464
18304
15760
9661
18954
21205
29393
20846
28885
15385
3154
14918
30332
18905
26935
27240
1511
24425
29528
10459
31821
3634
15171
13699
1368
20812
5508
336
17028
10064
7460
14005
457
32359
16239
9820
18297
9895
13562
27672
12139
16032
3045
24603
26969
20017
10078
10345
21639
929
22630
32396
32421
18154
29656
32137
2551
5976
2471
3092
16051
26451
8551
14080
19371
27257
8207
4089
31275
2545
15101
25717
22821
29435
7226
24808
9099
29643
7168
29751
26109
6807
13177
1904
10148
19183
3274
23992
6750
15693
21584
12421
5659
7405
12073
23565
25479
14302
31479
12286
6633
30042
15072
14447
5194
1619
21978
4886
16859
1102
2597
9404
21905
29300
14872
17135
6418
21734
30241
9719
26324
21074
26632
14091
3971
5060
883
3780
11940
22206
8111
14289
12921
25994
24237
2541
6948
27087
1355
12558
13582
19811
10453
13535
21130
7520
21964
5233
18614
9082
5094
18989
13218
10639
27477
19470
17845
7040
20300
23565
9804
31552
4544
15580
9123
23338
17516
7894
15353
21144
11031
22839
16879
8369
8985
17288
8242
29058
9244
17246
89
31057
15904
25156
22801
23085
14530
32758
10103
1994
14269
29904
22469
7564
2225
14469
8497
23266
32291
24852
22802
14805
31685
3576
325
21473
6136
5023
5583
2307
30352
31518
24003
7443
16599
10787
17255
16212
24276
18219
30610
12362
21965
11765
25688
31179
28682
2102
13033
27993
4572
24206
26807
23727
24542
13755
24535
16538
6779
3085
7850
16906
21168
19225
21180
22889
23571
434
29420
30763
8213
31253
19662
28839
13956
100
333
4133
26452
27990
13461
7992
31134
18732
30000
15438
29673
6887
7790
17541
12713
14264
14859
16064
29189
9912
9484
31995
17373
27865
31722
26587
29452
21788
4594
10377
23274
2309
30700
9409
16917
3405
22011
294
9074
30422
7364
7641
2158
27620
20946
16713
22666
17801
31545
25933
16918
25953
28282
23152
8252
4992
1703
13707
577
30889
1480
15258
14344
2240
9596
16328
2008
29058
6884
10188
29022
24948
4540
2680
8694
15129
25291
7311
32294
2152
2430
24536
25707
17021
7376
18544
3385
16783
20332
19556
11325
26914
15126
4479
14053
25726
31559
11617
29730
1887
23319
11217
14701
9966
6752
20309
30984
32496
3617
16383
1414
30526
8224
7305
11917
23925
29140
8613
6875
26350
9857
23438
903
3825
6309
5603
13449
9509
32403
32181
30333
8267
16990
10719
17828
2348
4344
32149
31276
4560
25755
6464
17841
11505
3688
19849
10755
14767
847
17588
19754
6022
28718
22064
20135
13948
22845
14444
509
30623
18601
1260
12912
29102
20607
17051
21517
28183
25548
27235
17898
12833
19203
6651
2479
26731
14238
26880
5205
16021
15112
5192
7214
2877
9403
29555
2086
4141
2981
27842
25672
11474
1745
23341
32644
5361
22851
6831
5807
24469
5412
12005
12491
588
31263
14295
4233
3218
4874
10518
24332
14222
22217
30471
29680
7676
20591
11902
24203
12395
4775
10894
5234
14760
31315
23712
26943
1914
1138
23235
13202
2959
15175
10307
17238
2231
32440
27773
3398
8272
11252
3057
12207
21505
26712
22425
13431
20396
5012
18042
13406
3997
9481
28024
16260
14088
30838
10606
12076
10930
19924
12158
17599
17390
126
30630
14868
12235
14741
13716
9966
20108
8611
21436
24518
10072
21886
9383
12747
17459
8816
16014
8232
2605
19860
13607
1669
25049
27267
9663
17616
17409
1328
18825
22589
32408
8977
566
1419
17904
24448
5317
30858
26158
10080
1693
31962
10490
22531
20697
13301
17275
17739
24035
27759
24706
27408
1348
32381
6917
19906
31162
20917
31952
20048
23947
28692
21879
30024
28954
19013
32143
31039
4024
4384
23069
1139
28348
18546
13391
32175
21206
30460
14698
22639
12192
6078
14084
12357
25974
12405
26483
13179
4488
12642
25221
8442
9261
589
1650
23914
12667
24778
27918
25499
12308
29627
16707
5156
6722
14358
2239
10314
9543
10984
13802
19491
750
21658
5659
9211
24934
6515
28683
16630
7504
29535
26250
18679
23063
30959
29552
21953
29824
21920
3799
20316
898
5984
22151
17851
23383
30030
18866
3483
18131
29634
27874
9390
27381
2445
27183
8441
2236
10882
437
12154
4411
23349
24133
26127
16368
12802
8795
27795
12114
26961
16720
16714
7081
26393
30929
7295
18466
23971
32400
14187
14883
27025
13881
31321
16092
20766
936
22024
28447
18599
3417
19537
9585
24683
800
27657
6753
32655
15642
17449
6936
4197
18147
4652
3634
16877
11017
12217
15052
668
4801
898
1502
6237
3545
31084
6604
31190
5870
17904
11319
19692
10207
30913
22041
11913
29313
8879
12817
10140
4501
4811
13563
29538
17911
28364
29892
31461
5144
10929
20860
10690
21933
9128
13485
46
5033
25135
23276
1595
15465
18297
23469
1112
2607
10771
25436
9495
11730
9671
21417
25652
4532
8897
15907
28370
18675
22512
27912
22791
32484
19631
28251
19611
31421
7589
21816
5389
2961
2281
9573
11479
28802
1386
7465
12275
4402
27023
20833
22430
6778
25882
20432
25436
21343
21074
15287
4924
15937
8801
6309
5981
23126
26875
14225
6321
6487
19264
31270
16129
23929
21988
24670
22578
5023
32397
5202
1222
15822
21628
26705
3494
481
9328
31535
18206
4222
5063
30431
9513
30792
30439
7492
25839
14678
26332
5957
28556
11493
23106
14880
23059
5449
17766
14080
9938
27178
1448
26833
11224
13548
7204
13395
17077
4463
31633
11885
9601
9977
28008
31941
7456
11632
21065
9357
25795
21197
16796
15264
26290
5325
19572
12237
13898
25321
26552
6258
27457
7305
16772
17997
16946
16245
1485
1424
9813
23180
22084
17971
2189
6328
31101
7822
10153
30753
1361
23591
11747
417
2177
5833
18349
5241
30619
31190
6062
6722
24866
14301
11271
14118
11497
23663
22746
19023
27328
28719
7181
21152
29778
9001
28235
2979
26190
29029
9548
22211
13509
30139
19287
17596
24276
24296
4101
21327
1410
15074
13895
13114
27115
3177
9130
10855
5791
24287
29914
26212
14405
19545
15205
21267
27012
10742
18626
18851
30243
20080
10898
11198
22894
9968
15397
16132
31708
3623
28992
23737
29680
6554
15902
18874
20061
20797
16564
19126
8557
1348
3898
18586
28579
13878
20454
6477
7584
17219
32251
16542
32579
21207
2
15739
16404
10607
29527
14179
10979
25260
20712
8221
5292
16549
20282
7595
28350
1410
9645
20602
17436
2887
5376
18907
9764
3565
22807
18103
19566
23479
26620
637
27639
24515
8741
13920
2431
15072
22517
6336
19247
24223
18564
28901
3455
24237
32163
4851
16215
27743
10523
22554
18804
12431
26422
26382
1294
30631
2689
24759
1464
25595
21711
17705
14983
6748
16769
9430
10870
7401
17669
29186
20489
18473
9629
1656
22577
9815
20834
12668
18544
3325
21896
25088
20541
14533
23267
16667
18858
23435
19370
20662
11588
20662
1660
25225
32059
27593
17056
31558
27587
5429
2449
30227
16569
10610
27066
31806
17034
20045
18046
9516
9809
12932
27003
21139
19263
27536
14608
7401
17728
26050
14364
25629
31451
6801
13065
22660
23130
307
15882
4118
27180
28010
26784
31706
14471
20641
19043
20895
28242
4407
19711
15853
2369
27675
22397
29243
322
5273
16068
25442
23832
1651
8031
19538
31301
15924
1152
18692
3118
19393
69
7600
5754
29489
6459
32319
26299
20446
12577
27139
20816
11708
18670
28582
13706
3306
17941
28000
3341
903
7431
8557
2681
29127
1273
7871
2890
15430
6376
31216
24829
156
2523
17018
13685
30769
18025
7210
3740
32083
15226
3282
13645
26245
4690
21055
882
11290
4043
21610
23913
3075
30945
2034
23213
8166
8308
21706
25010
6512
586
21807
15120
6379
3924
222
24548
21011
3890
6275
1907
29477
15096
25972
14353
570
30003
8607
24386
9427
17191
7106
13598
1461
27483
27610
28410
19703
23896
19421
1348
24153
18093
26795
4271
20951
31030
16194
656
23166
1694
23090
15496
3967
13603
850
19300
19330
12697
15792
18753
5692
8882
7118
10996
19524
380
17931
31913
31010
23339
17759
20937
6057
24601
26187
27682
11400
25611
18448
24130
28443
13238
27680
11555
29831
25474
22994
13582
4357
31629
10841
21945
25470
9459
4343
10675
16217
15437
13166
19713
26769
28023
26296
30474
22026
15511
9207
27568
28197
8282
18863
1984
29074
4481
32051
27788
2149
13213
16477
3798
9580
31510
3970
11504
13248
29810
7077
28706
17051
4308
29931
15692
9065
7107
14671
30924
11810
15917
7063
16802
8150
12972
22151
26578
18314
3847
24660
8714
30018
18172
29276
18053
24415
19517
14611
2863
29227
28600
16449
4362
15795
26651
28523
16080
30165
8600
10894
11994
14489
15078
27412
13376
3781
21384
25856
15170
23211
3921
3180
2279
10566
29480
3893
7651
6533
32521
5877
16574
19943
10572
26417
29491
7240
7978
11220
22231
28667
28285
3036
17659
4632
31943
21588
7634
19479
28534
20354
4823
6302
26982
7265
28777
22168
16808
6738
10936
12935
6018
15630
12773
14875
26550
23775
20837
19971
1799
22288
7847
26115
9722
4769
15094
23367
16858
15680
27808
11511
9982
21621
21336
29451
26703
20253
15321
29537
28676
31513
22220
3340
3504
25415
22252
28144
9599
20913
14952
18060
25788
16901
17288
28694
8087
22598
25748
14541
15398
12224
8946
19083
20137
5697
13710
24473
19218
1926
25215
14792
28613
31988
24551
4029
19868
25993
15386
25741
4398
23057
4355
32138
29009
24989
1732
27228
26333
23089
27037
21331
4531
22973
22287
507
28414
6990
17985
22513
17593
19590
28578
10230
26226
20298
22480
9538
14157
17338
441
23834
3403
28262
3072
28325
22988
20158
15778
29948
15187
31179
17881
22400
23690
3357
13120
29808
17542
19973
26168
22971
31819
18692
651
18
11667
1410
9296
15426
7883
8643
23567
23233
12383
27416
13861
6534
16183
18002
20841
29726
4226
31868
18703
30205
10930
16330
30157
1810
16327
31948
19005
26270
3281
19431
20099
18501
21168
5894
32559
18278
19487
18317
4965
9384
17649
4239
28219
469
13977
10560
16226
4076
3568
2989
5897
25457
32307
2986
28926
25352
1355
23052
31510
1090
1362
18457
6864
19127
5970
24381
30261
15701
31568
8447
1026
17911
18825
818
26377
12089
18683
31856
6357
13451
3879
13508
10125
22661
19734
11943
2842
30075
28058
31790
21900
15440
26838
21633
17082
5519
28928
7567
27433
6327
23654
15872
7728
3543
28847
19307
10073
11611
29540
26826
777
4646
9135
26923
18020
4577
354
2728
15979
28562
1338
23960
2663
7280
11878
11271
13707
31478
2371
30052
5077
22582
4970
21114
26165
3952
8428
21922
2545
3043
9948
15158
14152
7395
3854
32328
4950
20524
31007
9620
6455
18038
3253
23732
7791
13897
16648
11667
30345
4371
15778
28196
31231
32376
14435
13908
29786
8681
29895
29245
15770
24184
18540
25756
728
3306
18638
11653
554
22542
1621
10581
15815
13134
30867
15337
27244
8068
32710
23565
7422
12815
8101
29495
31600
4645
22361
25974
29927
24682
15049
21925
17692
15554
12570
31204
18178
24164
31862
5193
23210
29233
28429
25554
25187
13123
29018
8606
6949
29128
15784
24157
21552
31761
29908
21510
18928
7654
28756
32712
10276
10781
30072
6210
30527
17003
11760
13302
30990
20857
2447
13307
14492
27450
27983
18163
20819
1917
21396
6205
12643
19134
16821
32620
23400
20802
14008
17399
27463
12387
30557
18737
25176
8744
23391
13948
32459
3864
32758
28602
8772
27216
928
29189
3017
5076
12065
26784
26846
13603
12232
3629
494
19470
18165
11808
1517
22473
4824
23155
14652
23619
21627
10652
3021
12211
22275
4284
23175
18035
23603
11801
24556
28946
12849
6094
6137
16549
22157
705
6989
1373
19071
21974
13710
7007
31856
32098
15113
31183
27324
4835
24984
14382
25527
11502
8393
32231
1774
27496
23868
4132
27567
5113
25421
29158
4299
21182
29939
19029
31130
29502
28392
1365
7232
9632
18699
25177
1327
9243
30210
25980
21485
19629
26147
24270
29976
784
12693
31723
15783
28394
11698
6099
19314
27204
29104
15605
20213
13373
3713
3469
8784
15359
32247
1584
20883
6131
3372
20133
30777
32049
17953
3319
6130
19259
7333
28360
19622
32746
25209
23784
438
10152
18097
3367
3205
7648
25693
26215
20535
12723
9321
27381
20152
749
30402
7449
19200
11063
9914
4587
24726
1934
20142
9833
13395
13811
12006
2759
8809
7012
27580
6150
3492
1548
30465
9160
13295
16311
10396
18019
11289
9352
19060
18228
28889
4590
7057
9014
7440
16852
3710
25042
15695
26136
18161
11257
23193
6207
6829
22897
8810
29031
6568
26732
20471
24188
24937
4959
15032
1199
16309
30993
11812
18980
26730
2803
28348
22251
17067
13743
4170
8754
4413
30723
363
24505
31281
23504
28747
24966
12740
1390
27824
16857
19587
19779
27450
26978
31923
6036
3561
17842
16111
24218
21983
17392
14867
8921
8807
25549
22105
13741
8503
30393
20418
4646
5106
24408
18360
14357
3825
25903
6641
15719
5443
28836
30870
2482
13810
17189
5029
28686
3720
32679
20372
6950
22226
5970
20279
32655
23012
28282
21731
18520
93
19922
16084
29154
20461
29660
8908
1777
1044
23204
19709
13316
9260
1454
9769
9442
15017
27693
17672
24694
4512
21365
12010
5852
6278
11699
2973
5564
22331
20700
20625
22231
4678
6627
10042
23775
1123
20527
4790
21132
20795
23884
6320
8172
5490
11489
29060
27131
14310
18658
931
12403
24630
1542
11834
32229
13954
21628
9998
24073
20594
2266
28586
3667
28538
12630
9661
7366
29788
19256
12990
26893
11246
27791
7889
15304
22813
13859
2798
26660
8242
8620
5696
11182
14164
65
13003
16489
78
15635
11602
21789
28563
14427
27768
24563
25727
20113
11045
32575
22240
24543
12843
23709
32181
27605
21802
17983
21302
5470
14001
29317
6676
8947
6053
8654
18433
20238
13799
4751
31091
31970
32305
31650
21157
9545
5441
224
29151
4094
31802
22001
22264
11532
21575
867
25625
8838
1409
506
23491
25209
19731
8263
20
23839
30363
26236
14150
9045
17620
27775
22904
3407
19827
22077
2993
14731
19534
27201
19490
30723
12739
30341
5035
30119
28760
30600
12449
15370
19871
13728
16079
22876
14941
19602
24762
17560
30186
20832
7722
20990
219
2658
3045
19396
8927
28056
8382
777
2023
22847
23502
27914
14474
15010
8194
8344
29095
5939
26838
18378
8012
11226
15455
23023
32470
5773
32399
12742
11354
15905
2485
21490
8004
27744
12355
31144
23102
20059
3028
13227
21076
20226
15725
14714
20821
32753
771
14535
22396
1165
17982
14636
16463
13136
2173
26650
11976
24929
20506
24850
1203
3176
31471
17943
26967
22176
6681
15459
9048
2350
15099
8537
18908
4273
16774
3003
4333
10266
14264
27933
13599
9662
13923
26521
19058
7849
19248
11205
29305
21557
32739
29410
15804
8156
26337
26966
15452
20811
20719
7517
501
12983
4156
17915
8392
10100
27810
30261
24602
6340
11561
4224
12759
9453
23245
3706
11131
17550
8321
28888
1586
23090
27763
27551
27198
24614
13970
8856
2458
10376
4174
2557
19933
25505
24990
16249
7520
24693
30536
28496
31651
15255
18013
6617
2285
28738
2306
19765
9523
32678
6262
10043
14907
8832
10321
13234
28930
14573
18186
31427
22106
27776
18364
21421
13015
14482
31018
20411
6636
19673
19968
20852
29778
32317
23132
9233
2473
14822
19084
10036
19810
11930
14106
25302
29404
8262
31237
6017
3277
6618
26962
7872
15332
29018
6851
12245
12461
21042
5351
23721
1204
16843
4435
23305
12013
21083
13358
28174
5971
30721
23795
989
3536
13329
29810
23441
10333
2733
23576
18294
19562
30357
25201
24440
26496
20287
24811
14299
6949
21803
26333
28716
24576
22641
5575
11895
25661
11676
4828
23226
10547
25786
12733
11930
9284
30388
15496
27989
26373
23772
32017
22520
4767
18117
27503
12754
6774
25175
9659
26920
6664
27170
5396
14378
16919
28147
25574
21030
8458
2469
10604
28924
19089
32314
28276
22226
8840
24875
28515
6152
20254
22011
16248
16750
5686
1554
12629
11957
10765
19145
10427
9508
10525
15810
14741
1676
21826
9082
14392
12414
17948
25633
7913
23483
6836
1705
27807
4076
28258
25117
24843
32660
5358
31028
14806
24642
25077
13350
21802
4875
32654
27838
23923
12599
6190
176
25191
20795
22473
24110
836
6120
2106
16054
3672
27105
19685
1070
14791
20818
16795
27698
22921
27615
190
3501
14002
29915
21669
21670
27638
16315
6209
28765
27500
14026
2817
26519
4498
12830
7156
18230
27026
15050
28718
7948
1731
3669
10348
16625
6003
30315
10747
30227
5348
18643
28373
7822
13460
9121
8462
28477
32449
14765
1390
16847
11821
17219
31072
11037
15647
26396
2058
19386
17322
12173
23230
3788
2865
24575
2193
19227
31531
16031
2377
31336
17188
9815
20349
31488
26116
29948
19959
3985
2708
10697
27741
4411
13630
18444
12049
2026
20245
21023
5717
7396
7701
28826
30899
7070
4779
6599
23708
29908
3704
19798
5455
30680
2130
14418
9980
13867
12683
21844
13865
17738
118
23799
1622
21194
17448
6795
19420
16039
9596
30990
21787
12250
14682
23640
20180
22313
2104
6805
10196
21571
12000
10744
22483
28940
31860
22190
3483
10038
12720
5393
2157
9233
17776
17439
8352
16036
21106
29738
17291
5116
4700
1488
26277
15812
2561
13614
13803
22294
19168
25937
386
17297
28141
16365
11934
27820
11157
32082
12194
26953
13564
26779
18313
17294
12937
29737
7300
20720
2980
29264
24036
20624
23486
17999
315
17355
14482
8582
23230
13580
11691
8419
5358
24805
4391
24222
19320
30047
5562
19494
19801
23438
15862
26715
19013
16232
5321
9725
28490
18903
20295
5732
14001
16652
15273
11378
28453
791
8598
11207
15895
3764
30626
6195
8544
3688
4629
14705
13352
6605
12013
1810
15111
8490
806
4279
15211
14151
11576
13955
8762
11648
12514
17872
15800
13847
24614
20001
3754
207
21909
16984
13500
1462
25548
14890
31264
29250
7743
26575
17016
27807
24373
5630
24822
8520
28436
16920
6593
20181
12511
9892
21147
17427
30717
18939
14018
1114
27452
25924
21011
1563
6421
14243
26485
16313
8498
6574
1653
30362
5933
25889
9262
1149
667
1234
15212
1806
8265
16615
14353
11703
18629
6982
12727
6586
8224
20557
14742
1149
29427
20420
16296
8228
25760
16911
21260
26213
21210
28072
16809
18840
4712
4301
23315
31758
26917
886
23218
16804
26956
13706
15649
32664
4594
23890
1236
32411
22740
27182
12798
4903
339
3975
29105
8210
25789
31748
18503
10084
4046
4353
15106
23910
22903
11837
15599
29179
22237
26066
25360
1075
20645
11371
9145
29726
7535
22961
9531
1758
1440
3334
24512
4352
5221
19062
5750
6925
31221
25578
27632
13403
25366
671
5577
26665
27106
25815
29578
2283
971
9167
3277
17891
4317
5616
15011
16113
28739
8521
52
2732
15885
4669
22181
25265
7728
19065
28735
27196
14542
23594
14029
17141
19384
25964
2373
25612
30002
16389
31915
26503
7158
22867
9267
16859
6267
18051
9382
6074
886
26884
5894
9773
19874
14139
32373
28898
1212
32121
21843
10951
27090
11050
30119
3288
15550
79
24768
3892
24814
12078
10780
14455
16230
17991
2440
30532
2567
30347
22665
14881
17425
2505
32507
14728
13287
7529
4856
10298
8722
30044
12283
15831
2441
31571
18757
20396
7471
15919
31616
27596
18078
1465
8611
10850
547
20116
12565
10565
15369
17008
8469
26061
4891
127
24921
26854
9316
18989
9205
31074
17465
26636
32383
18580
18554
23309
9841
19738
18452
11766
19662
16378
29642
31504
23817
28657
27702
31264
8994
24327
14602
10905
7442
24167
17820
28176
31593
7278
1698
9968
5430
22786
11577
12143
21287
13349
2861
15553
22001
19145
3188
651
23538
5606
27131
10906
10773
16331
31142
29909
31735
25522
16274
4976
16200
27542
9373
5987
7795
73
30248
283
7809
16321
4891
18799
21562
11698
27178
30421
29838
4707
11607
4822
17460
15290
24248
5055
10897
21656
6779
3738
27611
18029
16935
17756
20094
22787
27940
25952
12223
1182
17022
2580
19359
10823
8166
22515
15362
9829
12794
17331
29456
29069
25030
22975
13532
17307
15242
6631
21571
27906
12989
15190
14104
23136
26451
27845
25982
30294
20540
25839
10388
23958
28461
22341
31832
6461
29090
8418
22725
21348
25380
16833
5695
14833
21703
30254
28977
947
7672
1146
28917
19375
6773
4851
13812
14004
2461
6675
29454
5942
29418
18168
5692
857
13244
25108
25715
4427
6744
3622
3276
11735
12848
29545
30435
16695
9573
11019
20604
5674
22410
32480
7789
14151
7595
20824
21688
13969
14221
16815
14839
4939
28216
24675
6653
12814
31667
2027
3002
6936
8207
11686
20063
29415
1958
16146
451
24839
26277
24382
15877
22824
28104
6274
20084
31347
31845
22125
5035
31006
13228
15359
20736
17982
20269
10776
26912
27101
26267
2609
19955
17229
31951
12618
10182
9147
15
28451
30632
30471
8081
7599
14612
28372
6715
17606
18129
25563
27309
9754
1815
24964
29825
17772
8947
4023
5841
16640
19692
28399
18426
3662
23271
6801
7840
28410
14152
1405
27635
12806
27994
25826
19248
5447
21745
15702
19050
23317
8526
17958
4234
26695
22338
5866
9365
32351
28311
21341
14893
26113
8875
18796
10075
7594
13918
13709
26507
24734
12078
8530
20440
6690
19361
4158
22666
6380
14564
28375
8157
5848
19377
30716
2565
26844
16501
1145
8814
27454
18099
30937
8776
32260
23459
17788
16451
9645
14368
11497
11671
9246
21953
17508
25672
7647
20293
25284
10920
8071
8244
29055
28701
6005
1987
21511
26404
6081
4856
22873
150
29810
4624
27602
11307
4594
32030
29509
572
30655
3060
7500
15053
31586
1350
32731
5578
6053
2317
18971
6289
17409
23082
30581
17585
24662
27468
14572
11249
2271
13075
2225
1429
26212
2934
7153
10460
20145
8290
9970
4301
18760
12707
10078
19763
19539
11272
10463
1255
17884
24002
14315
27981
17728
18958
30434
23329
22753
24596
2390
20596
29724
6414
18857
11249
29051
16812
31966
23909
1323
29367
30889
17279
13232
31990
28616
5844
8407
19534
22678
1573
19180
1580
8670
26597
1582
26408
10733
9462
19584
9186
11243
16564
13665
20784
5995
8756
10782
6012
1600
717
10822
13671
17554
9688
13407
5554
7986
15797
9943
31839
27691
8719
11582
3859
410
15200
3506
15551
3775
18359
27290
18559
2899
23737
19607
31683
12572
19173
2231
17324
13248
17949
22252
15801
10967
30562
11453
30626
25155
23520
12348
26244
1220
5418
22328
22847
21703
3782
1715
27164
26495
7404
18070
13236
5687
30859
23972
19725
6631
15501
27053
20741
1285
18524
18436
29940
3997
11173
25139
29325
27044
32604
13036
18693
1930
20480
5955
6520
7438
32032
16411
8840
14934
12830
22494
8007
16191
23603
12402
3415
6386
16819
3432
7759
32184
7826
24182
22625
6927
27176
32295
10810
27133
10801
18641
30250
7588
30488
8136
22661
24599
5493
11473
11593
20844
18644
31193
6400
32018
17336
12519
6376
14693
22751
6224
24146
9600
20936
7978
31048
14674
3699
3586
5746
7157
21096
12242
21563
13370
25338
1837
29487
10121
23245
25533
26023
15080
22166
27631
681
19033
24354
28397
24586
19049
13466
4813
6101
2054
24325
13063
31985
6801
10254
813
765
15412
25095
18902
23935
31862
8239
18396
6718
268
17456
8135
15084
18674
1260
20872
4616
9659
21113
7787
26371
24358
15210
26951
9634
13553
14161
26359
7331
13042
31362
13070
4003
2915
14105
7367
8255
27518
28478
16443
21114
32330
15527
16343
12382
4532
12639
12812
20711
4577
13766
5960
17948
20163
2010
27686
13951
16362
16308
11234
9639
15005
32085
22287
12332
20010
9123
21132
16067
14970
17583
12980
29866
13544
9017
18133
23879
28499
28022
30947
7436
5490
5393
21870
10653
13416
26735
20434
19765
16537
20791
5806
31046
11707
23570
3223
11359
19760
28079
14605
28499
26259
18699
17837
11672
16017
19183
23465
27885
32762
32442
30070
10303
15127
28768
30916
20942
28479
24499
11443
16524
21157
14561
24644
3269
19572
30270
21773
8197
21790
20292
16946
31799
12528
22744
912
32266
14571
31439
18747
7833
9679
24241
23339
30794
4472
15293
17714
4854
8813
9261
32561
15179
5559
14267
25996
26991
6895
24419
5595
31462
13979
30315
995
17334
7867
1185
23236
15049
17822
28132
32371
17810
1786
15077
16747
26356
11068
24367
8864
21855
13597
8293
10165
15420
11638
715
10094
11403
24917
24328
6248
202
18000
1323
14344
14361
31001
4331
7601
3229
2643
21299
3642
18722
3492
29918
9119
8708
7948
14015
7414
5455
21109
29412
27301
5669
16779
17179
19155
1888
11213
28854
2588
18809
23780
4492
15497
24489
19764
30272
703
28749
12466
19910
12150
9359
26613
8738
24877
11075
1935
4723
25628
25359
27037
28209
28779
28623
32157
5555
6305
16183
19072
17396
31839
16570
22272
9622
4942
21675
27700
24871
9302
13987
26210
29860
15633
26402
2068
3131
15743
22649
878
13909
19451
25319
11710
6356
17773
17410
4437
2969
32194
11608
20886
15434
25753
9815
5452
16210
25151
17770
27457
12841
222
1125
23820
21205
13809
13347
9258
12465
24571
21357
13648
23149
19577
19742
5632
11606
23061
24965
12379
10711
2844
16139
6454
28992
7218
3606
31855
20679
29509
29741
9089
32205
31423
21084
19031
26466
15616
17114
13918
16650
21515
6633
17374
10945
383
28158
23946
6718
714
27426
4694
26997
30105
30104
15752
11871
24722
24512
29970
16381
13382
14139
12831
3227
22625
27984
26604
9554
6436
24206
31961
8912
2326
32179
22976
18268
10998
9677
901
532
30707
22431
29422
14201
5664
26182
7861
29486
21282
22301
27612
26365
14123
30941
30785
23323
17453
30217
29554
29613
13639
26249
31170
28554
21124
9364
9629
17475
11460
26836
19224
15201
22010
29125
4556
29933
27032
14943
24805
29494
31048
1012
20854
5070
12765
14171
6928
6614
19593
24910
11922
11643
8272
19985
29506
29889
26556
2132
23069
10624
3795
16219
15212
20651
7494
22620
12952
30424
4331
12073
27711
5629
15469
18958
6791
2168
32323
1277
947
11603
25566
30696
24308
8645
3367
7279
29569
13308
25640
30395
11753
29465
32009
17834
8104
125
12863
32300
7417
1603
20736
5613
27884
30477
27130
24884
16312
31492
6724
2059
24402
11802
24725
22176
20031
5011
21172
27883
18598
25283
18223
4497
23465
4377
18256
11272
1781
15708
23885
10748
7320
24629
4799
21490
21268
26094
13141
21804
15793
5497
10186
31436
7959
26804
32020
28220
18971
14827
27615
28364
1242
27294
29753
20125
8708
26501
24975
14015
17531
11730
19160
30358
285
13750
25360
25218
21213
26150
11752
1470
5401
30175
27836
11145
30760
23976
22469
900
9266
16343
30608
25948
32324
26902
12974
30632
17315
20071
25518
15893
28513
11366
2888
21184
7727
11214
29403
20195
25714
12095
21274
9908
19097
11839
21249
31882
25517
16766
29455
12098
12841
17502
14511
10209
20237
12210
11767
10874
1838
4550
2452
11859
25296
18337
4869
323
19318
23430
5896
14942
17401
11457
82
16341
26328
17568
26755
25623
7887
31935
13657
24124
19883
23176
5668
8612
21852
17403
30074
22747
14156
29099
13099
1984
15855
16905
14967
6375
25756
20965
18559
23099
29083
32306
30458
11496
30335
13066
24361
27768
10933
11250
26893
20795
21598
2398
6871
20973
13146
24440
31904
18579
8869
8733
25690
24230
25575
4648
15879
1139
18758
4084
9257
30658
12671
30492
23673
7606
2613
26501
3291
13300
19593
8095
15506
7431
10218
19431
30128
19460
20270
28593
6865
4969
7138
19236
17673
23371
31711
25222
15899
689
23838
2746
27372
28731
3022
7942
14903
5639
13987
17434
27521
27860
3440
23630
16976
10856
11768
4396
31128
14128
21250
5678
2934
10023
31147
2248
8480
14840
28928
4521
16157
9831
1996
11071
433
13549
19631
12665
32156
28066
5232
7888
6404
23905
14996
6792
28847
13862
20528
15411
7541
20154
11515
10360
28149
17811
5799
27410
26760
19189
29298
12827
10611
22110
13560
20107
29025
19233
1099
7676
30736
20561
16453
16816
22346
24544
25885
18132
8727
20744
31801
9222
31793
25066
3907
12310
17848
1142
20863
30217
12071
29322
29532
2660
18823
19806
21577
17831
26338
19487
1737
2071
24315
15834
23242
27328
3132
25244
25139
443
5360
24536
9148
5037
21682
21512
28674
27280
31269
19863
3291
8630
11494
10495
10982
5386
20415
6703
22887
21914
13086
25903
27730
18258
19397
2566
2214
19466
16834
26588
19196
8132
27554
7004
15456
18990
2530
7260
2399
18799
22182
24256
12129
23071
15789
31387
5178
151
20613
8088
15355
14188
19195
22425
4366
26422
15318
23709
29314
2966
9669
1511
31907
10615
11413
4189
16334
31379
8871
17966
22915
29241
2722
18871
9148
32590
24933
1960
28285
12179
17472
5218
30637
6181
18275
30884
5412
10058
4246
12647
17669
17258
2603
26374
6222
23388
16945
8098
11181
19428
18923
28869
8854
15993
10625
29765
22674
25931
15348
1132
15578
14468
1879
853
3108
6350
25917
12697
23741
31510
3950
22572
12504
400
25822
18817
806
9724
31455
32245
422
22823
20117
20330
27327
15284
10922
6194
16524
21532
5444
14640
18039
26100
23092
19257
32009
20079
1393
32704
4096
2595
25028
29875
27298
18448
20420
32672
26194
11742
2309
13340
18273
12646
9101
10597
31782
11124
27015
17222
21073
1995
22844
571
5756
13930
24894
7894
20995
16910
11494
29793
6934
12280
5377
32453
11020
3312
2247
28587
12026
19338
781
7904
1669
22440
24507
23038
25844
832
9599
22345
2186
12384
6083
20439
31762
23663
9437
1268
5819
28853
1158
13508
11814
31774
6798
16938
11966
14906
29134
5097
3656
2953
25437
28425
19642
17142
15879
20605
30545
27809
506
2562
25054
29153
1219
9802
2657
16010
4473
22618
23256
19307
22840
31281
15705
12827
18385
24234
13919
11766
4288
31395
31074
11874
2143
10591
11178
24151
7513
4137
18788
17694
1632
25914
24822
25688
30755
7645
6288
30531
30586
18385
12803
14137
7140
4591
215
18809
22068
18444
1687
14890
3975
17953
10608
10397
13433
9898
14587
2259
153
12363
13654
7743
7706
18105
3193
5068
28107
25304
16839
21794
2889
22049
13284
3365
24946
23879
29895
28095
25374
17946
26640
9440
15370
11435
7067
8899
3605
5041
3669
5490
3759
23595
22862
15756
6286
24647
28432
70
1442
13699
25904
23216
25932
23058
31778
6714
25291
20865
22865
32374
28663
29850
10095
10271
2097
30857
4362
31067
8090
28989
18785
19261
4739
21265
6005
7310
10533
14252
5987
7629
914
27173
9712
15988
492
32363
10854
8061
31957
30693
12959
3877
25126
17237
5471
29168
2532
2050
3815
15597
22384
5142
3014
25915
31485
26693
5619
26828
26439
9903
6169
21609
20355
26888
27442
27382
16785
16886
25175
20984
12409
28090
18646
26452
789
30227
1670
9305
31499
19807
24151
12801
2047
9476
31533
4724
23302
782
16111
974
20061
23322
2010
34
30043
11890
24604
32447
26788
30585
19358
23218
8864
25674
10273
652
43
9372
21388
21861
14734
20201
3204
20768
26542
8399
16702
30193
27012
7862
16529
797
15821
22195
336
28929
9475
19116
29654
19542
8075
17853
4578
22195
7216
8411
8358
4179
27344
15031
22810
3865
18261
9957
27286
18129
4327
22590
2976
9913
353
19075
3331
12352
30977
28483
8993
27405
12899
25086
22921
23107
29360
10122
25804
22276
2579
31926
18061
29748
14444
30766
30680
20351
19017
926
3509
29597
530
28698
3068
12244
8579
10686
23146
2239
10079
20113
4085
9807
5475
11439
2141
25359
21113
27560
30724
24748
32047
25891
29183
17844
16999
28871
5229
2206
3152
10075
20231
27659
7573
24875
30713
4171
27860
29614
8945
15907
21585
29287
28277
20173
27116
30473
15225
21825
4944
13534
817
27827
10862
23401
16164
20573
17962
3147
6018
8318
31571
26723
19383
30883
10713
30777
2368
15141
10810
29597
9405
13811
28478
11403
26952
1169
28644
8530
29190
21345
28060
31221
16891
26658
27318
29906
3619
5046
25883
1665
28094
28968
10555
12543
25835
5613
20806
22028
32120
5994
17567
2257
25081
2487
19342
8902
12055
23459
2869
8147
28459
13304
32197
1462
29708
13312
15089
23204
804
17223
9379
28467
1994
18595
19438
32631
16332
29810
8773
28523
5706
35
19178
9875
8395
1784
8360
20192
29322
23561
17349
31444
14865
397
17459
30438
23817
9557
15366
18984
1617
18073
28203
10791
23117
26871
15702
26131
17793
30905
3900
3360
6494
17495
28675
21547
27483
12092
2550
32417
27208
461
17790
20125
7647
31400
9549
16464
17565
1321
13021
5286
17360
14643
3865
28454
24048
2093
31578
2843
9010
15178
28308
19441
20571
9998
2770
11489
4050
14350
1759
21457
20730
15607
24646
19317
10686
4561
27005
10427
30318
4229
2142
8038
11209
27293
14550
18936
3931
20556
10209
10454
18953
2222
31414
7335
2282
24400
5694
24573
8280
2803
31435
17463
25927
29069
2055
13734
12502
28049
15659
19182
16932
30832
18801
25519
29285
24160
203
6757
28469
24412
2261
3469
28459
24940
21000
17418
5298
6182
12593
12486
29460
17781
11554
6556
27096
30617
21672
25974
19022
26735
12477
5554
31592
25075
9982
28363
4043
19459
24671
5173
550
18278
2077
7048
3011
31244
30452
23265
18780
28823
7827
30341
8751
14619
18765
29128
9556
6946
529
18222
20815
4340
14492
19407
31202
26133
30189
25088
16421
7950
13561
16175
20696
3696
13217
18703
23799
15127
20449
19958
143
31660
17738
7299
3025
27501
24242
16003
25188
7217
28714
23317
25856
10662
11568
1037
6457
4574
12070
29335
920
30474
16387
30493
26608
11909
15689
8298
25583
16660
10039
24079
6132
16492
12351
8709
21024
5620
24762
17813
28592
11981
8923
13685
26762
10512
19169
10548
14613
26198
28561
27095
7758
10110
9956
27589
22553
5546
31485
16352
26068
23691
11101
8181
28978
14815
3674
6742
23367
9783
9933
8389
8159
31486
16908
32404
788
14775
12824
31243
15648
22662
30743
9482
6255
14322
29444
8431
13817
9705
26277
22970
27598
4612
28349
31856
29170
22285
12932
11453
20844
15807
27732
15836
18842
7372
6565
29372
8135
14885
26427
2395
3327
20853
11678
5494
15906
25582
4555
28261
6712
13641
7721
13377
17156
6664
26558
12359
988
31487
5027
5249
8888
12818
20661
24227
18312
9280
6542
25139
28107
15585
21172
15852
5213
11819
6415
16485
8080
6907
21665
32750
8575
3539
25457
10682
31903
24862
28872
19524
5271
31932
19616
8427
338
3258
22362
6367
30802
5473
21935
12609
24647
2163
16617
21126
17120
16305
26451
16157
4321
160
28910
21841
27766
28045
7269
10352
28102
1999
18499
13613
5580
10060
7268
13635
25442
2879
26537
22107
16031
26680
1520
22576
11875
5988
25156
22001
3120
19214
26960
16103
10812
27750
26
16983
8132
1665
21230
12970
12194
25250
4247
9163
32034
14776
26070
18641
786
7975
19724
21726
280
2251
1594
25414
21321
6202
19243
10996
26614
2378
5104
266
18377
27092
32653
28360
25617
32439
13554
24239
8027
31263
20525
9446
17474
26375
12253
26332
24200
28156
14058
9775
10853
22308
22131
29389
3614
28032
29704
2137
20954
10094
26
23248
2482
14450
20655
22124
26119
28725
5210
22216
24088
2766
29035
6470
26835
22081
9571
11950
14316
20805
14507
12311
10541
10059
6789
15115
25101
11707
14658
30950
18819
18049
27318
13695
21532
19400
14569
18698
22092
26885
26383
22845
20737
1336
17082
13746
27774
8815
5455
21389
5479
22155
18870
11358
28696
16710
6742
1097
5691
9077
23361
23396
21146
31627
13483
3680
20273
19295
24993
27244
27016
27439
18168
14422
8512
3556
30339
755
21739
23191
29321
7362
16673
16213
17781
10444
30160
24863
16848
10958
13779
19765
32365
25242
29894
20373
25315
30395
26393
4798
22592
12888
22628
27833
29180
23131
15354
32090
9004
24017
11201
452
21496
26004
18753
299
27471
1832
13562
14046
8410
7908
4091
23940
11054
5458
15280
16293
7749
5080
19452
12653
3631
27799
24455
22445
18949
14739
21082
24611
17183
30484
32425
3835
29830
7501
32751
17813
24236
32060
11329
26249
27483
25809
14299
15081
19948
20050
14080
15558
13241
7934
29185
27381
22741
14577
16283
2578
21754
25671
22917
30406
13506
21380
24394
27974
13082
18228
31573
27164
9972
5326
24138
2090
31037
5342
1181
32748
14095
15459
31325
11261
5159
25974
4432
14045
29081
2861
15685
22001
15554
31935
2726
13771
14975
19433
25421
31660
4764
31376
5528
71
12176
11175
20928
10184
18023
23379
4454
31509
6911
25165
7535
26196
21623
18569
9746
16557
30181
11029
8495
337
20295
14659
25315
17851
31421
3338
9305
3382
14837
25258
27875
19871
18406
29583
4425
17772
29377
30840
15713
12013
4644
5848
15327
14546
11665
15740
28783
26606
26400
13423
14337
17978
32368
25627
9060
797
32739
6064
16407
26858
29707
16074
25436
19371
9055
29262
11149
21789
16947
16532
11187
20987
6375
1228
30037
25727
31838
19866
29838
16423
10929
5892
21090
21173
24613
23438
20818
32377
14427
16547
22574
18898
12231
25143
7979
10227
22883
427
13110
16099
7333
7153
17287
20167
4014
10992
28024
7780
16836
5674
31384
4320
2562
5788
17659
18632
11854
4581
13781
31832
30348
12459
4679
24310
17
13371
2681
17407
25947
20335
16105
24262
3583
1749
12291
17370
15074
23565
19441
3976
8876
18547
3764
21921
12922
19199
26740
15998
18132
3433
24084
30016
28894
25744
6154
19292
7122
12316
21358
13656
9901
23906
26960
1231
17961
4489
24655
955
17132
16107
15463
21748
26623
10686
267
15859
13697
8180
6516
15836
11165
26719
6968
5564
16825
11545
5918
9742
24048
25891
27697
17797
24771
332
20755
29957
6411
24661
1940
5362
13362
20050
28291
32686
32419
4947
26053
11613
2175
21828
14499
17644
658
20754
616
15953
26501
12048
16684
31252
17749
30360
2795
29198
15108
25845
6362
26481
32398
11136
7418
12808
32542
22794
5613
5312
30594
29306
5385
15208
1244
32439
10923
17845
5531
2505
27853
905
17578
25403
19419
18036
29927
7107
10691
27772
16599
1573
26444
2073
4760
16212
23464
18820
30743
474
27212
3377
1923
18555
11007
13210
26625
1045
22577
9791
21153
26827
30607
11755
8080
5730
28884
32312
13200
8171
1762
6741
24998
13987
26385
30471
5394
31767
17095
32238
22404
16268
10057
22026
1933
10909
2000
5502
21332
8486
11744
16531
19338
22625
981
14847
8864
26959
28095
2152
27703
25178
9327
5412
28888
7224
18130
18499
27109
22034
5502
9679
14799
23782
3211
20562
29834
16938
20388
5273
19518
26034
7261
25272
13888
22227
14023
22606
23616
20681
1091
16394
11716
22102
18579
10862
9685
12460
14647
979
6391
21901
23286
19374
8031
30897
23995
20753
28513
19560
27298
6261
15400
13696
6227
20150
27817
30313
31119
27999
16089
5527
31240
29736
11038
808
32118
23485
7172
16839
29927
9665
20018
5840
24150
11795
27804
1460
25216
8528
15610
6816
1267
15513
28792
18521
6760
14998
27823
23915
31058
4538
8404
21634
6327
26569
15151
1048
4415
24216
21199
29008
13451
7701
22909
18978
11975
16262
27118
19129
26243
32278
17981
4633
3774
20621
6808
10757
8004
20575
22585
17952
10043
4584
15511
32338
11768
20982
22750
2157
5655
7304
11677
13585
14026
20693
11967
13261
8049
9872
17341
25222
14699
6251
6162
11293
15404
22490
20462
14924
10128
11801
29998
32465
14447
28272
12428
22479
2930
23990
8979
21361
25125
13076
29655
22224
15949
5643
26082
11287
18299
15800
2673
15333
12001
5463
25441
30194
1381
2567
2532
11510
14324
26060
11640
27078
9753
23514
32538
31168
1742
10769
23734
15466
3986
29636
20707
29782
4539
14782
15053
8009
526
4999
12914
6555
7821
3555
32018
4321
9872
21148
9696
2506
22807
32129
3838
32071
11615
17071
3752
20719
31155
18959
27824
11937
31877
25632
21546
32619
31677
31735
3432
3498
28241
27268
5161
4723
25622
3862
24077
12850
8150
20769
25932
11409
6050
28480
19368
17308
20329
16246
10656
7714
16842
17593
24039
10590
19239
15793
28948
15830
19195
4285
24987
2948
28525
14647
27644
4404
24357
6649
9018
9005
13662
22815
28047
17683
1084
10511
14686
23308
20832
8887
32361
30242
16571
5398
24388
16361
24991
28158
32522
18785
21020
8216
24398
16669
11401
10792
23124
21669
29537
9106
3457
16666
28497
29214
18449
22296
13198
3320
21000
30176
15468
28923
8043
16823
23597
10798
17327
6537
27158
5775
14706
4050
26569
17936
21097
27327
4302
7136
25498
28560
2163
5355
459
32064
6614
22436
25146
14952
15936
28930
13198
23137
23988
25288
782
15784
32200
26378
529
29063
21172
3309
16309
21234
26281
4782
10964
22704
19300
8422
28724
18619
2562
19212
2302
23784
17686
31035
3442
6858
16633
7989
8152
25300
18017
25769
954
31423
4917
8881
13648
5931
19872
23199
5436
10377
11621
2553
31864
28472
20338
32706
19596
6894
26551
5883
20484
31066
17720
31338
32545
30728
23649
21914
31951
32132
19354
5923
24535
24002
3612
10283
7254
28093
20739
15661
8558
31327
7844
9210
32571
9889
21536
13053
10504
29939
5434
15810
10179
32734
12901
12986
20655
9704
13601
17976
21593
11448
1672
20160
14797
8058
25636
13953
6665
27781
5892
9760
12210
1595
8463
19639
3846
2865
21656
26910
6674
14737
2610
30825
1317
12732
26821
11697
32644
19507
29665
5912
21599
1719
21587
5127
6148
19631
3830
186
13651
7883
7628
15103
28530
24039
8013
25658
11202
15666
4095
1197
6161
8079
16967
29686
273
25659
2175
10969
27912
26288
17736
25152
20170
13770
22050
9088
25829
17961
3130
11742
6427
9174
10114
21842
29717
26409
2055
16011
31061
28906
2432
7218
32621
12726
15650
20851
22638
164
30140
7610
24228
17705
23039
13754
14720
30777
28957
28084
28374
16559
23959
22774
5193
12015
14927
674
13571
23498
19941
9136
16297
28322
2112
31286
4237
20174
32363
9703
27686
1087
22691
11738
32190
2916
26286
5006
11883
8268
20078
5930
26688
17675
2229
4361
6596
1886
8283
1141
3491
18834
26510
20403
27300
4769
5994
7489
28635
10655
3529
31323
16672
84
7517
14019
22464
12587
9212
29122
27506
5195
23354
30826
26508
12291
5949
22815
16502
2155
26573
20566
15711
4680
20395
29339
2608
19761
1572
14297
9662
18672
30437
19414
68
6699
29713
18429
24080
580
20113
14944
21116
20093
18604
7677
26400
12896
5847
10304
17222
8542
25294
4042
26526
27574
1251
12401
21044
8856
26518
12424
7838
1930
18791
2912
30330
2828
20712
9486
26136
7799
10006
19311
26995
23851
3049
18538
17766
20713
6442
26997
284
21886
10117
8283
5065
24482
2527
8508
6807
11039
4842
8661
10980
5174
6390
7681
5290
8254
27658
17792
10558
31118
29235
30456
23102
25245
24092
27705
17604
25704
13279
31685
31968
15380
4123
5008
11590
19413
25927
20740
24387
4878
9029
23112
32502
29114
32058
23746
28604
15114
16798
21723
17644
23375
30863
770
29381
5403
15467
12787
2980
6563
157
12857
23930
104
15031
12017
894
25111
8642
16338
16415
6829
30673
23658
13117
30430
4573
5290
16536
20664
4556
12965
14985
24452
1747
10645
9456
16109
26622
30239
9325
29028
7437
21464
28115
25026
2434
27655
18905
10287
19960
25005
275
5699
13238
24258
17441
20076
30340
1730
25639
27280
24766
29288
28541
30195
28070
6329
1703
15962
26110
18757
32135
16497
10967
7082
7377
13162
8868
30809
6080
30695
31890
7837
2567
28186
15900
19417
4619
30506
20185
26641
23375
9689
30361
23467
11567
25189
433
29303
20946
1451
32659
28654
26970
12178
20386
14519
32093
23719
28740
13680
26777
32517
17464
21162
26339
7800
16938
16949
24929
17378
17028
24991
19193
13277
24456
27127
8457
15521
7068
19670
25689
6953
16868
25249
7758
15249
13590
19976
18016
22723
8330
14546
7117
16210
16273
19933
18319
14246
12040
5216
23180
23386
32045
4212
31758
23010
27569
19667
23666
28785
6158
12767
16420
6425
32282
19942
14027
13621
2268
29348
21184
14084
9631
19465
29893
3734
3398
21565
32756
24044
14303
18658
2549
14427
11899
1433
23412
28977
12092
26567
21714
15771
22447
8089
2843
11718
18780
4677
12601
16709
31900
12691
8551
6835
13739
27805
6888
5785
20478
7634
2040
18833
21463
6721
24579
10668
2582
17941
31253
26386
594
21083
25490
14312
16168
2060
3879
7031
31955
17479
28672
22666
17917
2526
21819
15127
19157
19476
6557
21794
11874
22181
31620
18143
15895
30471
12573
21015
18343
19184
3287
15564
283
22552
17944
18208
14113
20800
14894
14451
13735
11379
14728
18380
7848
28300
13606
25466
9030
20472
24654
7163
21274
7869
6785
13852
30152
443
13741
10338
8918
306
27812
1961
3006
30853
7629
9995
11329
21822
7705
28419
21759
18257
14393
12242
17477
18085
11279
29474
16678
4560
16994
4330
27853
2595
18645
2961
15889
4326
2586
30550
23370
18916
5731
28911
18019
26411
28697
26480
3889
25101
28881
15727
3
17770
31356
1382
30843
27954
18653
23896
27292
24357
30529
11704
11811
8413
3690
20358
7707
12047
11980
23995
13484
31246
11004
13799
6452
2960
9829
27673
21657
14773
3133
13823
8157
2885
29367
4430
242
12601
15994
10596
10704
14718
6739
16429
19910
24309
5926
7747
24845
6846
2091
20057
30371
23222
28502
10201
12374
318
3607
27852
29983
4671
28228
32507
25010
12651
30548
28755
10067
21957
25549
29326
19691
22115
11007
27152
1627
13426
13043
10255
5648
18044
24223
4087
27864
10470
19547
11277
31732
6077
22681
30034
28014
5554
14544
21162
13997
1122
17081
4925
14662
4571
13246
26654
26133
8028
3248
8491
5773
1373
21944
12596
4172
22735
24208
15711
26354
5541
20210
15306
12340
21139
6993
25971
15916
25110
12744
32597
21491
1204
29520
16084
2162
4229
19765
19803
19317
12786
1739
12100
16641
10685
5981
4600
26344
11330
6246
17751
14490
17916
10243
25690
17726
26954
20393
28918
27650
2419
17171
26436
12975
26344
2943
3040
27264
28874
29466
31119
5940
24492
17593
12836
19554
28058
13257
13988
29965
20314
137
27304
14712
21233
11383
18179
30523
18282
21255
8101
32663
4562
31387
191
4103
4999
29104
26408
14615
17843
3157
22528
10105
11795
21986
7059
854
4349
2790
8063
23010
1185
28513
17434
17715
18831
21812
6414
18003
3193
26325
19782
1428
30010
2631
22030
27939
10008
28746
4469
20960
5702
9167
26614
7789
22189
11694
12632
13445
18413
8347
24787
30864
17054
8535
15476
15220
10971
16163
9155
30381
3073
12410
10658
3744
8628
18431
1400
3884
29219
13749
8079
5763
23949
26734
15547
25144
18181
9094
3389
12953
14962
7376
8934
30782
13273
14033
4736
32738
27615
11052
17513
4210
19849
14686
14465
12132
31047
11691
16710
32586
31025
21592
31294
27815
2704
11547
32150
7425
8352
29392
7432
21559
1172
19309
8706
17429
14043
13368
22788
31270
30114
32312
27721
24521
3226
28393
20907
135
20987
22836
20417
2724
29897
17053
24138
15860
86
26815
26062
15600
14600
15093
8834
29705
13916
7259
11885
2877
24107
501
30409
5607
9516
16685
8364
29915
14523
8835
8423
7858
30168
3200
2862
16995
20851
23275
23674
30740
5607
13888
17580
29743
6596
32606
13171
28855
21457
9088
11375
16605
28753
27758
9879
17102
19334
8437
31448
9168
30068
2452
9726
10893
8935
11640
25048
31662
12215
23467
22935
3244
5707
21640
32120
14563
92
10098
14755
11497
21755
6341
5202
7197
26582
9229
30517
29827
11703
28278
10262
1231
6733
15748
13497
18623
2863
17924
22022
20398
25630
26435
3689
29031
16522
9853
1914
17719
24152
32408
29401
3910
9699
22546
29276
6182
29505
15673
19309
8877
1223
7834
27053
29696
13007
15291
29918
8689
21688
1037
32255
7051
30511
1052
1976
8170
18349
13065
28153
5969
22849
13370
28895
630
9872
24912
26327
29728
29978
12377
23045
18676
32191
19015
5351
4492
32385
26018
25141
25290
6539
14713
1036
108
9587
7326
9804
5600
21180
9491
20543
29017
19103
23487
6523
29986
11018
22629
9737
13107
1002
22999
11718
26370
14758
11879
4874
16795
28907
159
19592
15347
26543
23602
9845
25465
24432
32561
7917
21743
31933
19330
24978
22904
16376
27791
9846
23026
31578
1339
30779
7301
27191
31258
9592
124
19844
11233
24927
11348
12694
13851
22429
25107
16684
1566
14210
28124
18864
24126
31330
25279
21690
6464
26939
6613
31446
16914
9623
10125
21383
21433
14772
15169
9868
13706
29667
7437
16993
18333
4398
15840
7177
4991
31549
3539
7179
29991
7547
3258
15547
20523
5492
18681
23994
9524
17025
16538
28864
7088
30888
22684
25497
21446
23230
24205
27502
5263
8142
18523
5446
10883
18367
9831
16332
2609
816
31707
25171
2868
21159
28990
17687
20322
8427
5445
3782
10822
23726
8172
19263
7377
21871
27590
20377
14668
24479
6545
8039
913
1027
4622
14138
8571
15961
23056
24680
28571
3902
27858
29196
20012
25935
4237
9038
14921
8591
22858
21221
1886
15113
19957
26586
19677
17846
25524
12174
23602
24736
17271
23806
21240
20296
3535
3398
7533
16965
4355
30052
32035
4911
9569
7487
26617
30651
9170
19432
21322
28711
10929
2335
16228
29913
9437
22553
5948
10051
18189
3968
14432
2569
30564
29372
14124
1126
21318
28785
13121
13516
18281
10824
20531
22218
28207
10739
9858
16435
10291
26475
16588
14717
8993
1148
31040
13671
17100
24964
19286
11230
8314
28536
28093
7202
5250
25383
18581
31269
32282
11715
7135
2868
15722
24221
27186
30168
5093
21040
31663
2303
24280
21089
3383
32343
24643
3077
32731
15355
2537
32164
7315
22865
32419
17276
16435
27442
15865
25801
924
23372
11763
1604
13359
20165
30509
9706
12424
24609
26410
17406
32104
12390
19690
7505
9970
4990
959
23233
16923
23516
8284
23040
8796
2403
29743
29591
6057
24451
23281
25130
18599
9893
1659
12029
32026
7369
15579
18359
27804
22893
15527
8550
26005
10417
15249
3268
24679
8634
13116
8121
21225
31828
28750
22560
22551
27099
6087
23502
8
30043
5777
31184
23584
12022
12119
20725
7046
9862
6811
16269
19416
31108
27907
111
4638
30761
14324
6465
28669
9682
6242
32243
26926
6313
10215
3469
7470
31874
1042
19499
10550
15619
24577
32325
26221
6920
21554
2356
22621
12613
24726
15602
24483
11310
21735
27426
1259
14611
4924
28496
28700
28816
24795
3193
24528
16420
14670
17358
13575
5920
22457
2229
26396
23235
27242
30225
29688
26019
9394
26819
8325
5710
8947
9073
7525
12594
21755
24453
25573
6586
25232
28537
24364
9914
15948
22099
13753
5645
23212
30827
18188
25469
13667
18804
12706
1762
11508
7098
29991
23950
21631
29865
1256
17129
14811
2703
24199
7257
20966
20387
30962
23653
32537
11845
8085
16665
26208
23175
3535
20908
1576
23789
24227
24416
17337
14961
9393
3498
25286
24010
15972
9619
6978
9710
14956
14430
16758
15830
24687
21867
13393
8577
12795
22363
1535
29755
30656
3189
4797
3103
12028
15944
31211
22235
27446
23698
11618
31667
47
20321
2825
24265
2070
13432
13475
27035
6651
3060
6635
15565
17542
6192
26851
12073
8425
29925
22633
15844
4627
10646
267
21026
1062
15147
14364
32701
16428
220
8455
8514
10246
16464
26852
30013
28324
21766
24649
8375
8316
26357
26467
15100
4148
29807
24645
18082
31650
13131
7039
15302
31991
3395
29427
1945
7223
15259
1764
9500
5357
17924
20816
13095
9244
26815
896
11184
29304
9733
25053
8266
28374
1703
4613
8172
11490
19954
3870
10740
7184
9429
14443
21099
10965
70
11804
31627
10774
18145
28779
18558
1249
31186
29924
11625
8283
25846
9732
16553
30713
6717
262
12637
18931
15443
17914
1828
26614
23679
28183
3880
26
28619
23634
6747
29203
8037
31792
28928
1195
30789
17112
8046
3952
15888
18028
16
27817
25916
24473
9905
18319
30838
2413
4342
6842
27968
29545
16428
29402
11231
31192
8260
18855
20084
30815
24604
3355
23401
10964
7937
9950
32526
4179
4977
6146
2180
1167
3877
31984
11739
871
1103
3490
23415
19130
28704
28179
4792
20091
20109
25332
7130
13064
31571
16033
3865
16823
9272
6739
31001
2994
12436
12183
7814
12038
16913
26111
8951
29174
12975
26903
5913
10389
13323
23194
12809
6292
29664
29926
14849
20312
27086
12718
24631
7759
12890
18671
5122
12677
6967
7205
4415
29810
17604
25022
11763
14615
31957
9423
11058
21833
14006
27910
3391
10828
17517
8928
16116
19107
13632
1051
1124
12839
32119
15471
192
17495
19299
30329
21367
1263
11679
30968
4257
16060
28310
9275
6302
3246
18757
25562
4858
31023
23363
26789
4244
10163
30718
16090
6400
15504
16711
5275
10025
30481
10513
17566
22843
12741
16501
31015
22464
15645
30714
31539
14345
18486
13588
502
24015
19444
24810
5768
8218
11344
21596
24540
13666
1011
17733
27377
10996
19971
6397
17228
27544
25149
16419
28581
6513
30532
32665
9953
16164
7992
19151
20800
7229
29323
4933
10712
4302
23824
12619
5186
27736
16725
18956
31379
9199
26163
22218
18317
13210
25251
12651
20759
12025
31699
18997
18155
17706
10618
27350
31119
15340
13416
10919
3462
9733
9057
30769
28359
22754
27179
23537
6254
25982
3814
22616
1202
6277
14748
2838
22807
17848
25113
29592
8932
25235
4093
719
14296
13357
24847
22580
3865
5217
18900
20489
9837
4651
17505
18145
18348
29012
24941
13922
17014
19794
28586
3914
28193
25450
11606
29872
2037
18455
14348
15501
16796
2991
12001
22906
5076
4676
15020
4539
10599
8904
28837
10109
30301
29045
17202
22108
20336
10604
29949
18984
5568
14749
16970
29417
19144
26854
13448
23072
8337
30079
21541
23888
23077
17301
11431
29117
4167
24373
22265
21876
11873
21868
32258
20875
15294
10413
4476
29098
17657
25714
6916
21707
31158
5158
26989
31549
21135
8515
1626
13807
21330
23736
10764
6891
15721
14221
8568
8993
18073
28361
23197
21862
10224
11924
2836
8892
6392
28825
9449
22484
2865
6574
3497
18385
14782
6839
19388
5199
24927
6343
7669
13988
13471
24713
12648
11877
24655
10463
27004
31021
13362
26824
28225
14233
17402
17543
29955
9111
5235
22018
30495
15329
10495
21608
19221
18628
1346
24342
21471
7718
30494
28604
14977
16071
15586
14267
26082
17607
23486
27858
9434
13161
14971
18682
16012
5654
21608
16782
23798
4261
6296
14767
1478
17625
18762
13287
5487
12587
28585
18188
28797
27850
14262
23144
24357
25825
18562
27926
18209
32536
27808
27823
14267
17757
7898
24359
31783
32484
20259
25585
10261
23148
29645
20586
21127
3525
15100
27508
29408
3727
28763
3169
5182
18500
27405
8468
21258
29561
6119
24418
22734
29280
29660
9662
19014
22162
2744
20246
23481
29707
19986
32248
32649
9590
22651
8953
25354
9644
28924
16983
11664
8823
25280
15581
13772
27803
32013
8199
8536
26903
20345
16743
8848
10152
30298
10567
18596
17039
2942
4240
5611
27540
3868
30187
20602
19019
23819
3621
16630
3990
562
5080
21414
25195
1600
14920
20428
2519
32157
18315
6454
30787
30624
6637
12304
7159
7426
7314
25340
6364
4754
28509
26469
20358
29739
17937
19471
21873
31715
17078
31219
17035
10630
20287
14155
30707
32323
14953
24809
17409
8356
7142
19916
1926
31940
17339
4341
16469
13500
14567
3447
7426
30046
2885
4302
32233
806
31923
26481
1906
4973
17780
8107
10644
17888
30675
28326
16536
21041
18185
27593
13088
15884
13665
5699
12647
12109
28058
22760
31178
11888
19341
61
18056
27976
22544
22222
18630
26100
15385
23496
21718
26128
28455
18371
9144
23080
9437
21472
19937
28018
15856
30484
25404
20924
16452
3523
17519
17315
6738
8081
8543
7942
13773
14197
16630
6074
7557
527
30244
27263
14987
9787
26147
6707
27798
3046
1024
3398
421
1312
25943
8046
20710
3443
21598
31644
31959
4979
17188
21038
8363
151
1051
16230
27887
29511
27605
30235
30573
24374
16395
686
16977
2034
6115
14912
16010
2490
4466
10786
19827
25743
128
7053
1459
15757
31372
32660
16226
19068
25616
22358
11117
7075
25351
27768
31291
14300
23211
28115
21904
16110
21635
17513
12722
1558
31389
13470
14795
25319
1817
8101
23439
6229
19687
31032
13854
6668
15824
17804
28716
6662
4539
13188
14687
5212
29481
10021
31480
19804
21763
18506
31670
30173
21909
27032
31479
27087
21210
23477
1825
15638
5114
181
4928
2713
11281
13269
4081
14741
31282
22892
2942
11576
27308
11038
7498
4715
23947
5203
8304
16367
22114
13031
423
23723
22856
20516
9321
16452
6433
26093
9044
16879
23327
1083
28624
27011
13192
10958
5362
14035
32697
27420
8608
29498
16747
26254
32246
16759
16181
31979
12265
24507
3666
16148
21290
20481
27045
31219
18509
23198
31226
28078
24363
7961
29583
1312
133
10044
11475
8585
6890
12395
4717
20100
22234
7989
7296
29242
22059
20777
10541
19926
684
16619
24666
25145
12297
12423
1202
3310
5358
19972
21997
29024
24431
1597
26706
586
26792
31212
5498
16240
19360
18696
27222
31629
25460
10321
13940
16012
29873
29993
8317
6138
1537
15269
25603
30140
11274
25316
7289
21245
19603
29599
16771
21355
7400
11522
14449
7843
24448
23482
7941
4073
9438
10064
13181
3613
5045
18869
32205
8170
31823
25886
7725
4161
15151
27665
25811
14086
12022
20416
5890
14857
17795
26775
1347
23095
25694
19729
22259
8466
12375
2767
12029
606
30826
30187
3561
17949
18406
650
5398
20158
25551
23728
3907
3986
14208
12889
25172
18303
29844
25541
20051
21496
27143
3603
7606
12332
22169
9233
10976
29822
14963
2387
24298
27190
27661
25474
3490
1910
29775
5623
21204
26479
30199
7048
21705
4820
9274
12962
4110
11407
3246
3993
4214
22196
14439
2363
15202
25523
26720
29611
3904
10193
28957
7533
31826
32473
31119
8893
15025
23054
8504
2853
16785
27237
20880
25934
17350
15089
16038
21783
21896
20383
23306
18404
8051
7203
17131
17208
17105
26418
25213
391
21276
28146
23453
20805
2239
23471
28344
27203
4381
27087
27369
11579
8148
15368
26977
426
9539
19664
22540
17885
20042
32277
6002
1359
12624
8751
12251
26930
19595
4371
25014
5964
14715
7625
5435
29444
14776
32
27984
29885
238
1696
425
2914
24614
9408
1076
15426
13895
12633
21940
29983
18908
26971
19883
17537
28695
2751
14718
27728
9494
7100
22228
674
31078
12862
19775
5330
30918
20372
27422
210
28205
9320
10690
30914
10510
20725
15567
25793
10202
30068
12517
5891
19399
9943
23936
1571
31184
7098
11805
443
19708
9623
1695
5427
15844
19001
18160
3286
25455
4467
12779
20779
12513
23313
15226
3202
21780
20751
507
20173
7940
18953
30441
9137
2962
12275
31416
20189
24705
16138
28672
8859
30917
12554
2526
9380
9725
10402
22936
30009
19262
28965
24447
11375
5394
26242
8986
8651
29376
6518
5760
21006
13518
1024
18694
22354
29893
25110
11546
10070
10804
662
30063
3095
4343
9343
19803
2720
17593
13409
28797
11298
13752
32274
26018
23879
23240
9891
24809
22468
17563
658
4390
18990
30271
7233
23685
12814
9960
32423
20592
7223
20720
6214
18610
16215
12828
19037
4572
9421
8481
30814
2791
21434
23655
11170
2588
12891
13836
8028
2353
4502
16684
18636
23733
5842
25696
12213
31406
30732
30084
11024
5248
15911
17086
22018
2064
388
11451
20748
27690
21715
13884
9090
15392
21033
11474
20798
26292
32338
20197
30869
17464
30312
4859
3210
14324
7076
29751
32578
200
12661
26656
28856
32019
8655
24997
13746
26067
23494
1373
19188
17677
91
29459
2227
11119
20886
18561
10828
26932
6101
16732
32310
20040
29027
6289
21045
13740
16460
3791
28625
24605
10864
14917
15623
25072
24535
941
21822
10305
6980
29833
11901
22860
4365
15020
7898
5147
16425
1277
22070
21346
22923
7544
8231
30631
12718
25717
566
15525
28786
4397
2635
7667
29478
23418
24933
28385
5350
29406
30350
10659
20775
26311
22031
14769
29840
25617
224
17773
20492
27597
22626
15110
8733
26433
29264
9373
10867
15663
26867
1959
7101
19547
31638
21395
24511
28487
4922
9132
24996
27969
32651
22592
21142
31903
18
19202
7309
14922
28075
8877
30564
14969
6202
2538
21554
5823
11418
19828
4823
7496
14038
9594
13781
1376
5276
11845
2146
19764
27630
21530
27323
9437
31259
13922
14522
2714
20206
17928
32427
31837
18469
8995
28764
25226
24868
32213
22131
6139
10987
32370
26116
13127
70
30949
13923
30020
19011
28496
18743
202
26857
10227
22736
16314
5159
23119
24763
6463
18699
14219
5267
23892
5941
21014
14617
2439
25226
10382
4999
19196
27949
22497
25378
25012
15787
14514
6415
18703
13685
27646
16999
18832
27540
6911
22670
22497
8088
28240
27584
25879
22737
83
23532
1078
1474
20176
5062
2296
12243
28638
31256
970
5958
3591
3416
16152
19308
28583
23936
8650
4889
3477
22554
6927
14677
32005
6810
31577
4692
12461
16113
24233
19625
21799
22111
3084
25270
19607
1673
28261
16487
3469
31947
2670
28960
26925
11215
5626
27123
31885
1887
5245
17431
20830
12919
7373
31637
29135
21407
11306
1605
29614
887
10877
22265
16080
2452
989
8440
4788
23434
31575
28590
3939
4682
6895
26273
17818
18863
25826
15783
4651
7763
10798
19799
18593
15783
10836
16317
28963
15427
24669
14674
7579
9850
8475
3626
6679
32562
28337
22384
31855
8434
9558
32016
22312
13629
25941
1971
5016
13855
24152
20208
14155
11781
24551
22464
6310
10706
21292
30515
18122
4398
505
3426
10427
22817
20236
27813
6082
17634
17297
16646
30991
10473
5608
3061
6819
25675
3497
2109
22381
1095
26853
2614
18099
17948
9903
12348
31412
27422
23259
30561
4748
4873
28422
2143
9047
4245
29911
20689
15513
27723
28035
15522
3038
2454
10903
9157
25501
8733
11250
16422
10594
2896
7952
16353
28460
31297
25487
18355
15380
14774
14571
31149
18480
1660
31117
21552
12215
1534
1796
32021
24934
2838
19346
19756
19490
7458
29930
12264
4062
30043
19512
11096
13759
26210
20322
9305
13182
25116
28557
13067
15887
4544
6372
7041
12160
13358
26516
16061
1059
13955
11803
6107
13039
15082
12483
6540
25892
437
14953
32710
20782
26796
28291
27066
15564
29860
31842
20487
27249
6484
6068
11053
30187
13157
23116
24132
25666
26824
29478
14830
27363
25420
18085
11146
12797
6512
25632
27818
5676
6517
29853
18119
11605
2744
1756
16180
4817
22847
23704
16209
16077
16274
7433
3329
27888
8908
4269
10078
22079
29937
19016
23467
16958
4482
24874
9865
13144
18511
8368
13678
12929
2701
20749
7252
32282
28200
32074
5038
8213
31579
23180
21152
12121
30845
13462
22895
16488
10270
910
16439
18751
11602
3844
24028
31870
2637
16944
23362
24520
27952
5499
1729
8557
16163
12610
31699
28998
10660
11734
29456
24801
1566
5319
20061
3806
27582
1890
13664
8601
20354
11896
22071
21770
27283
22369
7785
8169
23252
25153
28
13333
12731
25994
6025
24118
25952
10946
17582
2209
22483
26759
3394
25981
26803
24016
23278
1060
17660
12917
27066
21964
26913
16626
31430
25959
2395
11624
7994
18120
21568
28132
12159
262
17303
10212
17072
30757
28523
1815
14923
6643
5982
29029
13869
21041
22080
15407
1213
2547
13280
18136
25447
13898
2338
7812
9036
14879
27218
3871
1591
8034
3000
17826
26579
27493
21613
26513
1820
4738
4973
17352
1044
20228
2796
120
26039
24389
17902
27245
15408
28435
27666
18834
13133
12376
1966
24246
10545
26362
29217
28304
7497
27649
23141
32257
2945
27640
6628
9114
1975
25749
19341
4702
11631
9628
22822
16841
14281
22784
29412
22289
21937
22091
9529
13227
3670
17729
237
19729
18909
21440
2416
12739
21078
747
23919
24459
24815
20360
19877
20230
2919
14757
22004
22624
9670
28546
11444
21855
27724
8107
23627
9379
2471
13925
6909
29228
19817
2635
21766
26908
9912
15417
7398
12990
14151
20073
30205
26312
4742
14044
11607
20701
32022
28924
13513
12118
16512
21119
13373
20290
26406
10126
17738
10667
29818
23079
3336
26140
28013
10432
10274
26207
17707
12333
7468
16267
517
19651
18743
17471
11950
5822
31395
1064
27563
32224
11829
25801
13573
18523
8809
14203
12353
30961
13578
28850
5777
24666
16127
25731
3916
24038
25192
11363
3740
4963
32490
6706
3191
4161
16454
23672
10192
14324
31537
14318
2574
26522
19552
31296
7869
7902
11746
2577
29571
12316
30386
14399
21590
15302
30861
13929
30701
31494
12289
22191
20596
7588
15047
30905
21636
16171
2130
18427
21586
14151
30888
12087
12071
18802
23921
9539
32016
30671
4429
14092
214
32086
6507
29403
30256
13106
1368
6359
4152
25959
276
13516
15388
23224
19819
1322
31766
5064
4738
21329
28318
1407
16561
8459
21982
21167
29584
20314
13158
18680
2901
8821
19489
9449
28765
18189
10375
24935
13576
15572
25877
5715
2506
19008
26362
10855
14207
23948
18708
23649
5119
32513
5402
26468
9459
14451
7451
18075
25831
5646
2343
23583
24224
9299
27980
32539
4783
3933
31684
13614
23366
18281
10092
6928
16971
20117
19064
16505
32171
5096
9573
31550
1521
32659
18992
30141
31511
5238
18374
31868
19355
19174
10683
20237
20950
2222
8254
30773
23434
23123
25677
29005
20410
20893
11301
5351
26302
11602
17405
9397
10390
11845
7923
26279
9599
15759
29767
7508
7364
18461
15559
24475
1495
29547
9354
5002
12192
3982
17633
4222
27157
27256
14987
11404
28171
26744
27688
14624
30539
1536
5360
13028
17641
9899
26533
10468
29649
21886
24006
7919
26531
23151
1798
28480
13761
18723
27901
28510
18086
27900
24348
23616
8569
13907
15078
20917
5601
3330
1117
20739
14364
11302
25275
6862
25419
27427
21859
24636
13840
6120
13591
3927
15707
18036
21867
16051
16769
14744
23162
31824
27023
18687
5847
961
10461
26733
1479
8078
10982
13380
13741
14808
12630
10060
14021
24635
6245
23987
25109
16121
30052
2387
3233
22356
917
31540
31455
30011
21312
26194
10346
10281
28419
16288
14330
17227
27498
24396
8084
10465
5312
18245
25854
25830
12068
13051
32374
23283
31967
21606
11171
2913
32500
25161
23244
13230
9209
23480
28232
20001
22822
9432
30262
13489
12716
24806
12910
27428
6215
11642
28855
21620
16151
8973
6970
22390
16812
16057
2870
14013
11616
6465
29686
8125
25577
3921
31232
13612
3118
16135
19088
6318
1370
32433
18244
14256
4143
12505
6681
24468
8862
6527
17814
23823
6548
6309
1351
10960
15638
28177
4717
29539
19088
27214
8436
27220
31082
12532
10405
16535
11741
28713
20125
14375
19973
12648
766
6894
27959
10113
9956
6373
16788
7649
20123
20860
6110
27924
29711
3132
14731
6280
11651
25771
31000
31124
15494
28016
22688
7096
2339
3767
32429
11815
23897
9175
27982
11906
29899
7218
12138
12519
13495
9053
28755
26922
8236
5250
12702
22882
23672
15618
4915
18856
23008
12894
24992
27931
29845
16215
24243
22568
8675
11348
30791
11272
32170
26373
24926
7049
19474
19782
16752
11538
17275
8006
28163
24033
12979
23784
25212
2712
22380
4713
27189
16632
30957
22596
12495
24300
6919
2642
11466
8905
23883
31286
6226
4308
23162
8440
27740
20997
7229
5104
4594
28682
30486
16614
15819
4751
25239
13687
10783
8637
8658
30138
8889
29184
20496
9764
5966
23822
9670
3241
10253
27685
2500
11556
24695
30611
17072
1273
5233
24444
23731
10745
5016
16856
6002
20614
9940
20923
28736
31991
3120
13273
7313
25662
25833
1097
2226
16327
18884
27017
11960
6308
31141
22723
22967
19944
22110
28494
10548
23120
9157
1400
26844
7465
15625
24195
4214
10861
13382
6637
22
26160
4182
18933
19603
28474
7403
21338
12348
7414
218
31334
29639
5259
3770
16683
25482
14664
942
31501
9454
31813
10367
14720
32
20295
2286
30227
29193
16101
13640
7598
6785
30697
16954
24855
23231
15353
31463
28347
14356
2423
31032
31148
22234
31397
6259
12774
8615
8205
30224
4566
28870
23072
29896
9501
17895
30237
30190
11409
28693
4660
15618
17284
11241
3308
12676
27210
5117
962
29446
6645
30116
9490
29573
17763
24024
22843
3065
27515
29300
1791
16171
7859
27556
30504
7879
9685
16793
7025
1714
6660
25217
15523
8861
9722
1206
21503
29147
19091
26933
5084
15727
19599
8787
25489
13418
12179
12971
21141
8820
25202
6235
18149
29864
171
6256
27302
165
19763
24222
7436
16865
19060
17717
27258
321
5013
22864
20459
6887
23292
28495
19856
22092
12817
23432
3258
1166
32325
9018
7419
22795
16212
14786
3208
12334
2758
7698
24546
14473
24764
27742
11446
12836
15849
14360
23553
14357
3807
16927
22391
18513
26764
24372
9766
32194
10756
8877
15447
12442
27521
8557
693
28902
24231
24851
22705
3942
1037
18290
5668
10396
23034
7746
20534
26147
26732
32532
25984
27202
20063
15244
5485
6593
13387
5578
9958
14331
18415
23849
25134
2357
9549
17196
25098
28462
20726
31925
38
13303
10119
888
24756
30469
26228
2992
24918
28805
12804
528
28478
32495
15517
9725
2195
13022
29506
5114
27927
19743
21338
21604
16904
25352
19891
16991
11588
7435
23238
24336
11184
17291
9277
25869
9945
3565
26546
12305
3548
26611
30394
19701
30084
8517
30754
17883
947
15185
20088
32429
10755
18773
18381
13766
29612
5818
31418
31982
27305
1956
29857
16012
22550
26567
7477
8983
25565
7036
29501
27342
22417
26388
1685
4009
2202
16492
21365
17295
11667
24257
25333
7881
8944
31942
21713
4791
25316
244
13930
29889
13442
34
19214
13713
22050
20053
10617
6271
9990
4569
21148
32589
5181
3217
9629
7701
19656
3979
21790
11135
252
19671
16834
24887
12583
31642
24045
24735
20342
606
32460
20417
14614
7084
16022
17031
19098
10461
21521
17454
5021
10029
855
5368
28072
31505
3034
28705
31318
1483
14246
28181
19637
14651
28646
22240
16880
7672
31402
30950
19755
32671
17895
22484
15023
13163
25535
18390
11847
11526
7171
18699
24809
21919
14071
14134
24985
22845
25941
8630
23947
24147
27028
24504
13192
23444
26217
13483
22162
8
30351
6388
17355
24928
29124
31459
3987
25735
788
3046
19953
5241
29785
28157
23092
23384
21251
21870
16858
20925
21013
29370
22192
6220
3440
14543
11323
28555
4692
21375
1111
500
20772
25137
28446
5192
23657
19159
8715
4135
6426
14624
19039
7390
17435
7662
24260
14976
28931
17162
13361
4920
26146
18199
23053
30429
31171
5572
407
13511
21678
12358
29829
18401
15857
23046
24299
2304
21472
32150
28767
23411
22107
24042
6235
2012
26191
26565
25059
14654
24191
14193
12903
20566
10629
9907
28650
303
14611
30462
21092
28401
639
27623
25701
14841
9343
27097
30460
13359
6705
27914
3287
12180
8030
27821
171
6939
10751
32362
27351
25018
7424
19979
2628
16320
6213
15736
13455
617
2539
16613
4458
26032
25808
19274
9535
1124
8277
24339
28439
3710
25954
5913
7611
14770
3243
15314
8216
8260
21042
14532
5352
541
25101
1600
23951
7198
8810
23372
22595
2484
24272
15329
1392
25773
14504
14167
7259
5962
251
27421
21253
5269
24445
7597
23890
27380
27339
1471
26474
25855
5617
4541
3936
11407
5935
17272
8722
9239
11261
29721
8016
27192
24140
5210
18752
15247
12047
15606
17152
9938
18938
9053
654
18203
9865
18093
6629
30851
14917
26846
7017
15091
8259
10300
7557
14135
23021
19739
8595
6740
3332
8134
25084
15132
25318
23224
19360
15871
27917
3343
9848
11044
13017
317
12665
10937
19599
31745
13756
23431
12193
26518
21725
30665
4144
16170
5793
15422
31695
20113
31195
17789
4490
6715
3216
22409
31527
867
20313
17317
2987
31882
26633
24681
10016
25124
26512
18454
22422
19345
10015
20775
13160
26702
141
29992
30912
15725
26106
6603
605
22338
7346
28729
31124
17248
8019
24230
27029
26308
27443
10280
6128
1103
15612
18121
18008
1914
153
11227
16806
26437
30806
23179
25121
13680
24386
4281
24828
11758
2776
29191
10016
23191
20447
26928
31020
7965
11919
13212
9402
16705
2549
19249
4837
16710
28313
8811
25608
5798
11357
26287
30919
9477
18344
15580
3156
32099
1476
11300
17387
16277
6277
11034
22431
12278
11564
779
14425
21850
25226
32146
22302
13123
27241
4199
29072
29784
23079
31608
1976
6418
28324
3387
24322
32441
18271
322
13961
21135
23771
11536
4245
17739
13896
28459
13666
4808
8799
5234
21284
12799
30606
10161
24391
16691
8021
24435
7419
619
28912
7703
27888
31781
7990
14374
19038
4681
15809
29924
6473
11100
8527
32037
10755
13814
8040
11362
5618
8822
28993
30732
22931
9460
15841
24864
20415
21367
3970
9212
29230
29800
14394
6769
825
4423
27098
1049
1252
8605
1303
10475
8475
25138
25575
2572
26428
11391
9006
5352
726
25190
12186
3202
20401
16929
6603
7432
28430
13945
30136
19883
16943
30520
18766
17582
28186
3552
20058
4540
19611
4765
2984
29310
28296
13689
2412
17773
4936
26575
9442
7909
14742
14850
18226
13435
11651
16750
918
4753
14266
6815
24766
20520
21000
23489
20852
13557
1308
2904
8316
1462
21387
28466
21438
27334
22039
18329
19111
9455
27952
19149
7116
1152
11195
29873
30160
22176
24339
32452
1928
15586
22605
5203
13150
8986
23233
5869
4595
18286
21445
1816
2057
2224
16316
25922
29599
28395
24656
7930
13405
8763
10235
23648
4915
17378
32460
16858
19774
23961
17512
31241
17899
23332
13135
7164
9310
16937
2400
16803
24597
7234
6560
25222
200
18257
11063
18102
5524
8212
18875
9732
10073
15097
27313
18290
10849
7987
3153
13543
13122
14349
12682
22311
29445
28798
24390
3585
16007
11518
32495
6347
9504
6041
18994
25355
23171
29250
9219
2423
30693
25449
737
11040
22626
28880
20571
23274
5276
7322
25043
17727
24997
22693
28290
24068
22303
17433
9916
10956
24737
26433
20597
32076
24157
24986
3333
12816
14592
15914
11304
18284
27866
25107
12361
24756
20543
18792
26624
2479
6445
1599
16601
20042
26158
13832
14167
31370
20096
24861
2104
5828
15732
30874
1787
29712
7444
26222
15776
23803
5128
25522
14767
15996
23227
2362
10875
23850
27577
20074
13480
27307
4956
27211
7915
3952
8871
19166
15377
15519
18802
5809
13891
23121
23495
27823
8072
9726
1677
22076
27531
21813
14179
8066
13983
20625
15311
2565
32256
6888
23448
3454
11611
14533
29296
6886
9617
11289
19670
5585
8377
22573
19515
30717
5988
25051
5732
21291
2852
24574
21519
9517
23119
28711
17113
12865
256
914
7775
22941
27487
30808
9380
6219
15650
21221
14771
11831
12884
11181
28293
6535
32085
9499
28452
23594
17955
32202
7185
16308
11991
4856
21219
2921
371
26424
10802
24727
27354
358
9395
12586
26400
14304
8100
1146
17156
15347
107
32359
22203
31124
25978
23720
24048
8017
24181
24160
4360
25223
28567
18930
25514
21460
25682
1303
3199
22479
13621
29486
14902
6135
1299
3539
6604
32746
31074
27570
4618
6872
29153
10653
22607
25910
25470
27101
17039
26295
23158
24006
31388
10360
26558
3471
30372
23418
32162
21088
23291
17238
32684
13995
10523
14636
2503
12480
24554
23261
12964
27548
28987
14970
19805
4610
12438
8700
28248
20430
7996
16181
14191
32133
14694
19462
12109
10800
10446
1747
10267
30571
112
3892
31069
31673
26002
31469
4374
7962
18946
14113
8243
9696
7071
2498
26150
23998
3354
18252
24530
8482
23550
4275
23975
9412
14318
11673
17678
17279
12078
22213
263
15457
17510
1233
26128
5886
4514
5922
3402
8713
7324
26398
27351
16421
16446
7064
9094
30456
20323
20623
26034
29825
21726
26393
18791
32428
5309
4506
31687
292
13007
28729
14764
11625
8803
20885
23951
24866
17235
27571
1193
18100
20545
8508
3927
25619
545
9957
195
3033
3319
7470
449
25749
23010
29263
2807
31333
8794
8303
31297
3783
20662
7192
5972
6828
18929
1768
19361
14030
1197
31369
4476
24132
4472
32739
24189
16211
30799
1679
3366
3720
3936
28815
2503
4099
12052
1597
18079
19222
26445
26242
15172
7183
6637
18248
29509
6225
7831
6706
28685
30890
21433
27018
25098
32224
16586
379
32015
909
11728
14720
27639
13613
21542
29212
10124
6518
3196
6860
13479
26600
7711
21562
3480
23716
4987
691
15047
32385
14302
25819
24220
2909
8830
671
14493
32433
29374
2156
25558
26216
8621
25246
21630
31218
3279
11580
22743
10132
7713
19426
8534
3074
13655
15870
5124
2095
13928
831
28452
26980
24908
9291
32534
22416
22276
13233
27515
32223
28636
23326
24474
8589
18157
18643
4611
6909
7909
4438
28529
25861
1035
22888
27893
13964
20349
23608
17745
23128
28604
8662
9634
14625
6763
31210
3395
18922
19284
3750
25837
23697
13484
9209
4387
29348
1176
22278
973
6774
9200
29140
4387
114
21058
10055
3020
10928
17178
19279
27719
4806
8320
23391
1931
4577
5827
27425
6378
21268
19829
18792
9019
16367
29111
29030
27960
6996
13751
7199
7461
16006
26998
1565
14259
11395
4303
15717
1571
28564
6837
2987
10158
29986
7612
20674
21029
23499
15834
24918
1493
26549
8047
15837
14509
4386
2948
13771
15523
24901
10576
19205
25939
4437
28929
27033
12521
8159
15289
18348
30786
20576
5334
436
27214
18707
12406
18151
22201
17160
11066
10738
3018
118
30539
27119
19339
32082
6811
18321
7210
3616
8814
15010
30623
24842
28696
7088
7823
5423
17160
5635
4720
23613
9221
30162
31471
23106
5560
9910
31374
14271
11883
30302
13970
6655
32528
28549
5660
30118
27525
24865
31894
28557
22550
26077
848
16333
20548
32714
30315
19226
2756
7249
6391
26195
28363
5229
29784
30806
32393
32023
14062
28185
19187
23553
26101
13559
21702
5254
26281
12103
32457
8417
8878
22323
30034
27550
19376
968
12043
23887
583
1097
27382
29312
25629
1481
20399
28141
17746
30456
4082
31474
6431
24126
14428
21570
19898
22022
2678
17116
8058
9053
2287
2363
10044
6843
6441
3789
10245
18208
24056
24487
24553
1891
12198
21623
24619
5575
21818
30394
12453
11728
25337
29999
17002
17493
25134
15499
30123
1493
9767
2158
14039
3855
29312
150
30470
5068
22180
13907
920
26624
25232
5690
281
7953
6362
8734
3432
13687
16882
1852
19737
30853
1193
25782
26647
8326
26607
22083
14734
20748
8673
5924
14088
29573
22531
20826
21206
8207
13513
27926
23985
2190
30301
29809
11169
6651
23196
24413
30
18431
3169
23515
1397
14016
30215
26223
21358
14075
7465
18129
18732
18515
27564
17638
15956
5608
2560
10734
20338
8492
11938
25087
18840
3826
1766
20914
31048
19144
7411
13340
24723
29831
24335
5376
6275
19496
11293
15170
25015
4057
2403
6047
10317
80
26001
2972
32517
32608
3327
7356
21922
31946
13111
26614
28308
9557
13747
26982
22485
2081
31720
27715
27409
9784
6275
14097
6409
8294
4082
18456
1081
30539
26662
13844
11960
4526
26007
2350
16225
32020
6537
8235
8752
7313
9614
30180
2030
14815
22605
23286
2321
11437
1921
30650
28638
3129
19269
10872
28112
7969
32398
5591
16445
32119
10489
29592
2103
6419
13767
32644
22961
8237
7205
3747
17890
28203
23729
9903
25839
32439
30779
10696
8900
5909
17352
27241
21314
6579
15837
15259
20896
14338
18682
20841
12043
30341
28516
1427
13456
14120
5159
21639
15420
15826
13660
9868
9602
25405
9128
14657
26844
27142
21253
15686
3765
10752
10437
31801
3463
1486
27348
6884
21313
24241
13373
19380
32235
31390
4847
1389
1932
4244
12994
4637
26956
28460
14773
2639
31190
29042
14713
4224
2816
13811
23092
24791
2734
19479
8831
2320
10995
19377
176
23738
21882
2773
31071
31138
28197
26090
7971
28815
10483
19967
14237
26159
30503
4451
12728
16466
20391
4719
20782
13142
22178
24743
13135
17378
10357
26626
4350
4312
19408
10885
25084
31108
3860
14358
17769
29722
21760
22672
21383
10335
5261
7187
15554
8870
4118
17822
23021
13054
1980
17375
4559
19626
27401
11337
14302
31185
19924
27752
18506
14199
9316
9585
9533
19884
2776
26142
14690
30723
7109
14008
9124
29254
6690
11125
20536
15720
29281
28933
8925
12475
22239
1896
5730
11107
31614
7938
30057
31243
13456
19441
4204
17623
31992
926
5373
6553
10123
6290
27218
26183
16317
10380
14080
30637
23929
12496
29703
20575
28752
15553
12559
27634
17878
25266
28145
17003
20297
762
11641
8184
27252
32070
9579
9438
12755
20532
12227
435
6136
22301
24897
17357
21037
6705
26917
17914
22107
25802
7736
6513
28715
5626
23819
31497
12650
24422
7043
10409
16818
26200
21909
11008
20807
31503
14159
26486
13119
23130
10264
3682
25318
11621
6968
14717
30816
15314
18843
20119
20624
1035
14545
31368
27705
11735
13146
22634
19043
2860
5665
6405
16897
6981
5958
16011
7888
17395
27168
16518
1410
13624
25731
11278
25372
11026
2366
5183
27549
405
7144
26346
27616
20284
8669
31115
29379
31105
29827
25211
5513
30635
18642
29287
21373
14312
20499
25089
23768
23195
21991
2037
16613
14327
32652
11039
18275
25549
4188
17659
31019
9122
22422
18525
7187
2821
11105
16482
9745
12832
5390
23462
27556
14988
4766
14263
3439
5738
4484
202
26919
17839
1708
14765
4528
32191
18363
16381
4739
28478
2457
24729
595
7714
10285
4182
10480
13
7015
7413
15467
21723
15748
27218
31099
28022
18061
4061
6943
21746
8481
27214
30085
4054
31861
30101
14379
26039
16281
784
6980
26892
16893
8193
31837
12605
27955
16447
11840
31485
11254
300
25
8922
19052
6374
16343
11794
11176
17858
15317
21929
30835
20982
1978
18360
11084
32661
2206
4872
7597
28865
3182
28895
31376
24604
28817
24858
14898
15743
7115
19580
2839
751
20322
8518
19534
21964
4992
7688
31990
18508
17113
16054
17665
20264
31117
32766
31544
16277
27472
27865
19583
26998
25800
10849
26715
8656
31798
30178
22193
20862
13657
18739
23249
23590
7312
6471
1970
29547
7486
25343
27007
10852
6002
31298
26707
23885
30920
20304
18498
16765
23690
7763
27288
12696
30491
15672
13413
2566
20630
31676
15929
10660
4786
18890
12588
27321
28137
6148
29985
10283
23001
9888
5196
8947
13546
13941
30706
23502
1841
20565
25200
13621
27796
5790
19071
29072
27183
21772
31670
24999
13047
17105
8273
22361
8093
10984
6192
12432
23990
28326
16675
3700
6680
5778
5220
3295
10887
25974
15717
3601
31377
8630
3532
28326
16310
2273
29372
13765
14540
8582
20311
5529
31906
24393
24705
20485
7140
19765
3558
21395
6718
12884
19518
9390
708
25725
29904
26386
7058
15726
13876
7040
31919
26139
606
26038
3640
27717
7640
28318
12730
22093
13391
14022
6879
10571
5713
27920
6989
5467
1109
7595
26059
15415
11004
19777
3237
17931
13462
21618
16210
14468
5096
3970
2901
17450
27693
13902
9313
31729
14938
28805
30656
11018
9126
31252
3830
15615
3402
27618
1441
27647
24965
31934
5795
10615
9700
20118
1155
29922
18112
7145
24849
5345
15368
22910
30793
26254
27457
8279
25210
14093
27338
29665
424
23397
2661
14445
28206
31374
17651
28131
5799
15820
32639
693
5903
23355
14718
21267
2854
11946
4693
10334
24597
21676
18460
19678
26964
31725
5026
1975
15563
24771
1457
5401
6712
9989
18835
28344
25040
1568
28884
30844
24105
31591
11338
25977
25943
30379
5715
26913
5462
13580
29278
2232
12200
15886
1453
8457
22590
14064
27993
29784
15260
57
5526
21655
24633
20883
13880
15837
10020
18396
30838
29971
16365
6523
10734
32497
5059
25840
8426
809
27610
19887
13794
28641
22288
23343
30274
29031
4815
20030
29804
4640
31541
24727
22785
5826
18034
8886
6493
27331
3954
27627
30560
12562
29629
4270
11892
19716
18587
21298
29131
30609
11131
16957
8169
13504
29077
31286
20323
15712
15055
31872
6374
12537
11229
4358
17018
9218
5037
26135
12296
24148
2
25205
15642
24031
1375
23976
25571
29084
15910
12952
21887
194
17665
24667
26492
21053
11905
11596
31384
26716
17925
93
16076
17610
4574
25774
30858
10431
25264
27486
11076
9591
29211
24481
19757
4324
21659
274
26691
12960
17069
14411
19597
15653
32052
31155
14241
26432
20762
19096
5482
14787
32314
7294
15912
25979
1406
29366
21944
13665
8772
1586
12310
28948
29447
23447
24352
17287
5435
32660
19869
31223
14456
23923
2941
12065
27867
25581
12130
14001
12458
27715
29024
23805
310
6026
25345
20211
29446
5702
26765
15952
5425
3643
22408
5652
9228
4736
24187
21298
20229
25045
6648
21899
5583
24374
31448
15645
192
30897
25031
10104
14455
28788
5123
24946
16577
15402
28000
24860
23230
28296
29584
7157
21055
24354
11937
3421
14963
1156
27335
332
24003
13438
18268
30531
25850
16063
14117
12675
31145
5541
21975
17534
26570
31060
14041
14987
675
22790
4428
8157
20717
24226
27977
2742
17462
22671
13929
29656
32644
30154
22411
29501
28987
2102
17361
13575
17472
16692
4332
15034
27743
7284
1690
15529
20970
27915
18284
16302
24739
16581
30413
13086
32220
3516
64
11004
10717
24105
25577
2669
20614
28283
11343
12908
3382
29094
29024
2239
26091
28606
3254
27434
16810
29380
25368
25314
7713
30144
26436
11332
18571
18959
14827
26311
7636
26367
2814
304
5629
22425
8232
13829
7875
15038
9372
11331
2427
2422
9744
4179
4161
6020
25353
14651
13905
574
20058
11794
1973
411
27623
8118
31777
20366
27311
10945
283
6546
8202
30136
28510
12422
18478
32646
28545
27324
12280
12841
4564
27725
11242
3500
7563
18863
112
32597
23326
14473
8039
14623
24047
17093
24287
7530
4398
12263
3360
4850
3065
6302
1516
21758
28872
22681
11524
5082
23561
21148
29166
31110
9735
15059
16628
26288
31760
23398
1392
31712
5335
1869
8519
17139
1047
12134
32180
3274
29049
19909
6471
22339
14008
6987
14125
20328
10499
17274
5041
17383
4515
2695
16899
7107
6621
6577
5944
9544
11802
26066
18067
20804
7237
25652
4867
11892
29045
421
14828
14653
23244
4046
31530
21404
3487
7360
25172
31072
31446
26832
13629
1175
20886
28325
11201
5702
5406
12687
21694
30557
18927
17946
19552
1513
32304
18660
10146
652
12624
14251
14609
21034
24301
24746
4819
2022
12533
23590
27113
19277
7435
17476
16049
28368
28972
7965
28335
19064
5010
12052
5004
11989
31192
7528
21343
1080
7008
13061
1580
27170
25330
5024
21674
27387
25509
12034
13386
6151
21763
23716
25716
8599
6760
21885
20756
16252
22955
24
32341
32193
25856
17129
25004
16794
31773
20705
19481
6807
10396
9280
18858
13341
14753
7083
6720
31511
8892
28030
10133
19433
16913
25955
7294
15525
20918
8228
366
22402
2140
14781
572
22922
11570
8630
16678
18834
8966
2479
23317
31599
11949
8765
291
21351
31910
6644
19290
24038
10746
4805
10430
3954
21606
395
4238
16609
30140
11232
22728
15306
3719
14389
21995
27449
25582
1058
10240
1191
21723
13562
22747
15657
2652
13987
12191
24295
1865
7332
23936
21200
23335
6528
26573
29324
31820
67
29485
14002
3396
1114
21545
5436
4468
11175
2282
9272
21757
9941
68
21696
3043
1001
20980
23083
27759
28442
19494
4485
18641
30179
31291
32061
27658
86
2248
10526
15881
29875
10978
2688
29460
14649
25753
12480
19050
2108
24258
23021
8231
19064
10234
16324
22119
27557
1767
12511
22958
23884
16833
18985
17544
15320
32529
25749
26220
18928
9145
2832
12774
13828
21045
3252
22006
24102
28448
32574
1715
1564
20218
17858
14643
13235
28968
28573
22191
9558
27708
940
10979
5854
28535
3003
4532
18604
32140
29760
10261
31989
17575
5194
1067
24414
14254
29108
14511
2761
19655
5534
10133
8558
1306
1309
26603
11053
8664
12850
17155
11810
10876
30969
3284
13691
10321
32035
23454
14982
15156
31654
25293
9230
27547
25779
29984
20456
24022
20969
29194
23241
19093
11464
8793
6747
24747
6504
18453
32143
29713
31083
26027
18228
7726
6960
74
22217
13141
26953
24974
29583
12688
11824
7260
19939
3228
16437
22797
10955
31540
10683
11470
28111
10643
8612
70
29962
30004
26634
18810
31616
5596
23344
7406
30130
22490
22712
23053
7280
19341
16150
30411
6639
3624
9028
11913
3355
4018
3767
6201
22318
31313
22931
26562
26498
7879
29979
24230
31139
2621
14955
12258
31145
10560
4457
23318
709
7177
1017
17125
11289
8193
4464
671
6093
12932
22092
18205
30815
20709
23586
12013
58
31155
9687
30128
28555
21307
19475
28351
13392
6990
15859
4885
20657
17477
31230
9833
31636
25409
21339
14234
12140
21432
5953
80
6993
13357
9902
26593
10838
8254
22620
11633
5399
19428
14065
32094
12689
25591
28533
30171
30007
22512
1034
24282
23874
28915
5847
6448
12616
23053
24902
2291
21520
32186
11119
32551
5797
23722
22484
26266
16809
16836
22350
14349
18668
30572
6471
31124
23869
25089
19498
19776
20608
9130
536
21242
1
11603
3549
25010
14600
24818
11298
23482
19374
10511
19683
8812
16366
10627
4388
27923
24831
28032
20704
1801
4833
14033
15683
14620
9783
21091
29465
25142
7764
5637
4485
830
7576
27500
10486
16953
27645
3194
5719
10421
19437
21696
7814
8551
4439
19521
24072
30995
12033
20344
24827
26284
11808
30877
30539
24253
17446
11813
6441
13831
31451
31368
28601
22379
7855
4422
22027
4363
26446
9516
26189
15533
3702
29651
26431
18272
18693
10859
11751
23649
22103
1974
18309
14143
6606
24407
32713
24894
29362
25165
5956
24057
17980
20667
15901
2892
28653
30954
9989
14449
3108
10128
18028
14441
20720
27987
4597
29598
26915
23945
21544
15558
1448
10818
26728
27914
6422
16776
29476
2920
29060
20453
27217
854
9376
19494
535
11944
507
28767
20938
14003
32679
17455
17693
4275
21764
7237
11666
6506
14295
13091
2101
5130
28572
16162
19338
4181
13086
10679
20932
31747
1092
19444
13111
25444
32302
21586
9488
9542
18816
14765
12356
7705
11006
24464
21702
3665
24666
20403
27901
16396
16201
11458
25973
12277
19164
16992
7381
15720
13070
22124
17
9687
29338
8067
14048
20332
32527
1222
29809
9967
16165
2781
16473
5355
15186
4668
19409
19980
15513
19108
10014
716
19875
32749
27472
12878
21008
9220
11311
9354
10255
14896
18035
20395
2092
1945
24115
11445
5994
11530
8608
16235
24466
3574
9203
21872
8650
10425
25764
16556
14185
17441
22237
4337
29962
5677
32046
4319
17376
18452
28034
2565
25929
31625
20818
5192
5285
13630
13848
29833
31592
20647
16903
20098
11118
24832
8441
11761
5007
9105
15785
11001
8820
26417
6946
11717
2984
3337
25207
5486
25330
1690
30901
17951
483
29954
12566
25207
27563
19834
28535
13358
9009
10020
20236
2044
10082
5636
8531
182
2504
14155
22854
9659
21343
21212
14037
12430
11173
13833
18067
24004
30193
11165
2480
17697
22789
13600
23079
31998
25830
26966
24376
3309
19180
7177
9753
29600
23573
13064
13033
17415
16798
19568
7653
7609
9173
6698
4318
1173
13097
5813
14571
23465
18307
30502
91
1875
2521
32365
9453
31397
23552
5593
32324
13326
29377
20191
2197
27959
22064
12823
1955
556
15417
32647
21997
21436
29052
17444
13349
10530
17499
26774
11493
21733
9808
7484
24734
8444
30596
18288
19921
17974
12446
21516
27009
29401
24281
4908
7144
9353
9818
310
30057
22892
16064
8472
12230
23692
7676
19409
20371
12669
17763
6451
31210
25407
25857
17895
21089
14949
18737
15025
30009
7799
18027
6389
25048
9878
5980
28795
27001
7518
24892
623
30243
31761
21084
13740
15831
8433
3838
8250
13838
17645
24682
18964
23395
29824
23102
3375
8588
4055
27142
14009
8078
5682
1292
19870
19505
16524
26738
8785
24242
12158
8061
3017
10169
12385
17460
30154
30346
23987
11818
9317
24191
7867
920
20674
28854
19056
24750
797
15879
29080
2347
19983
13625
5165
22572
20239
12661
17924
25153
6200
19706
1713
32198
26445
19475
20645
9585
19962
13382
9113
26919
12124
25551
3632
24852
14020
15693
31447
22266
11192
15290
17392
6601
18235
672
21297
12145
28239
16010
20550
22772
30135
27065
8894
7359
21249
18713
19236
19258
24260
13684
22380
12702
3111
1252
30354
28423
14754
10382
28541
8138
32521
21133
32553
21256
7366
14381
25093
32387
28773
17498
3226
25777
4695
20056
22382
8463
239
10420
8744
20152
31921
7290
12788
32054
31180
9384
20265
26520
19173
32227
26154
8644
26902
24169
12170
12303
32055
27207
9075
15627
3676
14284
15432
24992
31134
30781
19593
13151
5919
6346
27639
3346
12360
28609
16377
17816
11093
18946
9023
18672
4116
27827
28837
18323
18921
24372
30042
28679
19222
4437
20033
26289
30009
12743
13463
28651
27414
18641
32215
86
12183
27460
21210
10097
13841
6577
25155
2155
18377
8153
4634
21814
25271
2149
29879
32733
30090
30936
1250
5655
7404
2497
27960
31516
17926
28469
24273
29623
23111
1404
15135
14493
22625
5643
5401
765
32405
26802
19865
18264
27185
29975
20227
4755
20567
18531
11304
15691
13311
29499
9834
26984
15679
5106
24352
32245
5579
20733
14396
5423
28344
22439
10283
4315
4997
13062
1276
18653
11867
3885
2757
2055
8596
15523
8514
19247
6779
2068
9408
30340
16722
14919
13881
29986
10906
21584
22209
30435
28046
23559
21024
16504
1009
19640
15553
16825
22281
28
2251
26170
7660
9096
30349
21535
28922
3429
25631
3377
13995
1760
16454
9777
19851
24034
9369
2156
6018
21315
23266
29071
19033
14651
20935
9661
10618
22041
17578
2015
3319
24375
6861
3131
22990
8237
16826
14665
20332
8773
1762
10945
20079
26671
13444
19193
31920
4598
30160
13934
27265
32051
17997
32160
7475
13697
28792
14628
8924
18736
24494
9204
4950
22078
18763
12297
8843
25474
28948
18732
10224
23083
3282
14857
16208
13161
2880
26501
26315
11882
16935
22097
15902
8840
18376
11967
19237
16833
31610
13013
26526
24423
404
23201
15407
3864
13965
2763
27819
12273
23906
6513
22929
14335
3384
5422
6869
21494
8771
636
6115
12070
13798
829
24802
30634
25116
7316
11573
29411
21526
3833
9032
13861
29222
29837
19849
22447
6363
6570
24756
11233
13166
17343
14164
25257
13148
23131
9863
6463
11093
9863
4097
13330
4437
7257
21843
5378
27665
25286
4205
463
28564
3512
13666
20177
19754
15968
364
8682
14973
7630
23344
25018
29694
26047
2115
9489
16006
27574
23532
13994
11325
25166
17196
278
10428
17614
20987
30454
4206
8446
13781
19309
22332
13113
12661
3797
617
2244
1505
945
31162
7262
27814
16355
29659
8472
1893
28192
510
28519
26766
17312
32453
18552
6508
32282
25698
25539
16738
32239
19965
31459
21108
20646
10325
18341
24328
16280
21931
10335
31982
14060
18652
24195
22943
6342
23501
7027
25538
20668
25867
20375
11765
15242
20659
28590
28361
14086
16528
9313
16910
28246
30596
6174
3922
13920
5161
22307
14756
3714
24247
30169
31902
6531
11817
29028
6818
8906
10395
32376
16483
974
25335
14958
16807
32206
9168
29335
4940
23490
19854
30160
9865
28817
13260
9302
2423
17796
24574
12764
28880
3323
2391
19931
3830
11615
17386
9770
23607
30807
11023
30670
13391
25151
2824
8723
27950
19926
19940
28636
19196
16438
12196
2871
30043
4362
32157
20276
20972
27387
25885
27640
26644
12395
5457
4365
12800
6246
14438
4604
32486
6101
2031
14622
19086
27381
135
15535
11794
21256
30903
2596
19938
23627
7962
23486
26890
16423
9150
19552
28088
14251
4302
23966
14072
21050
5742
9238
22467
9345
19943
3587
5944
25516
14340
30735
553
16602
31420
1129
13785
6350
8720
26648
18436
19431
26679
8847
28704
21074
18681
21377
21987
24702
25689
8950
10501
12240
29814
28575
26183
16281
23219
14182
28084
8773
2070
28234
20007
10965
17646
14186
27149
3727
7097
13407
22892
20211
27460
24271
11557
32754
25620
8255
30582
15963
29957
7209
15810
27286
27441
24655
14229
31636
18707
28494
32483
32262
6381
22902
5520
5069
15974
22489
25653
1970
2936
7586
5666
18776
7305
21417
30367
25966
16344
29252
13176
20009
27675
27999
10424
2034
2663
26319
6580
3676
5967
23267
31563
1368
24400
31548
13165
2732
23149
11231
29146
15265
27414
22153
1580
17148
1102
2115
22296
816
31501
3381
24305
12498
1763
32447
20845
29005
13791
30662
20140
20951
22447
25420
18294
10916
9224
6468
30405
16985
8265
15780
5251
17859
2139
5563
9620
26569
16091
18373
3351
15775
2171
14525
17129
11069
5797
31858
21355
29712
9570
3037
3206
17391
12411
13746
31724
17488
990
32053
8864
4540
11074
23375
440
9600
1294
5601
25698
1958
31863
8536
2853
23843
12009
16514
7273
9810
169
22176
32314
16801
25784
8124
32073
1675
23546
17212
25907
3270
28567
29880
28166
29629
10914
5897
8962
15936
22265
5538
9884
5754
364
26660
30665
3620
2337
29740
7288
12025
15926
16751
21856
28522
21417
13322
16125
24466
10357
16659
981
8812
11262
20852
1024
1860
25007
18169
5607
22379
18402
22439
17484
11311
9728
13136
11659
24842
1513
10084
26655
30234
23702
13578
4199
30417
9725
19823
25514
14574
30772
10334
3162
1964
20954
26898
917
3897
10163
1352
11249
7273
30098
8856
2425
1196
22140
24068
15091
19006
26634
12754
6245
20637
32015
28055
6871
13632
25467
29845
29017
8326
16767
13894
26440
8941
19954
5433
32718
29316
26612
12317
27304
7331
20945
16668
13868
32729
4904
1898
25226
8742
17996
28445
14930
14186
21738
27455
5174
27678
26604
13857
25106
18498
3742
27635
12585
16022
24847
13202
32689
15373
8635
27041
2963
19327
8806
475
32364
8606
28747
4775
6871
9515
2934
16109
20206
18282
11631
29225
20494
16595
25368
8894
9179
1546
32216
3724
14980
2321
8185
9668
32329
6845
26703
6139
31802
102
283
14206
2625
4579
5678
9958
3682
29621
30290
1260
19266
16771
25573
2686
21990
15559
22727
20242
6334
21446
16759
10042
2018
5317
29560
20856
27291
24954
25338
25940
24101
30401
23478
14509
30131
7312
16666
12109
7092
4653
6566
10432
6229
2718
27030
101
24903
19810
8385
21445
5826
20318
8129
804
20938
22554
6228
8278
10161
1837
19714
16340
1757
19958
29696
24591
20683
12685
16725
23300
21844
26873
23611
5649
4911
11172
17352
25607
25016
17420
26317
19840
26607
15034
29439
13171
1220
11640
8020
5
3218
9919
30128
22946
32745
2415
24513
3149
8080
25794
31527
7476
458
17539
30937
15496
3289
20859
3012
2443
31425
22061
10933
23787
19022
31683
10616
3406
16728
21319
27970
25134
25670
32534
16460
10471
1745
4242
2241
8206
23051
28184
26330
11525
7071
21810
32327
4044
19034
19725
28370
2330
1002
7469
16447
9901
28646
7263
17782
10718
23567
27631
15076
15480
28118
29468
9246
26570
3358
11977
11463
507
27714
10613
4277
1438
20826
12141
20303
1926
1210
4928
11833
16092
2236
5748
20276
21358
32448
19063
23871
26186
23920
32216
5378
2188
23625
2487
11373
5236
14423
4987
23965
7356
13887
5827
6399
26152
1411
19358
8887
8030
26882
15614
8003
19192
18622
9066
21339
4056
4322
22516
6940
25531
516
29547
23654
17425
22183
28113
30851
28941
25092
21007
265
24312
3082
23016
13313
20938
20131
1580
840
22267
6201
1838
11062
4503
14201
2423
7294
3217
13398
15036
15701
1881
14929
6926
17879
28848
30712
28241
15270
956
6061
25071
20692
15191
13737
15054
10755
4013
30529
8063
20426
12806
10087
21176
20315
15072
31859
29188
20067
32321
27428
3257
5682
31307
10977
10026
23068
5137
20293
32287
15647
5801
6875
7810
23238
10371
28454
9563
22348
11000
32229
15359
15109
14374
8084
9347
7418
13052
29494
27255
24787
7569
11090
3025
3067
10682
11324
11816
30206
14299
24469
13347
22582
14333
24853
18224
166
8481
26760
10617
11302
29396
5399
25620
19393
29956
32201
9593
14683
10770
11082
25658
8086
10024
24298
6638
6391
18125
19176
10862
19013
27063
8177
19269
31794
14816
5092
32609
30782
9180
17880
31503
11479
31337
9056
1062
23749
30792
13070
8833
24005
5195
26677
13491
10868
23472
25587
15607
19311
18093
18287
31334
23481
15180
31584
8813
11357
12921
4303
20093
19284
13145
7965
29188
29096
6366
17223
27805
7386
21913
9321
3203
22402
10703
8577
5452
30005
32718
3190
7892
17835
25217
5721
24695
801
16963
20714
15491
32765
31729
26974
8172
22449
22083
95
2626
9953
26972
17237
20961
3784
9375
10980
30824
2008
26309
693
9068
18336
23596
7802
3437
15859
6002
24620
776
27975
6211
29591
16495
8795
13423
25369
17175
20253
5952
27047
25520
3274
19210
9744
19546
2391
259
4998
7958
25616
2901
27482
24698
15743
15730
21511
31402
32399
9896
370
27779
6897
23285
10864
31001
21183
15900
30601
27492
14175
1272
20220
16950
30635
24849
8706
22640
14158
2669
8023
23926
30065
7081
28407
12768
18072
29768
23333
31859
26054
5450
2738
2895
24808
11264
12412
21865
25712
16160
21557
12348
27201
12821
6246
3516
20427
4760
8627
22156
6007
25732
864
13424
22853
24550
21780
24837
9907
21844
21981
19632
26082
11393
16501
12756
26612
12558
13508
26696
16056
8610
23205
3336
5513
13628
8685
21034
4467
2760
17322
2836
31896
14065
26792
18669
16594
25655
6458
6993
30106
14657
23094
18761
1321
31092
6978
5754
11484
5060
23118
26780
23773
5066
8290
24878
15104
10519
15258
16232
19691
14537
23151
7794
3450
11612
27703
25555
29026
30914
27375
29228
7956
31925
29241
29734
24036
19788
18337
21417
106
460
14372
12623
20008
1985
28403
28696
12398
11342
10612
10591
9851
20418
27786
7436
17637
30571
7958
29196
17467
12719
11710
23294
25320
88
7149
29487
7770
15664
9754
26569
1892
11470
22862
16711
13793
13231
17376
24876
8091
24969
9091
2037
22123
18139
13444
30540
29089
18633
1612
1150
9893
26407
31020
12079
21727
10452
18778
4173
2261
8777
19254
13634
14995
19057
15570
15214
19280
4540
20658
16340
1614
28527
21968
30483
10498
22846
8419
409
13941
22812
6881
20499
6634
13650
6339
11303
23745
24270
24712
14694
29595
6590
32636
636
26303
5214
21946
26282
22973
24590
31472
31607
13905
168
24674
13986
32393
1552
21554
29786
2602
25613
18910
11697
13137
31831
3082
29519
13910
3825
15232
99
18677
1208
16245
31200
11440
18493
2830
11749
16495
8400
23586
26492
21866
17373
22338
10888
19272
4220
9462
27641
14216
10563
29770
6722
7201
24670
1673
2573
29029
10722
10313
6957
1835
2143
15271
10708
301
10165
14292
8198
29359
6696
16849
15181
23906
27574
17014
23215
6023
32679
7609
26845
23895
27751
28461
13997
4515
18833
28617
22986
29112
9292
26859
25514
16517
3546
22684
1217
11520
30830
11030
28661
30661
22078
11652
4689
7168
11994
7688
29437
32654
7868
32002
20334
28255
29984
912
18394
25887
25622
25425
12271
28437
30421
13167
22468
6987
16978
11996
24848
19695
1041
10203
29850
27385
9019
21699
27632
13070
18418
23039
17244
13220
31969
13658
26644
12648
3863
28282
14001
31708
8213
12457
15842
30021
7717
12764
6498
20932
5870
2797
31015
20931
6214
25900
10461
31634
4935
8470
11154
6226
30117
23140
16307
30739
27966
27976
24375
16697
2547
24819
4122
20260
12727
23386
6413
25616
6885
570
28268
12857
16599
27993
27504
67
1716
3600
11174
27866
31881
12294
6303
5526
31388
30526
32745
9505
1789
32596
17727
3227
14685
3
1277
27709
4387
6891
15063
28477
29117
13969
16585
7922
14644
2728
14929
28985
9476
16783
16349
5655
31018
21274
24191
18592
7550
31893
16360
10007
9539
31238
3732
22102
29949
25779
27202
29808
31362
23268
167
7830
11092
21738
7779
3639
15662
19296
19508
4459
19677
4785
19562
25234
26449
4059
3227
9016
10484
10866
24471
32317
26427
8167
5022
13618
6266
7178
14545
7429
28156
15054
11239
19937
21587
22348
14625
2640
19949
19467
27520
8611
23528
2175
23605
20883
26919
8143
5721
27432
27558
13532
25310
16090
12298
26494
4294
5111
893
10000
3474
12100
12216
3632
25086
11495
32097
11200
26347
12676
12440
23856
18077
13991
13261
7680
7718
30306
25812
28800
21282
14903
14395
17371
29093
4407
9947
31571
9842
12652
6573
31438
10606
2165
18399
23698
11348
16240
15143
13389
8617
13853
28248
856
28659
14655
14899
16956
25894
30790
1151
9078
32351
32300
25948
29559
22484
12701
14036
14831
22795
8282
17075
75
29003
6623
664
24956
30801
23876
9805
18171
1859
24161
21588
30474
24042
26165
22722
22588
10267
4745
13905
3639
14198
30928
19888
21433
1364
28754
3869
13785
4346
18313
27190
5264
28179
26827
28684
3191
5981
12842
23418
11730
22946
1177
29621
9422
27370
20048
32035
14087
495
5233
11377
14925
465
16363
20448
26792
3595
12702
8927
13721
6822
25025
32735
2211
19628
3713
25699
266
16096
15851
31574
9947
32428
5900
8610
11564
21851
22103
6398
10661
12680
24903
23815
25920
17622
15685
20115
10828
10722
28107
10562
13240
9846
32202
30550
8590
24064
14409
30660
5822
2114
21583
10890
25629
74
6148
30532
25773
16293
14099
8698
28447
6608
28754
573
150
19439
11941
12402
1198
13505
12576
7533
24253
18644
32363
18498
6233
5877
10091
1623
22810
28907
7454
4542
2976
3173
7623
20930
21464
12336
32076
4544
14972
16813
19676
6713
12761
18051
9684
24612
22485
11921
7140
16009
6448
31271
6766
28235
6666
4213
12590
12358
1958
23107
5152
23961
14189
29923
21150
21061
14134
4452
2505
26104
12996
21513
5675
26403
21136
18425
2203
19538
30665
15160
25184
4029
31130
5846
23705
26906
18347
1895
16092
22966
5610
2483
2333
16068
30091
12206
29905
24053
32589
12714
4436
8265
29440
8139
32648
28452
28740
18363
4288
26532
11411
8864
19676
22578
19074
24395
9141
15447
13891
23730
19899
10961
11119
10401
8156
27111
18434
22188
22184
7673
20648
17256
7347
18011
2615
6107
20539
31844
19580
8496
19467
10433
12858
20655
14239
8975
2672
30701
8841
28586
28379
5440
28436
4031
9148
17526
20518
6057
9435
10183
24171
32634
972
23815
2223
25047
31601
21281
25484
7434
23744
5056
7238
2642
14534
21839
4851
16253
27628
26916
24543
3769
28282
23032
18478
14504
3673
20123
26051
1202
30237
1253
1633
13215
9539
30960
1552
101
15798
3204
10435
9022
19096
17107
14135
2814
25664
25703
25374
16548
21887
8024
13949
10543
9768
30658
4691
6579
11983
7286
123
29099
6608
29680
23763
12177
30100
30090
6558
13228
15375
8943
8999
9514
29581
13777
9896
11630
19631
21983
16489
32171
25008
27377
21804
21170
31469
24454
6857
27400
31909
26481
5142
9020
25085
7887
1033
11383
26951
5436
7201
4437
21891
6471
27137
31987
26918
22563
18527
30794
32283
9631
22300
4539
24328
87
16052
8938
17874
9772
17113
10448
9059
19699
26715
25100
5291
21354
12875
10106
10468
32368
14944
13063
23835
5749
10393
18628
28908
31023
20004
30265
30861
29582
26495
23547
20494
30707
18909
13697
21470
1181
32715
4915
658
20067
6419
31428
27618
937
12769
25026
4340
15245
29988
13931
6622
25953
7735
27331
1126
19550
15809
13795
12299
918
17882
32660
27466
20011
8559
10780
26138
22463
23271
11864
11705
20779
5638
15883
5546
17780
24850
24694
12799
15099
8501
15657
18132
29939
7715
2328
20764
26904
28924
18929
3232
15774
23156
25517
6980
25448
17457
9318
12684
8315
29045
17000
27744
7858
8956
138
13324
21171
12840
27839
20619
20257
26459
27880
4869
22548
4004
3564
14486
19142
5535
18699
27217
11663
8598
13167
32389
31763
1260
19460
24382
954
29884
23434
14863
25696
22461
6889
23823
2382
11113
5060
25890
11881
17502
28496
8570
17834
28164
10087
20573
20686
11632
19928
6440
847
11144
24066
26516
16530
2664
19617
3128
19042
10757
18919
17999
13213
8208
27087
6844
27437
26398
9902
7243
29498
2309
29194
2362
6302
18569
18352
25080
16026
3640
30465
23852
4807
7314
5773
23801
15695
20333
21987
18816
24924
27288
8614
29863
465
15295
19940
27417
7737
5006
15012
22159
7164
23065
9918
21837
20441
17020
9456
27375
15248
25022
26413
28261
21471
11516
21560
6461
25264
8899
7026
7200
22929
9149
15089
23712
10340
16016
11217
16433
27736
29443
10447
10356
2840
12387
17171
1212
3650
4901
14670
7371
21274
9676
17669
30940
25216
10509
21037
2791
1311
10033
21751
32032
26600
22204
12781
18880
25791
4172
27710
9
17267
23491
3670
23172
1780
22696
178
2702
6848
1483
17139
23826
29855
11304
15153
7320
32400
28942
3985
21631
23811
21377
15898
22918
25928
6364
26308
15250
22600
27835
31698
1195
13683
14359
19554
26951
14841
29619
7491
19915
24637
31159
17414
17743
29575
6811
30808
28065
3064
31047
20367
19597
1732
29305
5762
4700
20123
4966
32158
26011
2152
25508
19254
7198
30782
1607
2075
1348
12943
30283
23149
10619
28064
25138
688
8967
1849
27373
12066
29696
4769
18944
6476
32154
714
8930
8664
31914
17608
930
24226
12133
24199
22736
20242
2154
26046
22683
10920
4867
25375
10551
32216
27815
30161
18050
2329
30660
19231
27366
5689
11196
15986
32641
14323
9773
13692
22403
10179
24950
3255
15064
13817
13431
10254
1032
13
32664
31705
21851
24882
11020
8719
10560
20781
23127
20407
16879
9576
30989
16032
15438
26690
1245
24402
18961
15018
14543
26436
22310
29676
32202
3920
7760
29642
17497
5731
28946
23247
11182
23673
14030
7392
6632
10697
26414
8724
10641
30268
963
27078
4203
17700
21740
25576
25452
26923
28154
29849
23559
17545
15505
22010
685
22907
10065
19518
25236
16112
32694
24577
10935
19845
19261
4827
24606
6323
10185
16948
1375
2119
20292
11354
23397
9747
32393
19408
8048
29668
17282
31978
27229
23988
30349
8598
5416
7200
25381
14205
18095
6940
25534
5195
3768
14565
29936
15434
12854
28983
984
1846
3272
18625
31676
1869
11139
3286
22253
26277
1265
15205
14066
11970
29273
10027
18402
11880
20033
11303
29458
29102
23602
2126
9456
84
23995
11393
10799
22102
30904
6588
26661
19137
21205
7824
29809
22726
1613
2259
20448
32525
21496
8086
18578
10572
13956
31063
18264
22551
15106
632
3169
31482
17061
18416
7958
12485
4551
23105
30018
25127
20525
23722
5494
27262
24204
5277
14508
17134
9548
3443
12074
25520
16523
9311
3241
20397
11621
4256
24503
32332
23667
15355
30810
6024
19857
32617
502
13893
6373
6157
29808
9444
2333
26728
8340
18453
10999
22992
23476
11244
30215
29214
3730
26424
29365
29096
11137
18704
389
3439
20422
1198
10139
6553
5188
20353
1150
14369
20825
9597
21788
24525
23043
10166
10254
20320
29255
18733
10014
16657
1235
15849
6662
29245
23522
24650
1659
21337
24928
155
4458
29738
10830
21222
1410
56
20841
28428
8946
24448
25862
5908
7284
20329
27713
14276
25994
2041
18262
22382
13831
16713
28495
26381
26322
11574
22752
10641
3047
14682
32399
9590
28574
11579
22039
21659
21296
30913
13583
1618
6263
18158
26823
10163
14581
10441
1395
26167
11800
27803
12427
24706
11964
30046
27249
22911
26098
9843
6997
8626
1792
14227
26454
10954
25257
1288
3561
31094
25006
12317
22655
27002
2196
9171
23650
30722
26792
20949
5088
2102
8769
15278
4780
22030
23621
7226
22913
2920
21742
17754
3336
11096
28622
1516
5116
18367
25873
11259
24716
13599
30211
30514
26881
12461
19154
3991
5024
11432
23956
21622
6610
14058
5771
6042
9858
11709
32168
6339
13255
14063
9551
21845
27587
11561
12890
78
4299
30588
9568
13946
12487
32573
18743
17130
10204
14355
27319
1954
13897
28238
15809
24210
11663
20346
4992
1736
30933
24884
17903
29155
1162
23101
31900
1483
18764
4557
11947
9887
32265
31018
1565
7407
13668
21368
2131
11308
27226
8147
10189
27996
16421
27035
9016
16914
31072
29455
21928
29598
27245
28190
23586
21121
27412
14201
13405
27172
2924
18413
14537
7369
4095
20464
7633
15297
31017
12666
21597
28639
6593
19478
30108
1582
251
20280
7168
29919
15245
1745
19850
11397
12305
22049
23367
2437
6827
21708
23067
31175
27627
16945
6333
10930
3829
17143
14083
21336
23263
7400
16992
28397
13146
25859
31659
31614
7317
21452
10785
4319
18014
13287
8110
25574
21131
7909
21096
2518
23192
31838
12124
4126
30865
30528
2702
15428
22322
23910
20539
2076
3406
7533
23393
11837
18541
22211
5506
23221
2745
12288
17316
21500
27
26490
9372
12327
11937
21011
17548
27230
1571
15446
10667
27792
4902
25027
15940
24933
22784
28262
7170
25205
5949
16047
7274
22199
32322
20861
21161
5436
5936
8316
21136
8221
25355
21169
26845
2994
29980
32083
10428
26116
3219
26333
29325
12933
29041
97
22504
19967
6309
2335
222
20171
21365
4182
30338
13635
3616
18778
30377
121
25026
26087
13549
31530
32119
27317
11512
21741
10947
12876
27135
23472
28978
4634
26508
26981
7483
21955
28545
23033
11882
1208
6490
7558
28863
9739
20146
15049
17745
30338
30984
21974
24118
17642
15556
3850
29095
26797
25973
20034
10336
1703
26461
20042
19270
6198
6703
31897
29772
26768
4375
315
18071
31834
13307
782
29153
6006
32257
31793
1307
21788
1361
12986
21590
1580
12316
10663
30179
18882
15069
7704
6841
5131
29662
25787
17944
5976
20478
15239
10348
17265
15539
25517
8564
20268
21323
6091
11683
62
20855
12899
17095
9552
31497
6285
24552
30294
18685
15592
21619
20252
2486
20182
664
30753
22155
27113
8432
29097
642
22936
16227
29966
26203
17719
4937
8279
11729
22566
20175
11
2588
14920
1948
27464
28090
27830
28853
26127
13679
24245
27550
32226
25227
20198
13507
21649
19051
19645
12054
19793
24386
28212
4856
4110
30234
3521
1117
22274
11797
9349
21547
14983
23801
5318
28900
28457
9451
30879
19077
10752
6011
18678
11694
7997
2529
28847
23042
20226
32390
8223
22481
5239
18375
29892
20725
11034
18421
18739
28921
7766
29344
16721
4225
22360
29461
26310
12261
15646
7205
27055
1312
6864
1320
22931
8425
16468
30786
27289
28447
4381
5605
6904
5738
30019
20887
19630
31520
24793
11254
10101
26981
25979
19961
22259
10903
550
27000
31025
2537
9548
751
20814
3149
5416
2175
4725
24472
12880
23093
22284
17632
18569
10127
6190
31273
25054
17980
14684
26433
20468
26148
31855
4585
24472
18088
29137
7477
27290
20779
14573
22582
15326
15569
9444
8150
31152
8070
6530
6146
2648
4163
13424
15
9966
16012
5803
9814
4208
9022
25140
16162
6930
11911
16394
8909
981
5942
597
14117
17499
12085
14052
2068
22778
24915
15833
21377
11535
15431
14499
3185
8597
12018
25901
6514
25078
23013
14677
21049
31520
6691
21152
138
26844
12584
3628
26712
3419
11818
23782
6958
18194
31902
10236
6861
6345
15358
22934
3863
6126
17610
24001
4907
5422
32461
12203
24018
13127
27809
18198
18714
24599
4213
31239
32064
25593
3598
9918
17107
31570
11788
14827
16407
11879
9839
25887
9640
23410
19545
6529
3679
9972
4885
6850
5753
17996
31833
15955
28150
22665
24008
10965
27200
16765
8123
11217
23309
15122
22849
28073
9862
4322
28005
13774
28841
14849
3503
27444
20972
17693
17901
771
24867
19146
30002
9616
5283
23063
22560
8075
16040
4965
2147
29562
10484
25977
5502
8037
5049
8399
6858
27347
7097
21809
30395
20726
19372
11657
1894
23331
23778
15860
4160
32645
27433
30743
11561
22545
8177
14774
30377
17852
6318
10626
15225
21484
3198
22067
29509
28717
29964
19415
20144
18982
16052
4970
2201
28619
17384
20646
23708
31188
6098
29212
18140
23661
25658
10116
28928
12335
24235
4690
28796
1871
6353
25738
14866
8981
12326
25044
28312
7568
8398
30419
25851
23433
16318
23219
5508
23221
8228
28417
19034
12334
26627
20928
14665
19236
22558
21945
27329
20432
2840
21778
4642
7850
12249
4642
15158
23516
17204
6788
28927
2806
3270
24682
16820
4835
25377
32308
17414
15900
31530
22594
423
2843
18111
4358
27405
24851
9885
861
14452
31966
29569
14111
23586
10807
8846
1012
27118
7465
2287
22122
6147
32711
701
19269
15586
2078
291
5399
28326
10856
17344
24592
10124
15235
16716
10262
5042
6049
895
13592
27679
8512
31278
12704
772
11357
2488
4008
25921
10724
22688
12207
13611
10092
8315
32268
8845
30497
1549
31361
9197
5121
15535
24083
21776
5708
30963
21273
7872
19509
30347
29588
3020
19166
5479
446
28497
2947
21022
3814
16440
26870
7567
1146
19968
4427
22472
17254
12989
16340
29223
19868
9825
21328
31934
11764
5947
5215
8956
4663
11197
16441
23434
19318
4482
11168
20340
10401
15760
4627
15497
24405
474
25925
22276
30452
7177
12493
28268
27131
8571
26143
22968
29072
27788
9403
28343
12123
28437
21156
2223
10647
3635
6420
25157
19817
27466
6510
18076
27504
15945
28276
24001
25245
9519
19898
6215
27973
3278
23898
32302
17524
5838
4586
25866
3461
8438
10411
20832
17903
20903
4611
1876
8546
19881
24622
3713
3603
31531
3632
11561
21332
30212
13070
7822
32359
6463
30013
2207
4500
16855
21083
29911
10617
11967
3869
20579
3234
8741
25481
14211
22873
10232
14181
4146
17855
9640
751
14345
9756
5933
10190
18785
11636
7498
22089
15288
7259
16659
21175
25430
21001
4269
12086
5167
29617
31061
19872
27660
7695
675
15803
2022
21825
20240
19376
10386
9943
1463
21183
2724
12845
2392
10288
30093
2809
8354
12941
17926
10784
29618
270
30642
24782
727
30549
29182
453
31384
24923
7245
13557
2296
939
32082
10573
6136
31694
27068
6354
4446
1286
1561
21230
4021
30015
8180
16650
8341
1602
8769
6495
31780
16172
10492
13320
21981
4638
30732
13916
10896
567
22893
2172
12202
26047
9870
18728
18359
6309
248
13271
8229
13100
32305
11526
23627
6369
19168
26832
29098
29648
2353
24511
6514
28663
28283
1506
31560
19195
25633
30751
30022
3098
12214
5067
9539
30817
26212
11384
5973
5919
12174
21518
15765
23193
6836
26910
5410
16639
3223
24434
7273
415
1950
30441
32419
6745
21369
21634
6302
20819
18436
12726
15041
32494
16238
5643
19531
13304
29594
20198
13275
4131
19141
6560
10549
23733
22378
13277
21571
16258
3938
17945
23898
6679
32336
23684
21183
26937
30524
25104
1898
14478
2430
20936
20233
32409
15582
4707
15176
29932
22777
12313
15952
16536
15335
26805
22157
32489
1050
15852
10165
2640
4489
493
9478
2977
8718
4665
12495
11134
3341
13493
21809
30739
25175
19197
31271
21253
28750
20476
15556
31652
30025
21434
19388
2408
58
26996
27942
27291
17550
15346
4480
15187
25940
15381
6132
2211
31650
7600
10201
21522
23604
5784
17277
27468
24663
5119
30754
26648
13829
23037
20294
27786
31570
16752
25896
28538
10503
2054
18567
11573
4236
26264
1965
4209
28939
25018
3756
10119
26578
2192
15080
31196
16377
5603
18389
20896
25925
10099
30978
19900
32333
32655
9559
20485
29147
1252
1947
7094
23445
29843
30776
14365
13277
31366
29763
27540
12021
9219
5559
25267
5991
24705
24833
22468
10148
1211
3010
20087
9963
1028
8400
14296
19820
21466
9598
4733
13230
11709
9245
23300
20782
9026
16322
24765
20041
14435
13642
21155
11611
30745
28060
6289
3881
14125
1326
19634
5756
31050
27851
26938
12047
11352
1939
32339
15275
11781
27203
1114
28561
20388
8118
7756
22296
19515
5804
24699
21399
25815
7371
28550
3717
5923
2787
2951
10207
8761
1654
23438
9162
19896
31864
3407
23418
10007
14675
7447
30034
10553
16942
23045
10317
577
21359
31350
20124
27559
10366
21697
2961
18572
28876
4133
2235
32330
5653
25087
3667
15184
14306
11072
31446
8237
81
2591
24052
32490
13848
13323
15017
9373
12232
11236
13482
24891
3151
10346
11522
16814
21697
16118
4605
12327
27480
9832
26181
28342
27577
9824
17227
8216
24696
1713
23272
21200
29151
4882
15429
17017
29163
1815
24568
17242
27032
30304
16239
3131
2910
1297
31634
21111
12028
1153
22180
27731
14964
18487
1386
28046
7255
18194
7056
29241
15170
23751
5960
3017
32425
16273
20532
1131
21715
32291
19846
27799
23078
6626
18278
9960
1445
4433
22420
26155
32439
28364
7502
20918
42
12154
22644
17403
27767
5757
16362
22364
30536
16491
5950
13633
2103
2818
18314
23400
15065
9495
32668
19325
8187
23248
8021
22763
9259
29203
29263
2289
16251
11070
32194
14584
21121
14873
26025
32548
21666
19209
11552
31017
14225
26758
22033
32096
9234
21710
9231
25114
29700
11227
1666
20276
3486
24979
28165
19947
1017
28736
4364
2802
8398
19263
25546
32450
15234
27132
18258
28722
351
32542
13308
1351
4901
12286
25354
22093
7105
24670
15243
14118
17500
26200
1664
10979
10647
14996
11838
13713
13845
30910
3347
85
1595
17463
3884
956
14643
25867
11190
11340
21303
12580
31044
11615
5388
5565
24945
30257
27852
21785
14278
32055
25577
19572
14302
21938
11887
22074
11975
17285
16265
7287
21420
16707
1863
28558
5041
11405
15774
29999
21791
3227
24241
17283
30145
10008
15438
15529
2190
22323
18620
15974
5767
23283
32436
31256
26339
2762
2733
2284
4714
12142
6493
4177
26143
27108
28540
2733
22817
25053
11979
2126
6611
11846
27733
31907
30267
11291
31732
27564
9128
14204
5400
2991
10648
31490
13508
12077
29656
18771
24793
2836
20461
13556
12439
11574
22963
23135
15969
14074
6980
4182
26304
12369
25627
29302
30891
1772
7034
31247
15110
3501
4616
6451
27496
4187
5823
3085
6689
20377
21253
21620
1916
31001
12825
5056
26177
28685
22449
14045
10110
31198
27106
10398
13191
8993
12863
32339
13372
28871
23109
21149
21642
12691
18167
17025
6453
978
22469
16572
14036
25414
3250
13142
2333
21347
22454
3962
3938
31166
7521
26501
4700
15554
10434
8029
22312
15012
5767
15108
911
11418
31589
31597
6026
2632
18875
15758
8197
379
14962
20406
1764
5658
15655
12577
9284
32346
13196
28618
29955
3888
31755
6272
6786
19724
4013
27964
1961
29892
14139
21938
32556
4302
7075
15910
18189
28339
13724
22657
13667
2240
24717
29604
31321
14335
5291
23804
19321
16998
3170
86
21547
6477
22775
14837
3960
23590
10859
3810
28436
29544
20130
16260
29596
22476
11205
26736
6684
22972
14820
9602
17108
32008
16352
27437
30012
15580
22408
2575
9541
19439
32002
4297
24034
9468
11629
13
29895
32630
22724
1273
11120
31864
11013
11683
24934
8187
28819
19445
15294
27211
6617
31419
26082
9660
8753
30970
20372
15512
24068
20355
3119
11101
29746
29897
14128
25381
1716
25328
502
12390
20096
21542
20166
31195
11948
6454
32018
27586
727
15962
19195
25416
11461
29265
28692
11842
9545
25522
21865
29469
5224
2176
3776
21784
13499
1022
31006
10416
1557
7877
8845
19548
4966
1299
24349
31099
20447
16230
12073
8587
20311
6474
23259
11163
24046
27247
26354
9731
15088
30206
18115
16466
31484
21549
28542
8584
21861
6674
12467
28294
24792
13236
30229
5314
831
9320
22141
11583
6374
8539
5170
3005
5852
14955
29287
20013
11421
1339
1029
103
10477
32390
22443
10271
9735
5555
9459
19733
16631
5802
24312
20877
24645
26087
20501
12031
19923
17100
8943
27407
10248
1084
31925
22719
28206
869
3238
31204
11289
10461
13524
5335
2314
20465
12328
21100
15827
29754
22951
30760
13883
23921
30963
4782
24995
15747
14357
9339
30442
29928
9849
11475
12175
28977
27962
6907
15893
23009
6305
425
940
32638
6888
7865
18701
16616
27715
2849
32422
23273
27681
10023
18423
22028
26542
5842
22076
1715
27037
25246
22092
21348
14118
4211
30145
13668
7754
18648
17241
10119
31070
23653
28316
30534
3015
15734
10943
11282
7171
16935
14537
30952
28393
17020
23796
27686
2097
26335
17238
20893
21558
15056
6080
31463
7931
22488
21735
25082
31852
15550
3777
23038
1511
9470
15410
16988
4347
29815
17384
28696
17264
2916
20612
16736
10375
5773
12282
3941
11138
12223
16954
29289
7015
25209
15120
3097
7170
26856
15176
19486
10281
13589
1303
25327
2372
6750
20406
22249
26636
11043
32336
28577
23186
7873
15902
27513
4995
21444
20433
13169
5803
16984
48
320
5817
29441
5122
11172
24642
19852
11054
3318
30216
21574
24353
14337
17019
8043
8304
28436
640
11489
6078
4438
19826
22566
3553
29274
24166
3720
8000
20467
692
5012
15999
23114
20915
27088
19039
557
4547
13229
15071
426
28305
8375
10664
21213
25750
15119
14759
2310
1505
10523
8700
16350
31767
14204
24595
5420
27576
16192
21776
24723
7331
15449
21105
7598
3037
10318
23022
15455
19086
27953
5284
19299
20044
1233
17779
12586
5788
6192
15013
26342
19382
13112
720
27107
14985
24745
26877
22294
20991
16982
31753
25848
1410
31121
9548
12181
14527
29668
4729
2783
6314
28674
30405
20297
1474
20220
26444
21649
29590
1464
22192
3805
24968
17056
29699
522
20689
7063
28903
32577
23493
22577
29427
24779
21080
11299
13401
14374
32738
30200
6086
8792
32287
22022
13194
13955
14714
12705
6137
17082
2699
30350
21777
19219
2270
12986
861
32509
31478
21548
21528
6356
1937
9529
27798
23475
3118
22775
4320
9098
15565
15348
24991
15216
28918
23847
12603
28218
16892
17190
13379
1356
24195
410
4368
10671
14144
17136
4773
23396
26880
6738
730
29432
2028
12758
28602
24921
12299
10485
24617
8680
32520
14142
15306
4815
23350
26443
27167
10133
11217
32245
27890
10736
26247
25028
31220
31962
5686
5801
22437
5606
16120
8688
371
8405
17245
27248
22310
356
12023
26885
23419
10089
2588
15680
17935
26910
6887
31324
27775
22461
14208
16500
18126
16973
3485
30196
4871
23227
841
13646
23587
12588
5349
17134
26668
31122
21612
8047
20899
20349
28155
2575
20512
27701
21904
1888
29752
773
529
16449
23203
14297
22929
19725
6814
25612
13008
16658
29583
7547
4096
2629
32232
13278
30415
31027
25421
6232
2465
1339
25081
25420
17949
8443
8030
27763
3308
13064
3595
10539
22205
1762
27347
17682
14989
18983
5420
10452
10533
27142
18133
25409
484
25847
28348
10403
25790
25769
13086
23630
25989
13372
24304
22648
1127
26289
15998
26699
4025
16799
12114
10297
21235
16423
26455
16528
14075
16937
14142
11854
14246
15288
19489
3638
21116
30924
13414
7715
21179
18743
11239
26781
7839
10459
29519
20138
27105
14361
14023
25574
29053
6285
18387
20694
9401
504
11894
12154
24419
9085
21917
5665
6490
9489
22203
17537
12112
23853
10416
9991
10445
3781
13807
9324
8055
17278
7648
27017
11154
5660
9603
10092
31171
313
6999
30635
28185
1597
12922
23288
30797
16522
6417
1526
32073
14583
19946
28748
31208
3456
31072
23031
17149
16700
19839
15076
1686
18575
12649
20670
29314
9632
15352
16133
9232
10509
16805
30048
17690
10974
31145
20532
31298
20408
32354
10101
1660
11859
11511
16316
18381
26926
10303
20890
29010
4226
735
6957
9859
24692
21683
12272
23481
12174
16240
31447
8174
8560
9863
9884
13252
29123
7756
24659
4553
27503
22103
10309
19450
24590
810
9467
25222
13216
2837
11417
30676
20608
31319
30830
1478
6039
646
14024
30784
8399
2353
28429
20708
24522
2499
27655
14368
213
20138
8320
8043
4631
17849
14863
22731
19726
29643
22065
18331
5181
19370
3483
3723
31006
27695
18895
24296
24158
2474
6382
19742
2633
1667
29645
20091
15748
32546
10826
17461
8698
19725
27105
14255
9752
17744
4730
11256
6205
13858
19845
10388
5740
26565
6985
24960
9797
9390
19065
8304
2355
3302
3593
21339
8422
14512
9535
25657
30724
28268
18957
15884
17179
28603
22942
8989
28123
8676
27439
14472
2178
5495
18720
27386
10647
12592
75
4282
6107
1053
31124
27878
20605
771
20929
30720
15757
13567
25485
4521
12467
4969
14327
32683
30241
8445
20704
24125
5062
31805
469
25987
2244
28945
19242
10325
8485
19889
27464
12353
12745
32452
6727
6867
20643
14026
9152
7187
23846
9399
21212
2640
27897
32224
25777
22300
28914
24347
29903
6552
9794
18722
6165
3570
10221
15417
6602
11819
13438
14097
3817
18462
31736
7403
13243
13502
2575
18176
18347
5279
8344
17697
23383
13752
5695
4507
17635
1639
3448
15453
11922
14773
6072
20829
29591
220
6372
32311
16168
32262
32522
15127
8661
21592
8783
31450
4376
31023
24872
9840
1325
10921
19661
26501
10531
12136
31211
1632
20788
17298
18841
24331
11090
22300
16014
12724
24066
329
12945
21075
2413
19821
48
31629
24244
17655
29877
18648
16773
23214
7766
7137
10220
6971
19116
28971
11371
18152
18791
26616
1612
14503
18239
364
23606
15958
21806
23280
9471
17985
28636
26581
2753
1513
7003
28217
1072
32260
26388
19247
6186
32708
28161
16922
32656
5980
10013
23386
6485
32705
6681
5675
25812
941
19537
29129
30311
28650
31230
4569
6709
31437
28589
516
6475
17665
6128
23781
21743
22405
4435
23077
11312
17144
24721
2020
24514
17429
4872
13147
26633
4474
25963
17600
29044
13997
17079
4714
29452
8288
12136
28470
4941
15860
29932
30761
20276
23613
8536
25943
6041
7557
12122
25091
22719
13011
27246
12295
8234
14957
25429
6775
21680
26523
2244
31617
13523
22446
14425
22935
3918
14401
23506
24529
27118
8895
26241
13708
2723
20773
18171
31064
5847
4105
8465
25361
15614
4572
25601
20811
7279
1900
4333
17907
24434
8620
17803
5684
15258
24760
24351
20888
19541
21524
18854
9328
31681
12340
20308
14709
28097
23874
31809
24239
8529
25371
27232
29078
15382
22171
2480
22136
13369
11290
14518
32538
19574
4918
16682
17570
5744
16339
3313
6324
28488
17505
10059
20956
10861
24926
24142
5932
24246
28187
6291
12070
2478
16066
13103
13788
32047
11160
31716
32341
19250
7552
7065
9011
9189
17345
1288
2707
23038
22280
15287
24885
335
3505
1833
20701
23451
9538
26197
30200
1961
9528
22359
22659
9878
16135
18278
27689
27503
28508
16134
23467
18688
17573
7806
9093
12774
28371
32397
16335
7916
31838
2393
29025
20372
26762
24488
24122
30963
24298
24146
4387
22210
22562
22519
7311
21171
29680
5869
25798
13825
13422
15228
21826
6475
32401
19022
1369
1698
1014
32545
4125
481
31198
14271
9089
27452
16759
2864
2749
28700
25949
24878
14323
32299
4192
7641
4370
27818
24968
13740
1019
20491
16726
15792
9698
11196
7245
19439
25079
30273
9905
15404
31558
9093
3471
11473
26076
10610
14589
18473
15148
12991
931
11727
19889
29705
2938
4199
8148
22310
32724
23435
16911
28854
4253
30216
23635
29690
25312
29771
26279
6378
11916
20246
21779
10369
27001
29304
15036
9052
9126
14587
10320
13955
30917
10015
18852
29319
15097
31495
1692
30925
15070
25715
11084
4905
20682
30958
23388
27054
2898
14409
21681
19141
10000
13639
17737
14717
13220
13978
14439
13858
2553
25614
24305
29969
30666
21509
14102
30666
17508
3363
22323
15431
29357
20554
24568
30349
25701
16073
22983
2176
17068
12496
348
11259
20420
20520
18355
800
1561
19232
2342
749
10366
13259
16343
27664
10170
24424
13645
17917
323
23074
30562
4157
31561
17146
5212
7689
25078
9217
25178
20503
10741
6858
22002
8372
7217
25887
11288
13843
28383
9715
27457
28389
28606
30360
32713
7465
9117
6194
30610
25414
32543
22892
8431
26455
7355
1129
4288
20678
5126
26878
21470
17436
22069
22302
20409
20759
13277
7573
5695
1790
28670
24825
12544
9009
1088
24286
10128
3588
31356
29002
17709
6605
32638
26217
24994
14396
4874
129
12651
6635
31004
12839
24858
27702
20596
27316
32762
10573
29266
1779
32241
11911
32639
14876
16555
3322
16012
774
5108
18504
12126
408
31078
30651
30699
16513
6981
32149
3646
18216
26279
18593
17345
2022
4312
21518
5563
32372
3068
22909
26392
4767
12022
26969
1897
4931
5257
23911
11051
23926
30141
22942
14668
1028
901
20280
4587
2844
926
13833
12896
3144
13498
28688
23164
22178
15838
2892
5905
24390
11529
21968
21941
5635
18710
30746
26052
29270
15075
2465
2724
19608
20915
21421
845
22390
26321
13931
11016
19874
9335
25665
6006
10184
13293
26463
22485
28356
5877
9623
14719
32274
12391
22126
13747
19077
16409
8051
27800
316
22017
19151
20863
4819
158
19486
27753
32470
14995
1917
21705
29563
23446
3812
18827
5520
4232
18871
2644
1202
7909
14999
22028
28608
30559
22398
12954
19855
23494
10251
25070
3551
7211
7706
10309
22158
12101
23704
18344
8460
10772
24726
21686
19471
23235
16539
18596
30088
2771
30271
29826
12501
11382
26101
14784
27960
30521
6441
11248
8328
14310
24203
32717
2598
22441
17578
27517
8755
24177
8900
23571
2304
29849
9180
9304
2758
10184
2062
2251
2968
30486
4128
19686
28565
27248
18265
9635
21346
14653
8086
13631
10456
17473
5018
29758
3065
26306
17318
11183
25641
25322
16457
25777
9627
28013
30586
28982
18185
7276
30692
29191
16296
15768
32385
32265
8539
22426
618
20158
8998
23219
13038
5646
12262
17567
7137
24904
19776
15296
25654
11620
28376
25976
23249
4235
2499
31703
17814
7385
31806
26230
9926
24673
7584
23202
27787
9841
2701
18109
16081
24088
365
3298
24408
18918
25372
20680
20487
23795
11235
23785
13188
26914
30888
25315
7169
679
27745
6942
15449
15559
2511
1967
12123
9183
21864
24188
18789
6312
21397
24225
10294
28857
14109
5395
29949
78
21473
21635
3253
28999
10699
25734
693
2932
7169
11250
12675
21007
10334
23179
19946
6794
13090
21983
12364
140
15080
28014
18489
23350
2265
6670
28223
6058
12576
19598
2052
7374
30621
3994
12947
7245
27870
222
26356
29919
22347
25967
19711
2507
15520
23910
12401
13226
8097
31438
19520
11885
17929
16320
24620
10401
6851
18380
17559
22514
92
8347
28822
14062
10169
5587
9800
20492
16133
29755
14695
14829
3310
2080
9244
10465
19473
23287
24088
14765
23218
29763
10720
22924
4785
8633
19560
28531
23993
2722
25316
10905
22971
4738
19163
6711
8603
20215
20605
29324
3625
5347
5942
8997
850
24781
28803
8795
7576
7813
5381
4637
21439
5127
29652
8688
24777
29602
3093
21043
2597
22874
1231
31912
5668
14218
30458
17968
1708
30414
7641
24022
27696
19743
24970
11535
25823
4160
28636
23872
7196
1882
22368
22145
24111
32739
22723
7073
5178
10691
25178
10090
15470
32442
27135
12070
12926
14588
6428
28258
23636
7455
32517
24561
3844
6967
15755
2100
16382
2880
25550
13465
22151
2236
27474
21602
12650
12700
2901
20136
13546
19556
22112
31135
29948
6539
22045
5915
20403
21536
6504
31315
3068
9652
26792
15077
20619
4467
5216
6427
1813
6804
4609
30573
32704
10740
23299
3399
26840
30461
16947
14092
28355
30669
13135
1882
6199
7316
4304
32144
12970
23102
9223
1421
25354
18515
21355
9403
11951
22043
4914
30797
4238
23301
17438
26820
28335
1609
29850
14008
993
29133
14341
17621
4524
23622
2126
17188
28295
20127
26049
8075
17483
12446
10528
24472
4840
4293
15350
18298
19286
9078
11048
29264
5839
15707
18381
16295
7740
19717
19007
14909
26093
6099
11122
23563
4492
15894
10373
21379
9300
19058
9367
11799
4478
20616
23772
3066
12540
24273
8944
16682
27754
18381
4459
1966
14402
1630
28341
10012
11599
16750
12828
13663
22116
13016
24355
21687
1613
30086
11037
4865
18950
32471
8443
20025
19243
18243
14179
16957
14000
26177
3330
9172
31698
9576
16162
27886
30541
20181
3711
15918
24272
15054
18006
31141
174
24740
6592
31457
11222
28382
27454
4134
21509
11923
12949
6395
17978
13848
29916
28136
363
11996
723
30079
1910
12943
29046
2713
14938
906
210
6114
6567
9323
25880
3224
29747
4863
9712
3727
25103
10854
2063
3449
6841
28785
13580
7012
31635
21071
5487
11908
21140
5225
4364
12339
16702
31114
10639
32054
19408
25923
9047
15170
26812
32142
12424
10174
9307
4017
21083
17355
11488
15461
25785
386
23179
12088
2057
22140
2079
25904
23878
22424
20373
18097
18516
16888
32530
6304
11412
5453
23063
2249
22454
9045
31479
22910
3790
14498
26767
28801
29098
17052
13361
19749
10339
5833
13281
10671
3891
16204
11460
19458
21638
28844
469
18812
15700
3287
15066
16923
941
22375
30615
22244
918
16163
9025
24453
10771
24777
31797
9017
23173
9995
17386
6380
15926
11223
11044
29344
12851
16091
20075
30735
18266
13641
22204
29841
2227
26327
4734
15425
31748
31755
6839
3163
4255
29109
22656
19177
28799
30141
32439
27039
26515
286
19443
28675
21850
21299
10429
28881
23728
12850
30205
28317
17896
5366
8114
29626
18202
6657
18406
24923
9918
28609
7650
14840
27770
4626
13726
27379
5177
261
29563
22908
30589
21727
24628
14002
24822
21349
30994
24330
32339
27223
20576
18677
9304
13115
4639
18109
6449
25691
16635
8112
22790
21265
16253
17537
2255
27458
31105
8939
2922
16425
16875
23703
27882
6742
14486
25920
6195
9974
19597
19477
2756
11348
11902
13407
31443
26528
18283
16739
9119
30704
1955
31114
11266
31364
8689
25791
23365
15438
1811
27161
4153
9393
13677
12474
11907
15754
12543
2039
30264
31853
14229
6841
31146
12593
1341
29218
9601
15790
15614
2932
3853
31429
18887
1327
31962
28321
19366
10106
23941
14397
25914
19396
8399
21542
32107
26539
9968
7811
18776
16157
14894
13906
12945
445
18093
9716
28039
22408
17545
29932
21569
8376
2082
1764
22864
27880
27831
27632
9988
28026
3383
1559
16096
26422
32595
10256
11596
26419
17624
4425
9610
16123
26428
27438
6635
3050
29046
11175
9283
19927
15379
226
21146
20727
16263
10836
11300
28413
24769
25338
628
27526
27650
16613
25324
28597
12782
11765
15480
26906
31460
24037
3452
20441
17547
25991
11786
6152
32173
22353
2649
21080
13385
2329
24946
16376
27107
26397
23597
23990
543
30790
4188
10856
32654
30638
17478
11402
712
10079
1623
31528
16315
16478
27925
19967
23874
9192
4950
22751
29434
12795
9392
30291
6481
26904
3634
25988
16351
13128
10065
8027
15866
1117
26405
1766
20868
11642
31190
30973
8
2517
19025
32549
3589
26812
21567
10676
138
22742
21047
21814
23811
14508
7218
24336
6995
12391
19008
3427
32291
30939
28538
11827
17785
5061
312
12745
28556
22865
16004
17493
31703
32480
11214
10968
25708
31495
30433
26433
16779
27355
22293
26582
19315
23660
15814
17878
11896
8847
27398
22365
25942
5601
14991
6279
3525
26376
15611
12248
27469
26172
28984
4572
3164
25607
12854
2058
17814
3912
11490
7918
30572
29822
29272
16264
20976
579
31316
30703
2791
14103
10730
14137
14880
23647
12920
159
20485
29357
23768
23005
23152
13122
5338
30936
3008
19154
18673
29827
14379
12679
29228
32003
15702
17480
22632
24338
2082
826
26309
22177
11465
6535
9302
29889
17707
4703
9501
7363
2402
24381
1846
23710
22172
4972
20562
9362
6186
30921
16231
8715
18132
25034
26278
16840
29296
23743
8622
7484
2483
11352
15359
22325
21574
10600
23473
11195
21276
29160
1126
14139
31492
2367
18045
14565
32122
19905
28296
21586
5059
26485
18688
5738
57
5147
20024
16773
14819
29805
19088
9424
30280
16038
22251
755
1413
31297
13667
19440
13470
10499
26171
11854
10770
315
2324
17272
28850
7497
24164
23392
9394
17501
32037
11111
30465
12417
4298
25729
31446
30170
13175
29844
29068
28458
14449
30498
2223
21402
31444
6440
15959
22967
1156
29766
24500
3002
8549
9503
21995
12556
13007
8451
13600
28937
22332
3788
16852
4869
14916
9989
24690
32652
8396
24402
8996
26350
1402
25867
27115
12539
22892
11051
18671
6668
15657
3945
10516
8515
17879
23204
22221
11283
8879
8324
29493
770
13999
16991
31580
2989
31374
6489
23006
25613
15093
3024
14011
17146
1772
4599
31074
16877
25235
28096
12559
29706
4626
6656
22359
28254
4306
13518
8450
9573
2286
26923
20760
17359
24292
7145
16958
24195
9617
24517
6723
10725
3676
29911
23543
5204
10673
22316
19260
27127
2993
8369
22367
26042
10535
16978
32680
21395
190
22628
26159
10250
25714
7744
1266
12536
30533
17713
14629
17295
13107
12945
6345
2970
2919
26926
18048
24582
32431
8691
14240
16546
11822
22468
8326
24867
19537
19113
31533
25963
30724
15919
23551
13067
22565
30475
2282
31750
2872
15361
1719
26328
16221
24068
4247
30646
1664
2975
11775
7960
15056
29587
23222
4469
1906
31426
29997
19533
26998
2379
26382
27757
15626
13047
15383
14703
10989
16084
6953
2688
2599
21023
21916
26726
2552
16999
214
4289
14350
21232
19996
16016
14074
24918
5287
23544
14565
17778
16891
321
4735
26753
9332
25890
31289
22403
17442
8766
18356
21730
15831
30190
18297
11604
21629
23617
30442
21506
11437
11585
15481
2538
26238
8056
28695
5250
2459
21427
18415
18334
30617
19974
32085
26259
22663
16
15865
8349
13766
18560
15713
11390
14107
3032
31382
18280
13826
19058
3613
6941
6981
22464
5160
20309
15054
5847
1806
19040
8633
24623
7673
25868
2734
29860
990
5577
27758
8641
31411
22283
22187
31550
16092
19696
4381
19911
16102
28195
12498
12032
31607
13312
6086
20165
9093
5625
4787
28086
16583
21560
2346
7411
2153
21893
29667
11044
9220
7275
3410
25277
1741
6038
28794
32128
8973
20864
6662
28995
5073
17229
32662
31219
3810
20211
12631
1241
13047
9373
14806
24860
1578
5970
12310
22919
14505
9425
12256
7053
32686
13504
11354
3978
7345
21254
20699
1612
25820
26998
25598
24530
23743
15533
24821
3923
15429
12349
15136
8323
28390
5643
32734
8721
25631
3317
19108
6516
17439
12984
16204
25575
23748
11537
32431
10418
23237
20003
18805
16556
9009
22553
17708
14078
24856
9228
6040
18217
7047
12327
19530
31819
26554
22793
14452
21918
2958
17002
20732
5185
9269
13058
9935
5691
9517
26534
32120
25277
17267
8629
12273
19367
8436
29874
22457
18510
19524
5938
27174
28028
26770
15097
16381
9913
4572
12384
15168
5321
20831
22778
32583
13686
13906
11638
28434
14480
26323
23239
26078
9777
15650
14979
24054
14917
17677
10889
31180
6474
11691
2023
9032
16981
845
20731
13664
25174
17842
13016
25577
27804
11898
1514
21933
7324
15325
32222
9405
17646
21405
4284
14601
3992
4665
22870
12589
5007
6756
30950
19854
25467
30901
15347
4518
31163
28576
1652
3996
9641
16293
19256
4632
24095
16327
4741
6229
7482
23104
21504
22648
10589
16755
10188
15392
28537
28962
4854
2878
21132
20449
29457
14631
5224
1227
19741
2023
15286
21875
942
30168
6970
8222
14410
10612
24153
17967
23570
20328
16088
6882
13220
7913
18406
10813
21057
30795
19037
27716
20523
20944
26181
14445
16465
26302
19866
3411
10542
23732
9294
174
1263
21309
8594
27523
3284
4518
22098
9880
21464
18189
15614
27435
29844
4283
30352
11235
22113
15028
22731
31239
19901
28299
12736
19182
7152
17531
25751
12727
4591
27316
17292
24890
23168
22259
19256
2621
12191
13909
8978
27116
32544
3949
1845
7299
17047
19092
32612
2126
3701
5248
1867
29907
7283
20249
3079
8782
21812
1159
25321
30045
7461
4240
7543
2813
26793
29729
24244
18613
23411
1834
5538
15633
30514
31919
16644
25682
7540
27933
8296
9572
26820
23258
30309
6928
8470
25887
16418
32115
20326
7434
1559
16303
13467
12527
10776
13792
10161
25072
22159
22354
7959
30669
29449
28913
26966
9981
16884
23552
22772
7421
2982
3342
26520
9960
31394
3878
5230
9800
3351
16199
461
18475
16298
23571
5656
12922
21877
15819
9186
7047
24912
19067
23893
32741
29775
31346
5844
27260
5516
245
7391
732
26406
27957
8503
21970
7305
22398
835
3129
9712
28336
30643
1043
13609
31219
21347
32729
32664
8871
32130
24591
24959
6810
19699
6938
18045
29310
21747
26454
31572
13466
25853
19300
19695
6079
16362
2241
6307
24190
20061
5277
12725
13976
20574
4842
16412
11446
21061
1971
31881
2138
26842
12975
28069
9238
30906
18710
2713
5628
3325
435
26324
15445
277
10043
19208
662
505
9437
24438
29327
10884
16666
19308
26086
16151
31447
28172
27588
19590
15536
5198
14030
11826
23184
20553
10071
16242
3454
21934
17875
15416
25018
32661
16783
5361
19209
25468
18336
14764
21325
5516
17946
8319
5976
543
28546
2854
1538
128
4741
20462
5497
753
6633
10706
25305
2035
18629
21475
28669
12481
1773
29677
29588
8478
20913
6231
28535
3152
9415
19787
314
4973
28549
3351
8448
22741
27219
4051
17044
27904
24673
15940
3254
30842
16789
19457
6835
18219
4296
15572
31801
6364
561
22883
26472
23287
24097
22288
20780
12174
31729
14109
24523
26015
26937
8468
27578
18071
4419
15462
693
23828
30912
19794
8462
6383
25017
6408
5446
29818
27592
21775
16858
32518
1159
9700
12639
28841
15433
28900
12497
11070
21256
1387
25641
19628
4511
24894
2349
13932
17209
5158
23692
11845
25354
1758
21802
31834
21053
10543
10681
10855
10797
19290
21641
18504
32471
9910
2465
22971
9616
22938
21262
20838
21491
23165
18299
15644
11038
9820
3842
1884
798
11869
10818
29210
2727
18609
12210
11970
3848
10430
29492
14203
95
8830
19438
19881
1545
15650
27733
16821
14173
22780
138
26640
19610
27803
1770
24437
23581
7480
5857
3183
30680
13905
2558
28188
16127
17555
15181
12336
14340
22525
20705
7740
1734
12611
17328
23601
21254
24176
6564
2080
29466
2768
1518
10563
12005
1549
25502
4161
12038
18072
15984
3246
27728
27466
24041
7121
13178
76
1699
29867
4376
2868
26086
5428
14794
8816
23415
13544
17076
5096
5557
16514
15918
24287
13281
17160
4284
1306
25278
24583
4672
30533
10074
17184
20334
8338
19499
10435
32641
21923
9309
25659
556
10922
6507
1771
31188
29903
14061
3287
22012
31442
10417
12902
25089
6385
24332
22374
11271
23564
19826
4944
22579
22535
30533
24269
13339
15728
16107
30330
7802
29281
11043
23272
5929
12968
5785
4584
2890
31526
32184
3333
12742
17525
24255
22865
3067
20686
24599
31845
24238
4393
12516
8867
14151
26021
22490
702
20797
15659
25681
6781
28623
22606
13724
10427
32757
13174
19607
2227
5782
23614
23424
21114
7931
13850
2056
25805
19844
29245
5033
15373
10905
16058
24121
14984
18916
28905
30400
17914
445
12044
11911
24148
14054
23858
25201
4539
4217
20828
28302
29140
10270
4831
32750
28223
2689
10505
14515
14433
7172
15623
23146
5223
13745
4870
27292
15239
3698
7833
1439
13193
17540
13915
21426
16263
6953
10965
21578
19953
16541
17570
29606
2003
12364
28112
7849
25947
1346
2698
18665
27542
20707
17652
6404
30586
18908
20567
12083
14889
26457
26494
14881
19060
15481
2656
19965
28574
10238
16127
12749
2403
11338
22927
5894
14649
903
4059
28506
12502
17445
23525
21714
18930
10633
29132
14364
19278
21763
19699
18726
32501
6913
6240
19948
32194
12419
30306
23438
21538
19663
27511
9637
25627
4966
28780
22487
10382
23094
28614
11689
15801
8209
12897
15509
21247
18270
32599
9309
27116
26895
29475
6558
1652
21459
20999
32424
13435
2956
22955
32397
1691
23811
22022
24184
29217
23002
32129
31040
11352
20675
22618
6461
27915
5616
14151
9307
14917
12235
32093
20076
8539
15334
16687
17859
300
8245
2362
3582
18856
23675
10113
32035
21647
4098
30836
3823
15227
1935
2326
618
20257
26517
26719
30143
5076
18089
10207
29771
26443
19510
20389
10996
13219
10098
18783
14012
21415
29328
1731
16789
3152
22072
26413
24952
16264
308
8329
28081
15411
18540
12147
15997
20336
788
4765
2774
31516
30500
21873
22670
30105
27144
11768
12955
22221
10649
12795
6578
5741
8525
26472
25367
16251
20394
13302
31155
32013
12289
28684
13671
25681
27736
8416
15520
8142
27560
7644
9259
24556
4169
9541
16715
13495
15018
9246
25097
13536
25669
13642
24524
5636
26322
7154
16425
6705
17339
15654
22524
30375
32721
23751
9400
6107
26429
8612
20475
26306
19897
9443
4454
29515
7936
4259
25259
10286
21378
4575
14823
27620
7517
8597
15923
21238
24969
26920
10869
18299
20818
17924
21117
18908
14348
12416
32333
11995
20738
2568
4023
32468
14767
5755
9774
23106
21553
9426
13526
1924
11770
11011
16093
3554
16073
22820
11790
459
5080
26580
30627
26208
15191
9687
859
18487
1050
2304
2253
30040
25999
18004
22268
30348
9202
13676
14891
11736
1220
795
29683
15940
10105
30545
31122
8416
22129
21055
27782
2825
25641
1212
347
2537
26803
18408
18625
30525
29539
22543
3809
11099
1228
22224
17649
4211
25834
6270
10502
31509
10657
24774
8234
27635
358
21138
30383
7913
5693
5934
31427
2874
7395
169
9540
14621
25676
11135
17621
4216
31056
25460
24369
1259
12961
20419
15551
17168
14592
10872
21095
17153
24496
1819
32165
25627
24875
27790
18139
30210
21525
17976
7660
21221
27758
28772
17670
28420
23819
25571
23999
367
27975
17657
19556
10768
5878
22903
25997
14571
16538
10788
6645
31397
26586
21345
5257
11843
20527
18701
32447
2101
2529
4519
24361
26259
25906
15538
17994
6822
9688
6238
15784
27562
2737
27236
11554
14034
32179
12338
10884
20621
34
10824
26457
2824
9989
14050
12545
1524
15322
16343
14083
11145
21897
16321
2980
32459
32151
8798
4792
7948
13724
1078
21176
9394
28919
5502
23573
15162
22208
9277
15052
7293
24574
4525
9787
20786
9754
14052
25394
23221
30100
31923
3150
10759
30965
10959
13442
2069
4101
12846
6135
21309
10045
30388
20246
13838
9087
23567
14307
15183
13829
6624
2444
25411
11416
6939
17985
7724
4610
27824
32583
20494
12997
32619
8008
16821
23053
16664
12014
8953
23268
20716
18352
577
14757
21280
10475
23878
2483
10207
9012
12058
21354
2402
19949
8040
5718
21850
15126
14077
15267
1422
7526
15751
3285
7109
5274
9373
698
1254
5134
9216
156
14174
6026
27425
20410
4290
6750
3043
28410
14005
1201
673
2776
32525
790
32627
12706
9009
31840
21677
6119
17093
6584
11945
301
31114
5356
30919
8418
3199
16650
5041
1941
29261
302
16612
28774
15073
8600
26476
699
6747
18177
5614
23605
6951
26671
26092
30435
15209
1480
9285
16309
31135
5220
25339
28979
5250
19685
22585
1646
556
22283
11925
23095
25216
579
10898
18064
28871
192
18793
22624
14487
22733
15625
27499
4601
98
26972
17024
10442
22261
18124
28660
4962
29074
19974
8784
15476
27950
20733
10567
9269
15161
25906
18155
15553
7282
17204
8480
26042
15871
16226
26448
19250
11453
16376
96
11211
4821
21578
21731
18972
29584
20810
2446
3415
22892
5968
15852
5417
10863
25883
9043
17634
5819
23571
23
2518
21859
6608
29437
24835
9085
2784
2803
24564
14712
23237
1790
17637
10928
9534
21107
21031
25408
19656
4458
30918
14359
6755
20848
5738
15695
2713
12924
19067
22202
27581
7205
9864
14013
12657
21265
15850
16225
8554
689
22692
31143
15736
3883
19854
5916
3776
17304
18355
12718
13900
12400
31479
15806
26311
20034
3069
25206
11137
14505
12103
11357
8378
5499
17311
20008
284
31811
27574
25556
11401
29170
27404
27633
3095
19665
18959
27457
30553
5306
1415
28289
32481
13192
19761
24199
16386
2508
5546
23181
9691
15298
399
3277
15248
19075
26083
11598
29659
19835
28081
9981
2500
24606
8434
4863
24236
6103
21168
32326
31120
5697
14956
11618
2956
2970
15550
21146
7582
15733
10043
27196
19373
26030
25499
12593
12490
32163
26140
27092
26805
18849
23329
25349
19107
14493
22559
30072
16702
27685
5049
27475
25582
31894
26922
1529
13655
19854
10980
5664
11043
1700
2166
23082
25345
1111
2995
5810
10477
21829
28945
7525
12979
6046
24399
13843
13486
19159
16987
7685
13270
27043
19826
4498
14586
24607
26761
5101
18761
12876
3308
26945
18455
26307
21797
30464
9694
2468
17439
32376
131
23504
1931
26023
6363
600
14723
592
16750
18997
25965
6990
10875
21561
21539
5161
12092
15685
25425
30439
2154
5821
27678
20516
2052
17209
32014
4453
16973
2941
27430
28074
18452
32684
32338
25666
22071
30904
15621
28131
7786
19997
6943
32762
3381
5071
4115
23104
12604
29808
22601
21134
10179
31687
26049
4850
12913
25966
17402
32258
23124
17354
29458
11632
17446
4928
32302
16095
6607
3494
20764
25333
11562
20984
4407
25266
14348
13389
32139
3840
23939
18953
6714
20107
20571
1619
11039
15826
17127
31434
16816
5503
1022
4211
25129
19187
27971
19702
999
7974
1705
30731
28945
4014
823
13615
18814
24093
31497
26011
11475
8592
1688
26230
20460
5765
7995
32586
382
8429
26861
5301
25082
13443
18768
29537
21172
5979
28658
18229
24644
12990
13263
4813
11308
26165
27160
15144
6588
4324
6707
31649
16947
17689
13059
22049
29735
23077
9577
21394
16935
20587
2059
10391
25758
15286
10324
4730
29434
10192
11452
102
14350
11088
11337
23766
9653
7347
24405
2893
11193
7598
19859
28232
30195
28867
7501
2416
21939
19731
26607
5141
23138
9331
14281
4056
23909
4033
4881
14247
1349
21881
14375
23279
1037
16003
28445
30988
5364
11599
5239
12549
32060
11044
16687
22902
5210
24501
13309
21709
5975
9974
24533
30137
19318
14637
17328
2016
13335
6476
28559
20689
24539
15742
23229
7481
4361
9728
28501
11865
17713
22066
28421
7095
24591
25582
5393
32020
32177
4376
6555
28831
12252
9078
31265
20840
10925
28354
11079
12823
9340
17662
6103
28638
27909
16648
4358
29100
32714
8046
5113
26532
5555
6531
2183
7885
31224
30387
23873
15627
9792
18451
9391
31054
27147
572
6109
9225
8525
26970
8726
5094
15963
896
23024
19128
11019
1343
2953
26288
17687
27766
14351
13269
31171
15723
11910
29102
17600
5659
8645
8513
5711
3023
24514
28482
25770
1776
3600
3716
27807
4380
4006
5811
25982
18809
30690
15173
11317
29514
11982
28334
10682
21184
10913
17875
30889
19474
25225
12226
3631
30928
24231
21920
27174
10100
2395
14050
4737
31034
9667
21953
24043
4657
3966
2023
20907
3986
10166
16239
5835
14417
4957
24588
19065
7155
11958
29832
11693
5023
23064
22641
30732
22903
1007
10767
21005
10793
5123
6296
14938
9408
7165
25255
23161
23745
28967
6379
3755
21107
4979
31004
9492
17790
1471
30004
6173
5559
31575
15067
18455
9787
32443
20259
30753
30395
30115
4725
4683
26390
9793
16588
30459
22829
8646
16928
23440
9459
14375
24358
31814
4803
22817
11830
9561
20471
1659
19596
22382
4534
15243
14260
2862
23053
28155
23360
22580
4929
3021
9916
809
30052
6813
16356
14125
27175
23590
9492
28281
25327
7176
21503
20035
21803
2761
18596
31202
20708
18969
26750
8499
26005
3674
11771
20027
18750
31071
10288
13838
30132
4724
8907
4335
12347
32671
2633
15800
12118
25638
24681
13437
21214
2129
21728
3180
8786
11889
22094
6391
1390
14625
12145
25142
27391
1740
1176
31878
20981
9840
17755
887
26810
18849
26250
15333
14018
6096
30819
8548
1124
18125
27912
25314
29928
7307
9008
4743
1761
15908
2332
3296
28349
28700
27597
23357
32666
11242
18036
5463
5723
11956
9770
1590
15099
25947
30177
6226
27682
22967
18074
19705
18678
1316
26585
17136
3380
11325
25686
4189
4991
10215
14070
29668
20984
16274
19449
8465
1294
30907
8821
11254
31896
32693
8707
22549
16161
3498
30904
20096
30594
28637
5463
32574
24759
5169
4548
12785
9195
16111
8636
2486
23765
19908
22980
77
14407
11273
25183
7290
24836
23623
27524
26538
11987
15099
29775
26330
19409
24214
15095
6837
17419
14536
26880
19196
13132
23806
20402
8491
1332
4138
18633
22106
31626
1474
3950
30817
28371
28171
9574
2623
32036
14743
6282
957
6964
13836
15479
29774
15285
26664
11398
19770
229
18178
10751
5883
11360
15507
10889
5607
16696
3956
10981
8720
3143
6633
6620
13929
1732
29215
28534
31530
18197
26546
17517
20341
29668
31346
32225
5689
28021
11879
24909
19031
8503
24851
9402
7683
15257
1014
20275
10605
11294
24664
32120
27809
12212
18498
24311
10412
21826
22734
32503
21505
12416
12704
11799
11803
12043
17845
8183
13923
17337
10588
4405
2643
23593
385
2459
28380
21663
30769
3734
2309
24079
23131
23018
2518
2680
17108
26789
20852
29556
30366
30289
19853
12044
22122
14446
5878
1744
2395
28192
4755
9512
17677
6180
6520
11493
22230
27912
27725
28443
21068
23964
30199
13107
2311
15780
8565
17724
12200
25807
18183
16002
21529
23533
29846
15458
2327
27228
5456
31068
27374
6083
15507
31850
24964
30211
6156
21136
17305
18283
19744
1717
16205
21804
17802
19377
11235
2572
12102
3239
10436
9566
13230
22421
11719
6705
10724
22057
28847
28360
18543
18647
17398
12362
6697
14376
21193
20155
14936
20565
24147
29995
7195
6932
24638
12845
24840
2994
13943
1163
787
4450
15410
8248
21937
9173
29743
32646
8766
32266
10299
5273
25500
31592
8697
12060
25886
19210
24802
27186
18596
27994
29067
14000
14343
12257
18982
21897
17847
7005
20556
22154
16546
2068
27642
28487
32600
19561
19417
15957
26221
14765
16066
20153
11807
23351
18049
28577
11065
11191
18393
13394
7992
13511
31689
12386
21419
19651
1550
17447
1248
26331
21737
3439
24508
10598
11810
20593
5867
15993
3405
27908
21306
4793
14156
13327
832
30317
10005
12609
20036
21720
14262
15618
11867
30149
12182
27305
30161
32099
4349
9967
17354
7763
21462
6819
11305
12800
27828
9632
5809
11055
17684
1533
6506
5847
2274
32643
21063
7986
27966
5988
1029
17684
21631
14377
31318
17276
29560
20973
31039
20840
23547
19145
15295
13806
4252
21391
17841
25225
1463
29883
3315
1969
13237
26534
15816
22446
7818
4093
7803
27565
30338
10610
22086
32532
13886
32177
7025
29971
25081
13974
3262
23675
19473
8349
14853
26068
706
29082
8220
32682
19252
26538
7161
3367
19896
21609
6427
27367
22350
26725
32550
13831
21612
21203
8909
2431
26874
2433
15860
9650
18849
19724
13078
13892
14917
15699
8165
10796
21968
4651
817
21002
818
19541
31243
14522
15270
29357
22570
27177
1590
12195
8078
7271
19585
25327
7010
28414
27836
31617
8743
13443
11511
11703
17167
31338
29601
22995
25255
17182
26959
13996
2745
9810
26553
5284
29041
19345
23045
19673
31678
29469
29257
12448
16123
246
22603
3375
17871
15929
13707
6041
7250
17579
17027
21760
26481
18582
14637
21253
2963
13524
20678
17540
9853
19753
9938
22143
24690
19158
14688
20823
22687
10090
22159
23106
12471
2524
9553
26873
31707
2519
11119
17841
5308
15701
29901
9037
7939
17519
16368
10706
14321
18291
21437
1307
6722
6968
25219
19406
14680
32686
7740
21134
6037
11449
25104
16242
23561
8512
5403
29110
27469
26753
10864
4529
1966
18855
25182
23815
15502
5534
12530
800
6408
1830
28092
9689
32211
26918
12502
21113
617
30531
291
1766
13672
11442
14293
5913
15416
30026
15666
1743
5614
29918
663
11137
1392
22729
23997
10903
26330
26570
10555
10201
29729
17427
20044
14374
15607
5020
7123
27752
21998
701
3740
2247
735
21756
28389
15389
24717
30756
26397
27562
20870
19863
30699
26378
12874
7652
28018
6243
6319
27292
14804
1251
8836
4706
22772
12650
6005
31554
8577
16259
25134
14148
10032
22169
9412
22336
4680
11624
27728
24563
4196
18353
18397
5459
17012
15410
18052
4128
19462
5845
8405
20924
26564
11048
4473
19004
9533
27405
8470
1215
13288
5555
26995
28158
24421
21188
5085
26917
8455
3552
5833
9954
27280
9803
30394
29371
3643
18146
3685
27300
26624
31316
8723
21713
11283
20366
16968
1993
32430
8823
16802
6332
14608
23774
16899
17430
32710
17328
7411
17492
3625
9327
11071
2838
23336
30431
12262
4214
31559
18179
27190
11417
25576
31559
4915
12163
29641
19199
19000
11056
25807
30992
13537
9184
2818
9965
22055
6834
1240
21446
24781
9844
16566
23548
2300
3770
31668
3287
6442
7469
7585
8315
20032
6438
5703
13848
16123
8572
8175
6754
21138
22682
2856
29761
2714
5844
30661
10697
9255
5883
7973
4460
21557
20782
5047
17262
9030
30708
6588
8090
11340
19336
32079
23348
17096
14196
2467
11054
17460
28257
1421
24222
6303
30766
22850
32112
9879
26175
16737
16216
15947
8728
13108
28427
16369
2602
22067
3503
358
20716
14025
19088
14100
21038
5723
8980
25625
21163
31879
16113
5542
24029
28073
23709
28068
13845
27300
25095
16542
2762
7647
25988
19163
26929
22925
17164
16586
6927
19250
4518
16036
26572
2146
3361
23372
27592
22732
18437
25210
31218
24952
14793
31256
15254
5453
32070
14060
630
3798
21356
25720
285
14150
15924
1054
23920
24249
18389
18312
20870
10684
19003
2631
20153
30736
19125
3770
22269
10411
15854
562
113
24320
18462
3155
22324
11648
19841
28094
4474
18785
26377
29165
18911
11166
3920
14429
13307
17215
7120
6387
32566
7386
22102
10137
23517
9050
19124
6952
22134
24063
7350
7050
32081
20390
31320
15136
1120
23371
32310
8033
23368
20940
5700
7364
27064
3311
17087
18912
26106
15271
16740
19922
31176
17299
30943
28128
10592
23496
14470
7772
12507
17616
8263
6858
19386
16882
17631
18757
6850
14260
25677
27934
7178
5023
16007
27847
26962
24898
26219
12015
12438
12410
7928
21231
6883
12528
6334
18533
5482
9954
9107
2590
12499
7463
10376
58
2771
30829
28
19850
30209
20422
30895
3133
21477
11875
8505
15804
21842
8862
11323
29138
5366
15934
32502
26896
16432
27639
16604
13936
16929
15921
32580
9272
9478
6923
14689
24609
7621
27038
26741
12985
30149
9350
22594
17926
18179
30111
25537
16236
15971
16140
27159
12496
22596
13694
4037
9470
19286
28594
8223
19272
5552
3900
8959
1648
24605
26244
31418
25289
11191
16398
7763
14232
32184
11006
17391
30656
32140
28891
3977
30111
14635
6291
6631
7731
933
6847
25549
28545
8702
11049
2416
11831
14909
15243
18989
7824
14528
7066
14459
17528
8146
23107
9759
28401
30080
19509
8351
4789
17320
23455
4600
14364
24146
1339
22931
65
25667
9867
29046
1376
11728
355
29624
6787
7665
6311
5175
11870
2454
19030
25229
21879
10558
19143
26687
16266
18629
25907
30520
7211
10621
9588
15478
12973
19073
20236
27396
12611
2886
17769
4904
30565
23667
18792
31197
24437
29427
12311
1155
19363
12616
30399
3286
31246
15138
22562
12573
25643
26416
18177
29859
11627
822
29153
17515
25880
7776
13327
13344
8064
19926
6114
1867
10838
8080
20032
23241
24661
12140
16227
635
24614
4733
6365
28479
10884
3238
31962
12575
27550
17512
13990
27081
29629
26873
6255
17215
8998
32406
26187
16080
19778
17689
29309
28743
22268
27854
20212
31074
5227
3459
14356
22918
10673
5086
7353
26032
29475
6388
26489
31919
14506
22550
27946
19345
12392
14062
9380
13915
5279
5068
3016
14589
20687
20026
24002
21636
2591
15830
32394
23698
1790
2913
16305
14603
14858
8211
25178
28690
29745
7985
31367
3124
534
7650
6038
13026
14518
3391
22027
32549
13643
2729
16015
29837
21617
2655
5689
7787
9351
4175
1037
12095
22360
27437
12226
13428
30458
9667
15817
12875
25079
8840
19594
15382
21163
5491
22257
23718
30189
20497
8233
25350
21746
5078
3239
26474
5741
24241
3179
7266
23291
26082
31362
16467
14527
13072
5584
17192
6729
6038
30476
29765
1213
27167
10252
19644
2353
17010
16451
10692
25942
10127
10888
2919
5979
25594
30744
11130
26894
29783
25823
210
13893
17463
28915
693
29308
11570
13154
16527
12735
27702
18989
8678
14539
286
2964
25232
22640
11398
23700
7972
6201
32734
20655
1454
29775
13246
30443
32423
12955
14457
30749
25124
4907
13557
27239
3405
24535
26554
32256
27665
7972
7752
26419
19224
28264
13998
10667
1529
18223
24408
10477
26030
13278
2345
8742
17221
14230
16330
29479
17111
27995
23617
21166
15038
8822
17861
24039
6915
28695
13520
7986
26902
6207
11383
29223
9154
10717
7671
26839
9055
12344
27280
5717
19018
29068
14230
25206
6546
248
18629
19156
32244
10135
21717
13593
26890
26862
2126
13946
2751
9862
10910
29825
16134
9945
6504
784
972
883
3616
25507
2858
16977
25045
2517
15840
7821
17229
2342
16895
17469
4951
20475
23013
920
23389
5094
12142
16218
4665
21288
24425
6762
9033
3956
22857
10426
27590
9718
26397
10095
8785
26772
29123
67
23759
23668
21848
7207
10359
16830
23026
18732
26665
18595
9362
14243
27906
6046
13396
21123
32045
1785
16361
30476
15612
13716
1863
20394
11831
23266
28063
22044
14772
31284
28560
16597
30503
23354
18842
24483
10044
27590
25301
11150
5091
28372
20451
3587
19179
7368
547
9010
26323
6390
30503
31668
23005
24679
31849
8561
28515
5594
23353
25537
30574
20234
250
11985
20613
18223
30606
29257
17347
6855
16911
23339
26413
28822
29120
25854
31298
13292
1859
1581
28883
17446
29708
31658
8212
15735
20501
30678
16884
16105
6099
14501
17066
20894
1642
18685
3216
21852
24605
29024
17973
5705
16648
7115
13997
28658
17425
11998
17452
8594
5660
9276
16596
14226
18814
24117
31178
11852
32180
163
15503
12820
12118
20753
18062
8313
17478
25123
21233
11976
10285
3634
15033
22994
3368
1334
23310
751
9406
29161
13779
24131
25878
31273
126
5696
11878
7838
5415
18540
25775
15774
31198
16229
20904
15693
29250
3618
25335
8457
20304
28795
6311
3589
29048
5356
14295
819
12534
13206
5551
18536
8287
5766
3737
22715
23930
30522
32173
19502
25682
21857
18540
1168
6281
10979
21170
8609
30959
8481
28390
120
12627
11134
7796
18978
32410
11038
13949
21900
6414
32750
15565
24738
6392
10980
4365
25785
2416
25992
13881
2602
7540
21171
20565
32576
15160
11414
10844
13909
20925
5119
22650
20279
11429
25816
19066
12241
14918
13296
25218
4103
30717
23039
25598
31969
30916
12260
20186
5868
14855
24624
31476
4061
15028
29160
2001
11128
2194
28807
29839
18352
14291
21827
29722
12304
30956
5521
20899
16473
16548
31467
31054
6765
13931
10193
31019
29547
23790
28174
3688
15388
10472
23100
4805
10382
31291
6282
24135
23294
11071
5821
28977
13819
10842
1909
31280
6601
20945
10930
3286
4356
29149
32662
7241
12421
16642
17261
3645
11914
9884
25066
31263
29968
5051
15027
26771
13188
24112
24609
10017
13211
20968
13120
1067
30079
27769
286
1827
22315
30459
1346
30971
19224
29209
30074
20700
25113
2151
31450
22810
11395
31479
15361
8296
13970
15399
23710
2888
9224
11452
5683
6598
12055
12085
19993
13670
3713
1369
19653
7003
1790
11283
31305
14073
11230
10623
17437
109
4847
325
4128
13228
32673
17190
24794
29609
18792
26580
3844
11723
354
28679
15434
20894
6970
31181
25423
12489
7500
16417
10482
6976
7178
14528
21200
3002
1182
17464
1801
30822
31441
9282
14664
7129
20011
11345
26877
19019
19035
24683
5357
9988
26330
30264
2029
19985
6604
27737
25322
17979
21031
11258
2093
20282
23830
26795
19421
24613
15008
12907
3526
27181
9605
28166
8280
13195
21096
10146
8435
24247
10803
29588
9570
29147
952
20856
25253
29319
8340
17792
12531
27046
29017
7180
4351
25521
25836
2939
5755
16674
18219
10305
23514
27436
29395
24378
25435
16553
23201
27199
2371
20308
11704
29430
27497
11576
6979
22510
27128
1640
31067
18411
9585
13041
21291
10110
7663
26893
8786
29913
22447
24473
14216
7650
10447
29897
5765
31878
5206
11547
18719
27984
22133
7817
28082
13370
1549
7171
1220
9155
28528
13596
16873
14913
3180
24068
25573
10617
15750
21430
22545
31853
10371
4210
11520
20341
24621
25710
6241
20113
14675
1737
5159
28158
28946
12992
22248
4359
2131
9508
11139
4894
30869
3595
27654
26411
9709
19143
9167
16676
12874
31764
7409
32222
5630
19605
23769
15651
8570
31618
21553
25092
19545
32667
17924
28016
30113
22112
10787
26374
31045
21379
3784
18472
16110
1182
15738
7505
9722
32034
10032
20904
29381
7823
23481
22741
8488
12523
4187
11027
16448
24429
31163
18310
15217
28025
31996
12496
13482
14289
31787
6111
21482
22025
16859
10504
12291
28731
20492
12122
13470
7421
5714
556
10623
23440
21299
28921
16138
32346
9424
8558
17414
6550
3272
5056
26786
19019
27481
16707
12981
27002
13768
2361
1866
32668
27651
24551
27996
3148
4486
29679
28126
30272
11643
15833
13567
14205
5669
11763
22699
6603
2942
27739
26709
5991
25887
24410
10740
13305
22369
27635
10315
25029
5058
9404
30318
18213
18570
23277
19586
30775
17326
17847
25028
30931
15604
13271
10189
6848
2904
31594
19220
3111
18862
7171
7348
10823
11914
18171
18799
27755
7005
16904
499
31513
9952
22545
30813
18317
9910
19521
22268
14182
31821
859
5207
14494
10501
22349
18545
20927
28052
18695
26443
596
30889
1165
1195
1950
26831
27467
1308
22921
9620
6314
24630
29662
21483
5344
22559
16314
27088
10764
19026
12607
9514
3970
32159
28041
27125
24419
4467
3300
19360
2674
29274
19772
17844
15906
30658
18645
26551
28916
3842
1340
30800
2303
6043
28285
21420
20688
21693
4758
2335
11893
6157
12588
31759
20693
2469
29565
3086
18243
12636
24726
2118
14162
9544
25029
29210
9450
386
27474
21258
155
3369
7530
10711
28722
12458
29020
13032
1418
8510
18184
4077
22437
26036
26259
4802
12795
6256
19040
12182
19986
2740
17724
23116
19279
11550
22745
21281
22796
24946
20606
9872
18155
6554
29692
25715
28521
26603
26340
21098
12470
25770
2039
7552
26564
3279
25822
20236
8605
32264
5660
2262
30459
13313
5952
19579
17938
10979
28511
21011
16049
2843
15809
12816
29833
16988
32475
26217
27596
11751
7549
26361
21499
14858
9293
25890
25849
6886
9076
27317
4707
630
7831
24598
2340
30669
5897
15771
11075
13215
1599
27702
32256
9731
23684
6484
15904
2423
22509
516
3717
10021
18320
31068
29953
12389
3825
11800
6508
20866
32189
29573
31476
25025
20411
4510
4021
21663
26879
24692
650
20571
8801
13011
802
3508
14893
21538
23638
25844
15644
7563
17593
11309
31619
26204
7537
19139
24267
21421
4934
9770
13089
19268
22009
19441
14702
3509
22999
32000
5514
15309
22413
32286
27821
19249
32318
20918
18470
11843
3027
16090
4175
13125
16275
18824
13248
24257
23283
44
20163
17704
9391
16999
26376
10169
8729
25871
3994
22692
31409
22391
2322
10864
14839
11760
12811
28314
25469
13711
23509
18303
3392
30001
22382
20859
29752
16317
20141
26451
16174
15273
15809
1488
25550
960
8410
4781
25085
17698
10790
2740
18797
32396
5119
23331
15726
17625
25443
27220
27399
12489
11940
5021
9541
23042
15456
6774
7123
852
3764
22745
24523
23617
11949
11503
10956
31677
19455
27112
7245
30770
1274
20522
24880
16583
27321
20655
31130
7138
5533
8104
4355
28395
24058
23143
7305
13140
3343
17531
13194
15574
6716
24605
22129
13565
18543
26059
6096
28646
14304
24370
23472
32328
16382
26961
8485
8369
9640
25052
2597
18
417
990
5529
20350
27454
14243
16309
15151
15202
6613
31877
18634
31660
32229
16585
3299
21999
28588
3331
22980
6115
30803
11982
19306
7962
10864
11377
21713
16693
14705
3764
12914
1111
8254
31987
26121
15322
6938
24432
8091
23873
30922
31725
14264
8558
1786
16507
7934
17942
7644
12429
26334
881
3858
10320
18339
2614
31694
27199
18351
7622
22072
10994
26632
7847
4624
3894
31252
6453
18580
20579
673
11412
21412
31466
20008
24041
9252
31534
6739
11210
22434
27797
30908
30195
20792
24286
20216
3386
22964
1461
6100
32709
2807
1668
18910
30074
2715
22669
1832
12471
22489
27446
31304
1859
12457
1699
1187
26501
21034
6794
8684
15860
6213
28483
9447
20175
16525
27935
12659
22542
21610
28155
6087
3992
32375
19733
29948
20918
20264
10526
15564
