100000
36492709
740548344
321018090
463336970
821944264
936916915
548327351
631498703
926836554
98182699
406468031
357829384
969133300
127248967
87534473
77408067
893037084
760977695
28317460
72161424
737373635
241350085
343638080
557007946
286668579
366495424
817463938
631344348
860556500
725719027
72775411
897049209
318783723
393793502
212902532
993244340
183226769
613746235
624743043
110063323
711928934
31211074
320409059
533578586
10976394
407943532
610986653
904013478
168921228
639304113
976174902
906294863
880654198
172329334
315819162
19839130
538824759
133283100
651183478
251897611
711518479
723958889
1463173
882818555
970268743
214365705
876062895
153495513
828111940
353322290
116075188
392557226
237049717
436484248
926135812
100542463
844427780
389638817
4555941
13349008
28942930
833247196
772160224
762113481
5576530
87979386
781952611
396917641
73778838
285652441
648815253
637813669
9611330
650278426
373148576
832396426
864644131
101727823
985891939
545272423
455050114
101967127
937829649
544616183
390967727
716481813
645158646
235395508
106120630
502230939
101260868
987579912
187994487
725937444
602209745
46087370
666433182
236678708
443005011
592728372
522331149
91820264
83058394
384458832
742098690
456206970
216855258
459259173
557934794
55263549
857047948
12984908
9747028
647393949
410117443
400714756
363875762
55276089
488626616
322512744
557507028
589887484
310092657
745501516
168341281
912302402
791588886
834774463
1497463
87110249
427502836
523828612
178930514
510561230
908287444
773545556
966768200
125142702
85321082
377219346
32922603
942369030
242720606
42669632
589762980
652838049
295900740
806155094
708114138
784527356
128667839
118137519
226931192
291276848
716155387
395272473
56095602
360260625
82563289
57593065
447370874
510066125
581421678
626301388
873143707
489709122
252363297
692428259
467368177
337684379
69647606
352807132
280053409
312368212
247993116
722332741
965206262
543893856
528487836
525836752
180937564
509672027
496490623
260385109
800948875
212646010
655657582
857044477
572906635
738220871
914637543
20277510
100803348
496059221
499095250
973947055
838284695
751458547
518891667
158169224
89142926
588539273
510976357
221712688
753423837
758969473
944045429
571146451
155379682
325049617
96983204
336317246
834721644
445990179
596702355
488186871
658636190
104876290
345231349
84059177
695613513
112385244
956853039
796416862
608444465
308464642
622880269
299245512
59923189
141771936
457414737
1582468
582827561
968391094
75811508
188767751
727360567
872373289
759914202
882740249
49939259
709413758
71573848
884660903
155403938
520792555
225364127
666556480
625668845
570595476
750615657
173798711
682980720
559985049
970215573
143941537
868449691
445612194
443187049
780889232
439900483
900601786
634988052
875244396
721509232
710799560
64012147
301386152
435689202
823926350
36642753
485628461
385856460
108216601
222805716
541260398
629009157
448169843
60333230
107194354
18765319
810948888
280993065
554262391
223450289
103724990
550720280
91899980
401853537
993907330
872789212
841754020
747025468
360293617
569514768
321051053
71093177
633526916
622437205
359298731
309969618
659079958
844927192
695826078
767296560
67732909
89602829
248822069
515902752
149936059
208532775
387184424
813401299
489525841
793963167
36851588
445767183
344683448
128751568
847620720
191107130
854057133
541891092
790648950
66867102
111405861
111700003
137960279
597449129
734137208
349775363
907418747
245733519
194702555
455761177
13030079
114951816
397880358
114368500
630854569
547816418
322901275
870555345
213734069
664943468
664518512
250585658
110710652
861718312
231853578
958331372
52825442
938427063
352738817
695990745
5294165
464144678
807690748
995770797
61593807
394344309
345546160
821528906
640077828
392765067
129806435
505624259
507716884
527686794
472509111
138571453
928019564
795410386
861643150
141753633
312870207
378678014
244855643
423580859
240396327
476709222
234428583
145738121
267652637
587167400
841728866
272946803
903828430
501935967
121233952
817938589
748796628
466780112
491983847
241390808
859545179
621790283
747015067
219778415
1993429
72040530
210866220
930012993
867450916
72509370
924282978
32837475
451187385
169138622
456418334
544100064
498364196
543363270
689838185
766016833
130530670
384083404
38963636
886875453
738535723
12713940
704814042
487332351
479494052
49314242
728723159
191555584
671104525
328254578
411333999
525614306
400295108
622200220
308143651
120262376
547225942
232426629
153099852
998413327
254081603
462034538
395029743
752445799
5397808
84867929
518462633
988444831
321467685
409942621
875320284
60003408
422656562
432650678
399852111
754666966
481964920
981091622
946222550
5585797
161862552
210072902
531200103
562157660
684789474
839343754
534936388
232015416
924286736
688036240
82945096
178368339
2587131
477974839
930814139
7984939
415359120
301793124
996429770
589343157
564252097
724266406
501862917
986908659
9433437
901715028
594091978
343914709
735323002
392830880
349500507
897185554
602903782
733216962
311859566
140209608
425077069
846795955
372225025
349363805
387348547
307686473
380248496
389935678
785661312
163578987
397920618
53536785
465372111
246866740
642879942
29624209
823649499
144742860
869049220
833082936
898974240
315657550
29513997
486813595
708488431
379014504
383999149
163908565
112231467
695858716
304118174
389824888
395171023
676343199
739188693
782519570
984029672
119437189
172455249
622207336
135532529
422892219
528260473
600904640
669758959
23656768
483045201
345924810
20915980
204610774
31524098
919890220
520268324
61038096
259220167
81273107
440052600
643219317
245181673
404800419
191594385
549299847
794625307
586765408
78159398
386330352
221801330
62189070
358283894
394256579
536912758
493816423
817148798
65173232
947237415
339424110
88830000
282798969
685348920
109745980
487409743
716873019
882152552
860194419
777911115
141372720
941467527
70480067
637108389
186649200
327796839
681219126
735949047
122422146
120500886
814108445
361268851
342302216
728813867
572069097
736558796
118242977
65885520
406223946
35932561
865639287
598164408
977278913
148438256
136029681
939541245
488364351
852902700
674210150
348558771
483330167
668099222
142542650
406326586
157723963
329191850
734123425
838943089
917657249
709061924
959443975
584282046
70330775
301746191
165612265
494916224
890821339
283855242
413318096
149561638
172304156
278957383
747726046
149583069
279911992
883755727
89124315
768276343
589174779
615850817
116835114
72504946
283950039
111894116
331347885
441674002
441085966
65471310
133133443
211259567
774533234
92577418
795541613
697380361
246839961
961153878
44812937
137661301
97525473
458131033
287222939
269829629
737088417
34948985
419412698
17000409
771221065
361053365
637793104
360395844
976904182
607144571
285417143
113370573
719038687
616765028
407560927
12641006
534752690
540694370
223900573
161802277
633271788
19442187
859182638
880111750
980596065
903995576
870289403
78121538
214642961
10028694
200467519
951731378
44977679
619880218
821248139
668715096
833449935
311557596
29110941
662870470
918702167
167044436
776241043
637740854
636325816
36318323
650381860
171078506
577012693
874282434
332880783
62800834
746240973
44579774
942912584
579353390
801091702
665718339
509991281
15734663
675747033
710458800
819982394
573241064
182855370
493746885
241956161
16305306
805304481
123583454
679175776
724006648
143144242
307933171
214263855
779470058
344251494
717162067
950548564
921264188
443960853
135945700
984065022
190201826
33041826
779493958
769555217
834133528
297728649
132062850
849868191
973475682
842521650
522366937
546716746
25377021
16113823
641189259
41682327
821418304
764772713
573374455
397941305
907916955
733823978
464721512
539903365
78075473
181883579
342968282
851856013
625844433
478913982
688437387
668562611
511955808
320447697
290634180
198605688
618176346
422697030
48473879
444168380
265218681
423357169
990885126
143112054
439470992
484590738
37310733
113405648
101879803
610685188
363863305
9796759
197025518
828584817
402216476
127617343
10468397
745184758
979473356
488829182
76615092
520427095
9908145
588570900
693391144
300542326
787176588
164083842
723239356
688166820
608252222
988458037
111523989
451653701
131570091
403511333
936244439
21397176
369433333
38124242
632082364
733296639
900437353
829107883
561881456
302653830
956725226
424866205
47838588
788714935
766211739
124453681
161658382
776119885
565540933
855049527
76662211
205233874
19133369
799901567
745917046
479901944
640875957
709957387
931555645
624962400
113468720
867800084
646359577
335418405
758440678
130958293
68715044
658878032
812582528
483112853
814048214
621824107
907979058
714403154
263055394
526707150
691373187
424713776
302827035
109430473
132279655
232005598
314664347
3929377
31907165
60581393
483831321
525299474
623055132
267903318
2778227
589040204
135703402
501654156
924458609
746660432
632612449
993173654
258054816
297711330
328802859
72103030
919535437
89298269
786506185
182590831
616005419
330395724
459820959
918832454
439826197
592100615
3354404
754490544
448546344
35261570
667588289
932377665
413077396
143159773
52797335
268371975
732199977
41017089
770026131
656658587
787677521
255154933
502348593
45732338
552866263
831151452
117835368
472401700
920449721
756857905
507508883
388971493
87253630
967329842
160320299
379596179
411946809
163674704
134086724
860493153
51452626
654191365
645387170
464530022
797351139
698184505
732901998
382067468
739201594
355444481
38726055
526879116
610599414
393591000
425127806
163465677
77258804
395479526
488383729
850224878
4853784
995892612
239196371
92107414
963222455
399516670
324219945
227685616
563191374
310823021
88178770
614644000
965014387
733565940
931690375
614881878
284266798
517108725
996949346
23468392
872553206
888191754
402863860
483152621
134299106
827991666
499134650
64074263
223471193
987518380
914299141
228324977
983410992
6011864
172948743
799149799
405528534
497168688
26835416
821236261
807991710
967530538
288396613
625522449
553612830
220086988
92920679
837879628
737195713
942386377
861348021
462265272
683094483
116728233
945417893
817393590
944719900
297068895
881467853
20707445
284587275
648283346
249032422
120514620
654295210
274497517
772180771
59823744
771666205
651532539
733576357
432174267
619063077
21972971
910213068
25192260
94576311
3133747
863071888
831772025
798036477
576936261
146553649
481130960
693664495
91971542
151040902
638384395
241556789
885025107
659091840
526144065
533308453
760640614
499175037
40120015
35138131
271355808
99943760
659320688
922888348
686036469
91494956
394467777
708009440
854224376
419660037
802585752
709874476
135248278
486874129
507910953
712184539
633427778
841558265
405849034
577915672
992599168
896749781
819472461
730140627
408357973
198132878
115965433
168998587
697307915
156085448
56653070
821180076
108545560
715973759
596584776
794582030
659985067
991052553
355107822
514209443
263228943
10209926
76600271
398477221
497084055
584511224
110661760
983028185
278585842
369027147
413460209
123701362
118293280
85449023
853841989
526651254
283581901
969807422
695649841
833406169
125892871
752302912
654586245
234438431
320793023
103687373
29020461
980778090
94739926
236644636
347503885
210485221
246854562
424104157
461478794
743938618
8615381
424656907
579483155
139717575
793684054
992943365
263418937
911977334
78392388
117260927
291144940
214490641
87068349
986794782
47896810
65477572
591614046
554999407
152432356
912407069
658686780
33969169
745701511
605943059
270613805
93205396
816428280
517468368
517309553
130423427
113923338
378441287
555080334
693406493
518158862
201280740
686349858
781577800
113258074
617258598
751355079
256919367
831749240
690939780
96230501
879646050
756417353
687844547
287161810
908849709
452767968
945848590
942818878
50985831
551791649
65949036
144191227
220736282
583417404
514017133
351159709
697340742
892458420
906240043
390747235
263133634
107520783
929613446
897227786
73295209
546872044
648582865
182730928
231137636
192038998
278961429
110783687
948456351
966805976
250461849
709822412
272090296
196310439
505157642
323076127
600618441
571106678
319783707
821354723
7040434
833800840
25030784
704381176
578775612
783787179
95128412
841909246
743824314
877258210
591653385
669635875
276646606
92752602
852366804
507784243
284791600
131328233
471084282
85764303
950650562
721546131
795586715
75257210
917856570
153260710
398333338
370991363
576883740
718117045
44862438
583924175
404434237
69893222
288305351
983209849
853680401
235950115
677635447
450021067
113208325
269288832
119656943
242371284
362041435
972023747
750155527
646833035
955868332
221239809
732597339
906518894
942785940
380700406
981776105
713158862
386477468
232625795
84150226
963361209
803259192
129012664
547285384
207693429
51422239
688107087
43419630
757618992
924057203
721055077
207640060
889781880
990343910
179813355
132153164
204901697
4353454
734825043
704251084
960221786
956064852
289364775
719257033
751367144
670065182
553549490
317042359
56542650
786175285
253708937
872420211
441950829
235237953
272221947
649644258
139176544
960329035
693063888
896795537
736902590
266635317
104435597
479200822
109495579
136765304
463870339
314397276
141118758
198695382
18648361
101340544
7276587
160529488
820597577
611160083
830594670
226663419
928202442
739653673
12838704
34427731
464590236
307305885
122182037
736812184
956950143
261358581
697141219
502530383
158154118
286560161
769165701
115106067
765760983
878661280
251871371
229631322
45574909
392990129
280843057
916739622
346847026
288119644
77269110
19960955
899279727
760380133
246624375
679998522
352550158
111979431
566942605
817140394
419285317
689124642
553952578
228751812
950483224
103610149
731282196
108637342
390170310
352964249
76259762
8447646
84141881
180647485
238078968
129716790
573637615
518922025
898972764
920484641
659558021
976241875
940445596
411354101
589138360
39586323
91352623
941688518
151565755
510811580
758828912
570851072
199936223
165297843
799602884
2935799
121424344
383401432
111573141
511594655
736365681
40349255
520042301
673023915
220996741
610637621
655257057
647150708
129559647
554229822
420151701
641634020
382988049
213113649
52988121
972126409
252699973
996857096
766331279
404265728
507668677
377676543
975116800
560121252
542974386
774719684
563057051
664398731
10637469
527146544
28509738
747003150
567495800
401068391
272543417
641008893
11706012
927800475
288159601
993782011
334546649
708311302
635416032
717534698
921424951
540920505
542177459
26641276
537777602
161025090
430907004
897962631
538701633
406023804
458083883
81676020
33259841
21140934
598591103
43897310
400803830
479617193
643416812
968299630
880685584
915960230
461824875
892391596
843760705
749984476
738689960
30823706
310812130
226622344
748358404
84753434
767542849
143052215
111394710
157836803
304077305
542301715
55799434
842778938
800841871
366399669
776971310
834101712
240056955
228078765
730515374
640860786
707695958
373932187
461676768
440897894
142408769
923501644
185805843
986169474
526002472
924495803
16993180
836814603
151118147
617867936
774084389
918660996
613436503
885479099
76497800
917513808
280297166
984813586
612809098
81139038
351213256
242296761
767757102
591270211
322891878
350788829
84647349
30587837
724721016
546324118
324002083
867129785
469825762
509807926
705815611
995828234
434303729
575325143
685159189
437938228
45709431
311759930
209115577
659145934
49755382
138129729
429176094
330052548
122943315
894501544
263707938
326672923
136798305
883981393
917943135
312206536
234770222
2590484
195310725
812007590
401430954
519312808
531653727
871256716
29120735
89985690
719601303
315940816
665310833
257276844
753879045
563536616
569036775
962994622
75198902
618792157
101124351
504374996
801361057
76584018
251392892
65068996
403256942
240707550
801566741
173716429
552914086
36336963
28823265
748224811
700860905
430254220
267537619
232514632
154027288
149174706
322500322
873628591
465115523
840327507
983421788
218994568
403864123
404974915
34505542
479063025
23767072
135629893
835954373
677644481
212213911
87347265
595229829
615470853
328054815
396796570
789187282
880968901
285649885
818010548
481710064
986510790
100781120
749247684
71541774
254808408
898422390
246558448
128437000
216054265
86885955
964375140
435048833
343266430
369350055
469554375
822329455
245633479
457700620
510800180
923277960
669914532
598147446
371024142
137901737
778718613
767820712
779605372
512203867
905986950
450132272
993913931
745014092
550913392
595677967
816555867
805721800
346616710
63114315
786675152
562670975
2516623
751050292
997719809
345783053
972916699
319790536
20628861
71066530
777491157
531429041
994344491
299922041
982092839
217884985
290340130
760811453
985705697
69945502
125531672
744208999
520077774
119445603
489223092
70991166
715123571
158295311
729229319
61740281
73925978
515904471
476927608
76442601
119471116
327163769
274742007
92387815
646954306
147887220
15970698
276961815
679316261
10315189
429400208
513925453
80716526
719740338
127253258
66422223
789685841
252784930
663147575
162279967
372230533
4887019
85787486
939870456
163182330
815016805
854127089
89624660
183437628
331054698
18583614
155425096
658218467
293325621
100329264
157689125
441212841
116299962
287167292
973045454
126615151
716567500
486970907
59848029
436307839
614224165
126270252
78510032
867009095
641934179
93306351
91755981
646821198
179093837
31626437
810003528
846626994
738269879
899628189
30064623
69324577
918211803
38006071
580059396
64053776
138335335
590264874
357782969
254635297
877432166
330828423
233766800
593999667
670315683
293614829
882823858
137056200
272401434
961333890
4065296
914335613
54640241
948337629
561156812
86250431
832480418
223676692
932877425
570750297
975821233
815458400
492591226
746549388
853464472
925166975
810603164
991799807
515431849
20902485
98951457
245380367
351730909
332718257
839380034
22046592
626333087
574720244
11619144
898734521
388570486
15684440
813070134
295727080
816538421
226743298
381977511
649018840
302936343
167371288
72285489
278757576
835346041
417393068
25306965
541326865
342560043
688426481
385643024
710508244
709328967
484594481
955888611
913576228
817312739
647784998
788139172
443645826
222505242
799758316
194896699
611075729
667959109
7966833
906802809
484497530
87226484
141296672
986032722
390162827
161184312
58318212
521436755
996530353
328227632
399260072
537857218
670787675
87686554
923500243
233812271
649531873
260611076
189700882
415624453
77923815
837485880
203763625
374085993
912507475
3521941
568982692
376099556
523997402
429465878
135418717
8494933
516692362
276715389
847044007
759371541
437899701
757878571
280808296
286946407
86106203
680068369
824803625
609410230
620271275
600820220
843222501
122319500
861431297
32923384
537943953
791871464
722925616
594223930
165957458
487949443
450262223
734940150
864048999
974259626
16922380
999467716
835270911
533614742
128699457
682314918
145502635
566599159
292709842
426310932
853545566
378816045
958895653
530865543
988226276
431683280
984202116
683965129
554002780
698149765
569404865
944463085
490021229
144846834
538687015
508495039
632796277
988949238
95951542
496845277
815725216
112873922
348829345
650996127
646488665
477528803
185827398
791991300
44127962
478537240
70818584
750189880
709869637
29714237
133571775
550612265
313913869
117773891
234577395
867916649
668440008
803982260
664896086
10977590
948829094
56099453
519472629
434141724
45048692
615424171
930987001
713290260
728298094
132332698
216802740
227303111
609861501
402630138
19294411
506505815
733683730
942629348
109212047
443553367
824859937
242783823
994165633
138773807
213074066
81259380
859206808
881514075
737757992
524102895
892491665
539103439
580202348
264480646
973245163
477767392
879904818
756748516
43574005
608202912
889081214
260376745
835506023
498942716
663006883
707316786
5448531
249206965
502462486
114660579
692760332
327322424
209960754
539442317
318612583
275551172
473218049
177819391
9581599
210976042
554438638
902073264
750079481
134640987
19070263
575840996
464924731
898975081
332589512
508498736
359694345
74187078
768875481
47716720
573129794
284398716
755033506
431094678
533605681
110012345
398271609
78882366
437334769
460748715
470841035
755947352
736299887
944059085
786283095
745881487
7551479
340721734
500471103
757630960
327879073
519541366
185988308
645320156
418516447
518577820
6335245
778210792
592764898
775210726
825927512
18411045
912125795
433477371
302022075
298247828
543489716
700293684
377130194
833340837
13558751
847971230
441804541
749858638
644546667
228087636
495740125
652098146
421325722
996211229
262245458
749204795
368268947
448233766
247041304
786785395
966811586
253376549
417512539
412092836
28587275
95956404
283020233
793229422
381950127
585042308
91477251
925439843
137852344
321123797
611297032
151411095
21611379
53101573
901269734
666158046
133705561
249526211
318256192
555031284
98253792
580501650
156752431
466522740
28735416
403793735
105824487
848063354
657170284
523337026
112672543
538273912
471809782
395692776
331503334
853759909
980735085
275496937
631716104
118587429
596620735
243013136
122514877
618232114
148631061
23784611
284390161
282336623
273310822
455162705
837367907
371564615
35664356
994120338
838087355
916916124
397914074
943911842
617495831
55084358
319765220
582684726
445874622
791575003
978377502
777377957
497851264
811628939
52874894
129567369
782732721
502011981
225096857
905247598
120244096
373727919
781548561
257150609
656064542
54859383
712313314
493432449
278940350
600494022
340069139
969544057
369926499
737983213
765972251
987422330
645583924
85737472
422623408
91458546
729828827
253517262
721352855
80196443
65146202
626744102
209763812
700395275
128756083
434860670
458159225
101516531
808588589
92224138
358667140
317169483
147083521
70980455
810601932
278540224
523990829
3187423
100600633
893917328
741170637
866572885
733856010
239270913
804826709
156479418
183245811
387171888
409996681
757115019
467368331
327659235
236375473
677132144
880570862
217647908
964509166
191246439
319164440
625614107
283470577
530347932
942783590
283070450
453844739
605901874
561610674
977835569
609089297
662211308
871752897
202776286
381300545
458125260
442047199
186127254
614604678
477809363
573299142
877117711
234924382
40667473
57293298
471299855
570315969
937864160
688947763
387341487
129110599
860628555
12955594
412581176
390976488
955739184
695651627
844821227
414157410
109778653
675173148
23246708
624506313
399442398
226022994
5806858
857567658
520586546
44450464
324688688
998395909
617749606
201806400
85836643
510933432
259099698
557136498
933765753
49480211
98600613
321107241
178590810
959229169
186579187
443688339
202722009
142318372
139339966
900059588
408992134
101634971
575232737
432238842
726141285
974675135
510778189
584464495
684759145
31364735
628914960
9447833
29760644
99180918
63770585
115597287
610114350
322870284
525250137
396396456
372350495
476367102
717503697
403457657
288112623
904082884
847145996
490834632
898917608
839002314
243410573
160426095
940637286
818643310
592664937
519294923
645834797
103443126
103759418
183110294
987324213
585190730
192558127
869601209
684371649
256328713
837714848
147002351
431715349
215481337
543398807
804065844
691848440
113418856
60039853
979961063
17501741
907185850
323312048
768935701
746188164
566722621
929361796
539341802
237882283
374543086
911153077
883717080
330502564
867428848
66827374
170343130
452619578
111901853
39944339
136991227
220746918
877659188
136509931
652462267
93140525
679908738
309044463
637505317
793327595
369084317
617466381
663345688
276270167
940778429
284797741
874974683
360017402
66675890
266832838
597899685
441218976
177985915
334133117
624237892
45414763
253476843
794581022
350550694
365378696
834525362
340058273
586125615
564700902
476568204
91104234
510357779
8993295
400148698
379449
802320890
769233015
617845830
465666578
45503182
411140611
750464319
772994217
771158013
817140209
39827055
221574050
110875537
70329323
555707167
735113430
115744086
809184010
382210804
318811132
27079058
69252518
511385758
613204673
633953420
987953962
704308908
996827552
996947257
104457606
997207001
651784499
726206973
467569183
117451077
624226507
878709794
720431749
397220724
502384159
390088310
289564132
723958209
353480200
359893455
132181728
88593630
328153893
941365738
323320786
646965026
968444796
392573305
10867136
434165822
26526725
998821098
138474730
875870629
848284708
95448688
873077630
352585559
674172013
193163165
322552989
298398520
71872959
42984738
548135596
426773470
285589400
837699728
3248031
639069600
197593183
135429759
580179582
525747077
76795497
903500369
25228455
897756646
148590026
36095591
331922468
27633103
887433041
322913550
903503733
588234101
270878590
629097715
940819661
945050603
822260881
263372650
95965475
746650192
158873740
644101071
25940015
296979492
334317152
29188046
936049093
531910335
17134158
368745027
910173764
93929655
124761748
935402219
844202653
273351774
824014162
28641473
300984878
711447204
351555023
57004963
152197657
474949965
686102678
93017318
272516920
508363559
208906320
368482395
107530104
367780060
865099819
133470119
664759553
199416971
162658165
453324998
583843658
179792323
674586377
494017423
126238331
799348126
281935994
970440984
925216252
105950157
999082458
78717482
669913713
203153833
135722445
822111370
678103799
821825124
767645041
950620719
182705035
976551361
171619467
290235139
196847774
36719286
423705258
861607327
88652609
586363424
167448677
672496267
618672099
842035054
19030042
744910430
493899532
153482389
567867767
271632137
111948898
419466577
350349619
781862611
475136762
486072065
456490333
5756913
307897189
76651726
956377633
490602224
53203088
980513452
780837364
250050862
869749090
57058974
964174541
958401699
643422398
131623218
483414318
114610850
826174624
354960713
859521280
172590509
508443102
279905399
444222646
620392000
551888328
794572265
254770963
27025091
133160682
711261296
32782004
441057871
787913023
841675989
784176448
693632463
822189441
417530164
943683325
544454883
474589138
760374218
355372934
118011537
744513788
838787253
85138739
423204764
46264318
944660019
595795273
554707420
77081771
892534271
175099420
628970099
539622889
429870383
508511542
672783571
993648031
541293547
113841443
634077406
235485888
750534243
327709869
57675330
168064407
123909546
454646565
642653545
884283764
810019500
613181434
481313904
501323105
698320173
904518669
547587423
495496545
352830294
102294843
425094668
245364566
129910615
54064767
784987455
559780998
415092662
310287378
405945381
956386209
276645173
40022788
44388449
27179416
220249009
102063779
47760175
344158556
409226697
690413721
80958672
219246197
156111507
562272577
720569302
706948033
319307598
120673077
54960930
672137892
222967920
480055598
917502458
352878535
386636717
555006265
765175885
801729379
865293644
171121266
610631940
141938817
63660406
655020390
21634586
283909416
609600521
69394761
628067972
18827218
612324834
561542996
90589767
768436342
123815573
811159069
327900727
295639523
931832146
382861657
967777416
7316418
862917255
737796226
212711305
249553972
145318844
977887190
51283352
10612488
1524809
514431644
5067657
65185215
169452034
879218595
349094631
779052556
948613357
977162603
650396126
413454543
391221952
740985894
34407237
367553877
404661315
362307964
663193401
189009814
745169621
630970817
196326232
608086876
221283395
409037538
710157201
366602239
239441080
613956905
229731079
240965889
128388549
87315089
306151105
150356936
966533684
655245736
929409492
767663393
484924692
432321970
181117937
876146644
173307864
215525174
243700521
577969180
577833139
906893922
766978994
175519112
390381091
815821578
783605989
611664487
77375468
346279542
978266726
316816549
960236447
60514158
557782438
88624996
147829247
863933543
91498284
114362931
519179280
20907776
882026325
4103972
305746099
915660614
732766968
479053963
131185788
976467489
909539495
561535279
735877764
529034841
737054392
978775207
344856420
373176733
442956046
422231888
719456275
273739125
739048437
532209074
334253283
149347228
473350422
482082530
13280771
564848707
596445461
384976403
438272835
330988138
241596727
744018934
99165104
974363695
75589250
82867245
803347537
985128745
644402524
391741653
514163587
233973268
370516860
711536359
459666353
813472907
133768247
31638980
87212032
725333037
563848054
273981667
874680265
37198477
756064197
740477388
602047184
205026010
125453792
40320019
536014149
367050519
636855306
635179253
193930567
712444556
718046498
997278104
697573301
214965375
389019757
64253240
301454995
612052969
775789599
761121349
278042228
762074199
792760329
217770612
339923588
356608384
491752279
67120205
246323213
247816476
807597593
848370397
452842487
785567737
741206768
841372988
5134609
230578426
329068593
199065176
943022982
47115092
196343280
493112636
114596819
437879389
557365876
416051814
49932358
185671828
29689515
327974587
800262379
822449845
545745199
140185967
31574581
37497479
59822524
277897794
137830307
719936469
126268191
443189146
505504207
719991311
284562134
510638816
950569738
613630728
709703992
746109072
513262172
758563624
239221708
480375343
196443013
649103937
896427157
98891723
834775765
926116673
426866310
487554496
601082870
825127862
480256815
632657451
715141693
540079339
910555245
852972000
112532160
889339788
148677499
618036367
461847451
433239633
981191535
264933541
899386713
543411879
11042614
265165237
301975503
102780674
745540580
350934868
751884611
494484090
449826592
439176728
273117115
876692902
926731224
874199985
554337116
406988039
506857436
269478809
799583730
269929033
974967162
912115891
159268821
123644661
382668610
621116272
409400646
363860146
886049814
308787360
907272025
749608780
573952597
61763881
852389454
172009530
412698749
604274066
666493620
862525341
43450794
939610735
591734596
822698371
813810720
146071712
82202762
173184508
268066874
881786493
443113541
95550388
793902384
454898714
219195049
29087346
76014986
628595695
392947492
814581152
789899407
152735870
416706284
216368357
67016103
269095739
388377887
479714852
725886157
54871507
194756546
621853303
994482242
639007494
444551674
660809314
637595558
526754437
686510174
905662432
261057282
129623715
1212820
54959666
437038781
72924221
84047012
365570119
554036269
329510857
32667624
343935676
334763079
449373908
560304033
401779182
718469647
948681920
881494034
296872156
856069779
928766932
918725460
703068373
567774426
215793486
216394039
57886337
742547923
902904213
963548769
3605205
885044280
817277942
911081223
322083061
742718515
847644588
687653181
296754784
29671797
720320805
493206813
364434876
22211065
53510846
766214058
740680713
854709119
500224444
37552869
563295250
281507729
808794681
266363624
849282155
24588168
482757663
907168492
619652443
238178229
723233614
475774001
123222509
393027908
239371576
297821923
135746423
87016164
985475104
285017560
969204313
558312261
778224373
186155541
580523326
684251571
952369599
173720391
391477042
305110396
63789613
954772293
586618125
872584294
73652269
288416632
749688814
408926284
48101477
369341258
647104513
623851443
845115259
770327023
16879351
84486835
68148946
5142126
24019352
906140402
142676038
845740017
316969015
773416763
31895559
750008693
310184687
836781510
923729085
701661729
141891906
840035050
508950374
581026383
565135696
435118995
721959368
314824511
844045280
770060845
536682121
491149793
246428640
234313732
113993168
115824343
171316919
34658466
120966469
47852623
793315220
116158860
893592641
110284235
889575623
925488200
712809281
52276662
614786062
489054718
753938392
609194321
329089768
115405118
42737056
894225464
550524114
764696424
61566327
247085746
387273621
598248448
738235539
633702261
832562180
704745060
749526604
3879100
739403526
723009426
51731723
385235099
839168286
797840716
348035686
581260261
575845268
60844967
633536924
190631331
549899685
239991668
799825652
731505805
207913138
842562708
478247622
758437252
459775485
539813949
5522998
847049106
990578750
596274890
480751368
675657282
153536302
82794324
532052734
892939828
805803750
436300810
130691279
497488388
234141526
478726966
78748650
809986795
539571933
564801926
853134478
941987971
657309946
505476482
673493776
865223084
200555542
4257750
476176689
660331027
544071700
334216039
507380134
387166802
930490929
840647854
62824084
84027231
923442178
594876819
829483412
729245929
31177629
960174691
79250669
117835507
291418009
10515671
780338654
830989943
575317597
633473132
625494266
85143895
138949614
151504394
950366980
192021509
155762145
426543669
852352536
699833845
760759708
212249022
87000647
543766990
52896876
2341083
480310573
976339055
449734254
162310337
558101336
333428235
975001381
637352005
451263743
266419390
647867677
84118749
949925685
75701626
717591882
575419951
160845522
709057848
726924346
111212502
901079357
882686491
390272523
605948246
435036688
3548583
818197268
374553687
399831925
871094145
229411122
880142499
699949552
679145377
894969188
110567240
12573612
869970569
600435597
316353707
988906312
100819626
400472457
938831997
176521253
118064339
366768301
189883127
679638539
946208999
153611981
433234249
681411842
543884504
39182495
116448530
399949439
709896115
343518569
799781365
433506612
572929691
532440216
133456164
104591420
427409404
96539756
117165033
149896326
696975354
433518740
138802638
797794980
833991197
930150987
826832585
804571888
149435640
16715712
336726780
95644639
170327693
622477381
629572833
566728549
514176228
598537715
966677989
224072343
942056284
766459354
657578956
367502328
151415922
643551472
472093748
578825326
592607581
441775133
581238004
142099287
875293874
572556994
939894267
561801423
355224334
619243205
218889664
504659974
635958917
408132796
452820966
658802963
30610177
82393799
225531512
544786405
533447867
44725853
621375100
328020503
811185207
131470408
695522831
962601129
775021881
20132932
393942808
220145814
461908065
975180812
362245101
189718291
400254159
154655720
604036067
755478493
773898925
822925731
112654819
262374195
83574879
565475785
921177158
114185056
500385937
146708670
511487813
33833804
43950876
132862913
214370659
855136083
264333322
909893491
670253565
891871555
782542775
916712725
112017369
96967192
744409889
474262470
286685484
144664048
628918190
890721551
900142541
255333468
566163634
12797361
517707663
649738513
430789498
438884821
616439921
783691787
438109843
127927734
670041943
482060719
113306999
884412603
189713155
377640321
646822446
712483072
122028228
429365221
629195797
234045597
526332413
226122038
560824419
665534249
370786087
42258962
408772152
123444980
297592430
974935786
988758693
815300093
477190651
272064544
106701266
93630572
55756331
544811109
74074658
725798275
879388181
187381658
462727230
69101336
417538331
109549676
634100760
539566560
391431249
115812909
773612157
917763662
341934947
186952929
435814264
712721034
229211891
844586416
688682367
526804321
672038555
677441060
342104414
1745558
949505604
448805680
95376131
857778288
846133141
21967141
436092915
725521322
61865151
898820145
647139010
479403483
8369821
133756122
18970043
252317422
249569031
645098552
22597436
591503979
832051481
458411700
156741365
61263372
302998117
845423732
588067693
975036672
375381145
782688459
976782230
177403101
84010491
924674713
35181389
930143633
799158207
471274304
508181307
861023358
222610801
7836670
340426841
83496974
141592792
211913236
335814396
391161824
857011789
358411833
982665803
689063270
816823533
139407168
602842995
119821650
984830901
43427040
947374674
212728398
826115500
776673257
390131499
910125991
553864322
425312889
840269624
205538881
749103545
200967284
66562240
971714347
208803954
259505433
55211321
350396746
471418670
391025718
741558570
328430459
749437551
724224373
870010081
418777436
716147894
472853076
391115439
553495147
516280117
191006465
766223545
194911969
967679722
156355044
105037960
374060397
434184285
797823937
579599278
183287831
998791221
498677870
7518530
207595175
758183304
62729851
557991921
229601974
306271921
152066844
410548785
55709472
876291217
280558866
327003261
444955463
605928295
718118700
998450610
122208412
909125165
764674155
169636733
729321240
773545552
274674693
103381637
207729837
72498630
535497267
243534020
923806203
34175138
251052550
131401378
644874794
313782402
541909652
874476768
620054323
693976496
137541905
528280148
422784065
418100771
855283409
867739529
24029066
425918461
718706491
998753830
335043626
335896999
20906915
64364866
109442551
295581609
20262855
169688740
220596591
408276475
413222761
144402795
294967965
664275311
128320525
939842759
978057713
522746529
666835879
450628389
69239377
804377784
831424889
344539795
74994907
539224650
64795676
951540326
965143111
783502167
802810508
152703089
119399166
823717424
69584308
81358069
119299033
89847163
251046810
192411976
350639990
664269571
189331123
498124307
328544882
170168001
290483418
159118948
545430882
957319297
462263689
614670260
614213433
293688578
959210055
541724693
832913228
24005731
493265019
650572691
660024250
148591879
803275780
779423417
972309303
872860088
860781486
944124688
815223604
111828296
136536665
18379946
628614219
178384140
516504254
957159102
201068493
806987672
968794402
746499376
616823322
431058091
213685988
83553107
577263021
25412395
625277800
262692601
49418126
118542819
913265292
561958728
119651051
716541072
193898497
91960354
441917513
54679984
36085043
257141117
19024632
25138060
275521063
500155204
56038552
792025317
309830658
257107046
451529342
278625060
3606422
68352664
562199503
69808762
151905771
139462524
95221157
777183572
402155125
144639283
748242743
167936769
559114363
867893794
884477841
753012861
812370501
178911706
660209197
700971896
436052823
531750181
578626308
564090239
31905385
634664860
208631908
341736043
744288258
660161250
472877455
600411032
728513914
35076958
670219794
732936038
27055834
765440951
362635962
429210959
762596586
110878705
597147728
321710950
831288852
334141922
74723811
496175705
513053628
587449360
197147601
801622804
119199541
775773909
365713043
3621279
262955121
574344951
345357322
7243380
87022554
818234778
460170764
815536468
705828088
130390559
400988858
732883923
895831510
763624820
14611234
510944449
727019878
611758963
832655399
410825082
798417237
759895562
907000787
163987217
199861274
104148388
965610021
319060815
732438649
183839416
322682094
847910122
758184368
520555769
707669854
845206922
191306899
167840619
513259742
897134987
150747530
914248601
630018910
46579040
530389773
644630145
410039841
257409651
108905460
95211592
668234733
907322697
855107154
427751872
71309914
54968428
384416612
889436288
226545596
116855261
73275704
401744042
817281736
683976424
922299811
524951590
381699698
113606710
545308561
894959441
10741698
696056091
661724394
493276960
595151484
44630519
990423457
5191325
302040171
99328917
100402918
822791256
859167966
808026424
250543129
782994233
715511205
634959741
524946873
942056801
604331355
598222577
196317195
274129443
134715354
118617007
799081033
516415052
84740069
196905947
263890845
95481767
892962038
925615239
441275080
488113522
970245759
284214889
345821200
124802282
236060159
446224118
947593538
95228125
106766894
50653019
730738710
822278099
538129113
108201935
616851252
142460468
706424513
813168448
269106263
841139867
931785455
68187296
210071271
16525524
117609595
473962117
964523644
10571634
252093708
258315076
351201508
74855819
542529965
697022708
199658101
778590124
143246826
999767992
726334602
102530073
50421011
309589664
924808172
441066476
417791600
541659425
436043296
976732465
207344225
705149559
670388684
139129680
625853208
880459955
8171556
743462803
354422072
825211552
754034437
606515781
936042980
105235946
681371600
331089298
654775006
733546054
109679422
650538185
733314046
688530376
753068258
636251409
850636393
677876430
77317886
120944345
72052207
365877534
97676810
279396432
71027094
768065494
271042464
696880302
501041801
131730373
292859457
855463874
809458277
46893895
314496007
745501258
4646193
848383959
76590556
511937551
581930013
38786330
162475736
167760411
579833059
915543994
656528173
282985804
445936777
586362411
403930149
370505336
952239945
501606959
649901769
23267039
122188805
773460585
572663693
623230606
905190958
865523151
331210832
567165588
764933398
498223191
165183198
622095943
346607151
94290106
134033494
781053516
133076436
149025583
948813928
565425847
917085929
457858453
848411651
215539058
44220864
104858152
586044395
996460809
606465111
88462516
872244201
581170268
861923101
297424246
56917227
619630412
15463749
388128059
186796000
632913499
886351251
351979198
107525794
85474754
446269304
94075641
866528270
431862092
243101224
667858550
849804292
12703505
125717003
550732295
228242564
22454219
655590448
814286959
871431381
114571911
902749475
596191934
695742180
764672576
893616180
752659407
236819340
761596282
140787466
423615340
394509781
879655069
628110890
502035576
817646175
74380194
596111217
536690798
358758639
691728793
57065700
61079283
704432298
35299056
611811578
932674862
57753275
267402026
746961821
929184656
381973938
502227648
377892942
77716118
119416577
124025475
682891877
356235917
885621757
676195695
779851258
132647890
408367117
260478500
634683466
226013292
187375047
83311035
762704090
546133686
775039828
819769791
607212969
331988479
855068847
71540899
264663341
765338474
338942926
864141515
547039483
573433216
366369163
924932425
503665686
485785740
48957900
186557563
842021658
934579657
862753258
474389268
67227548
123636727
734867768
554427366
349650020
922242815
490254754
964870462
320892853
117810934
637156605
780622174
449799413
344741804
852163074
714462755
110080279
43622352
431120622
657119762
617055568
797489785
434568539
120721254
135791878
483526440
159795169
830329888
270622449
22548427
157235508
190366349
146185155
892103276
597310068
348351527
666862444
87564822
165738341
840271649
205375756
802894947
620893824
655175170
147636751
325573250
222154277
110233382
369195602
653274899
767353144
986251170
303281036
54438036
106972424
291589266
537964476
119283945
121919154
661103277
141832372
279154662
851469627
140533879
23774291
301296047
341401758
543153087
388860869
507140100
383424736
446752977
162551399
856834912
101928147
310188150
182408162
176598776
420421533
551603764
682390027
40291029
390371286
985671064
94729065
349860062
129776682
485209893
469144007
251695837
146313171
463492732
383366851
850299150
456542963
407141142
151595197
797944722
950294229
392972418
157601174
186235318
839725395
320152573
43070230
794169895
482857075
77994745
970768671
903278608
482114861
505675051
796085990
872486148
343862467
890815055
222346210
473639149
228541301
691490218
725334986
374854472
7499302
108701838
77669974
464042265
368359332
229265171
114503339
171169914
622237589
272104513
209921584
314479336
444773438
105508166
108649231
927630514
183502911
931934255
683425474
665617773
437609306
479511464
390620273
781471773
222842872
612966483
107627274
451384173
156973053
832962261
678754997
164472355
794180451
756424971
628514621
15056135
985690142
743017960
38742401
460444083
867638826
248663985
774923419
312412264
354172152
736089003
92559130
537675063
668023258
775984605
55809188
958148916
108012421
446429461
592137041
330855293
911912297
699764315
634755818
68885350
385242928
313510815
85874058
31939731
69935786
566905031
46995867
908142280
162439343
85738268
221102715
30078169
334402254
848542487
195006786
688574406
584631490
287565916
78765821
105171100
63550521
134575010
63320016
171562943
433520823
507973409
354934588
197949472
207737724
989690407
119351175
592980653
155717574
205225233
624920384
78169713
772130264
524432603
986311993
934569607
610170872
59931061
817164129
797089478
908473548
12170915
338180236
345621390
299736831
416946057
303308842
215803705
404037419
219145210
387366648
690074595
727118619
742301236
888024067
934856343
584507995
7375242
380353348
740225570
65116827
857790085
818395283
837247091
382222688
657223628
624333051
844909912
717154689
294013532
641999390
478144589
306184447
980179626
676282331
458437630
249642036
979591173
674241335
506195807
198736383
61607983
196270402
925855002
656425572
84294470
713227698
93449919
944186064
946097398
833675489
9302892
803887483
652070772
699066335
38626524
161810753
175915738
883536436
878965442
469929270
378052179
209626384
776113717
210748157
885908715
87067700
312906545
718016241
761309035
819102353
916752624
675433371
15372755
695123979
184375295
952183577
260868029
277825214
748885994
59481779
111500704
758188886
863369263
616087828
309771573
754512139
777898581
485687312
490564927
509380376
955616582
868617106
719006760
584246652
931881616
457431827
671314352
244788161
27964420
432623387
63890514
944717045
108056758
931779622
492357376
144948405
736479551
605741757
422773620
337881897
665223536
534274324
96070783
381109151
2878504
258358709
135621290
780777086
744046021
626186218
290157462
699662603
347319676
861680574
136425607
131717644
171628753
807739959
376505806
199593174
92879699
292912672
144310219
53452809
77208646
489183947
198401215
666204550
94925704
621174835
4086447
612665592
7965511
952673583
993774744
10844015
211032292
129396034
791621101
955078313
608098604
81778563
507257268
807934633
795975489
643682876
939652277
967604243
303939187
168674435
167197417
396818886
461587108
164023988
450271696
391312106
505724287
648672911
57516656
453166343
269847746
61603104
65831935
277813257
866793039
59606679
288657272
77825331
41519066
80278374
885419996
502134022
14573289
245193616
162585007
663065131
741392844
102237285
630669374
45332032
270911720
650383143
442150918
585015180
814407131
892422614
976327287
172647770
393611877
33843943
625814113
663459623
947963399
691646048
793789232
667272790
603769080
82446505
597614473
497804498
15241231
335550821
852454872
882330872
580744438
15039880
397912355
174653634
117277165
28581729
219985666
240705237
531481224
514652937
825720418
198404707
259591903
654564057
371052477
653203781
540924352
996866590
169179756
341404104
541028991
962968989
8676894
144798071
897931846
606291368
495118921
765689429
941842189
200090145
500536653
375102979
215130025
898449009
549756614
184923542
779547090
622258632
278145132
311028315
136911569
103865550
509433022
396503473
610945959
880485500
49707254
151870311
729868442
71403362
493274415
270897433
34372351
354467662
268211856
932304197
960759030
615847129
550509978
755117571
815937275
51046632
982736903
31067300
949495641
385009869
68507195
581559083
7268501
346652327
892587398
144180071
303034229
254536773
393199896
913980188
987538625
295423502
918366851
717407067
366826864
264157619
840820853
253715568
618625281
109032709
38536117
431900663
577396191
589046096
39534586
393333466
640092728
22271489
276917118
442104721
407281358
197940665
23663804
267066212
544592992
768767555
263762635
700143573
875820680
656962531
466640113
863359305
804902385
385006965
433282724
24245601
649164584
126619929
277961169
120306217
88168991
316497287
552206880
665565182
905543383
591741466
58898648
398152463
614012956
188332118
840257184
873810666
386272784
716437340
140876878
783382128
337721247
404639513
483525702
66058279
914118396
950165815
929417584
719020781
187689132
215216661
743266383
689370068
341836590
21227552
809676285
430005581
190241191
361883165
95570763
95784574
953624632
6985763
493937037
420153940
47834234
186710573
146480958
286623370
755664266
287357837
70005498
93385513
544513702
406047552
11960145
458632099
208729720
941377729
30169232
396418852
9110742
625951967
85788921
203463685
499695872
747981558
633469266
689937063
109864724
581556382
785721638
916005708
441058497
132175027
188676000
341409083
171401953
335156958
628032453
927066219
475031147
698037952
872968084
19544850
104085504
884928229
330693301
165331576
678822311
360862533
561750429
687933053
986814501
500055702
891396738
339026725
100553612
377382357
28963788
62934688
811455091
667201778
978940396
105029940
799376806
20132748
446439024
970778759
207806059
74471477
750361330
682837206
625025781
623329414
702382056
581627638
360773996
33075357
746959214
39596307
246454243
161225995
580045712
85785096
661281697
323958803
424811821
761835310
701341160
306291961
824769998
365312603
973493740
656226747
470342543
625386898
528875847
916781567
448682009
736681906
991253045
199043339
419519113
468795178
674889105
974417521
50422816
35663101
860009231
797382031
75259408
106463474
958608026
507821473
44764922
472406076
831780276
322093095
86757738
385637788
628385056
764044088
750950391
601878796
272787187
221292934
79782046
801663035
138074502
528464055
538344941
981843899
727507394
810380406
303155429
254912852
784797928
353578246
290575953
497323511
3476629
218351714
456303337
814601007
726173187
501068259
139523435
410469815
823161354
226281173
796107603
304062762
990325262
547057994
905941559
115628801
620867280
985723605
917291836
611458134
366704013
308153130
445818385
94211407
118533536
748973815
201640611
755847816
102552061
492216565
253171327
958545042
563084631
709474664
773146049
141774170
63059275
912669485
552243985
738736981
991467010
348351588
42799744
834308624
747925934
801257655
949937426
368793214
639497612
867229262
980251349
6201625
27898744
278586086
952929385
146432281
27559901
154569996
902280097
982628314
499302913
7967777
941173356
62387544
569958793
566835758
204161714
633018069
332021595
756405699
224271402
176004957
957273639
267071146
10313582
705199573
68328801
960251008
926509140
560342766
679996622
759276841
566544391
707895367
37862927
371990128
706844000
65422829
526560125
461640449
900567495
25863038
469608226
694257204
940766935
39567020
113609314
144928649
525101441
445630909
753850701
749372843
621635866
563640692
868960342
484465800
121356618
789805495
297233160
47865758
350148261
977229783
807142599
769209005
537641502
697521878
141199133
97001854
615461059
520275610
558642303
516028555
398655001
28250530
62802111
339421936
920333902
176411425
336866937
297951695
622042334
943233990
899840890
96194552
506874683
768801232
580660353
628231301
411123080
877893513
528613411
761271341
707639648
188272362
382996698
97797502
885794240
524195832
194799356
501255300
44471442
753441660
869800207
295642795
634208542
932602318
635064731
407058796
109013743
824448021
557526843
583572429
767682011
457367733
679766981
127073046
78685318
112943686
607820699
489808398
843353552
136434110
103596091
403509552
324706472
486592790
501307055
63017065
863304974
548622763
564272365
760292768
154580775
286588924
55935564
788789317
219191242
543516647
48364465
180721337
367964668
605891308
764293766
988163032
915775394
296577099
115236078
994460712
409520786
575573130
336785462
105390690
712007240
292897905
508900242
889230065
779490695
10207297
952247130
495312021
411346413
369035847
255604790
565927188
655624771
164056706
207232858
874816013
707573353
255597323
55537350
75538022
714004984
672347468
916217406
629780378
968924567
883969836
476757442
230961705
459542966
666059256
336352395
24066559
958957161
845252638
913296624
590964209
707976287
718060106
86276230
119322700
87095953
194397372
685249889
742720724
358454078
892482747
470053089
66027432
596422
378106791
994081806
714601406
50454259
910299212
196898136
871895178
646785400
526171930
102856884
106328367
192231186
439209279
982911278
3704700
136978269
748724254
594668909
844954557
466784360
680945139
964277257
406396665
875342512
502043498
1633741
86312942
247042597
471686830
152340374
100155372
702309973
146422180
814756778
605280584
909237744
864171267
477175762
408539497
390343197
432548998
367384216
435090736
871758278
350295494
438795436
8736547
99019748
33464345
706207456
418320460
566925836
523001066
824717125
294784700
25044564
826350866
381097643
124603514
150554048
533438017
224758886
852864021
532376550
892032016
310660957
294130646
756203283
787836719
702670143
999062833
72902070
70054359
434153569
944660348
272866205
872949005
805913247
224402305
758929702
364637056
495239117
325855538
887638122
172472594
620640239
765199038
998823460
1737882
889802552
1893860
387692251
967077790
707274233
772585153
859109807
17935190
66715800
467829442
658288262
621902295
319408627
731190332
544473007
753562196
528367032
669855564
479027553
186796631
894257870
90473607
551433687
242013339
416329146
439071809
414485934
889485737
56787200
265825746
743739971
946589752
267719607
131432222
766183895
974993840
756533728
477810054
845445383
675765880
945639496
503733645
150184527
117564476
87440329
694657534
871126672
615807361
217029451
202670578
802603992
111287321
293144185
354037680
205817012
561989683
645625841
620302946
451475420
702413041
886128693
47731743
501519146
6364652
31680318
267703041
981358492
788214046
745513095
679320227
463979926
543668943
35570224
614164453
661233419
123010553
161338340
384876444
738817914
378367791
440063374
541421907
342171464
733207559
747975939
547988476
147713595
393601780
20807775
599189015
96014822
906936468
646920759
450050320
913301120
678601077
717753361
747175964
319331475
315782808
426496192
783311401
711968103
462066416
249992206
225717875
585076970
263846898
610594319
176411236
642214689
50657693
717833143
836902505
636381604
318325434
237407334
784095199
711927215
258215109
235800567
660458389
165151577
735237678
110508709
78452697
266355107
680778422
678145013
585686582
849077582
104641205
221514335
561045685
419223974
471506541
786763560
856817296
735353440
249874231
33228532
230084481
153048276
603578028
66986987
641946233
921903462
156910673
278557784
486347029
415125782
514358351
146805418
580277359
102112381
109830479
511246408
368467488
643125253
41907773
954154070
344719187
146548979
175668405
905764873
418289305
499691299
545044785
127622953
87561091
647435369
160851485
317645572
800483645
764429513
237148911
294946230
538849328
394059584
573504015
25196357
809185366
87862366
24518128
241979077
42491100
986864959
605741837
410958588
482506565
647649611
365112659
827225752
646714942
393297416
585506977
65004247
892988715
130551763
45143552
980549806
630503484
205995037
150711731
283503481
822940903
387860642
578449712
361790231
634436579
151953727
239502940
296138297
92332445
264021068
538117375
134823545
103402380
143859212
545782134
585908945
644025175
763411145
413134697
290740117
156708561
998641675
208260716
49697277
981709790
253404268
882763435
464729626
311915658
33475166
748233107
134856561
273852161
326682819
349163144
908288740
331152898
588666084
204427037
423485344
852687153
595060764
410825241
956089533
591436329
956607375
394514830
235461504
572534872
807649527
378717974
729243434
658807554
586978690
631457063
493033696
692899311
366736850
957763322
4814969
400212017
558512782
139671530
674064178
885195601
341351026
434869270
68864852
930017110
639296307
492350196
635220615
86873424
903175437
443826500
678309753
712299165
838341330
913771257
137350389
498507210
145005583
866593823
9831116
731984274
350567238
502864813
277399937
717304089
313144487
282214906
970032458
871657269
274402788
496612988
609369223
615753814
931482258
678234075
398287276
423294917
23100623
33507892
510168341
778792412
477334392
188478094
343607929
168192075
954765704
480958319
666699285
99771287
200068494
676530401
684271913
550635733
31911566
961671850
120456174
345056054
96403108
90488632
69229675
370805896
439617972
531115250
839076062
371100230
61865677
237363339
794395147
84966300
123387583
157079841
863758713
600721975
345557935
59882994
768914050
152839991
540841313
288129687
252611279
740909808
964660089
936883192
144061893
996571655
751071395
264518067
194144061
847474503
207523051
263373737
70796752
647141023
794488987
909872814
870757605
856354665
147236153
517669104
793837317
123140088
674748945
510112382
723862064
20306881
569995377
345292466
25663224
110836690
633422154
278274503
851746498
450598595
67674048
995808391
447170250
818745443
112842810
641314312
518736298
172882213
757204401
589533050
820023236
404209740
499405865
543297193
113080757
499158370
60966298
906918075
622298459
735715243
417030457
198676875
608538476
987025834
396485693
634201701
950378877
29907847
764992556
654641727
333022794
832666604
502966471
780193045
503928399
615809281
274023709
22664698
788691495
31228110
464714100
461231083
287954202
964119965
4528277
401034960
315794688
918010927
307953035
790609499
506242522
577499844
989286374
114780999
417042031
238288419
601499052
367420908
120712619
219007960
22062635
453735413
51674565
377545458
86444810
408119316
993354740
360468519
283300366
634562587
244212981
748014467
948310022
532167184
564650784
805354651
933202144
732961824
723365578
93671531
523571323
82124453
671171375
365374049
49421804
88213406
603662469
650920856
308150666
724375088
869928816
182729654
30626853
774119733
560275112
117071664
34755402
406146204
477540183
170572120
893225143
574269517
918586587
841535166
106436701
335753724
499406169
892155197
68715548
75288100
838343080
444803224
157412553
362030807
662693625
206834357
302760566
118872446
857755213
610911232
843247534
580200381
646157238
873874388
206836467
58948703
990946052
94108221
465094907
321002587
264680341
210836403
895272104
35783281
52371569
854225157
371537005
404294090
598896706
292768905
479582190
289756138
590088481
636994743
651786946
252782107
843829100
954547512
371654553
554100665
417975096
67418440
134301047
64132335
793809180
193653866
123081038
637271584
287762087
440692297
958274171
552442428
651528700
706062628
588225709
556416621
412804137
812279066
960710712
864217196
105047972
440292902
153973334
547652805
77287646
805760280
800434912
773633098
612824144
24605818
327733764
30799241
92024258
314551163
94931576
738349790
360721381
70528966
375621374
648483468
511221263
186411897
53442248
15266316
744990877
494184310
571682937
10311367
306463376
532393649
874528563
264027700
825202904
28501897
811680506
755006902
686778530
464631770
528640000
152119026
341753940
708890116
182918267
286294550
23441279
130366195
24644340
236679012
53411513
252782066
885162480
564632777
439193964
791121081
579899093
36701193
285305391
4098382
47012560
444285119
536492032
921541123
708312820
214211288
802559373
372509678
969218190
341854255
689657800
350374542
493973281
31411741
59264659
676891549
317706291
935222290
659774096
194866984
171901303
713185610
447649050
909580135
130334739
886843014
700701216
710233832
923544208
838522959
714332214
970556768
282808079
103340598
744614244
843637251
317551886
547173617
68663281
139286428
889027872
758321081
489660971
235517505
789732822
548925630
912409054
959955466
336664272
424699503
154822450
508565575
137885113
602471500
270662063
268219852
341830867
971363279
830970036
117891427
662402591
397818602
940964547
945210670
501159201
685578791
641364273
671227439
85268760
710027554
810513868
826812984
468348635
300174839
62330490
110597810
701616821
827255896
70553276
38281093
251955399
77892078
399363021
242356864
532879930
670025084
510576716
874710797
493904715
194063104
845118576
156307306
591881707
786083124
954034328
93040908
324178267
595398601
616784699
261963380
157942507
427298567
88776364
626291143
579989758
3623206
589405305
281606579
830879103
512474933
172404025
82834502
590367011
571767046
177707719
123246941
241792130
688284435
850474091
735696845
882347540
548109019
744520504
326745599
186708495
698554832
272302859
510886763
146469786
889087558
772850143
304412293
168902478
714142859
783219788
748892236
717766066
372625093
30498816
548645169
885100026
55419193
483996023
327983389
627186239
661703742
303746683
868978369
202504530
6737126
457191566
937368422
554846145
54228422
264114021
741554641
752783255
536416880
104957756
751769393
278020790
730324251
56181686
446923268
444467110
691917827
195815505
14749528
64542920
78830673
563394697
802159299
134249866
899907073
982659040
761436105
414127167
138922075
482930826
616631697
145659201
792638744
406516471
553021699
846867167
670630492
147092692
452166774
59563724
252050448
203936167
337584515
982374699
112634205
784507783
279358161
804552032
832839640
294107690
721611305
911670313
710018739
376286956
898436531
609925812
211462348
512388988
24052980
350384424
995319814
493201029
496043625
640474911
899717501
49065324
487342078
422864345
48674368
939508852
334944422
300724816
995961371
672528937
135615867
108595576
309553072
267490381
765663961
142392713
561598071
339791618
906579378
124133162
568594926
657532262
734058975
780057274
169921250
610628307
130441698
17757417
956345688
479001676
658232328
708579541
380583352
998090758
131443887
429257721
790115962
318904661
729982537
786077333
991433598
718114757
747189261
153503022
985605138
365369574
148412087
399719561
557677544
907507818
523852723
126272470
565040080
110428050
906329745
587477682
721056357
889287795
605235099
529918398
368289471
115983779
238497939
748872824
114074537
222458178
30646897
756706851
541362839
760629434
395300536
385312789
331260543
142489798
391332164
316865681
360375724
539744251
716585242
918053269
299768421
92954318
896842091
864808501
203382368
655688188
304802536
924438726
544975984
910037635
306873476
765781807
878537767
545371415
367170983
845128656
620345946
397817880
601835508
14225137
10963667
997136044
399537927
342224210
992142194
790870091
659089892
205034271
183130694
228191486
975603892
482899116
321145804
872445983
200223969
524528173
380650524
505026505
301483251
925626508
267580493
608356727
543924667
146118260
6244494
911095651
843763268
626590440
308913531
298115128
640815578
319877198
147767525
892869857
662101409
139909719
536256300
173707653
197460342
719386994
254415491
25580586
54802462
575561296
898026570
107542784
952605821
131193446
612569289
106605424
56819954
732666134
714962151
453260973
731300746
573722997
364356624
575064015
52829790
525786508
873179143
693645368
845663706
20946668
439031577
360281467
13372740
975287877
386505472
63349434
547191223
640920964
88930021
601993686
68998612
839472943
709536470
21604433
970666389
174622111
128209857
880002695
907288246
695688360
333263668
491105344
269411357
550136645
66169359
322241147
75923153
791864855
868402867
774103211
665327875
307434444
134384679
531216967
135238673
373406503
447082754
682429897
14327467
536012775
136939935
83326079
228002070
846476405
104930512
198668459
873614868
85656721
78671154
633419466
781345081
264451174
124524811
903272791
814587819
43210522
78030290
743027324
687591729
946433158
517130536
205435957
106383954
504031567
736652924
241622628
877438070
36252030
924052525
744281890
572264805
60992460
827607969
800266875
759985217
785054834
851451686
633600085
723227907
782639192
119535904
357089341
47090367
244060715
260362132
714194538
139787589
338392422
309738215
827379319
137341932
826868751
32815276
243725887
183416670
621984552
485348515
913371092
658236583
409401040
657652982
83017740
322909852
337777304
883284616
82895069
975348490
587252654
569011506
698576397
369891847
688547410
55665738
269498566
932608125
168544222
836209456
72395715
359452997
145947671
752291386
496794929
825332774
785106662
740520816
8749444
259607566
225869331
774636889
917844149
487786723
284806223
861890
810696575
622583527
736662858
893591644
450448369
323915512
315119503
1541119
546323711
3666913
57206857
815822277
788791391
78267432
504548086
713703458
437720429
650495757
465994844
934515358
328344884
103617858
527552527
189610680
363225424
753421858
964247569
133585926
93724934
249053793
134447816
904421509
724153672
871110674
650529506
174602042
47542538
965649009
176143161
593866250
969315922
85866370
262204879
610623665
16650154
766752965
324327123
454370583
269765075
642838319
241402294
598109959
746456177
768954821
787720639
962197954
374893031
604484561
95783880
468617965
853538354
82748048
225555827
430208378
953858722
876085333
604810420
853917612
841734342
633469933
300300214
663566616
719336304
562505094
126706634
735986458
181774411
451033757
42873394
304055838
93872077
136792040
902165797
692844606
905746861
542402789
507558912
133156244
146887350
603342792
454290562
852942056
686090840
679846389
135666786
492465914
555931722
740477207
198899879
250182416
226463492
499200093
766265384
945799796
61705187
892972018
534302607
95995951
196522128
429692353
400051789
142910557
566484393
154733939
835755163
324747606
549653080
195830428
457903850
549056782
799173220
912194412
254515190
337780413
444557153
390181976
682762679
488875
130659183
881662558
103187643
209639028
380862652
869453028
7955176
295084191
614941398
542257783
243596494
811463526
971950136
643648284
954374083
390950881
650898575
642645599
715698487
200551655
838476027
26118690
749608437
490165599
938313102
4123627
827946012
235386608
246821955
363225044
88391835
229997491
244887602
191579479
439636519
478266606
913548859
447591695
773350798
528490257
989849479
16947292
192470136
814315967
513111928
146844219
57783201
16526855
789489818
773481688
217078510
480482197
799600378
819203299
970647797
590429833
675843278
651110161
825816441
922665234
14335205
914208276
152662725
111739160
105787755
592299244
590005766
871852966
39890939
215872916
252859576
882256770
85336561
445329712
549089090
598448489
592173931
606872291
614975345
234180102
232870331
684570207
714662299
32470710
503773507
537826448
622900543
32133137
188936610
301233336
954798371
55788167
215441612
107461096
167527327
173745720
552276692
757533094
45598686
444683984
973406010
150974614
179457106
58742571
596304326
581062548
509707413
40994610
40451191
124682758
275174712
273321523
661769317
842353363
305792233
18059176
380179812
781209128
50192314
421632774
82442464
4990685
477420941
150400428
964968134
644948269
324146148
369761178
402481363
222261187
814445162
228403725
373235801
846418621
287146297
969540128
427481169
796853710
10534738
467932361
774052820
138225802
741253884
288338489
980579165
899562469
306397666
213275329
680771597
356589980
634908103
615730413
361580665
112329045
766130841
179065151
609793666
90276990
548826330
12275029
165054529
215787844
93195106
390806682
62206465
380341403
212863162
342203987
29711465
75914252
810136348
656280637
214140054
403906584
944619127
47235572
155985405
251016793
113027253
836757002
607606773
747935357
305003767
821703790
712780754
71134608
768942
175090772
13927950
549595272
39882153
31498831
765383116
133077259
422305514
680105934
513418663
635168676
22309921
395646480
711082929
684962621
51927118
925222983
88869205
996546245
824974907
97370962
100079390
938002161
934127964
560202515
538453870
91648083
381906305
103750976
162782691
235191599
278841748
29226994
784786871
318723901
60725825
402686340
451801160
483031339
82792274
965219823
118200016
957618547
213382656
829282945
642581168
265309774
607022280
583966725
114372371
284513540
681337687
66968113
222515701
467982003
627170628
760969571
559630086
9076933
864720547
574929129
96784885
143562295
604156123
881571756
314802548
664881949
136774448
766603708
147913288
72083074
584339884
118629656
29701621
797722540
947912601
524799141
63032314
407451234
961282218
29921037
691964774
495136257
96889150
766996827
963118260
724059778
380482750
375264698
585653063
97719649
950193828
682437948
93798296
406866303
416526057
408600844
71748252
405816857
175204552
72177893
477899932
759544436
190807549
360117905
409783328
138720151
737433399
325331994
398687737
698715617
355253031
943168863
46368227
304658533
710165690
9486487
28718311
90648440
237267538
466887727
40884441
39977718
1842027
134682737
446844021
270884436
543283581
371108626
676701294
718488133
443286519
7117578
330548922
634094068
367235483
740332250
625330571
104668882
65664245
24018308
655900852
273433628
819703523
702269079
578092162
382385565
564271918
459326825
325550357
654055808
778730904
366434798
694033526
780572932
501117535
993393900
51457368
44401116
364502526
580675014
615405602
807789045
587792592
945954524
294399465
955028076
538803126
919730037
912213310
456983723
796264697
420630514
582933704
615968221
975415945
13542218
998353786
392204216
472869043
176420496
46260024
104116300
542855294
592809903
884689232
43972830
586203803
788662952
88373946
803222681
221854319
556295900
463528078
809646911
354766776
757927543
617191339
893569903
677657580
381921002
203069978
326438630
802551516
786003682
942406851
630483814
799545900
793276989
22688030
124931296
969697485
68948054
229047596
365069132
514274309
966253180
409041962
100478112
607432484
349932260
756217145
829286803
906228161
219745223
638933715
113511289
977672767
108641406
7081192
507846699
490562408
62667523
834285329
145630277
701187557
629208532
776114091
353249810
275001874
798802121
478181106
97215711
720266527
559745054
462284843
87057189
525998234
723843157
40051653
133430718
73775418
796268799
815233874
832519931
16014022
306683941
946031220
846203141
415325347
805628765
206566193
905887756
720812640
893367874
51518033
422000197
375092759
827632124
775250007
650094633
478950597
105947465
599826696
51733476
665692519
62111540
138790665
44207105
638471049
178842319
30154176
564762819
975111118
845388050
249799102
843641492
4588343
48346675
542360986
419913690
853975440
601443531
325801446
427304432
494811405
229835831
849304629
869904164
57467955
477070989
372515149
388934904
435534806
972341846
293184733
101227326
886969738
431975398
997950783
377957139
463334069
28104959
942719959
290961539
726009361
192519061
134603032
730597704
240865736
529480370
3027747
947357528
130923901
328829193
374661960
478251658
558665025
76482942
200672175
468649332
406070283
425703676
710100589
841605089
250561874
3285322
795348767
137531612
287777072
793299551
368005104
751111142
673920862
310725063
42072681
252446576
355760476
29192065
835560632
596626213
411188787
838588379
396500093
394629040
19933925
771162054
872880699
578598950
700161348
926069226
899764634
106231631
351772902
609865223
947836720
602334777
465666897
595701840
592382741
753443970
241517743
960387845
504555112
915438605
123629260
399144145
20401533
479389737
428336211
855962166
928532302
839524998
547066897
325032395
86670391
567000822
948710801
959551090
145599772
648872149
738136668
897880759
607620132
89909570
360262334
407973205
544760699
825929232
3675045
989659793
579373202
245192788
802563990
936444666
13147745
926193251
335588811
33549279
258099340
616441374
742027797
39147994
308482725
141611046
364180389
395153116
708611869
165407543
207220558
706727993
814279692
945357226
604608752
274416177
887783148
964871087
682389382
285060200
643316671
686064427
274719993
75206225
783773567
77283983
11650891
796921312
855993586
199756054
682986943
966609278
816197429
277531092
5757272
124680154
419142139
222454014
519833270
127754008
387861557
727053828
686998353
54657601
524927406
144123458
329073778
412710554
108994545
11463160
697770754
604827568
550043939
825007099
680033793
333817506
754807435
691684684
983255171
463317373
891440738
518758466
429926652
560154519
796289559
288200276
684834673
67948050
510654290
57184295
48218410
898515847
636754475
735216763
953173449
161681881
879340221
282247227
426908788
840851118
146226740
124679542
298195038
696270679
802202994
978228831
30088186
557010429
522429867
865859709
20327802
266386958
384618175
302770806
826541477
33424086
590971083
363892503
101372136
101625373
421076798
2106898
852657573
57831274
589840014
805831022
72029507
321696587
940594601
498938295
15064058
86821341
476134190
313259096
783092021
130853536
291487928
665696559
687863965
813917795
384072620
560708119
80304753
768690795
715995278
759362583
654631234
159482713
123255086
608519722
113624438
396848236
610626621
966282011
307195862
52982987
624629385
379225370
374679574
565223987
730680017
389743632
504561680
59330559
703002729
140170053
190184095
994490657
805866612
878048060
660924804
42455584
291272532
593745910
811146380
7267810
205624845
318293966
19266875
328879931
926813688
132891313
725728167
389956661
99173325
32924030
442939648
723802710
264665752
817619223
141543049
995345769
207362855
646104730
54676329
910365584
786274783
97376776
757372593
444657748
975424837
270813750
487113332
119213721
717076012
150776064
978997883
922700857
469070030
998264758
104097140
248400071
131156071
829825307
638356732
82845748
715265689
81296381
806648459
832447793
898915604
800707860
680309915
958794811
299328942
587502596
721676748
85603726
684879372
331565693
382777826
512820561
602379443
722407510
632034282
171971807
873183575
463548517
94672664
194769957
461813275
198769804
443170028
445485699
881111464
81526761
528331447
448893505
15339494
187496258
281341299
766771450
988204119
961651214
725566261
287533061
401670162
299759361
225653139
86549534
631325055
460947317
599370096
86220850
183354828
83920730
258192658
909054755
547469248
352865322
103824712
861798875
404151479
399511093
307284574
285262943
333554206
835616022
734156448
201410052
23112280
868014099
968181502
863832751
682181665
546264115
3882165
83851827
846023477
229535304
22917714
477348532
690482622
622287810
563569382
726353802
558724892
821762040
635408557
106194140
27143715
591749621
820509368
431295194
843777066
127793942
569074489
29847624
815926316
155747289
231257676
691554949
23761389
199439178
407904052
705943054
745703294
411786217
642311234
444243123
641321522
665228948
921591655
184320496
140033110
337677389
910674298
698758002
11955782
398599207
657468495
39099497
842865180
477977863
322911043
686642247
458288157
891985532
716489871
126730826
47732821
947747548
670802127
924010562
999703078
78706179
482469969
597922724
490492397
124781203
42165847
984330271
790010151
816273854
21167119
930043261
6467596
931841417
481317615
18423378
182956976
138786110
910039227
25822156
469280325
85466622
564980755
927568483
977452154
133986979
906815661
877701327
934250879
577617788
654228242
933953957
508840319
136698211
384393034
999332716
113995766
426558881
836179339
904005917
95349088
857346458
686565530
101816684
641704227
20399497
120240062
824661203
159185608
30279289
702999712
628465933
115745911
120496819
408550768
945714417
107000150
167882781
675932096
41251029
745500569
182676690
827721339
106857241
319374901
212114373
106189957
433370667
491189606
794885649
189892936
586538694
652232107
728974818
688355378
146452687
749374316
808595440
971113890
908559924
691391081
526629954
389542209
659653344
499643126
650609330
457884113
606643276
818492111
986332562
647894306
416509033
169009252
328131997
523366274
340900506
540246370
482072583
774271173
31435976
276958232
816680462
470491023
781706692
545655280
158846401
928159379
147545948
819958194
751789621
56105872
363865627
130935928
298164434
23518972
630579054
948773764
333919437
237222330
619782227
172768351
737632988
36291260
341777604
65764985
559657534
682678110
458527707
41730118
309465635
342480036
171204702
126146097
812971059
952911394
524317730
971817460
733587125
671863678
644292006
485376747
580485903
8157634
616312675
731166689
884192958
99408081
532456805
70628747
336630411
152239032
243397099
74263400
41046645
585174703
992544737
600704179
120369165
451072445
494950649
282351152
793552481
518671704
261013602
459039892
324099450
785331332
283373704
57686576
309711362
927665711
395579675
742713617
935823345
11892350
473880306
672532655
111300431
6337111
743161402
300447194
11092496
986558501
227226946
52139141
424249556
72288036
505359672
544618721
523360481
310322
826969874
169429314
371498378
87983476
628469206
695597828
725831160
911842910
753284404
888058874
692024973
1380431
630772492
480364670
13272781
957169150
152897325
977089564
816022614
896058728
130053111
827115110
735133581
209796409
731770603
159383138
282084445
237130275
556518211
805444926
89956949
236004437
827390592
461455327
176504265
308376150
9569508
902335425
72735413
762853912
642910652
764760386
764234344
126199496
245125057
630023477
83368646
250538734
459629394
899391260
146597462
442198857
579022722
734247396
651995266
163309677
893630534
934079712
400439953
302665097
592040990
342913254
538669535
419431583
804368582
715173800
727807733
813938090
470025578
800543146
429308354
112936230
417819885
46059050
239135726
662944942
528598880
175020724
913483676
988228274
74411985
912597491
282943483
505951059
499361239
934938749
669260737
245508125
869018461
922217042
548173222
313575804
265130296
86842757
733007387
922015230
802016558
313331472
588469672
124558488
966390971
17778027
237494718
384210856
916353429
329146796
899672150
444952309
504167520
665672178
285696935
431095857
430786021
568640418
937046917
930147260
356095520
458824006
175655385
77630333
233557400
723828608
391206137
498687696
663187717
124213524
273219279
317720627
290061349
861688951
442279115
108968672
731983330
679773833
493179528
648336760
8920629
245368030
945805421
365604502
911040208
84018709
796700359
341826230
652659127
586263628
124489842
8754647
45087634
300145228
86384981
131161386
876490188
330107470
629849083
539677905
306837347
903068362
857398533
596898696
617273665
152194000
705867368
349256996
831967834
51563248
850110108
693404815
296931278
795915529
59009317
60487838
879934238
708226029
402314068
385109718
294489657
526803911
246380717
192093644
679465491
185282050
323255030
555955679
515389521
805620465
948149936
822226868
561205179
658064821
271641916
178478845
810258822
830025636
380252193
494743008
881588884
230362301
40664175
31036514
878794182
99673493
91524352
611244773
660415874
346354773
996354491
954905531
873158684
95251560
999515527
405140527
133049963
175286910
961096206
648439484
980907375
761762494
323182704
542112555
419827316
447340972
573107752
82602490
277366608
953359945
577345498
11471844
36238598
618009673
42508358
915032780
570199518
986549062
526277553
230615392
332903835
375148396
38037276
58578871
322916309
37552803
463719398
455966272
65356065
277331956
104405756
46263441
39094451
280104812
440892348
311438119
727445784
14000100
394040609
857328744
967360045
971386107
868800588
3598643
441912132
763825298
771147775
12111651
602890712
149941681
95243395
935794548
525090077
133280671
846889771
848006386
23349827
163125522
156489010
88705892
440457478
113411118
134969333
332068281
393515930
428378033
496022752
973478066
442378133
890063361
830806810
262254530
713965820
552123750
118369525
8394305
168465400
889517301
20505956
771356113
39458982
115749351
559667013
417065411
101546375
259073136
117588150
124896202
422198658
274077160
66118446
862656137
387488279
53604132
47240770
633520561
481982165
543263523
606998628
924360299
285843236
290321790
39131181
852325409
694961893
10017059
860719714
863427293
899534360
881225670
487299758
791509694
849491373
899483123
61091457
951037748
158556260
31195959
75933950
580754918
305273120
142052397
295927407
545277751
48172881
195684530
178798312
530155046
738948053
638313292
307031697
877307641
928635083
346162879
729633050
476113328
356179938
442869116
192056973
108230650
176611138
679356732
752256696
26102512
431356207
813348153
977140260
589912467
844544113
905590563
23183738
2333585
900159312
171627497
547611336
948332193
367312027
578926000
331003591
106260080
217239293
638035289
836084074
998390728
984198168
418233476
474504056
192894458
861102593
666561029
153641460
37713731
198434113
905898156
63816243
629790321
571762661
893472856
72219140
268823126
651579771
95402878
271156711
404255435
119546728
671284399
205103980
486858755
250210400
536107571
445635188
319966045
26659212
281719262
318356773
10857380
699952738
645377181
56268190
413571683
164454562
209909650
451285415
362888676
115807806
367618010
845195349
540086820
113607218
917414489
808909946
617703341
865333720
80066658
21958776
984880448
603867409
79579108
324255555
854077809
468203032
769890743
26560206
494862244
51610005
344916979
358235977
604079096
990294160
414504167
17650779
7265075
476930170
321452546
370153751
445254328
541586909
67865452
985341148
655194127
985279941
794251095
125413821
703130013
726834105
147372597
540526813
183217866
79468058
864782369
37295676
547671090
487189464
63855882
42533334
391315822
261289214
253285663
995394918
104099726
667789831
865562049
111364801
144720001
39530948
334034904
442490681
581117857
401900356
427831830
88828336
239696650
74599277
214242157
942826663
653949734
214131107
335869829
837167600
146115517
53168550
726979628
693786607
540358014
643351863
588836293
931673836
904641077
842121957
779585106
861257155
362428140
497663508
972621957
359664493
389710808
159173213
802155174
970828665
561073570
82503356
912173353
800770220
9618985
126415511
596113235
663568719
193062970
931983064
500736320
339178487
837667966
80232300
885481446
230542333
723584163
326834091
14732521
480741592
21472400
794317628
341998748
383900540
144497488
167137057
596081385
534208296
326310270
250752912
357553313
887383840
333256268
122243018
540670412
342875254
101174881
136783648
6443973
294237851
921283064
359696645
485932690
758951031
439928946
371414136
989493364
16029461
698248228
4225885
496771054
719720628
651059865
838769802
956137521
648073705
858423211
552218906
34798353
37249833
802971818
392351666
924633674
988744439
514594685
317820438
184136045
615769566
454604086
43096370
762523770
228403503
402793016
248456460
987354534
695238314
472386949
829364250
711267775
23151529
686106487
208038829
742872157
189682705
899324983
551526030
837756410
757748194
103744937
872554764
794998028
759233107
117422782
572148054
600493898
484533819
889968492
784629943
100303386
197088931
827726314
715343508
425492434
83035682
963799968
265363320
778273996
288703269
947243922
489541771
311854798
485866761
550096953
54726956
675549466
449421936
458769338
365822229
59686483
415030627
90893345
707200863
26780087
60832479
131865269
627273985
545366299
21833761
411903929
498186037
71439044
92146595
213529545
349447830
175182277
29845865
614811150
953456273
318549135
414571424
295514396
630403933
900438186
845611349
537647241
428504004
147549638
996416580
794326233
207236121
263963559
737735930
914436984
290743646
798568410
46302253
918017632
343934709
920652366
182437913
842120746
844607763
274584508
908166643
194055593
449766785
938012508
661383096
403223058
109077995
75954520
698737454
591998281
976392706
396865156
129645522
257413063
544414794
978578454
51739296
751650915
95058366
641991579
518604251
385802012
440559989
417422856
303819644
637011050
190591574
486257557
331648148
35199337
760842065
239814791
81771283
63125202
30343651
743154379
466348260
139421647
671625251
17602067
583936280
500534310
414467223
566098154
757947373
958882017
397192961
662203021
563049284
492251327
304194600
934169887
878053339
597270941
204109095
34389336
234281991
394700669
520646893
565930139
282416359
134005311
658261282
216703994
197130513
688604934
959858373
515995126
680542933
483999976
533597193
116995565
984534286
800580768
683093719
742481659
611979137
80286680
257201033
27544773
572538007
561395633
961714660
303107699
11182927
165823755
337497035
245464918
413040776
858143928
663911410
695457135
844665591
322172692
912161129
41796105
863293978
724535854
410307583
396353263
61052183
943904776
513348828
45586469
597001896
196442548
640584481
208981033
129245580
897785514
236525806
701783588
311697499
50756818
4891287
322880426
216580573
194904674
568345345
629621349
53048602
84773107
177594837
750230546
406945799
942272318
644543003
122756130
519324525
54850586
519109393
580376708
851271714
32458222
625963177
448273610
81417122
119064010
509770995
210662702
16849524
746296801
912446290
328547024
797053619
769853929
651427450
866150544
964758603
72289147
348288245
870323558
157062254
525883082
473070456
416524406
320671753
117613459
539280536
839996278
24980397
58389929
420372986
876252111
90848151
898852515
177042073
24781625
17916526
686813068
235444328
34766050
285626221
406970
215829426
82679840
770260900
719773229
801346736
587535855
792062376
149634981
310375765
801640983
528034416
783446221
218165389
848706169
753576032
757445925
688702447
778556429
668352206
961591785
654808540
611716710
860444300
831850613
636498335
730877178
371180033
871942663
618159581
656806254
872349634
833989007
592002446
495126886
406278588
393349182
82662741
50857317
395500516
245554859
852498300
923534932
881517432
70663689
772241101
635093465
680625966
313459900
266166246
201494524
127568037
920974787
813211234
988012337
605341752
449709570
571405868
976521786
174168585
189565449
485844392
46518219
876070808
77846839
541645105
282349397
323712373
476824199
333206714
719212889
574895410
38221366
642747821
456412842
108885055
267505274
944022659
642027373
433481526
210188906
843521897
561049563
983680045
509249484
401578253
441538149
958959054
972984121
270576287
133127639
15065922
756420680
32162211
891136730
834267519
426323668
26002479
10496244
903147867
359209193
729709134
330559629
397430559
224973307
786972472
358831966
492478582
583511483
853375691
925960108
793700389
549413941
339526024
629896786
58663425
741104277
71434936
870138831
714088398
342011223
855782822
729154320
98431903
887945033
472807402
785215774
166785054
498809882
795712019
69932921
858019075
377937505
253008903
107965987
602910812
39981375
319314305
95389394
476009210
172689997
873865855
122225952
722103938
65908231
752122738
633283715
807012508
823557674
503422546
373617258
18085250
211721720
102771578
969033505
99666754
428095332
606765632
118968160
926905214
254994003
41417433
637440642
632931508
294426336
745406629
235842320
186924063
64720934
183748067
662933274
89927283
910130274
785159226
664547573
976038505
537281964
297831288
783051013
213355991
653770186
9184623
83957593
865491907
111956201
52991098
817675013
392567885
659756730
936643173
319473100
914750733
978060606
956913742
400198593
272486943
554836723
636040914
459411006
472074009
672305333
122344280
414517645
582435607
760019858
79065218
410990464
149818175
229412859
46557829
363174166
883183045
55742452
447131759
748674952
20215005
352639209
418866317
412782890
12395940
355509490
732255990
779663025
186086449
541686084
32377971
458573392
949039159
668418885
770500750
273629521
193240570
745361383
688147166
775676177
505381241
767212384
39182993
655199416
996625243
85740822
870889934
732324641
141483274
170538045
333515945
161698279
523177255
752382263
574481169
388089547
107891753
159253512
20268924
146494554
700939596
52646895
605067946
502495108
721065780
228085049
776124629
914306350
973446432
464271795
542498879
331344025
84000531
581681872
986543442
933142127
667422694
709949728
665466768
808905968
880487774
998982713
970604247
403665029
603881328
397601769
791754576
564289434
556855281
812023500
710783988
110311229
864670396
168368287
612806337
438252528
396453336
388930966
205075231
369899768
705719113
600090462
701243793
789719645
34288687
540303587
575378124
701711381
102769668
93361244
363133702
983257442
92343957
186254301
239438823
548741638
583856070
31193399
113031072
140711351
695733251
823815060
103538933
412919999
992183347
716345270
703688880
241153035
105276237
908764111
611052803
663511702
361370925
164812949
305747699
395659612
557632888
881125823
97370994
660402556
974487067
313021048
643659998
919347377
351791701
883098821
468089015
935647772
766808572
433636439
928875475
315058176
109967851
32414408
580494527
102151199
601276031
284183407
195820586
559068620
45463870
806873390
222580322
406834796
824202691
528328022
802494408
381835579
261970197
752381754
42238136
236457265
917919154
538414486
8320994
269710856
274029660
476410009
57874980
893354584
910046448
839266807
60929112
20014299
724197568
641423640
974681850
325473599
925607047
23018789
884542219
823587270
829892179
959638893
82938418
506611222
340483267
885432826
888446801
602453465
490330933
783201289
838910730
260766439
174132128
847231724
530477295
300678140
176158085
440868627
194032724
938720885
280135435
254961837
811251536
4333003
896385477
638449739
182322954
674508876
661468528
919381525
350612498
343877059
879020418
433550916
850488281
72020038
171500095
591451434
674473503
661831028
227169076
365900585
922597467
401301204
65648661
305591115
701979344
241806746
746459742
748528420
33043983
879111529
3490257
844295519
735960884
752392086
482745258
918283838
279417315
144213786
690181715
630029813
340607197
421718486
63580730
191095478
493738524
87597177
782546913
168212027
749428205
9715989
534112612
524542024
263533545
599761273
682649491
818029241
694084371
281625586
566557661
727128354
160737115
422564271
571423873
896698000
27472709
906685484
667498190
159406376
903415622
210196258
789436190
244022820
631914744
705533272
287634650
125653268
793130449
70181563
146381647
395075006
932413904
680494259
772133382
48463801
132771884
454782874
866493042
826856255
736408460
285567056
406500961
749661927
560647679
977924834
498876279
588120388
737126670
18890822
747526765
640542293
229087080
389479307
737081465
861001824
947528931
24716115
986655092
593175732
947414031
133036739
988250738
732344287
666047350
612900472
780808089
651335586
67683346
499817483
330708193
656608158
637900891
737209154
258786438
198548570
567650340
757662717
639185311
304777011
776553539
239228428
797835656
5640619
628707735
534917121
866642443
428753018
412149588
705813887
21928750
359563619
691366978
862695840
91907907
209930680
475596312
725232348
861266266
395796011
77566183
44490811
904920521
715467075
781699965
163706959
766531997
349350306
921369677
405717308
506643669
550439568
644945736
304479325
556080188
126169823
691912798
275238983
554922841
104062386
833569223
429367943
316142358
377452553
292063783
260566617
587383234
620176448
985798965
301165852
15972459
915881500
345656664
773409332
483864927
127356629
937116292
250396925
329223287
711002321
508630585
835866956
113958241
6092674
992862633
670038429
132262497
684775431
797793765
539701691
641354170
631362988
969069634
957496528
8815541
113649770
218063145
448715127
733826218
56378462
602397332
602315029
972259962
948053996
375724361
308641242
927926977
165357005
559038167
109666617
728875678
67668752
798049925
842833920
73761426
790912559
365388701
58540276
328204342
163182466
598241967
969558512
647061806
419827953
779571392
508393700
533477723
997634537
957108827
267303941
906529351
412022511
869618970
731305666
212592859
97859684
39946908
140519837
115733041
451501427
102702806
844608720
371686531
900752731
687442640
297964310
544181642
52831341
356504586
724902337
68530160
807262905
546977201
715591966
227090858
326548594
76502018
760568582
176699483
33610846
880388875
83228835
298149709
602524198
667050853
510742569
700383882
706997761
503778758
816116923
11015540
606481564
513241995
382702071
359750647
53200987
680666381
756448642
106032329
37170967
481350979
27078841
696950224
28328180
595187159
924041083
207393126
671689178
537126017
236608962
557816376
270031244
172354149
855966085
872555442
839405002
366708654
425455676
398919115
870487412
94088952
409934655
329485328
607330947
792636726
541752328
660531935
473303108
298200970
619080616
362990427
632068301
646159457
59940652
512912833
93862968
836498087
720305960
765552146
226140456
956914922
323368522
496171700
129269071
31850960
221243495
821190425
398559614
646699171
220109540
121563379
740788123
630044195
303565059
348119071
275197273
845317387
8651006
748500381
143518357
480247974
964007161
628103010
126407431
876464165
141015844
72786751
565478604
713838156
838338898
791619060
523269430
14223772
140307112
505054853
46074732
361550607
326245278
444634347
8249779
398871170
418714078
601554254
28915365
722279137
949673325
156628990
567596525
810840683
905129372
563631234
143605009
721652885
44250597
122528792
598117050
185266441
195315544
16112006
899104597
33654442
807731066
274890379
47878214
800554530
779945232
93952947
14621490
106190510
391103646
22871269
357578032
809817724
476941875
239009749
532096861
279131553
395638739
952209738
89972236
153284463
368357325
86093598
874937348
412607922
208622390
325570750
597874363
403937934
341682756
349495312
437592376
1930174
624385691
337986943
802484705
256847275
431939890
817106195
215554137
823043536
692493816
573132169
485377612
169435691
812141918
17474473
448567244
207780657
822200564
391055833
361065121
190557889
477149431
88518821
603165811
685771821
414089572
53556526
89709756
755772328
255568190
379818484
757702503
879953881
717805427
560187208
136801156
2261669
229809755
204871645
677821557
922303571
778003814
163199169
91739262
590145732
33189995
392822859
650442741
855390559
636395044
11507862
898464800
113544475
100026684
354146963
651832648
366632608
407703489
594058756
122404936
663271679
826393593
880107439
395741912
396715372
292810999
385059420
398977042
522620754
589931065
76798599
297440677
220451231
92514121
241696292
810596963
125704116
634519151
313556056
833611027
123430547
177580271
584592179
89491374
130123307
938739142
741324022
496755915
198958983
187899131
619160851
862230662
14292724
351784643
110488926
263524448
497111994
348064698
662501490
19732749
937995763
591816442
169689778
10963346
536846915
411386070
821560309
515067383
45905221
135116365
201194762
21852120
165212988
785786941
111343494
295336295
724526083
852667517
792092210
923485066
893083000
263769414
638232080
759892076
615554057
601237358
23416524
112666051
949302056
538434367
984915152
739814171
130250809
7121283
750777517
519614076
418507353
424854178
34681459
316928927
412486895
235876221
338781047
577699884
21663162
450124542
873036179
598705597
155308411
665128390
374707015
48391411
928897804
865455447
808283487
396968213
466692805
684216363
362150616
268511213
222650730
199582121
8325384
205417891
206703404
759102901
725031967
625210757
36473431
612229778
942139684
448960326
848105999
133437084
26660210
722285513
583561626
899696390
173507462
738870037
417341132
400730829
787261448
198755288
266186276
448061287
448239853
585395433
132277650
810390469
853906646
207444733
862488942
862232030
265378976
69192346
473851283
990410944
546919456
510324714
455157074
341575492
959285041
155779426
475012576
838461603
878064939
58574202
590674345
904088754
649960591
8015477
304819583
289738391
59287117
423522212
737799678
507526970
8917645
722593681
170433792
862824292
782554766
32922734
577572674
47933742
954631433
903940310
890861038
354067241
266781376
346018113
548159085
78582769
501797539
23171662
917044373
232378830
934262216
507718718
136467584
436739160
368250548
293803520
726477551
280054017
717325732
316793582
787580988
578759729
39387263
810531132
294100373
674458381
695970218
871673048
722392123
503118003
628129710
465769514
857185244
894911086
811787627
257860682
973493856
166101518
133548696
890538229
250996700
67810912
250773299
239980637
357066424
471540199
533784157
83543976
751594217
103626241
400337558
391691557
682385970
292241173
202222689
976486344
966699554
898192907
700675744
541608029
253827263
181321806
7377543
111012507
76232892
671681522
221389541
49726748
690299392
354938237
792781329
941296093
275265502
896070981
181276730
632331926
367611180
567577239
715875902
119205397
671203480
968729812
363413306
206105802
113487337
565635995
35108498
80186891
316345255
588300594
474311273
570172518
769622400
334205168
533701377
845855293
858403043
755090919
748098393
548702435
110029156
393396075
342514880
237811010
141983408
523791610
870142937
509594588
91368849
438535191
481316338
615088681
407265004
844729644
673710836
520752341
262881992
708819334
453455585
431743599
149636281
780283210
1916117
919258681
114488378
388133846
617630326
825407773
995741117
218245072
226626561
958286626
611641147
569141441
196097636
753624555
92933052
66240573
115735495
36818253
357292117
449568185
504423287
764557121
146814182
30650475
137825814
409696174
739469809
443797751
841439773
889106090
224080961
695872242
660881124
191085692
936522440
278511450
16493465
932263558
496756522
95636378
743066536
960914021
664777820
939164172
567054928
610227224
857921098
682790424
499561829
67729567
132358609
3985116
832286688
131689143
34635591
822628854
541385317
626621753
266426606
235341442
368244195
343023919
783730036
29125319
534109611
720252477
160153122
403119429
505032387
509425996
498755807
100615275
470340018
16049979
39779447
37394946
626277203
750216897
572701722
125839033
817946464
557576684
982340501
502749504
689265827
869492445
177894711
83167497
348630550
444321317
171025291
716874745
787345236
954755328
598516417
173971200
527524157
611185891
429606981
32556544
120611887
928362788
133171819
443468257
944412768
25467618
333379556
423206323
628200868
906081278
549045356
298663684
316174314
383902210
653929541
857956494
253394655
831824252
941123991
602025205
128661921
112149282
171416302
916007157
919420962
622449071
942494709
446945119
233634962
372101690
332018015
206763202
152980831
317706186
650231459
949909951
195690157
983611015
373116274
676407377
742208646
774677983
975071061
58382960
158580193
481516954
768855806
264491200
313341206
562496149
866516405
442003127
527161784
890449059
210526637
446582746
512898131
5537698
746044218
599049445
377639389
78062233
805812647
383136572
248284772
456044107
333046523
296491281
292171474
558679149
972898658
34380120
333357132
800486071
945279433
344453677
282003026
714135239
608944877
447860584
129147741
327977634
889863712
656309525
218426694
952906701
102892271
583841177
958444399
701452841
182890622
188600140
632031427
988703270
571736712
880316199
297263729
904783235
29323832
589435203
315978737
2222490
476331676
649335869
802708561
421611109
993789547
937227939
988262700
455250776
385088524
117410441
783228411
127468588
773719966
1655105
80375289
729128590
438012634
891336040
283097783
620903256
79936181
915129210
462122878
651672893
647961761
611902959
408972481
677285593
53854515
724951218
679508083
530186191
226803439
334732997
951797300
73109338
124477288
792576352
528360115
509565812
909986794
164104878
489550752
536223112
18276335
422442393
117868054
456288969
313778434
400965838
77192225
246230967
168611400
391831456
897903860
816573162
3734415
159392693
493858755
57588930
736860263
25883191
440291473
963663703
213132540
244605125
889289393
337609828
37181478
270165860
847175641
799684624
434270738
189242745
188424088
452547073
611685139
306292143
908836042
925463573
559774333
838544620
24210892
728385733
82892428
922114752
544958895
86626843
934023798
891334003
996732126
670884061
917217194
289539951
487064116
130349734
534145077
228869862
320475914
571326555
499035722
20167907
223527531
933306461
209410653
411951619
385853534
821095792
718243762
147205929
599075717
130534447
985750549
623286609
858920181
68642977
397917713
256395428
7786172
331941511
147729431
857034650
855341925
917462977
146574602
194922393
900329063
680719679
423792255
220804978
104562586
922827978
240972885
328090117
856134439
450383538
740041736
94504325
123995682
310801851
241710254
723071399
441336298
79977155
346358008
152772831
148620132
744275722
409168260
8922657
928733585
556897691
865957307
784075510
326877021
12531909
978997904
227206084
545767940
255306511
300527414
502846878
178134489
541500300
830936995
886785280
844400190
423495084
981289606
968395873
586813287
75516212
691467272
28149585
155493368
890341633
33438769
156629852
487133707
442607029
165552509
415867292
999504720
31509817
52459155
178898093
896558078
883973411
406104178
294842371
139279922
706631592
797689249
169930764
100648244
481142597
56716044
945048435
904637681
890522002
765960660
343967320
966038215
309944284
224633257
974047935
200285917
258072026
130677787
687419624
700679055
296230297
955803269
552700128
180256466
8262424
731598221
76814544
744752187
137702399
371656915
884032109
696850344
21862517
53962873
650014940
503005114
963195270
447579727
260159147
853717272
213540387
604126467
672271839
523484672
828759724
498836126
576286941
86831751
629513914
116222918
787510806
778260563
72026187
192727286
958517029
932804963
924325508
35331573
677557150
914544259
259504841
414105611
463910955
281367358
320584837
113925896
784372472
136296459
561505623
44531619
990013731
627562363
501174438
514801923
3563387
329934162
13638049
579850328
269282265
495668315
696073246
56793072
126445230
768099433
102036710
84962259
553420748
26362218
972810185
83494250
940906478
84831378
497599862
257333785
366198736
670701051
371259681
3087560
806997510
785281657
900135531
649527593
412844020
401309969
16845868
416407407
583760483
30483918
996257735
853042749
378668585
544847334
762352173
505113816
165463119
864388883
442592427
718883868
890751102
415402612
802378118
684173932
500233990
152494332
941507717
718949078
823195383
165283751
722036638
630192893
950565408
474688521
132236839
215925780
875998490
149082707
484849539
312275326
32082977
333623626
165318075
410751563
878470960
927670248
768381731
43934080
644575483
210974158
762817948
387842937
478893123
417712418
72016869
979127113
570206751
866040939
550592544
393402134
883841042
125145534
876111380
686922802
599834056
8348219
902848582
328348898
157430926
240214473
640624224
189513904
573838099
805942299
452781819
452309060
586128899
221163550
348759492
83220735
284654060
111577440
471063672
763547183
381806210
395596894
595190649
952012961
114154185
145783193
197931448
997995227
270928727
74042828
684918029
870762783
82391047
440282963
51628034
92338325
680497436
692252258
134368581
106851887
350710910
587150400
559160947
936839809
808313950
907920439
20060544
92968011
872014231
343640569
709031546
106336794
739237463
304222195
58349755
853391648
302521740
256281203
851386875
573450468
182840383
388821256
296729603
117747782
681620571
348357637
210086108
214634359
40609896
344454689
321486246
243837158
931605090
880647194
33193319
592435392
641083985
53253864
537919755
365614569
249410785
99467654
471951363
988648248
403689849
382817470
842039896
706211590
639098674
545943123
132178410
821939057
787280731
281424365
939686840
468901302
629782003
2289300
683535661
522908251
199260341
5021907
766745409
130865431
738185453
799938728
575817176
231785791
705708944
966253283
449916712
955119729
65720937
921868075
796284329
321927139
157201897
490840577
28138729
796300571
36783700
12833491
470755981
676580783
294257856
262959173
145482085
776556211
117764825
681534098
151980814
317025166
539072358
918726223
300406950
129774163
571181304
876224126
214076306
129406600
694993761
663993018
937042682
760714699
438377445
733327011
82641838
595579343
76683941
963296919
244396266
113467641
828646762
715152247
642564777
122904618
830627772
640563214
751977182
948392597
174613665
903957996
265417764
713686023
675200572
565824714
695976538
98898228
294565192
910052845
228304828
989558953
574045863
17863862
602790004
12423309
751190874
537948194
460519004
827874815
353761465
704915270
793858808
34924579
272583870
288939937
10345550
103211642
929503152
762322732
51604240
104116817
666280728
169538356
670319192
193997652
587879422
366295730
292895880
882444614
128864927
521200709
724519919
702910791
539064571
179826276
567850452
142771797
570290822
28369456
823162964
924052288
585801078
469538125
958976867
858384948
758478062
969322417
961596591
687981214
584161501
865717183
644614383
102958582
887771891
314933575
296956234
475651313
533745658
589852115
210612279
662610585
111052824
787648550
218037728
502633747
967474826
785888180
497921897
390282001
666773988
321084861
166850641
105091419
790622986
125827508
963476367
401617401
947666278
777589310
89598615
384344131
495822845
586729351
487302713
383594736
901662926
784258948
711762401
287924936
374111063
922374680
950535522
337680239
562539583
168573250
692830338
382530761
806977783
190752235
772812762
326268123
364353449
939663403
431359542
7492787
918007264
394835910
409110188
718189894
24941572
351225156
102534025
520764418
937954507
589836739
904359154
692133785
226612039
468637908
980058722
600723102
243528940
930594244
790919693
806068523
951683846
483750031
188599285
758661629
527018619
961412047
84929753
891372068
753591803
368805647
898864855
671599067
763641557
307975044
242305313
788583130
659200200
344839338
161863900
449671059
787192429
66223054
141804844
13804468
387377314
121863566
467043922
630906255
904974162
257963615
436974778
709174361
594229999
478090415
320352342
121248618
292018815
257798447
12620686
45610618
626604095
764001893
569726037
242762004
71976937
812031350
31345134
583693489
9387040
45725386
33364548
796579470
111948441
27685745
810383938
351842107
2065663
129944213
982748362
759556178
387907828
272239493
468730539
982137827
750329908
789082881
955902797
42348723
46881329
821039835
87959341
526001776
585041729
510201730
768763780
509535018
322233080
652625267
945744860
331620121
698350653
831625760
128199591
662815446
859311505
791099881
14657554
713893521
921044094
997405916
473449699
161468275
122161761
794696590
996122454
872491670
436295823
952025252
914840393
335693504
625581439
855316087
861695280
63139520
218034169
630459061
572674539
540267250
135600680
370935751
724403723
833951333
202561511
705119666
496766780
914389369
348735899
363940686
628282890
122296346
213862954
954248941
283764621
336024716
748945531
132403427
208516386
37757706
84428679
975873131
373451211
562526471
683705570
235146491
625665991
901739740
718121904
50856882
294523342
853722584
421792633
18927065
687673918
624354145
724046731
36957050
391259866
72782630
400897736
19542756
47595328
614760690
826308049
331359949
950785406
427769932
463763377
11818144
465527638
400708408
987691276
838978849
963234879
523913198
74125341
441417223
425652938
644763597
492274105
720176280
498486182
914066739
591619697
38676452
390937236
168182780
75633502
782197102
93481763
329047590
654256210
141077091
796324632
480564259
472437041
599626391
908334191
788716770
611444535
226378181
41941530
451652163
65357031
5176410
975565362
991998724
299109985
253734652
636762321
791384090
826427285
987764855
705450829
418046982
26441307
96388065
586229763
954591161
731101519
679711526
136155103
385357729
820788617
932479736
718438340
145742010
384622479
479288883
934458780
996067014
705667065
976400311
300235530
771024096
834093073
128317244
615539172
133203058
234568248
104817845
777103500
60995533
92582701
335070682
331558868
971540360
283975099
917788631
778647874
15076619
450016509
914802977
252950700
123321478
699799065
971389041
121579841
84421544
450677924
56038621
933004911
8861341
884955284
85756793
779885437
571564709
66590389
247940961
557284119
301158637
352758807
186903972
362154171
445341508
521974654
693713039
269398220
805949753
464018022
48046094
821026372
766550883
815365424
73977073
889872361
367680841
897882466
11452202
304618738
201076742
920007176
90140001
209938084
657478812
175896794
989823521
81559874
242487183
90280835
491360345
543645820
443039642
678264317
758316343
888381150
200238971
304545734
10295722
6188725
768563756
58341817
679731449
387630991
873707241
606224874
130019705
93904434
356623692
141471907
398523172
557700435
913995435
488663173
767638519
423990600
664559967
609978392
358066826
759563502
700259227
849427171
155725675
143298869
527691489
914042018
884196371
580446812
218587753
894492094
439151889
839667861
952833911
118883339
227298853
679057504
577624565
357318558
772961938
934248258
351306817
24001463
344465045
117818605
512664636
112103564
394325557
29740956
722081956
752392383
789304458
274857536
601819554
945030133
418156405
982027395
859072152
154869129
562474208
930176257
49361223
1626097
769844118
854711486
973025788
849659323
386285342
403166706
59494233
11763632
189931316
410801051
35765095
534396361
381136008
548429732
499016277
775461565
578170688
73614585
527853948
367475146
348472121
982189854
165021632
766628527
964217250
24093784
921497656
379207810
806786393
823375231
233350259
429146863
678086717
58892400
278806187
64372059
314575458
338300420
76135691
504506774
601617823
111900787
891419487
982753831
512846871
390435764
758215396
91017559
464050349
138585696
311009057
812522471
120775551
476030689
431667350
937509153
352640825
205681358
169233315
159427218
29056589
255099926
588574082
559659658
313992326
719896621
476548069
628567784
58197041
405200112
985590910
512331217
369617251
877010397
495085048
882464122
119962513
105816797
825998033
436529215
96918845
137007091
101568038
70210748
613037780
533235388
7719901
965678606
591433098
29469568
977622176
473006039
284569495
418712610
32665697
451078173
138609231
361730118
79645958
49322625
619446582
917753220
561653842
989063834
647279970
909255242
724044308
767242483
15072039
402558694
56288050
111990885
539565785
157856088
34717985
5119917
691091476
42437887
823314875
135040926
924423807
800937052
608046965
61509654
72166014
493229014
512587828
210775246
854959132
444750138
112614223
326922067
362503358
674268065
168502253
9783328
436039659
892546561
629542164
303628051
147621607
685830214
268135288
687187392
843686303
302853273
544823662
387294131
197807512
368138537
522335058
122231320
21591941
130382023
183740974
93757956
476127390
696328802
157049554
183602874
141078940
269663777
510524941
356098651
943931842
679027194
218398331
232487853
424090108
700456847
536115904
571711715
238803414
804251192
111415460
82489717
107104466
656239122
322300200
304911978
24377659
697151610
279659650
898485953
680049986
463400625
992243909
156177376
12245779
1809815
339780250
5841072
271473592
850305192
214456075
67921786
381848738
432854406
300409639
805938846
133311254
836525544
377650562
224631020
640776736
489066022
159637089
600397554
145305144
481937289
905309533
22199155
31605252
37485535
773201460
711655238
500886160
617961721
867832614
365648292
619771536
60129216
371489364
891245128
762950760
585945439
959166914
144799499
871316197
259576554
950738345
857143803
96102098
180905259
81774823
589395186
522487633
241411912
42309093
520309129
575865554
947618626
395024637
607470806
985104161
168226097
319126044
338506674
786187819
39475010
704154966
258475707
99604226
928160682
149720836
715071339
366622473
108887750
859870838
237938670
220980656
663125535
95082474
169599106
696547147
29373649
611510645
219034780
123301914
653819738
739343910
699167468
453954716
134368547
306638274
291575229
155110996
478280670
630081903
793815167
517755680
186753221
52290875
469876258
114913903
54528063
37463949
334052728
15932165
897334787
571991399
236912822
412976675
519590225
259028280
109523822
401480226
870538925
181074954
524782140
524358663
772935216
223949608
978313379
759820115
383104234
122404961
914931112
861384904
752486864
561262631
231656936
791756438
613553506
701533195
759186693
668081569
738997144
93239422
684013735
488848284
517747173
773442909
754341311
37337398
32471189
716381485
291333976
903010115
897456439
816116117
279885130
522908008
40065725
110714862
282728123
275686312
233119823
50175587
137071216
838123039
611438219
368728153
629879477
77508077
922777700
241582523
598105999
514291196
334821945
134636086
3139480
852569118
908078995
609997143
742422868
940550184
326378628
33756844
696076651
76351420
702389313
828478134
599259428
594971391
939192996
734503903
870657703
24829171
784679491
7728919
862952210
248634062
228973424
345348040
178658491
4267476
586930563
776764490
518558673
774268860
911400576
374214505
479354330
819479571
984211649
74293550
612546108
163106629
108050394
161139111
239458049
662956060
989617245
691233829
257927451
781326593
425737733
128585154
658672116
62933576
988830425
374140679
164083990
70320202
719488719
342742481
74587678
158935634
119506972
593146351
933204494
30907548
967360857
265075176
702903472
804088858
339368726
167965932
967195487
299935472
181621395
59169889
962891532
23754993
750403718
73335335
805081586
28657803
54436841
316270055
91591379
43267267
690410734
255675369
966103821
262415805
598417851
40691499
421351439
570441175
486354203
207072285
453865075
306231412
472147461
9284899
110320270
811516187
177250831
930032109
111451659
358872227
989201998
926859544
382627220
739605717
194879
40225158
768263520
54631721
356495213
712371252
950415340
46905947
968046621
916519161
161838104
418980824
809727012
583189543
989421999
148597567
642778180
295803427
307345331
114925641
305088326
270181953
778958180
482339158
200214063
742926192
693727737
41932413
522302088
76354957
781538130
522496967
969096467
402318003
429645040
178108033
114689255
380060380
77530332
935252228
149095893
239368437
206749405
811339258
822557980
48687756
959936825
317852513
344491183
119798509
285294506
649579510
389980462
64252687
984435020
590194525
659695231
678162757
632126939
34513671
607034066
266181421
557010638
428646885
521015776
986655679
606754918
488221383
219232411
684285251
275989964
220844657
923653688
482739369
32183915
598728020
383943477
844637092
916580533
728434661
964435601
201875040
230530523
354416064
118644079
67481895
797126941
630855662
745644652
281770232
665369333
205195070
547951654
74896323
633841955
68967430
61552002
93113226
409705166
133300766
777398477
685695130
354145423
701052165
20950851
238845690
152296537
404894328
83482782
68877071
133328989
47918384
123268463
216375864
254850800
241912542
283857759
51977741
872768204
882018763
186264326
390653889
87213833
734215980
465550212
573572141
655699762
379618567
666685367
65404928
512919333
296600196
603616410
719581108
997652361
624567261
958426798
2465250
29461590
41909580
71342321
15306931
942344316
194610784
84199148
49711468
289039678
368056907
954205562
14324234
102592023
140469888
404978123
42322208
727202220
870528336
615894349
235418334
250146903
135096068
153339615
615582588
431696264
756956025
335163696
281864977
381523287
146106846
284330228
263501229
40532778
208188901
278808160
982877095
402799686
363007308
885104915
691839364
583580568
839310477
706163599
686172591
832296717
111141722
728494799
559498937
834186410
196905501
794917272
84333313
332001569
948256887
552432253
616214186
557729264
887595949
898079163
939252551
33702795
34925743
55270132
74235574
243114645
334078293
909629021
498430683
549601953
647250288
42786399
133182521
339077118
748949998
819355112
171373835
712608073
400366264
583389125
399310835
597271765
230822749
336160501
929273334
31595988
888592754
398003872
589325252
628705056
148599388
381094156
514924203
183525131
436364288
441676129
279156128
770442581
203821502
777586811
172560887
851071791
820373211
305743408
190148909
421839561
977614873
214039096
134447634
377981137
797428221
386274822
975252902
28250970
722435323
757042588
59846958
611028077
7562813
649172211
92249485
156162201
30266367
607173689
339687332
319147007
48849818
618843461
89589589
252671321
248946624
114666828
103743112
69319835
420410236
146408373
491159397
250541461
360447469
478123383
628522598
10392043
864398205
456291852
38643013
439349880
65850793
98489972
50377958
73413606
600178535
142627443
229575807
482961254
602317484
421779491
802108261
651167303
40622952
744214202
756354976
142085929
858881030
712614440
211405764
131807619
859022813
555081513
382349080
71986634
33204897
863388031
82378677
750119454
172196235
121021691
41985687
238047028
72028015
92363645
163976986
524722902
87507440
393552793
860200508
542341277
815332285
514825121
46024932
708471589
111555676
802379908
850557518
970436706
514994348
914479635
954760677
226533513
469561148
189626110
151036499
355282397
53014141
233415177
957918204
225210376
206953220
999903891
315773757
131497587
944783888
479750743
508736841
884807680
873303537
368937349
427148957
541152174
883762470
473173889
102140115
995318146
128070149
805213986
818271205
643064497
719693621
625548234
722114362
41771121
815174344
873150862
249569871
868188485
106566039
207488075
945915214
166035611
59908318
261688971
150049550
4692206
741439714
658786391
889499886
467259603
27723740
169165196
860928129
764002562
494855437
963068245
611837061
622925587
620798583
282624618
118506436
193008556
908172852
840620799
234779677
575863549
713771661
484349548
296568386
672854052
544353975
242483600
691406015
604262293
356688923
841455565
608954499
98128638
500241956
350970738
417904593
380482048
372652286
131349075
997000962
867507723
94417320
461354375
490433310
567732255
743978993
608939747
760740811
504668198
302076898
995520488
80531747
15848559
332386389
229616485
541218963
876740364
472100086
85141330
333519010
828789009
926596895
942473509
779433999
279355203
145960599
49854945
659837251
518612885
181204020
509354565
238636961
128137692
970708941
729070271
695869947
567204286
190526370
309127110
71872484
492603268
157163950
4920583
360968179
489550339
87053421
754703494
218807056
559153507
839844824
552326066
240458868
766441719
347315927
872409220
45796922
345792879
922264165
558150525
864405764
955984537
67505091
103042725
84122229
890730384
684629349
632508528
457934670
727672071
941635638
382323507
72791692
98799588
239760442
433759871
440866280
326813863
40979718
512189688
738483722
880824542
64515754
978942591
499782614
264348033
703868163
398095888
610140912
478648680
956246414
327063029
434633217
876267857
282622106
371271798
619514593
819767807
856296678
77449263
547439879
650448668
312289122
620231571
601764608
404565917
906507794
42630888
731379780
947487512
407336928
322379855
828312055
324369034
153838798
180611021
588717068
857706961
578706909
51374332
336355641
387469675
230953713
623505210
116253884
513575820
994777008
735768477
185859979
703590038
665734093
733299858
354038706
978023215
206047781
955803314
235105484
112555576
850950555
966485265
912559440
110803835
141381472
593387847
435172870
295220270
773998868
23889938
152927231
352705778
927780622
341799224
740175453
158734336
965304434
856429338
524826508
812597794
444714167
710686487
516187832
110448260
296502698
722742890
940987828
502550479
531062556
176093312
467622407
234529463
995094929
232698200
345333299
136476401
826086047
780506169
431696671
600084916
656912459
437140254
805307046
584693081
778939478
397998851
595943769
744243912
106944541
120770277
409358058
551658709
831456765
925545890
662106969
127959463
500805132
455611149
483026294
31867689
631704462
803165054
266397152
479315743
35863254
611730451
615792145
861949301
244752972
900005168
314550569
901665431
337145423
119857615
338874865
116084901
370372819
934818634
712845166
477317360
55588912
122203224
28976069
739562029
900265467
543599391
720037844
253586951
999210540
55580490
285454640
483431354
858745544
404368145
962747098
747125150
16098596
431055595
461590804
113367921
331060763
776141373
15033352
520722538
748515341
353908217
489323792
118888160
141243204
54685310
448721872
49348468
29404886
477697942
788910497
929670353
21297333
361464693
35773657
873024225
269561535
321228297
356455580
128307080
725596442
171719030
727948582
594211391
602774625
189539386
707579312
933835388
818197112
575129016
307074279
419228805
929037234
796398071
390633317
70280438
851083381
839355189
119628906
880488267
169569483
761055755
662674973
43383168
975036800
698448630
916407394
244598335
19676927
125379326
225421767
597789722
297098356
953370350
44517465
899872981
995426088
604613129
686224721
813623200
179742145
993299000
85368357
961295731
789697071
476001674
884092521
493296804
315356864
856237779
373785072
484926347
469809886
36460045
528309516
444846686
587425027
297233262
541961374
459618306
422612588
767383141
57408028
719710944
573269843
954441845
619583925
421212284
559054974
158324998
87351836
591313472
151623999
172720194
552609203
793837422
648721868
289218077
287134227
964078732
145455856
513435651
301521432
615265743
402412048
682347300
912628781
989837075
979580562
454590155
449455381
402193150
74489649
359379762
121904094
500275844
166337959
594004371
921488128
725392934
752329369
8839965
169222758
756469720
181560159
721831961
550307143
830282027
11050038
689957722
646877112
9022247
203393373
800914896
476804342
605805421
483262196
389433123
448158848
315359110
696539631
897614229
717552260
771029280
109510343
691972706
123821476
275848303
138493429
45309605
853757589
743339150
54149570
22980347
499808871
88226081
597328660
902632366
771024460
460895051
592590088
270417924
469917298
648499813
71332820
946721640
106821586
407111368
188671115
554980434
722470478
885210746
305111015
292539090
508756378
414621359
984511796
632577855
542986014
975521577
530403812
396743603
718860728
437069734
272240302
71185951
525295815
869568962
973818317
148836627
330464013
418924757
419254552
652897663
67424570
490587372
452135655
26762508
897698741
640806771
581742942
472685571
378533869
886853957
765224662
739806600
153991668
602252810
224900807
696977682
577774388
755304619
93721285
149151468
192374353
218477939
72853771
570186520
88046902
46672088
719023147
271027267
318113197
138277699
923924931
238054119
481381424
376060586
264816627
231596517
869383709
846559569
704282088
100433931
585929878
469506750
840240531
739921547
71759561
65141338
436899229
502050301
820445957
383136867
503718121
865336662
601614806
576571892
435523182
542178060
475760332
7062681
813205328
793873529
145340381
737130259
884444000
626721805
965707197
1776979
858318322
835090907
848336548
415116762
935524838
286782778
884623513
628281721
26704325
808899426
693423059
316119907
163466079
366385368
699256774
667184200
84238382
153387932
96272444
519761564
695565993
572032776
526824245
361287673
218422657
524680978
98417932
102866657
3919135
916641481
104643636
862237457
604248740
805496536
129870572
392289930
92279314
14494085
20571651
118983640
675909863
566511062
287619899
691892294
932896430
986876673
211592846
17134812
992780957
307865290
389412728
540863302
879898066
768753326
902150975
98320723
293434304
853085259
53703732
297353440
769726741
158347368
12107249
226491833
963843904
141977821
618781764
908639570
8988258
639353415
880139562
537414473
58380830
167759461
229306767
991277260
7152486
440899613
860928425
999933444
748764903
102857505
393313098
481179321
871610831
295464074
579500044
17561488
1065685
633203776
167431280
770792426
644067496
179538529
997284260
460427752
174032703
468582376
369067323
183020961
107935791
101723237
720435435
18832973
269482699
802258554
10110234
129151537
95674520
723555011
129084981
844439423
678928868
374914432
178135097
403056052
670378506
757635141
420617540
671444191
243355270
588048820
294752970
887422766
620103701
144553582
200366871
794136404
613135958
569434194
977157366
573588101
671157431
550109153
592421075
793156482
204884059
455047661
922308020
300558579
31119024
903909353
144998003
710047892
278823785
175649452
113103944
801718643
933284593
386237836
325679187
29156215
826803008
620432157
769095334
446906710
617502091
969462205
93559466
83154401
391412751
70716832
656742502
62570182
473342337
101679929
708243017
678226397
409243942
630551037
978784976
440362966
386976742
976299331
2927211
665800528
4465135
968547507
320035523
937749729
207301696
645714710
819422296
34104704
118663219
588517630
333527766
736165310
410496187
427087233
819319711
801908938
350320417
328578566
716995473
823662755
430258495
425238490
354405504
839502438
908305879
185706832
132381756
295282621
14522516
135308967
813599501
18987651
956372827
133635025
809253732
163674523
779349735
628676029
50295579
898012955
69710011
383823346
486694617
480206199
810910579
306014329
134631489
161230996
634592895
851626962
837410103
917367742
129381804
44331959
609386532
37687683
230038792
741768289
185486657
97077660
729593608
999086158
116065311
538482787
132721183
925319044
702157310
764587271
406511425
752452890
515116578
328737788
136276236
1811195
808943987
799703167
160341876
943575477
960934163
647451123
647718791
650860619
564818866
777100596
695192578
26721750
814788279
925231370
768490039
274936
22309030
350600000
851877447
990890694
889082787
837114982
768726090
443756450
454218605
27753867
48725692
969335183
356491655
37518280
823662731
17951995
837221447
836520959
961527472
650671962
483972083
461762615
154048933
901307301
238863211
849241512
928029051
906167843
626989234
549035443
758959131
501814617
899635443
610836578
492705311
641234582
300467913
113947753
937507384
754686518
141701620
986233076
576538054
498193275
876267708
252717137
516145270
566005507
89238096
330189094
69193822
425726531
791951710
223242755
327033832
30814921
72484267
107579236
789499116
699473502
656614679
548458248
53804471
408766474
11811178
546509782
50001056
312279091
660457535
840024793
66965610
802159155
678774221
496020016
152868782
555041930
748737153
669014053
121047437
837975249
999203147
42757611
116218133
791154857
266000367
443251965
674486131
338484634
550831201
316501599
890474488
59962232
864959847
944278959
468728706
729287378
343305093
371246115
41566469
3762628
211270908
961048431
658438135
890045129
309584799
811306918
297603411
58321952
332837323
271167201
748813554
332040470
313924812
865031687
975711680
579925179
160800004
502714163
770926166
711631206
819215762
661400654
771593438
536691962
458195966
92838497
265979340
801501059
464084612
160062161
657780040
675355520
973626945
168734527
417917001
283211744
980041445
568036765
194050049
165395120
839203966
942863603
497435591
5645130
807895290
325663623
438086662
968695294
828377786
209012828
532842852
647593548
722929834
156952643
36801862
181125800
249791140
302781202
982626860
713875752
315359716
492923252
241747624
288986661
661657779
512180977
424714757
494215577
80217742
618764806
659610697
771938060
561628409
9562640
777583191
222040051
335226263
68186205
43251698
163604049
277199033
428610902
663713950
128867
585563545
700515812
33771020
687871037
3297015
868914232
254263141
171173083
361837484
496010765
460159744
23495263
8191743
884874501
370227192
940925837
356155660
29837890
712863898
917784069
39400530
342963441
992340473
374626794
411149646
35592171
390747195
540865031
316719425
54461145
393510250
902282971
754976958
427281270
442670360
610790325
148711854
696933502
781963408
510549338
45460619
94639504
386560954
53652362
832030357
756788146
847094552
188186017
639142388
412474802
958486439
678542919
755438243
950826912
905686065
19104241
838935435
296433260
559969272
8171212
203410758
953479522
910454183
958387716
233277145
205640896
421694393
381988999
902574398
56174153
745054690
948035017
3330009
131615644
854203732
835360366
740920142
701298284
23546384
232578883
113773086
834549175
911121802
721727681
637892439
669324219
593348274
329344226
965757479
5833898
337515438
21684589
959313420
100485974
980072305
45106917
306126870
254283050
279612269
208701268
162973555
24666959
9252637
166303564
8798955
863456369
1663931
602235449
417271005
877726667
834814332
383560443
712275842
598452486
105288124
202684633
267776705
551152750
532028859
86050537
556986648
869544297
107735126
368816421
970030271
940323784
413923338
276157141
47123186
693535607
337374761
210096742
570718918
346627399
376400306
579517873
210083768
378064237
34269675
627354774
108307256
869084007
10915217
820583098
467536494
968719694
23267731
587829551
372388796
407812942
673880088
929375445
277357240
634131567
298191866
99903863
574455351
564631556
376061005
621578537
110683516
713435766
831675279
681402434
60063165
60591938
113436660
122663286
438656175
147706335
602534412
546963432
16790342
465965981
220062882
336843188
287202027
95846966
924672740
659590824
503659908
451069180
588966269
633533500
85200747
739674487
733437364
512172450
304306043
109498369
133750988
414989559
675450487
817942619
96391994
588030005
878534557
62345006
563209643
169707085
210051341
165744055
569186869
226841683
631710036
789249751
563684872
918912064
737613069
340873964
431019240
93789330
791943144
19985509
727322830
877143892
612176348
460760194
241832694
916482391
422774915
228100034
183988303
950741755
46042654
132896649
391288112
777093563
195241655
954497755
799317000
405292996
120241810
368503869
484651031
604468198
10269973
48335903
375896614
747883042
241726219
806915854
841672372
33669364
679417715
421511555
763329608
144110415
882271749
5162302
60592807
157563017
233262337
97097462
108304772
131821343
82510463
352109236
761431258
277752118
306606991
560748259
535561466
279365153
781768480
20212497
736349703
792038453
921064753
112246318
392437848
162790972
771678524
86626572
48976688
303612592
508138127
812306296
447723007
242926229
817468599
360832166
253005598
903247288
310445980
213826722
35068631
392956443
565935958
649016241
670708561
872542949
62280852
58786379
4424454
844049333
78998877
740774157
488604138
63630
705536827
881041986
15370954
329731704
820184911
64347643
485860648
180839390
876653939
933583655
423765619
546638890
146932174
676771217
302402530
457378154
890597939
189987513
850334598
309050249
839003755
373559511
34109550
901284607
432345891
38534004
745333940
363861120
631824514
86454431
216441102
189877693
967496417
231812056
519609397
640197680
148676051
5470045
821037071
25329991
791570053
97319042
424485233
791018579
774090260
726887764
100913085
517204551
916875277
951247683
826254801
608395384
177323547
860364351
509679992
462185790
751414708
107530284
826046910
383239222
193984715
42488012
573116915
13997485
126816420
945242665
654195165
275492472
803229062
327748588
153338815
447315467
425067631
577824048
238334046
51674243
157228164
339247132
568878794
926619794
143011167
247649947
535015178
172851066
960530651
897211522
635036856
711945359
4741807
461083766
947700933
51242874
356088130
373334200
65240359
482904551
318576865
571951877
758397023
121805928
899700465
911735838
421637747
177284448
342076238
659971794
228958691
499304403
851735278
797837486
278440549
994746445
898003785
813455727
20113864
858534436
563183602
655150720
422996147
420441761
116234487
223213432
471684635
324838969
596547633
389441347
807743520
915124498
813909576
566140543
889446778
566126393
330392733
163600878
743410842
672468972
823572672
972369533
24289727
527824302
622723371
302730276
375087099
520727157
116186003
395200963
231777945
531885957
50351684
507290445
952327718
19102523
730503877
276528706
343941492
327051510
665970053
4201365
94692361
332395981
570341908
836655491
898522374
900734642
256369
641933216
425719966
676345393
466819102
450009693
204169695
89542473
752739969
579256795
462785982
721442324
974457758
694563928
253328282
877325794
54370725
58172352
896428317
784874602
334701058
92886162
111926113
671111
97087527
59134826
185583444
519945787
895790317
84105819
273196781
748563039
578555387
698916747
424908432
45374489
148926440
481594480
134916963
901666409
60851275
450219297
475625086
887825385
144783225
728953368
617667532
51670302
787125720
366612201
836544905
121826779
459498363
800987370
975014242
409102242
860122196
13114039
929048030
608428865
97219858
202244811
209508256
675775245
901161559
634416689
573666087
902604351
116011169
561099402
656787113
29378796
11318699
132412199
769720533
8618277
713881919
239904417
60288579
353523991
606516619
896833484
327867122
66014982
550337206
155397717
327633577
262975754
168511756
256681607
871404620
265731614
311442770
80912876
794023211
65120681
567845917
367689298
967725033
536373438
928788700
624512146
418268586
792623752
609440697
40505472
801242029
323322616
280409889
714046960
676846607
886926508
463396797
4713730
805457843
13734003
12627799
133091420
276709758
181139555
242289379
630730
446871169
553732149
934059958
93410732
618852831
354422228
461100031
439094216
890795666
242405083
63606362
161580605
35028835
525563411
54602429
688787216
848886027
335012318
255350529
378248986
74455179
718747326
235479068
732429374
732481329
248106867
718037146
861707439
429246422
960326525
862338169
728633943
366575026
648914480
822044676
837944209
3336708
135661059
277038425
746648726
378066142
193161139
908229331
265611330
718724550
962831760
806914898
420126929
150360431
62265427
650892268
77331962
781012753
886371336
809761336
366010435
986994556
527798482
80234226
268757330
340641359
942572396
997391274
559732737
444003228
819435950
397676947
447339936
955097009
527231724
46505014
185679503
720392864
954734346
303807185
291633766
770082458
110722084
564277048
772959241
25503863
215169316
850291203
806516617
954057004
660052539
25043404
941051560
40367373
105277630
62325243
233525084
900366378
59716517
793257822
344369606
731668819
43451121
644225894
539282180
570682845
690730909
724961683
143592061
497981607
28768869
435225828
120580417
992007305
999502876
893539659
17511168
67188544
743830862
676544137
21245548
256399754
701587541
814813461
149283479
659381524
877138704
382808564
559747902
789371573
176066386
756633861
521040392
219517507
400859755
60322572
790200352
91590664
637800607
933792414
442088623
519085828
221534594
562669041
363609485
73553822
456208700
381120654
140742366
52555914
57664791
14504266
161472020
611768685
681834079
310755500
123666561
411489135
693564064
683414463
53377060
869630450
292564676
574417452
941664309
693424432
487256376
584381013
637531448
977573336
370689779
79620072
349175516
592224373
494805465
712785002
518294547
951014165
93905656
511553265
856086431
4086799
378573884
17558452
468371836
60407963
328313952
592038397
324413451
21878016
127969213
377790511
744024818
420533889
804724316
538205479
966474673
144497044
122586492
456522474
122070380
493276272
388658898
471245897
938016997
883464363
36547251
456311545
686994880
130452907
967864810
543081311
987056058
198955046
413156115
307944247
111879362
741470067
752498996
436292813
615864435
880468209
666599676
212405605
153518451
471323992
750611084
119993124
615821037
725713929
429031950
590407769
71506553
817690848
61653666
9523550
701155211
98200917
318351447
240666443
81170176
138732610
783747755
920742587
337687656
49420222
81203186
449567018
790890290
833702182
885859831
259271077
566686744
404975860
324193035
572721547
876299852
74804119
545231023
344637241
653034400
974262974
935045011
724540953
791953822
849215029
734064504
345625386
799932299
52415951
586291829
733618827
43664913
222555936
506877766
381352570
271976159
440597304
830919588
915382801
126815839
569295772
27170230
693502583
974271632
351363265
118740482
703087836
278683737
663971505
47725078
931718137
638234479
835286441
656259091
282704654
537017822
242839947
480846392
189466473
147772250
67138221
775601653
191437164
142210510
134995771
572789734
266703021
575593076
256225674
182085822
702408915
825521446
209256052
248427850
799793078
560619318
367168332
355397267
839303055
31139837
255638697
623537544
521890669
90925138
132312987
804595323
480459312
375152934
137958067
522442138
375441537
57612640
298043791
566878701
199823150
433039562
992184787
466526171
8632638
248410461
501128345
563557905
73931908
710384398
811985755
726241338
123520068
179154087
81638605
815339475
62810277
189793654
438877019
584700946
133235144
571190007
241812621
613694457
798859293
379770688
136136595
174300830
437383328
286696738
593695883
637206479
572252652
585880670
956249002
433401643
686807484
457377348
996959548
613255744
20278098
808945304
192013434
143798166
840615743
126168392
811653993
903426020
315962046
103047364
488126966
449197191
674237371
729939587
62891648
325613017
109710275
51544595
499913847
399609956
190757685
93609731
36816435
763010337
532006753
845581789
48928332
71330589
155475489
45887881
684586333
175753587
707349537
876599768
172068105
547965280
2768160
983722098
303907653
318730206
86769463
792034619
767927397
613523186
374490559
683335397
939136203
336717186
587396344
291566403
736327142
630670381
237692486
625659929
246197071
622215591
323758071
295125403
693546181
479233560
341013284
378132514
654987148
48362821
107248634
679571605
448844454
110016794
515810056
752752107
281263353
455095871
397303078
49190750
68619057
624309989
585042500
860271613
961027176
24955196
4354368
549870670
655625578
94563206
28046952
901822649
716778797
351805023
49464404
410324978
831038583
390477689
640973845
338542083
291356862
748222479
18113689
592717668
858239274
386440097
197986127
139502627
841535968
595289206
41209729
762671377
72115547
478768581
475459342
33142723
356240130
479813710
435529746
11865708
574376916
316093050
766204709
143672066
667898073
815669113
553997044
351453008
58663154
47487241
542511444
202536369
795709721
413141485
795254037
506465347
799581582
993240165
498484326
641117550
441045723
392210407
256305279
513161270
870978989
731764622
398820346
79735471
64094684
834350092
91601179
638471601
2959494
710322240
782143667
670857567
378507705
188657063
874826927
289687212
236144305
417338371
492223581
31854026
830479856
287477618
390835725
482577790
133234135
889320051
123695340
574279858
281530458
232516972
87441129
5025799
964281594
486261475
84761270
28376278
173127919
28878801
519364231
176087413
591717393
154024250
699461332
970225099
342681314
574288259
112428663
431341971
844142983
604652244
315712349
527139191
892129862
706548074
9716982
25363998
595868125
985928674
452160208
729914935
218445646
539601337
734940735
35243592
878379164
672218357
63619871
51507083
701097159
582984102
80110848
145330904
737008353
779572180
115556003
932206019
206376792
80501018
363547990
50519775
685153262
679260339
430175318
429799477
238324765
439892300
307679827
834192890
278337327
759840035
416624177
496782973
151957725
4081264
532026566
30336889
676299622
448162789
934360325
229913133
31146891
14471173
375244037
620671596
646559706
343316393
405393967
705452850
423817411
768941957
608488977
108970674
300718648
38664295
538770151
539043413
331072948
846449978
225752655
609410275
458806365
642376833
106193248
610764090
646458097
490736166
641100980
175274071
938898955
427977657
405187204
822562199
294965182
780431242
295750147
941524888
123747635
701144115
499494090
547565046
322602424
107983067
509052072
475837425
146647363
47822223
14880838
330236663
746788553
93149846
939646938
58111271
588043031
898356538
668875361
87017480
241609057
162492693
262291552
33024364
590470350
667478756
855586563
885435533
447909998
3853063
679476773
424173985
557513530
178970864
971739032
880115954
139470283
333307456
208469731
138633998
233646032
75866922
468870661
980434585
169016768
408517599
38545856
757059799
159390490
559937570
844077279
400999547
722430263
106368831
434023911
312900614
626363940
142126827
50852499
74273938
145979890
730329272
350964276
703493420
909300136
175219660
436125726
48770420
508527116
644595458
39920770
742173148
720462380
508791432
575124086
741995500
917309031
466186294
351571651
76699521
26123864
48165282
330215420
748554128
7050466
764239332
913971094
633414406
906366159
964823593
560204696
52346049
695152865
911168972
608355821
456969354
86388632
896997899
358256126
594915749
394109709
398176896
189605249
114572089
906968328
764729335
709083941
676793712
230915630
60655592
606009585
109555846
108820875
936225006
858109974
115871341
552980690
624597420
749285747
459346849
589421013
162006795
364209250
137090231
73175768
825081423
446575937
12080752
722079322
804832063
606996501
116189032
55525311
796601751
83277473
815009992
413847438
644877767
344320056
644763068
705533359
950329641
754318915
666870586
739070999
464945241
782741927
144568041
89542662
384544026
603914890
531480027
546550822
820640492
521086610
472242942
645721915
967662547
484323694
220317590
625010962
91320196
189022974
680536274
740438299
124816799
348062618
6802089
769694566
692382674
651565158
327744278
495228667
258400425
994614864
86816019
575862018
629873144
231384060
517921032
866933522
835298951
49401060
266000696
508455795
423004022
738243638
6694063
390666570
222567333
227011653
15677532
166403881
268550979
548730158
759358532
393367778
896792776
766160621
15578697
441691802
270242131
195839327
936920470
528642556
42970543
23736489
104504575
672843687
255120549
474941959
392293562
942935852
376859371
658294258
451391648
799863394
396537897
458085711
43046316
471621582
537613716
58723848
638025463
806164695
459970359
249900347
52048825
209279487
16060968
67627522
650971290
286303100
263466849
440408112
667462008
306437393
464144601
624482935
831797432
571781502
99424895
224090994
514717355
476284266
882385253
818625355
128664012
131439502
129227418
171710328
603061084
666841134
82950529
93602899
473005829
542920888
343503246
525054654
604716727
212080566
445198529
108204369
498383666
708665378
548612481
18362027
867619123
12757082
642844962
699416556
437054937
742269857
776023902
951772292
71070476
510925507
622913999
199734488
642365009
752141417
371444817
97942445
418982551
454395346
44061696
744504732
849832586
387564942
122075738
454549313
599645509
567274267
562753683
950545527
128455998
111366164
968907554
996075121
976639599
611752517
548008029
266210888
206538726
324031932
70499532
130125554
834957439
693413531
329860043
329838801
445554948
553821212
280297598
717053851
8216558
324359295
461558583
710565496
711924237
583634321
17631161
164086098
3424941
580384844
114631626
131880939
544267361
936055532
127956060
373423312
400324401
675964090
639634200
606863128
852512374
710133732
736988682
539986165
256063615
919365077
869824966
701618563
473186289
2638917
271188766
333919199
326998212
732747349
44484695
38922449
168898022
62115857
55524900
172322963
495017053
22672878
304203902
891800766
958728410
284676315
117740430
211569164
960640405
757374630
818432292
665669131
320024714
407937326
205655296
576088329
179818756
927996615
130223244
653005045
930635532
401412010
839440597
257633744
986675711
736441644
149072545
8090086
651073853
57113797
180413049
146090907
79786675
337133304
890408025
891031438
621809619
8148456
102600602
434966376
618039438
773549246
100635507
938064153
34002924
158807155
366668834
213821680
86803770
349408431
866826726
17439302
750820441
558783675
127589398
590012505
295225319
129178296
598102591
946299173
186292093
778515640
944906432
266078769
115648944
687830809
9626559
589974915
695979265
112227161
24941291
166535056
885776407
125576798
104599209
919779331
136900306
323784395
133601012
223704076
673192826
852944090
93659731
276529620
264244117
73765481
866542125
559469436
202943777
317161068
358284961
389235871
95676708
155707745
655314640
63842005
843538555
664941199
506333272
392034172
629684712
531274564
558569228
367977471
509367714
515684789
140273154
646268020
691985537
126390518
722488449
217694715
979334608
816148180
494224335
96095077
889913661
213282812
655564514
92857439
530443880
866365827
334609662
478636941
22073573
989924302
394995298
718128480
507381853
901328570
962679004
137066565
285119486
373764585
357560388
647003553
889449374
497833542
145787925
433951263
624224061
868276374
651645979
456075021
536940906
145870314
552170099
279370920
211669479
60250965
224744711
594629711
926616792
559354373
73266652
801206717
401795027
320778302
371851549
909176880
74623225
334530554
898759797
212259063
708295139
108836537
859262616
450260865
606670079
5050542
884212129
230894140
873326916
388374460
686969162
262784175
386761126
91655613
542155095
598430605
151906578
766899806
45576669
78523370
326254179
118843321
879730088
728049206
292137976
104097989
489742438
219277553
438628543
241018587
431536616
999440034
349855124
290799233
302217252
956525203
148366127
38945733
39935696
21693043
427320193
579421210
136993570
814081319
671076823
679148665
265028277
822983401
446048471
310604946
901506771
624819002
281964619
633753211
205384560
574102595
737851201
695126998
793380148
28996096
788661937
77433117
28436131
138517061
368232350
183169735
947558617
516598477
222115468
840010665
390807872
649435661
419431875
527801443
463516980
90508698
59466460
728545257
766008451
505514932
39150203
520031574
130333934
173631175
6301138
188234847
747733770
744152339
883361845
393630271
625664787
524540135
471063388
506617270
515573548
691812090
689787005
315648517
60926919
911902473
155659182
451734791
561338134
427607409
832052586
877371467
370632459
891519047
458433076
136640910
249550331
350099632
656672485
232400617
523730807
662973623
420635464
123980929
259642314
156513662
517611200
885307101
681053797
841190940
244440724
196627345
533003030
934227729
512275863
593929949
846130203
520451397
898181093
259984689
948058807
730233679
137356156
318691266
474269078
448305585
307848529
723819409
798405217
964521014
956220027
322136024
480010989
376855491
446116953
592169655
533369153
816244506
329993108
66939302
657435446
574433832
263566648
42954829
508661562
628358863
489401130
207308117
148810260
387582223
319809158
96869067
970332255
309681667
268076686
444601333
757987252
575925215
20937095
556392469
392962581
977157122
731044845
725489922
206528965
29678150
317659577
739898119
845922656
647652685
806837421
355874455
74602870
922920421
398829284
583264432
551279284
888230414
643088901
552605897
128328990
962898059
501991316
98661245
272579726
770068002
395778930
30566978
198509569
416716025
439475799
443988502
246389499
23036996
169478424
452918465
52715147
339654353
45332936
898637803
987307039
852170357
254512258
61909909
627607131
505857894
497690693
31402767
246604661
140779594
584008664
374933651
956194005
85999981
326111248
81290084
708584335
574406530
111857062
907093905
991122556
403849214
203598759
90028407
426886210
373077184
542946872
479601357
712731537
588279808
230755513
552554928
292966518
485267771
466981189
920573649
991125666
817188234
951976416
90246679
810484180
535985081
465180330
766678186
474501414
643807930
847968270
183085749
218214460
812341684
942696006
61853368
68707250
146294766
151881776
348109813
371888302
694828648
827711170
84619839
135624809
58466683
489691120
428591327
396250807
809188661
349164976
239892825
626376896
153657744
330139504
289377428
689642825
647836186
56055614
16660591
291644116
756540236
199746341
362374928
421398273
142442347
424228297
342621875
141253465
428626425
690731688
513141767
123455073
370959211
450277959
111596234
281942246
792485431
540187561
678193053
601674092
889352537
770602230
80567340
43010282
100741734
369944769
585169459
601094272
278516735
601830051
892738388
887573324
654092744
107629669
161487949
649051443
531857966
504109824
790304909
960484391
194841513
155963028
936455816
565800724
458757339
48052051
847742970
251242770
440755964
378452376
705433215
182624854
1570958
786000555
78151488
102312693
8461676
663320947
555923317
139494764
117667350
301178058
27068088
771760094
408807727
188556037
273327890
940665693
692665861
63632799
753666436
740023726
72112179
542638604
158340802
530869519
443207007
6083773
634628641
883962972
237052501
340061856
66587826
238623459
978578764
144739314
193452504
987040440
660576613
749375822
126535204
630760316
50553880
6119644
255036762
311877959
47192033
528364652
105060004
739857895
444513803
858726440
332397973
516625983
253881396
490738776
900011854
549604756
349338901
534640495
286084080
586391402
727218704
205188258
677531213
705797468
202443924
870983718
545354260
863020537
472875892
524405817
346297205
375946124
383041813
601333968
687824083
430233847
129698620
792884087
22608094
574212424
504126879
355006067
943354759
610524627
845744843
843366613
160129383
195083744
230523460
446213463
633991498
957742164
651401721
311522712
516055984
853845645
35022782
913926597
569382535
360415026
290848766
915679740
736361150
673890579
369530060
276701585
104124426
499228681
922102024
126732520
925957457
278745255
481738588
869312216
889269882
179999783
565195181
49399266
375083528
648234993
348129081
9075026
458493510
852047155
173114090
974549494
558409152
60653224
740992443
127791687
421068250
31841209
895987780
9945752
705731789
118034192
286647337
662372567
617262873
61265713
789105088
395736682
340010968
123360028
117565250
229280851
303359811
682760431
131196469
530959691
183511777
331841902
392551070
642005287
183889057
565665160
469071133
742298210
626318385
210063577
722606249
47386635
94421138
471110381
57332388
800152927
589144574
196496077
315041847
58923799
257761791
104146935
454660482
597772759
80023315
572225732
679569962
235899478
107502516
810766431
766859170
291014293
142608334
159410240
933019580
179013743
577591752
254607065
773828305
56426489
464670642
348950907
103813125
559091781
820061288
13661865
211761060
261722214
62674294
526802907
173162366
172952437
483466194
627822848
770725197
416005861
52564932
302811511
651905340
12583800
113577943
418764510
303598093
108702629
430691102
89134025
140232724
8282854
343741091
914061030
64709344
660928085
115528289
21038821
72536218
935589577
887217038
284297279
49828144
949891332
663616538
222990510
122843770
147082733
703329710
746085319
415604946
755894642
48896830
67510286
768478443
14991125
338791148
924592888
976210106
769482250
13726914
968959183
777765105
209984357
735536565
694990801
870912442
851064854
716029622
943448661
639170783
455763012
80262292
688998927
258170696
743878830
764505789
233530818
743477915
467835499
979616137
11599214
76246494
881029320
79109500
697241289
748536797
417900649
621834177
577263256
39899251
488077443
398738791
817664356
550578152
134275356
365171509
274006947
985340210
81201131
69971960
477027345
389480495
150234252
18542625
647651192
746629434
783048414
881182010
342623702
103400266
713314500
354222916
179646760
446860172
433332416
876888049
47913321
703749417
351238578
625176577
743648669
691832374
23915368
413829377
242410526
10707076
779000887
516417473
848563638
712718370
586389433
325590984
102198866
589140037
344133609
749850058
335769472
127182023
483548420
678393174
83098641
196862920
32616090
262745401
643723092
318464858
992149802
691636414
22214276
195904733
169329343
618379297
887737107
45761064
32208674
130147633
56468140
811209561
499081459
757548131
376444284
937987244
83139115
478643150
527127282
279789076
81009560
715413106
259487451
564557980
246322632
342586093
613937253
131455074
457847846
110176697
449919932
449997649
801813111
324650560
645902382
823658807
943029857
386155841
869419871
827754884
368819826
778404363
491480797
867901285
388468846
867925081
658404882
324124313
199084583
38048516
603913389
280094143
753461622
715917193
697168476
999784254
58503286
311105729
131239328
368867484
421282426
433675612
818865133
75611890
758326173
317283867
899270697
553872382
703439708
621206920
234143618
72259535
252127635
725624416
792677172
640596482
593549497
303598406
964720795
792634081
341646922
421150537
925244576
95108544
137067730
622413052
94892798
48087368
786035133
78648478
269471204
59833912
512324091
88336338
135445802
123166616
258136557
887232851
529555350
814092618
360956123
763698969
738868505
613083758
489323385
384062029
106196592
935389234
687660436
923433740
580539667
29307358
197100629
505784244
124415903
186684711
980713648
71825053
87288431
766748782
2989884
356759635
826582694
367830327
297612325
814544848
490996943
555748883
701777699
20552293
222357853
62733822
636767614
961226358
528333932
126090999
345288387
487046877
913996586
32948823
410480617
494536253
914772534
607581246
852836849
891704789
794265957
833550498
816046194
881554388
452815632
819036078
90830375
131914678
39382757
388442701
946459526
530379700
944191584
500753577
403448346
19065789
416003751
40215960
980292147
796854035
18823312
178096886
283900912
785336250
63562062
546897881
132388855
978334596
6995479
985225705
870039385
801261436
671292555
538601931
535332176
124108187
210154362
626162552
108539217
249537119
14605253
907515095
779916820
811313189
260785024
35881518
830378978
676788775
928613830
663187477
326159162
799953494
841284363
610060075
585289744
904846425
9474308
717678600
883181021
16469788
555420657
605736758
817731224
226713212
144338690
205579753
203337751
207009404
684258657
164393320
456546523
551380262
71908415
88979695
215209803
332693439
124861213
45588781
861998566
53475044
561292610
188157728
705944890
402576973
650734155
143750987
159939751
660208464
861429587
43120772
676678252
269366596
501373883
346925828
496079808
498228925
552505581
551933911
705238329
89280590
716327231
14301204
640660852
788235646
103280900
855870655
973445437
228142113
753975788
835444003
134133509
315268398
876118083
840078400
570361724
526852239
983829387
730301475
39577055
697775326
625938599
716255307
967141922
127312482
63181135
315738082
478057759
468203069
867671993
35812440
557483659
436515576
50113645
198144512
77267574
153394545
54015167
50713011
234053010
660507308
738673366
368186520
975775706
614791449
60781272
398653782
994160040
897127011
128955257
33737095
447418689
754893857
749992402
267076963
734722691
665689890
582815045
65296803
133892959
303003390
101109243
691376618
739518966
3739240
742037482
816786540
9650137
648569002
720015903
243703148
309076310
458689269
611889668
137368368
925997070
525187292
536022151
920157111
422314303
517493760
806410558
869732992
124903969
408919313
136809955
859626661
74609203
572141352
777439816
61018514
727661094
731065411
752395132
319696412
734804652
346948967
136482952
744454789
995517969
709015207
988157937
157110631
20220828
452563957
294478999
946217898
977751249
683017502
718891361
252581904
200511263
525301920
974831248
325415232
934221233
964157555
37558245
861346788
388815259
814998061
922365302
116476353
398579825
527276786
436172765
133384477
874225753
425172069
730355618
869743722
134187276
571029908
26854353
6924456
876110217
173849705
953142355
706377819
856867207
672033716
958959723
909894822
49851988
786307324
87826407
836589573
750464879
125384652
697936361
139280139
792899066
472818015
108272844
191478891
94802
396961962
177379720
874320555
822134031
760251690
596580630
808837660
183797950
475951335
815762116
59908168
502317392
621420823
766285987
211700952
145970892
577762062
121595774
195822880
216585738
209422181
32412454
967050618
187323186
582865167
958847109
980222252
55683183
919636305
24217495
908294337
316598267
201597215
635131244
991248651
961848905
84228226
652602663
145646856
560179562
320881131
58071376
62496954
942301955
676873715
126714258
88272847
107152129
248310033
136612079
323737868
310248566
21540885
143304838
497571752
604406053
102151947
477794004
512605588
874304604
502011499
273416277
43419224
556125066
908547521
34667875
370490324
992775748
687270538
368653532
405471662
8151669
426724908
320484968
802969976
103598623
447199227
891242823
63267104
695509260
27854903
387004972
5757826
49395788
530309810
355845931
506318193
484978109
833639935
871440133
359282714
188167787
144856410
402701938
744292853
53403932
289886165
114783177
898696032
977156703
335953061
304167694
837824724
762677969
624652662
493311053
718792944
71851889
237070228
782060049
619877501
117441483
21581373
478151680
19353624
551891184
833997611
525671817
36869293
520153898
249628303
248668359
560838037
394484713
651370297
157647243
300404997
941256462
124946772
51617381
770929517
460899834
355785075
461270594
76094155
832954090
954581647
794887100
757322331
44168227
429463501
229716185
161609711
451044874
707867865
180963335
2936058
394381828
706635152
892321704
767052078
956263455
140990063
327890116
203264521
644876713
485537359
356185870
438649527
610484131
407803252
62095397
71383965
763588327
523365991
147478121
449058769
330463990
794881573
206381101
374632217
76861426
436097286
536241928
380422652
996481503
717205263
235875063
243379683
276356768
128196767
10431761
85136575
121703182
190838229
140917448
766579895
676375588
497103319
205229423
139376072
904906571
267324820
63276389
521011250
643207163
63270862
970070020
973671153
710668787
28967473
200819722
787530213
465064759
589578003
20469218
314062614
159299618
256344281
557442297
435656386
384541048
567874058
373309314
506244230
758712288
514226762
125340478
287604228
11330081
330569901
279496652
916236652
450411073
342773042
289764255
93618236
258560256
259834275
919805741
969229044
288801748
120625463
609275609
606382859
562719818
629744827
920445473
722019437
886089108
477887770
10192175
123146508
898278180
383501489
629390739
509506820
897728252
754731217
797111049
909058333
937817470
76607701
677811338
388228543
271897095
967575593
334363131
530457352
79926220
254168872
352202748
221244320
227310687
961478357
827627179
790030506
591223185
748072652
364566295
329828645
78476774
374758470
452975154
976754954
758259960
82365893
338778127
655988212
689613462
135889176
417562897
479947284
65013229
947890587
868175827
189426677
767982532
55055310
572400381
847908752
309224182
924603129
69153072
389051221
886081486
749296603
31598079
329821023
349885607
396164374
659649669
428362381
770922845
112624823
257633688
529182805
47507068
596411815
37687369
589636882
584817343
307766618
69584166
502346924
255657206
790276345
544289953
23639738
845331655
116690334
724064843
7072189
41293463
645734267
396123410
779891302
247547223
427721490
962228677
597432830
823885864
474394698
25795212
447325061
439535873
135945252
976507866
339559293
584873419
866711587
929196175
22207114
174478206
851296693
524554038
282651764
494089390
68843992
158807854
191937397
38050678
882872697
51525938
931860494
381123317
447649349
564268148
628670540
727887191
526496825
78619722
404289407
891524
104414934
851614469
292943749
92876538
680638687
632503043
677749957
547350275
414215570
699957071
574344833
118028616
77027462
856996597
612118006
998387806
15804451
656571756
36438484
751193501
708097694
820815330
132316818
8263395
385083478
613503710
736150586
764096656
692123432
140439994
617504532
649054719
992054463
910448281
594447609
525209502
542951324
124713919
72559777
957166895
824670990
499420962
75195511
754214804
356417559
539829869
752602610
224738363
48917977
641557447
975931864
757015672
314889129
960765034
765279067
699972608
426785096
501429654
316585616
118908528
494386000
934090148
620479599
338956815
844538429
67443561
864166317
240006106
192157480
789242447
49689353
16828470
288663409
977401216
623559627
497597321
369747437
228678589
722335684
418665415
870236036
698267548
175681087
37641518
511548934
940960154
737614126
938334030
294906160
54199742
909758910
789292160
840806242
382754862
128248975
537861023
450198423
844931645
777867129
642355903
634174092
680072834
511700725
775353853
657474050
135260352
272951174
27221488
363938942
995286858
298403255
86691330
546070758
474084342
124332848
57619692
267560848
714463326
848470074
414983361
621179420
758228985
56791873
461985662
140983847
37557201
999846686
443698622
882488846
630230167
86054525
369179290
162819354
597755250
144533143
820293404
585531955
270000670
700031244
949470897
117803880
998434499
888678579
663874639
325035193
13011428
574010683
445112394
579991106
274997110
860095755
201170527
33226095
916887628
515672541
26726294
954444829
368035579
322941268
836933675
998265747
408995793
58629317
13601453
859267395
203162461
833894857
444799350
473163131
386442454
246786599
590967011
237393305
135465179
107358002
414944851
992959
533885038
860057245
433500417
808882148
720153000
634670944
694624595
489556980
2859838
573867241
444001810
370895417
896808509
133451837
221677516
158320654
192081155
235278969
17588049
247759968
69173827
314903752
720923099
308132633
561690351
164406462
398042290
549671882
124280817
812987141
403181193
658165855
673044386
836681611
467048003
245713738
323868907
14188950
735270719
326728745
588056191
31788881
697624163
484864700
17757070
919301679
643185354
209838225
7097001
513289755
457598193
76270828
828193507
31037644
236919813
242400211
47960459
634962103
792072093
172241276
300465597
47769639
830407131
973509983
736967602
149971486
71740074
60836509
164160436
659527145
240081607
752216627
691316026
790222122
89597679
709073096
562040153
732783033
771427674
569137154
98589140
81542219
497924334
926782648
112579864
734844147
169182859
160540323
222322603
813771304
332781599
522788200
861540943
15705082
348814535
451024897
165676568
273070961
364377759
329837004
932598106
604459366
82053631
476430484
247197840
171651310
38019933
809237993
756950695
809447607
378375148
855539835
890989826
876299482
782322483
3569690
463659982
804021694
16626365
538498937
617792999
201924316
61287137
331850294
217629398
262618024
782875192
383305966
535688986
147252951
713142970
320803444
604228669
795196601
797233929
851426509
819364263
835253862
513180854
576314958
644701469
891556002
284371146
388207647
620371837
66693629
244293690
936548171
723231676
260920055
475047108
193541027
462844372
388850597
525391321
680473770
503984973
160782865
63779737
39673959
160552168
629439059
212993756
617297189
277152013
10227685
321240050
96516276
845481547
834420905
525347587
342699368
578493259
809718733
730907015
51381448
728928714
975200705
987929619
452160390
88637113
315493079
645701417
403997837
704343676
23609091
84471607
60845002
36908308
767696
100518961
197460477
482723108
166029069
814757666
759875121
176256754
135997717
856391397
874254653
822934974
234255336
69470373
401428233
43974069
800377389
452809682
772902784
628094446
293255653
77579526
569247911
608748733
575797296
973245748
165608761
599406387
910233708
226453763
636314695
763517756
179489077
686291524
246240864
345518146
353565543
6115985
521774901
342079612
715023735
248545906
165014586
949279071
318016280
418959171
845769493
118393669
871768853
471188629
599004467
17540859
548768155
20768731
626289592
124565451
994014479
791898353
576488190
904248187
18352117
65319238
520282296
197841194
751610762
766523160
543359340
105176305
625155498
917650593
299772269
192695585
166196500
464786855
994491008
484212780
883746027
840260501
455122801
608031232
163965482
906643620
625572091
712733638
927412351
104378035
689815441
921426831
896276389
118819984
678191370
914628506
36655574
50990018
964986052
788266336
817513179
360861744
745958994
295185029
278512338
45731263
340396966
297225190
363034471
334887974
781437970
99296850
27664828
89077123
559844434
191630310
995720743
37932878
756880300
775649447
142310913
299212094
549592630
38587302
418032078
80300352
805732160
454687652
131290371
770718212
95470340
948803550
131579957
693945686
96504931
262608647
592193302
436901897
559833837
955227773
624306223
193788159
907040975
651971051
135381634
466885409
696117714
131102377
504818287
452998014
759268176
647129201
752210108
308860806
538232855
22758538
389161159
343965016
329962542
520451530
967199580
425432883
321771432
951295889
119378569
270792715
66420888
564088223
707694612
626254725
371832348
184517187
672559236
278873323
836488239
807940870
598275085
385122305
791559600
103093372
838120319
550827776
602738925
442846780
712204935
140971781
318121670
101366094
337453149
648084213
474333976
157169081
73517096
648621760
108464971
45412017
919414475
174885859
462016593
479625439
653656937
833848941
664142626
326216173
112722265
353147217
134157044
563513702
738269522
778232996
519123426
428906194
181577124
121862352
871752974
893782059
115350485
42390996
847664505
305319986
690475209
174514833
462489067
616508657
823136593
423470390
514437027
742551068
598356250
976453620
74692859
104529539
810302561
738835486
430745712
775541178
91982703
417419108
191571232
830252226
48168456
710694659
111674772
229745581
685073363
983427746
123527640
652940200
25818742
971192146
958260186
568810304
145706979
273265605
185318961
821359925
696735996
699755988
416427345
147608598
528725960
491120205
252138137
191544874
229955691
535400201
967086052
174454746
952819310
11173637
4706972
987766
721868296
116381744
83249699
406941659
952325842
206777340
59881859
830660937
30485838
870658397
251987593
28709169
996440354
437306554
850069094
545692702
989578895
119012792
693301300
518304855
610132997
797955789
709849729
840088688
333355991
529452134
14543434
138691653
540625771
871766759
992195771
115010419
840664855
75445471
521952078
645507050
134739163
434350289
328684339
165225001
157525038
580671932
46450522
6481744
870494838
896519617
552174447
860073733
15532409
97992099
230894941
478181758
895947889
793261022
170786798
81820232
175229508
37846584
220511885
715855279
909613343
65224008
830865698
602794551
140669479
205334128
100817953
275408642
492200769
282018644
293149995
649725807
862690576
339600518
656207552
585701766
88636487
60898351
298291852
104168896
158890450
529186793
434867006
54838339
174964167
605653804
136658571
350193676
643500388
209686808
66048955
405630084
274910817
749431006
8424635
415580296
807281486
961758940
543505291
299482256
243777584
836655286
801724415
958984512
176255804
310448319
544686278
264892291
371346670
842978130
221577539
530237121
224681275
656444545
585075460
399645443
114614701
574250384
749839119
758115090
783937192
668404426
163745174
58848009
270351784
24686161
326944658
77633271
986445101
870449949
229631879
82739037
707105235
31356294
41723549
735877392
194320966
438926179
769683
565667636
134420662
74863575
95904757
211618289
583824472
533496570
611263732
698439174
107746954
213619203
456554264
891684146
734539982
472815790
803048508
4891766
497501951
129993166
935041389
336463404
443115
17189620
271718793
560064702
901062267
165958694
148458446
95383233
604884873
1744482
661050869
591821887
76608057
609471979
803440177
660432529
142968549
267220261
211388055
103231855
480839465
667942319
994916001
67895799
140758109
650480861
72787565
490776412
780474027
860345307
679756168
633433494
730051279
951474961
46014549
631113546
117433655
194472995
579013131
574834881
196217477
92580353
166656768
125341886
702052332
970096945
785774416
845020881
89833559
997162471
948252736
570673024
517621143
795685089
638568823
510895604
298682303
563872740
854188369
79156330
276734399
533944537
565106177
6785679
337935851
463637078
490415577
455369506
658110073
69428709
30204387
706843903
14525414
49377508
832185789
716577746
871990805
470476557
414114979
961824364
320155381
214884067
385013740
837776524
10569156
23582563
201188480
161767811
439971656
55376849
93440494
569222407
441837739
658546671
428524438
779773590
122183749
918940016
87659448
632810174
840885077
970380188
192170429
855410491
19757696
24356219
424504589
744264853
494832776
838619568
706089218
814988157
53503635
91102958
505281033
916589143
967201874
558985866
78356955
259689882
466879067
171797449
828912289
908716806
682860472
109953080
541006748
657560573
28893096
481182549
142887099
722294525
451562737
335057529
430221368
323836785
359413748
854725957
68101638
706762876
545861877
626707208
374267386
599365512
570326519
879548419
368471007
390044745
291050637
446827962
502250979
757929705
471141763
183679620
519162863
154002235
293632700
60169612
811562808
175042148
393868513
954449908
897336673
845431250
142023789
180074393
21784387
501437537
887316702
942402377
60716765
433178579
421625938
434984151
885060443
991952457
167048923
253531451
234513554
458099560
552875765
736764533
216029265
24017529
920444153
735192129
30536116
66593206
647878093
842098925
241635354
41746606
649065185
138972028
739694208
791088974
171562773
613994947
145042863
58879476
556397324
205759628
344574407
978023262
640743780
82151203
822492071
807792703
335682654
909521977
118408615
888558419
498802862
334437881
765092300
271763368
922146362
795628417
338356574
422540807
490243694
579991928
316803765
139308879
571480308
56497973
782914205
743043082
523009272
780473420
654438910
79406596
986233048
851529669
909946211
479493180
933680872
584954634
139802235
121879878
346992964
258210851
10438298
845795826
445165084
628046950
117559194
367311446
423675367
455915768
789852253
913919061
35907697
106656018
905744292
459904357
15670343
541174849
55463791
391195967
174164621
709902701
323118915
12914022
413948723
85581478
492407202
347629595
670536113
484725790
469509474
17529077
742936641
332464124
715841255
40618077
960511074
833400450
407929523
236702794
141832570
50298128
3138207
30256619
9470498
761398852
490160977
877657193
155090053
545624768
268853160
329254675
108043822
591972075
342168697
521992545
677553554
834575899
722138492
200606019
171818041
44164318
70651448
914754682
376628442
786492703
955372759
189655869
472409505
215818634
278875015
466758428
118633114
282013222
497015047
128103612
43412074
839692376
5760805
51018480
237833497
127130317
380273155
345877319
571618745
722441852
720386216
101688651
409534103
442524708
302294670
581352145
486689027
225462470
348623179
715833821
11955173
156512291
905489690
336881031
372330925
36881057
803639459
490964040
318894280
153170858
471584004
214822706
992863235
329861162
265841186
83213084
456991479
646114341
429090403
28610224
221072545
1992971
130298875
630606649
444517679
285109897
211958794
783723058
510572367
560581973
499556880
375043893
717094264
257562922
564441276
941941542
294443980
220597087
285421934
465854612
373767945
757005938
680677318
219147532
86867100
799034857
302360616
396374932
297665550
583967371
277501508
518738096
585960342
260316736
149344745
30478022
545426633
213819891
666717432
908515353
774401864
18790664
136075598
344012481
276353587
700516874
138470375
423313919
921113961
423892309
889168531
147398258
180898247
422362201
366545791
120281700
221397058
521422759
516656632
519062609
105390131
794158140
37800705
691350473
54474876
39661802
574344847
452417862
253481693
93578632
360933215
880399909
112369296
497008813
76928742
388722883
50042039
215399117
812036802
971156000
639291426
553721685
118554258
820189674
976083887
337616401
940471374
49997297
859039161
309644358
569059906
964429292
103802498
459376963
508296117
10793727
351555117
935157317
463211589
605036810
28735949
824144804
337953072
141105245
173669969
414881814
382344481
223712008
630280932
46897635
47384360
269572358
600619321
165938618
942278384
576703208
503555020
735266110
626700505
215110533
44910468
48276764
32056177
1229319
360170079
540352294
12023046
711725197
328025963
475234635
169278359
356761912
151895791
507231431
350383510
325565760
922113246
732727991
401794120
552394178
779625626
449178480
674482888
380244947
615117098
616761273
809464507
971188470
204543735
288681365
186299003
249454204
336958129
218355180
250683523
697128208
611223827
262706569
261369757
939249790
737941204
430648117
148528055
889836995
937879548
498911565
67919107
859992794
231639556
469713227
264903324
11265182
918891707
939386213
244026482
386525157
408663838
53490989
210229980
613207573
194688706
396528983
715178129
531646835
467400516
965861652
81291396
78624343
81084573
342661153
17874133
671542129
773309270
18918540
413895476
563705171
517830105
481814583
276214317
749469661
804044162
541117642
613251196
575452221
333020207
709794030
961977379
594200397
615801371
24723711
59924322
810490078
421252694
775102452
194653265
888653210
593480456
275944661
819793905
674565030
471122167
690184391
198623511
96947789
709102931
612518988
660652960
226933037
94333571
936867278
828919050
750894086
330501272
294686598
326346307
663521479
4480628
140840038
110238228
620282000
165563749
170162550
283288430
439332796
945265002
477941695
180502358
538745459
753886357
296264
65826841
77524876
690480655
264450352
174472665
252099938
876969340
835125626
479032975
823819264
771992904
160468378
427229702
102494176
455154976
753576009
618532007
459635605
746932400
728770235
932433957
912496149
898932785
215722387
204345297
696714140
693664082
384847656
87975951
300066791
385143920
153802792
377591667
928140927
270769496
552064333
180240865
255189
239706311
511790193
824074453
11699215
672258571
103820507
966709743
127413547
857396516
437758102
439565504
456845268
19044689
371999461
221857770
770493826
440238200
426203067
467207966
133902283
811050723
555183917
286485426
48710995
561503061
516593446
976851922
832272558
68657779
9609140
832527747
160880442
521399333
509118552
25096009
193657904
612939059
991805752
173587803
322851927
282080206
613153308
779697196
153641247
985152769
1554966
924135073
277907322
427758033
243859392
264325957
91325109
799043309
550811383
140036104
213062723
67404829
116888027
45335281
988578960
126497167
877863028
1975754
647896500
239497932
27071763
694070756
852436991
18877515
867658559
175288918
153474073
480811867
954986114
307115320
318480989
809057432
83766746
596388311
89331818
327626138
860714268
180656927
126669447
264042003
320693031
192248522
183963185
437581058
237583803
25058497
416594577
967963183
27034252
64491077
207461115
54106015
611078185
59898106
925499883
478736745
87703377
78973956
812064964
895205843
238605629
130545953
704263276
322372375
579450616
793595094
649998513
292681236
974252021
629184312
409239592
147461404
821432835
593202777
585042463
911532990
470777626
1637040
879496174
497811878
918644470
939473641
404434246
382239007
851888100
329934129
860975752
939591477
261424437
525557069
687313672
352546418
508619374
244093300
674918793
88069991
37688394
177433658
233267579
864456767
659134323
642507171
11918172
333083510
88226300
449476987
244616500
559003927
303630379
976629026
909332157
74791201
916102668
313766403
457030209
620507120
496216884
170522313
412614949
757641322
696079382
99928621
110187740
57215109
344021922
637622886
145285100
234226668
667572896
231069031
951199788
326707219
726092555
815634312
659790729
814318855
117627651
756923582
225839134
421258030
733552608
135171292
348565584
502171628
301454047
805595793
122678748
797670932
828634458
387810049
407828606
377230193
487738671
370532698
434445302
684276945
860671936
432246754
918503613
528244833
663315785
722219753
707468404
241924692
537854065
219775486
56243548
655481716
976699068
134599034
929256099
562768028
122286678
277821683
64939657
276257078
935933828
40134757
73928010
764568286
280461159
334272968
141798479
768199830
557322018
428760133
304993127
417993955
861006887
76013092
798755140
376839025
798232846
506223544
618763717
188603263
725999030
527523617
844084980
555214450
662122652
625857431
117982479
636925682
903679114
35438488
913182760
692129294
928089597
839627122
309213932
208550756
26416442
303528764
829266938
583738461
732288897
134260065
1732416
593295785
210273158
653003908
970134810
8506004
11743804
441414879
49625619
737742835
968938497
893710599
145473637
483577501
372084382
263456116
120503183
128279848
151410956
33685944
820409142
79500554
725829418
129623075
140567662
752245861
433151839
969834601
335984322
17957088
104094666
190233090
611252873
166884176
843236998
433904035
27906532
854980802
875318915
77532152
445239989
696773764
823759103
590713627
180351265
195843486
706686095
153370800
324123334
858097052
39573096
144532477
937597606
765402515
126671904
78165268
517648376
412340095
900516221
706149050
430297183
857127240
896382140
41550057
24011416
592135490
327970444
904434301
299632644
55805711
981966453
597388986
752579475
658241908
40618965
785447092
854085394
747305060
938817893
30725081
605402112
978390989
27773910
395516070
743793504
6962166
326197691
113958232
419302261
79230264
820107282
849599444
936357504
569005774
743665853
812885273
13657616
71636298
717319574
165806613
979958361
551802379
763195599
585054189
62560639
803814564
370501281
916646034
551119624
161835526
799887467
9038089
140226516
827661377
257070511
736536372
834623543
583268202
850494605
106442156
662498467
523118239
956041600
451372323
944640366
699707454
264257596
958297982
623860104
834093522
124104595
456334817
238412253
739816546
41389006
300972893
543631110
264406640
70135279
947267087
426242166
870022746
956305176
566468682
550200475
65892039
155521407
237340370
649160242
6016012
343782526
164175061
381650603
299824126
615547384
178807321
852047932
732321333
137105304
328424388
566414855
113726251
784759206
804827109
706059150
826148212
105800002
102206612
90554852
28451633
49473699
369313371
898474379
858295227
935782053
448674854
924187267
91303460
686015224
425863861
949835824
29797750
590038922
184002780
182138228
58102658
362810101
34186161
790423991
352431757
215126901
209355199
318674361
999886107
866698660
24733511
678550672
825015014
126940123
621621876
853466647
28930175
990935247
751941026
887225402
779233653
53132232
663929021
723053465
591663808
89792882
525405642
473977910
532348156
709408422
656116138
590450815
924734875
542818651
233391158
129682985
757945553
295262709
448357346
610348012
161961369
325607209
288898684
986976383
305063684
910520561
692959382
186510211
753972160
297416760
73735614
533205813
350548992
590180987
108775631
942212800
679973870
634181273
268707062
64838378
196106047
924823201
655289193
120840922
320158204
741196704
250523907
930620109
36459413
551397605
540968122
50937135
877004814
682383158
37913518
34584851
445420071
583389253
221095062
199392232
880806013
147347028
585114397
83871358
737528016
693890028
26084158
270018238
328071301
147307573
334856616
524177348
72130774
842662162
497534623
244805330
583858866
748058530
27941792
472834631
151972488
568909914
523771766
28977302
103809424
414201637
916078505
549229496
997590890
137173568
748621728
878396903
137036948
186252477
962268261
727081316
880142506
840868772
997099554
60730159
988176345
184472523
584907508
912823471
27134685
82442131
10145153
463509903
683017013
38086945
936344534
834989501
459513211
312632653
716483156
563322636
726834290
485078013
112552132
724425180
474767933
713690212
455338435
611804882
899942689
270123049
191402550
780085195
963508173
41018457
840815355
804200870
225490980
278239215
569540693
105142017
213197698
579685846
421168272
748731063
470289144
210029158
436236917
929802355
522661811
5236425
493124991
249496101
490314438
458193475
826437633
965082372
171883687
134292421
429403606
71826377
404415470
620806156
704427924
220439995
661824613
397759631
24640865
887315593
528515198
594181558
844973962
741712896
26383756
266142234
342960312
496672900
476171393
779197229
278991608
998833204
784433654
772116599
100845658
274748092
82826427
927283291
92346816
254710114
61575712
521750422
179052843
318507534
142556579
735997120
538947529
804381192
133756751
416104746
544213138
514788302
10286304
241703452
109017550
889186413
507845687
451977862
238375665
836533432
231175091
517367273
687882988
15608745
142000225
788728646
142873190
224826652
568528290
235220006
479536766
482620354
756970429
511105962
653644241
752043360
247103082
45108122
408940904
233376185
461212869
953154042
748164487
324015525
47373847
857182038
213201938
555219534
161676252
451577604
244269318
392851344
968944877
932152306
260976441
110945102
573397305
256365983
188288106
141925595
491585990
667824873
477062301
101072771
31447187
130706542
853116131
278550269
28331017
114573387
364442806
489543886
67727430
112607294
813559411
115101277
822305684
26761350
522837163
983981936
330855306
767106481
229349632
152316535
551775139
342842426
115777990
125172444
599208409
304066096
119614391
90794399
824407321
449193045
44383522
855854508
432415939
750016005
134404777
460746956
864589393
351363936
950290842
784833175
316487582
763850254
752450804
138793266
643127956
127804319
975291554
826499614
894910800
57157539
978816149
299202291
399999965
947110491
424374736
999208374
103692940
396505479
942519126
928100261
845698524
839419000
783954770
278114464
589435006
770875899
738861420
306540751
122239835
541668615
91373926
291243769
158035221
843824730
282553387
801163177
971629049
110361294
480179143
719056201
167518833
311511644
18258492
420035150
258622136
295149580
271759876
362315076
691655060
66795354
142931689
389869936
906214355
926886459
667984400
348165713
550278711
259362173
654706464
525034898
801030788
746080390
816278668
959066009
442421472
98832055
612745538
266566873
61709701
92924681
838139426
229228534
256952677
708914270
649263684
515574813
4063851
921023561
730406241
548235263
987818915
873337931
938105199
746549622
652740742
458605952
94715335
55535805
570484477
749421799
580570704
224031617
348018541
249365724
35613978
642956365
200714131
648359516
909523238
262423833
593800549
600179016
344168719
850753226
309093287
993432404
218844392
165673490
766972317
949250633
566425105
607307584
675104916
357046656
206373559
327845659
815652608
301088894
383381464
238653437
903027046
816468520
462685054
103561939
65834244
498299032
746518305
119064728
146658548
508557895
234004913
592975449
108736912
578173632
296245028
270346551
424122388
367605772
436020041
43611057
169372757
2445146
650918642
844477674
212008154
857292201
24839685
27660763
10897447
408221149
118830552
913924493
77206022
581515607
17486433
143040266
79814639
616521090
114621346
78989540
125078985
348626259
524481341
86332249
926799892
820726369
356678800
203438632
40848493
792698841
247049690
210221251
647660339
897968332
54698925
859668494
607776885
79538610
739845609
471190684
340276111
858676161
237631530
417482133
292708120
107634315
413038752
372522760
724155405
527660098
304028652
849234390
728802710
828509993
935566640
508118954
501752715
144761792
711557586
542601208
937460634
958607276
752822459
437637325
709091960
807521384
149822171
169385197
739576346
742184132
640575882
79852458
453376646
878207412
497334591
746084766
985841727
910373343
118607526
709997132
290549794
275152530
411747874
19352504
103662524
199830866
379987810
605415239
344592659
91545396
532799
134569645
50152673
753355259
424723322
611760985
413392995
574545494
781146183
152969342
169245978
421722065
85338152
622622624
152445829
582672743
368707391
138287556
345562439
339831269
700801040
488628585
614983800
112548914
360497441
571162676
164896133
740485251
29094267
362005144
832030647
29627066
496574789
734699672
782982325
921298111
198977010
196375321
348359957
980123193
201861015
517605936
254361610
287199167
140228560
406807439
869871910
361452303
545094995
67950701
553799925
98412387
556579286
21300077
63477653
917076727
592462753
228373786
510078330
621557020
590378930
194625330
651184086
939470071
929325002
434166412
713284535
128302012
483058085
61644492
960941557
684919100
431766780
215303167
972118267
424511693
622110606
694506529
638480348
19721953
762457231
192280273
118134340
171552869
213580350
181611994
941145949
806043103
262502132
451224279
280116475
852881063
645849609
931300562
644867486
427690964
217983326
358152021
408509328
701041411
272312866
221967238
385960511
556595998
437270405
210595130
981107691
911897364
905101659
472104392
931619317
520075242
664384665
902270010
691628112
730481368
83882004
485290413
389040823
198900488
936514692
669157299
51781551
434880654
600457861
549165390
715087970
818441187
907317411
123597298
371998950
32146629
198080888
757959461
588742628
635351294
968554591
422366671
399765010
726172602
894471063
183900679
246247845
411372081
86170689
790392309
141853449
22569045
275682722
383410624
221469534
64713766
52567923
125767437
352110772
505542136
674932827
67198742
176499675
434766591
43312393
548498625
319429572
241393281
158974438
908172200
729260927
127529029
183055224
129025937
706217984
930042639
312926617
952465829
193931072
251613658
595374490
188300873
274182704
871057212
571711498
348168590
788287330
624279421
473936027
140398103
129821558
1385207
60113197
158837585
288668150
103425590
707336211
608097722
197335224
866310649
368786275
926596151
846356031
551841499
55622089
552574015
334400490
221065058
357556196
528331563
472678716
952930686
716632436
599377772
676504250
288343934
947546362
317307932
765139708
273998742
457706035
747477618
275383949
517819233
906315203
564052099
473761175
613651414
24666173
671096399
332478416
393452448
597692551
178834447
945293947
505830992
583924814
132210790
579412402
941481010
660542353
52091118
746928048
377174789
503985243
275948650
518035076
451531605
593256582
283174784
725530347
903478970
30652402
853430648
273814555
789483957
269999099
747575730
255651724
294665273
418672130
588130140
688117721
868881033
766964587
485928021
227228377
203405753
618138811
806640779
144886763
278681164
711248249
744331163
508372305
215233492
872796165
26407381
519281450
318569099
162098517
97328149
222048069
45267271
950758798
495862624
834751229
220757897
95954707
90402953
515423170
514626837
678533093
56057244
236024222
298014032
541985265
463252599
501419785
160124076
269893378
498822900
291321592
981141627
95670415
799693897
48891472
968466580
826101279
568172922
139552031
988199796
665501071
361600101
33467068
468776221
709979077
720734649
689534119
805933784
811137602
57473641
173076973
342187047
113530885
409101195
492717431
655516150
872353794
994137216
668156578
142247172
345476468
959478170
975905152
293663235
759172068
877312976
114646167
437789699
298002250
254198198
278505847
963503321
615798299
164489267
284795895
178293729
885223916
974330014
984227513
548877870
884320007
157304487
743581269
997850893
566405682
236298700
505883395
291275829
82952268
26556326
286039353
280945088
986034496
114460857
574608323
597722916
991773833
689254490
35512615
289776083
943452689
166534815
105795757
411767340
183540434
390591652
590061069
68764351
217438018
574288583
470158573
101758025
584109422
66256195
952125270
3031456
302554895
310525018
294307285
238023516
337081344
580346639
518968604
175632192
694807496
93576928
773355109
686581330
782831418
661384076
828873765
578800459
827918891
934669522
990567800
11459326
177777526
580628869
932740029
247731896
7433804
255414954
202006274
591543226
321671149
6647896
594574683
476742397
317172914
888881968
714765913
506770610
321744959
233734517
682402803
16552456
179827797
455757912
555650138
962659216
117141988
384523903
393976027
797577232
171709778
384543827
661552910
202003656
817689049
446809291
449735553
825122853
554740597
651741827
269182432
876411747
658389723
716273467
205670496
975562638
457671787
920436409
334849600
779416747
6687278
17252403
795969203
186515076
325526667
204135693
1690644
295185008
588659596
395666671
92762240
612885726
780210499
606831502
814889383
450415900
906157145
264624936
128055105
460897742
916366763
397237537
189825841
427272838
113511004
395496337
255351828
423699144
168449098
590201429
203115891
175136377
607453832
851601446
361651453
932980500
55737139
363342097
80681860
496913087
759008768
25960452
109798814
391735619
632791954
924688197
842151519
391465451
41829485
970206625
852363193
810712600
219960514
894705387
237985438
185987871
142718076
493337267
609687015
311167175
83538696
812802906
486303552
543508880
516920704
847955005
329005732
572657843
211297102
409687592
69570930
970305870
435648044
31886096
214557842
920956350
809090645
56709361
312421801
850920130
26915986
17301347
514149082
99392853
912006734
752134521
285380724
54724810
97988140
895067739
218408337
34043188
560386997
704711889
430068420
77307701
552666894
759074153
502481896
616480348
21278097
424569178
439302571
309442494
456455275
653860413
230398844
118062272
710569774
395336998
968982403
590002113
412638345
335647837
689394966
177161431
87782358
974775690
84402593
38286850
722359781
302810931
72330038
282746778
7522820
354914811
212570831
412706067
113988964
715052727
29186415
987783413
139621905
321005338
297225907
448593532
974865751
380141104
566655805
537951878
775478102
388154560
127953991
40632799
723802397
669865309
217794230
664101108
497157351
154713175
702387958
72033484
457524106
627234349
354780262
317563279
982149160
567351093
582785698
948654476
134920172
464488465
788954241
274542077
785493804
86180149
723135610
760359555
318837605
142307767
150827785
94315707
530462327
131298128
134948506
254264724
801163437
205259088
918365832
150837140
359972263
473270143
222870624
817496370
953020844
430167238
987576001
787686356
997518331
570361699
588857184
132438503
34850164
377811425
259496933
672860320
316507926
835148895
285736228
635345531
977456662
436564013
582177590
507918989
567862142
717126096
614700065
221541931
922385184
385582250
372379072
134873800
858852393
447766048
952370170
664389589
877933287
792462523
452075945
727967970
215340574
40933129
712922826
102707090
271260906
972419759
775567411
440285185
660085006
61303639
75630716
637541668
497867652
510324659
997977009
65729794
79967107
612677074
139788078
2352292
998259324
512167150
137226092
709628069
959933198
942112614
226534010
690382837
587091489
678609955
418350808
802432063
572059436
131273634
905139153
695836695
956209745
680706564
136121880
468811103
594526555
64268948
106352771
92394208
574593607
956846132
10640354
654560715
422039558
2944784
509429359
272815235
515111934
499171803
982443304
327561485
293800769
61493667
17944322
880892258
740103622
288811482
535840673
164679411
272601468
440979826
860516106
81327565
974202743
849154338
550138668
568729298
913423286
509007791
513639858
340533246
318370275
376796565
847610313
740409834
379741349
209556024
13225069
747369636
708727827
848184725
74931121
855044948
909678392
945391795
588453558
502298367
86719630
124294231
666977778
211837450
417790409
380010236
293165016
391993152
81680926
695820036
813238803
995104212
57344180
179395013
188153810
375714455
556191578
35764123
116124289
788449280
97836499
129349358
535818916
806564326
830050436
463266389
514125626
739728828
261174536
102579184
94543547
200410518
79389767
761521325
412247969
497180177
994047913
705412985
889173329
75728839
253749373
554928484
923349404
311093553
734323498
111503214
686808009
143031428
999783690
802932298
931480708
97620189
784798009
319815976
756700868
467364797
783082365
123342846
59609977
896773254
225922031
154153525
97183772
305311798
915674850
509431741
802491975
762239116
67361078
544181657
837967955
321110452
99110141
613833711
632204005
685949991
577853278
171528366
828981420
430153320
974460665
760462128
380289861
611775026
80278105
136990729
79139823
715876822
112849928
138749800
465166428
338771959
145419677
562350201
496600109
61094528
924298294
151608437
675849996
991659373
695790094
366334303
165286177
647416587
980168015
650006534
185882931
558021293
821534901
14864351
988174613
648511918
627842831
220980826
112803296
560637288
210487908
44459471
129030463
323337836
35725623
594196891
662109795
181145301
9063444
11226256
94756181
933361739
162834693
770606177
777537464
858624787
136940480
942823641
358557727
117108495
445346527
544440658
527646140
266881428
411821361
368337105
915393346
39664192
589317932
28196642
600301481
799805840
72656113
729331944
123143676
108381737
176045187
637769823
142043390
185108632
648996079
236799571
118470371
811830773
7405748
896007835
522971912
144346228
691347828
734045991
113971076
136694355
131003001
494133568
256092136
542824362
714987026
24001834
582488555
156821310
904714829
35306388
956627150
829887294
617154684
932287178
790785383
793199871
422573353
932828773
978308503
924085784
169628344
96778874
588432909
29550444
845303061
111404822
26413025
389167241
697967165
140384101
378377949
828970167
487034021
486986437
371794529
54537399
510988271
806799436
211358709
268219452
842105824
20502211
98106747
311776860
952789389
888892130
104976732
227879094
674237256
83285235
4481231
843865600
32580462
592914140
873416045
730399875
556835314
899829070
972083469
254802480
892729523
202977770
83772647
232279896
689964207
308083528
286817296
53468830
114882965
498176005
321688283
809505141
518678217
419795030
121282002
323983958
161203512
78775086
404379405
835440768
14576673
408860636
531822721
899673487
1774776
257755118
482589715
558610091
10100540
454673184
665928923
755346415
657650954
602217922
987626311
200131513
910301450
126959959
253600343
877700767
477652317
575288626
539722261
996330534
995083656
513520615
172830844
8803521
444812053
577210249
696760641
459388726
986070885
81099714
211578566
840362014
338854832
694168281
251488457
201471724
1357817
917417380
956818139
659008771
519635302
796960803
859140284
282453104
923920762
112740627
12670224
254089431
540545606
404908837
102936317
388145614
918429452
275767162
396949135
215757857
705493763
93709777
675146583
544081001
27325843
886725149
384443015
366180676
433409782
635931472
567652400
434767599
405865204
376986892
93776370
925500506
173947695
805433006
60469962
950384809
770689986
73140186
204474241
163751944
330565375
307410558
551897558
101511179
435694072
948846694
317269036
141187836
895072823
992415620
685268837
922398666
731657121
922228204
141095694
17583256
410676028
561264447
452350855
816541232
938251339
398643578
594558090
112199034
56592936
655028052
915100195
827282922
580684591
119574436
991034866
911249966
279501347
395448777
12761146
715195419
196811823
182546534
708899607
91884646
27478506
246684796
866799664
759135628
168913000
860411711
776718884
579589028
421676158
81586091
248646612
212443849
480229669
843204702
177159235
536822606
350749107
92259430
216621880
931433698
64350219
60173099
695200016
196367918
455621876
560477514
911563337
652433699
743024049
472979297
596834697
770502555
719664093
316150713
382154535
888577094
176562424
11389771
320682474
450754934
92975863
569329087
663198783
573205532
265050141
840358018
110028138
615799248
932617449
179166371
399749298
849484020
239339470
94949315
45851938
694961346
507943181
809931627
347395045
103483582
282910924
944229742
726502490
2575018
112896807
108657025
743668464
289459232
972563149
916867290
740214166
65539012
338712729
255929302
491260896
603762871
96287320
453805387
219562119
881421121
632971758
619311418
730905141
872311228
566777085
629273431
419788926
927236618
439205059
767183971
30720201
574632335
563930065
609739043
429723705
676826872
570912420
25908521
818802456
543475569
942775812
411532975
461530933
281488541
667462277
805308182
885251412
763749597
111629921
957329884
497687071
744601679
429157654
81108564
469429259
995934739
710381996
889218185
775687709
2103407
508918508
658924262
576735742
925364925
268663305
6459448
454708149
839575726
32367969
273510606
235567647
975143781
685043581
549614933
109148675
205022210
354923115
846916439
968771807
466553036
804246323
318975230
63671067
85920329
400083795
385616678
81855068
110465791
127351215
710059130
112569198
636269723
368983392
689304940
414151000
490163050
548280740
868859149
182255128
580648710
142369755
417822775
408308843
679929688
967437708
369973870
884951898
174877175
216890310
706240058
493946563
873652985
25215288
557617630
959573315
277815435
943234308
893944735
388281226
70585523
604003865
353366776
559371598
825503610
42671717
973522598
315666660
443468809
694898100
497921788
24117519
689784207
768260915
284942715
222230248
588214976
654916585
107182146
763092151
724323247
665938556
109555067
597976233
543670197
667172697
410065900
821485632
462923358
304010635
62283211
386025233
760530853
415649987
797913184
586034463
310838056
623952134
754217475
754306866
318850234
104655615
630940737
8634442
872916530
768399804
83381042
461131506
275832742
43079540
76740010
155989
709018097
186295077
450648574
105204646
705984126
860714474
779206630
21423836
17241462
841489841
407449070
777772315
109656181
57878606
216323130
273010589
681830740
970540605
27317455
680975
75196220
510774545
861831769
948112750
131690701
945212811
261760609
407523443
988292351
191016971
407679433
549826800
377312048
858328007
507547798
83296174
571558834
286754429
104720011
588800296
980760622
364685433
366572611
90416803
422564039
582895741
215943745
104394779
405952698
95777552
957592106
481148918
606552097
671940227
281778020
738242799
469669390
396054981
145766242
310478094
587071952
405962027
712821246
964384000
116806387
220369045
900196527
688365221
359639826
857432890
129681869
340400448
74634675
496254480
283333604
349715066
931666573
499277349
306626197
337619271
595054901
116734656
671284541
54123351
788674883
953062561
644882502
110860626
201633895
643165096
273855072
788705847
49127124
986676318
605606200
18449863
59561715
358319079
559331436
419201541
68268321
689013305
759601990
142902996
37784137
895451946
492618062
969450710
247245647
799244259
159586333
842300548
915978915
830870874
748940251
557170151
636449787
393822753
520547129
838083682
36987850
794402201
626789530
938631326
781078519
84912082
809597541
840640235
443231161
368928977
112358128
511499482
57942282
871960118
654402478
95726419
619928416
999536892
917693481
867174063
651297503
77279814
561990964
419792771
908150688
310931215
976962922
397116827
557270321
350026403
235200510
446774523
144428604
714506392
237922201
778023475
799418474
47519742
471180062
242649635
268965071
583538191
754149117
179423705
308014661
261067947
127666476
927943078
113121191
45359957
795117141
764418694
122639771
209624457
184211465
883306811
520555673
13690739
132939990
77825994
363717142
368140500
377116869
360662098
82646892
615039070
138685574
734581718
662558812
609865636
977231353
931523883
45920179
583896822
110947588
353934841
697481121
91130416
281877919
810602312
136490373
929511412
575021007
111646496
139135870
611748824
847469659
512207895
625439564
980409649
442550241
841673058
201066502
819667110
202335157
136229746
434706180
193537083
870811465
949781344
803402719
700559170
733821579
849322899
136972345
697285519
55774092
834453466
788415935
337652011
645055779
924906308
119679775
72593138
889069156
258815645
684341962
736538815
771023540
162297878
569464816
66090133
3970937
770531318
885757243
58822446
906761065
172979775
252359529
777572530
122761119
908278600
330648052
856582698
610117851
467620397
406384569
665891943
302073864
194800504
3543954
799645995
972223164
123223730
872239133
861292320
234555727
409097447
450347487
858095620
423911678
19812304
924185753
280398967
642859974
809942997
339221413
549621039
982922772
444097294
179709921
958200244
352375894
510357974
667299294
962493746
977978371
73683864
480902041
132568587
121000720
336962348
932214582
93223885
312702430
656970067
807032557
547258157
918583867
109896397
257870129
342495545
129708701
182055883
622894512
625085027
844515232
814632277
27222419
679954356
258729571
206932340
638154600
463621817
569806666
157970247
278631915
400301390
231654111
759533957
532869977
352654831
96496305
317600912
298395068
409198735
827087331
105427626
808973244
745671198
215324023
66843374
940683095
197549076
101415609
416093959
822634103
945930841
230726236
849856522
625885197
341972159
909305215
116556150
805593977
479111881
274526397
84225892
879413271
358696860
843759849
264799601
711351691
792772506
434916865
9746760
54487593
262004196
967690738
863460838
860191747
35531113
930304212
800874842
233080189
31719821
69485154
908230644
830167014
300211390
610603519
308568563
642183550
519908734
425124713
300293879
851536967
552167462
384519771
583466591
910864322
80795973
848266192
474732366
873568479
135699409
336995478
928056073
397703605
304686216
644033263
110411704
340217329
426853827
911286547
425813870
311090000
980771701
334044514
141257014
133499443
944648033
449825577
628199345
317073119
727466643
928493224
21126439
279634105
165529348
604593030
43014780
246325321
305375574
517747146
972410152
441074983
854742624
752982577
838778588
11945192
397015840
949190293
352162521
823869667
712993192
777976391
134959667
546281245
964537257
128733033
532297040
761701643
431074963
160496386
78774762
158541606
88989610
99901201
290692063
107035310
557010583
333706843
353360631
862386157
851453989
178287136
303461140
706196613
931269713
994756081
718141805
180801906
796462726
922820678
4671573
361972270
553313421
992147593
908253515
517850679
973396978
293066907
132068674
404471941
453563293
63359788
415529899
395069256
15777342
706221963
502104566
572787925
39928806
707981550
435174083
891382796
886268686
591151575
450095761
817538399
585907656
20753919
998340305
234886734
943574597
855528231
596859004
349404371
700192176
357628871
867255050
526105506
650695779
999323724
930577448
104259072
62683512
198623699
351844680
78460854
904845662
706465599
503765132
944774469
414447149
938939215
688673617
153232187
382607142
991285730
970770586
968514799
12039649
821627244
55917885
808130599
529671827
652776890
10051322
82380355
10405761
877306372
608485861
661101540
729146448
391579661
617876965
644346312
590203361
822237997
575323519
347565375
528703596
79088651
144856196
795667097
870544218
833529813
948899284
105667712
677331896
772186223
74182511
541887897
446329819
130100397
202534848
976001646
635393639
212586170
910898353
645799400
89892542
371900566
159417293
671555342
763480228
629810610
168418007
206199941
452048607
596257878
553765316
833268556
527862881
698621513
628935653
250923451
384667678
430351290
356591163
61999574
202537513
283290027
456403824
648867332
265906776
658938672
477385330
901300415
871524843
240800035
399616167
813933737
612700601
559033460
338005432
228697181
41360422
506423439
434897122
493409030
102681317
841178791
179193938
483060550
392316656
808129591
733984001
776984334
90997233
90575164
691500261
293534746
373865191
420437
794918430
639771967
659359109
124820112
393588734
530883952
365620147
793204902
197334042
978320749
204754714
535339474
207017930
246115137
41762913
494431405
739524167
996960582
335610196
918718105
332537484
727926852
579364048
66521485
357427538
670361282
9613001
901444151
816412380
383478193
901864588
611330811
875766512
561223698
736150923
269355247
944624002
101771071
62560149
141958044
932608172
119831215
677297518
139626102
365946352
571576783
486573859
105470519
421053717
822184055
876704976
753591201
402627259
308585377
672629038
612571150
831463011
682242040
514015301
647875391
65720233
268396242
111722554
794003097
829619940
700389830
63358344
626760294
654677253
978434845
768718339
587285425
98266061
298532209
579427879
316728765
722625345
66001739
274715637
143679062
740702146
3936965
749786616
995845758
312522342
274932006
608416908
143985353
957174046
974948561
644377097
875410631
243344803
608616003
669413729
925481095
309005833
585288425
552241390
963683086
416239623
173476081
403484863
367022036
324524642
835429095
683750801
47149987
753947186
958466438
43345402
347165684
962403404
645648370
343011442
127442098
920580376
803944702
123943804
877754423
778893264
620837253
605681406
874754419
229453256
127611487
800235515
390975442
712899913
204993257
207174880
981655888
230985690
610659744
201194276
555510332
298605191
884945077
602660320
52552377
695927868
498522074
399718061
510847624
144170444
595245856
490806074
64750820
399190558
614749878
795021595
30600174
88103483
253219354
905354594
317556740
380830841
558106461
708532182
93730754
615616070
915707062
927902994
846601760
378883158
129097270
402112092
677488349
866558700
857288764
582557078
415002920
355810838
982275140
925850544
352497634
430037348
269172970
269764807
829227906
883922849
64786402
712344433
972026332
170522108
470215379
142099424
551352950
28321840
703147958
497600056
496454262
471371373
425503051
343056022
850254531
407116673
597684466
380259233
273675373
454973231
962816311
688678293
663300421
797607803
467045189
15798056
80161503
736218160
285562863
909389410
472657361
202865617
474250195
297200045
373387726
944465574
291815822
924740676
825303766
994963780
274857084
321758028
466335153
700360135
517330402
169106037
107476809
115014868
401881622
233668534
422504451
217214285
774863180
85804873
14822089
94424721
101602929
94983592
830642881
239682144
856889354
155816594
295064113
183655901
305532992
668451839
128121475
597348814
445708867
953425241
592312594
720565952
127699621
911164100
273442439
645030023
80270137
233435600
612561244
334668111
319620487
35065695
551882396
94483667
120870568
419220837
188908388
74989849
366720782
872067622
167188345
76126488
27884216
462252459
259782390
185933560
983220650
387903865
783282374
281445870
193845459
228111321
2011822
174061432
139275421
127970613
819091456
72061910
213922566
284169052
406730021
533543053
319234747
958612417
628026720
292621668
230349607
669451460
220127869
597070389
541519082
239832567
673196877
421919651
702085026
932979267
607853211
537822028
173399485
243651938
819267898
367244944
471763259
673796072
541306376
611038680
801766686
212914184
535616942
15689252
497083236
942346963
401748657
668834336
753475732
29775377
961456004
983825339
551743189
34100225
433412080
93262272
273932792
106608958
367698275
828534170
39588225
828067838
366356199
65504062
71719776
38140449
432749006
543483035
711936522
826571735
7038067
366219560
39485919
542655009
234425164
389085508
337518324
636173821
57919844
943510409
518465550
871892200
779852100
70208739
758508777
213264181
15987363
32441570
172389491
236201990
713492092
64494068
64269829
79848291
129998131
135989605
117988741
562747137
531988993
682441615
241835224
391543412
48661175
133837496
934198422
283086339
522923004
124233098
919260160
433359200
67743507
290242062
157767752
700111960
360450801
916276529
913376141
228954517
801234451
85765632
465156507
367242896
2776052
529426336
299607539
132774183
517932294
270112632
695521321
902437639
952554247
937356545
293981051
1215422
71194041
80695825
136818113
446633397
57445276
908594625
732508949
125188783
198836687
890276701
677817095
411803841
659069583
443709588
640758358
312820386
381991572
105914865
680063282
384767625
487857554
979670822
517541808
5789848
102299806
65579481
760743839
54854054
2936027
54724890
908585828
926646420
987937068
45403942
225796170
45382344
806514919
958305119
23087479
5351607
701098173
700904575
269671800
212684108
144614163
910430158
378020846
379122088
16345023
58084129
763889713
356718929
890271303
281431521
215025129
992571109
347011003
975768968
899941515
202463382
883010211
808527344
981626154
870947279
706447638
59938676
768845975
365478909
18243796
791933454
223346868
571858321
345354381
493018668
637058781
342484897
403448826
15079627
721606985
272310202
925680108
338013050
629029131
668467763
619444571
844054261
513555225
818971926
672339581
413496740
21435308
555349792
74540436
855577815
278813423
633504426
915516491
47659398
998983336
786276639
692109205
222330204
210651312
889979938
715348873
847710093
84981187
971314051
862789721
806588172
96140605
640986181
144601222
725169737
309453945
616562146
421740350
823009170
288050424
94079931
89022262
162002085
501946076
16079051
17579900
633275851
649583477
933096391
533451602
648566813
571889383
78077159
723413370
782540695
968057097
291278595
630250789
53038285
262592646
345556862
712142809
358733252
986543043
709260384
936419341
148513340
178338882
210676043
824038862
466389306
157272326
913061125
628391391
659218402
929140176
645971291
145010606
431240005
431584035
678462208
79806819
3473418
756539367
655736541
638530465
724596464
947015136
121297606
630151101
62124134
466854468
342293911
420857386
305913864
51554295
209793079
306943556
82409529
420469122
130982419
548798835
577741449
896559896
177190227
89476203
678216424
675677870
234486809
109456429
107261905
912949017
41779600
963251675
669488384
697516141
454298493
246601201
497047629
575596099
876752302
559171764
42450568
71562565
980029150
200880784
975633212
42338582
507824340
58042741
462807704
491323111
606841577
40549153
387883007
636548156
130025357
66099431
312226026
364512166
28072213
272004284
129977536
69851813
87772311
799465920
619884307
542070804
898583473
116931936
117666904
627852128
528620052
12633824
699414693
361165555
66030960
527564258
403504137
426371652
585606999
866311841
917694764
44964928
906860995
158094123
681513084
889402704
76709907
846255463
106431222
104782120
118259747
236408758
27150285
58548410
35874679
499550944
453135567
786974504
468999233
423318823
414826632
997619285
288468999
966757678
358784840
354499959
494321936
762288977
780871611
932445287
481117171
551082727
977410216
240494518
709176851
511439652
129897222
785886758
210211467
236328444
890668878
180987566
472737203
770335515
239535977
361128234
269886460
692671544
619090
738885693
115990367
415445723
589021330
256975718
234719753
947806171
611475677
729041689
562611500
244863640
514003328
43728671
795946368
343929896
136739541
357639571
855369549
266636763
143526329
65581016
355481560
886711559
99084935
828218763
657047074
338620912
41863349
779449886
883808808
42482439
370851931
852315527
310444514
959873262
109291245
545164267
760195785
573283274
126722308
175323637
818146914
640725637
71568661
466609634
984655533
208308202
824249205
692541434
474944966
820291886
610638803
830426526
707003445
709723738
511161641
216566872
48344650
405541342
996016758
784669810
448023781
219385042
636985337
758468296
179258304
598792934
156148915
939454089
172076208
282871224
114777726
842739474
923596861
38862739
161865461
908252394
247170942
986114666
453310181
722115908
658922905
63948984
405058786
218442702
773672722
768736779
435009574
674533724
174278121
283542685
311719886
474818254
502927727
948705223
85802902
534702383
400014509
241951818
326672824
572090717
524823042
293966902
267346543
448419903
332829642
429212004
209188649
580000584
267843023
662498830
154632844
926765928
578964166
559691630
145208630
205153240
180944761
432734557
879686964
355222882
716277242
43923202
830041136
71721321
992628425
915844039
606423704
245159286
10312209
933096528
817250003
535135251
79579782
84596547
983555154
412409424
366324903
45260155
992410008
634167926
560275338
147042852
560933854
139239504
559250834
558658837
344392745
740195595
991393394
76596061
95418477
560186988
120519264
777975966
631908309
965664041
546336357
90848365
210823328
556648566
876461245
880589683
91783817
956041027
817702582
927855323
368450452
184027486
825631830
213376812
818195412
385907168
360419665
231645619
377663025
919670499
790304456
722055770
512382447
634214202
651168183
460317276
194401190
771687447
90809594
678825851
589867841
637145951
769674216
800691169
46310869
498651813
533797204
990611038
454692840
351499787
770982713
675659644
388043625
596614544
889036457
58755389
835038064
101972474
290401008
212701089
21642973
933221816
787273211
386541772
567436018
438441395
846859049
614353560
62645194
937668643
293179411
652513035
427330947
915369979
305720556
473641816
414021792
839517761
316769207
721230985
43533900
87751920
396890629
431577525
536882816
138443438
490332914
371920881
240415912
633250275
437138322
114575238
566472091
224411534
501117010
986424462
515369281
347976059
600778022
578014475
138161055
746473786
83043863
565492002
661843765
241280771
39133818
928381910
80798532
208419377
649612895
976848784
296171298
899019876
260942661
833054114
37463315
751275576
57491347
277879227
237042203
494629670
392454465
803514294
571557556
893571476
642455108
86926837
94063887
95749483
517457664
232224942
842223269
600501527
797716944
356583386
841782299
689367115
284965296
775097183
897786492
787094543
604462320
46474142
686114420
865404981
732044609
576094087
469196909
789535956
853973314
706239112
136681978
98944132
362269759
708239534
845031960
4724867
647682723
939095847
100474350
165140388
23837142
942697619
618158267
674070438
151797358
312456918
215953905
436762654
87554102
113740398
76373550
544532774
12730892
762487970
409937755
744775501
191098409
879134665
386827810
45071723
437890129
376026140
996532207
800159888
84265675
841564167
804884756
584464750
633176367
757875458
749605138
509529861
553089430
220279758
183600299
704886788
532736676
399554205
141649442
472807130
365810955
70539344
17339904
231058199
833027314
279794012
975833701
24125723
11445029
215177863
921713799
449335158
591204003
770762358
249495047
527986030
464842878
906896155
112450781
98019245
664771613
714572271
460065458
70377395
934852029
643665757
775264183
320105058
895736314
769429978
792912188
114063621
839969322
810252093
345121821
525512989
90046105
173471874
402155064
101491134
388649737
176385215
403342644
832370092
947147574
652837691
212872475
411990452
412250198
177839608
362526049
77021812
892411879
822591507
147399207
679780261
318773616
775179743
999885319
67026283
544609721
645313859
181089904
237095395
308082304
526211725
762608384
250644761
699683599
164763449
204652247
88333336
341148664
607994892
773219781
140812590
113348935
986092256
552803042
525599134
163931864
767845443
455137298
908860095
442953302
455052857
441156708
761726919
230232600
293558379
828753202
627358673
938872239
9843106
864454069
246954543
388571184
627062453
497599305
88254783
644342254
702251552
29104472
985490919
162762796
802324253
126303509
276111732
640932861
531622904
801710866
804864725
151984699
256848164
566241172
594938002
711901021
7397881
209181273
794649974
300956260
37934475
422008647
92344851
900293933
138979068
339299395
141381469
766041522
689415052
229636253
262900128
244182956
111257077
100907399
406945753
913581330
79727261
683057485
407030543
611350165
484768351
64411620
763334864
594132867
630652792
210789218
158550240
638050673
419970491
953200214
791523286
310421318
227725214
883868137
63231604
366704282
75683884
204613073
132745804
765098936
434249326
248162285
9281893
545506403
349069684
416227646
311604085
428796945
99285131
718634628
40147110
436569834
783046248
655998327
30702701
266215393
866787545
41769293
904266066
139274389
994969508
548305704
449695707
222694722
432173842
512927311
589399004
507857726
717540385
574661161
125473015
4306063
822823446
134754908
549812467
24409482
403498906
713932904
453206428
355300389
285083885
345869890
791870223
68130133
1868217
675089276
186861878
721172115
716858569
91127945
860446504
564344429
491950001
162658563
787039151
924123843
675585875
228954508
284497922
393126260
656132021
409970937
397432323
331471819
397242197
799761142
355881301
800741103
513694047
809087729
156041492
798777932
154957620
800428067
719424417
9342189
328033695
906286296
583030656
44892264
849930593
295993512
461753046
194396946
458652076
101308549
118520790
134237951
330263057
255535064
379880563
986395078
518022353
777312886
170383249
915264550
429590381
526264551
716005653
943284428
335352280
724563497
594578712
342826252
524991564
166519481
352168442
853025259
925322129
935199098
750433875
627769074
83708963
64703273
822166021
542361039
166011823
793203163
676598990
496274880
48738227
56479553
335186311
419276932
686308791
505569560
334541482
115899172
31834111
903063487
911699952
219702744
627626984
358795016
562528996
5134900
377830850
767213790
710676511
303152979
554929241
313626738
930922054
638638204
378330012
605604427
180999243
544341835
398807590
710114585
40616715
300062169
619110490
228319378
719339101
157935633
586405291
906396935
126351158
470755754
809460422
38051110
690458498
289603758
249362479
105503847
147255010
627193329
872717637
857931521
782862660
280163230
171558259
566301066
918801434
549888271
171905493
99800677
94230106
423229435
662431614
987363174
723291604
281542104
68198904
295147057
439477738
654604195
54060344
565828896
125359950
863520766
456396358
668334800
5640876
558275189
626354999
152895886
37984870
351588989
10827407
820847531
631752219
34902019
387148597
550553654
437306642
411570443
502870683
384053101
834799878
17818650
223932627
410607835
299360754
292131531
705754892
591354844
799252079
759815237
9700092
777128381
475852355
466096451
297979533
334009584
24371640
924334533
486905470
62356511
275923522
350249230
735720394
907675741
237667601
122868991
310745747
674974243
386955786
666132783
59027344
221755665
683951433
282959971
632363500
983312187
427607855
190634744
427183384
226859934
802966333
436883476
3988315
131335041
902979927
154484200
465344625
779867920
78818733
952250095
694740783
207258607
155015677
282977529
114934349
392683278
258362872
278196448
67657522
645318659
944329231
979201218
867074324
480797016
114677542
351954176
316625556
542285397
395105272
743808940
769145331
198071606
180692416
625649998
329406647
936188696
780134198
794751272
568572968
711469284
599517719
115830103
918727891
607049749
398807632
886178592
999733027
657170504
16891393
919906901
302489163
961220624
751624472
22079839
294533993
866302014
226550367
611159549
408587411
621655640
354968489
30249094
819727246
388177257
508415444
1650245
324365953
141065994
648917869
892938921
852535278
100951940
8769024
771263170
708001689
260093008
509958114
560251069
917263513
526849507
332674322
72269028
340586484
84298794
94348868
635120477
950600808
320899235
246280026
211704571
942554875
453764867
94470017
614798473
841942124
602885461
468965070
18824430
743951456
117882939
911763351
596486734
218834880
773048728
220266256
926836569
33141736
730224371
339603990
802921601
109590230
672278313
875190630
450176714
756577107
969539498
85297191
559694268
142955085
184093569
623915191
938026313
637858436
718385209
405341138
479800561
321270670
874306209
498624991
65222126
992189148
262904694
514225213
63540380
888469774
587007821
842893302
774127863
169748544
182497292
577049464
279338775
854775605
304756446
729515489
463869065
126812296
814812681
876079685
269767382
998906250
499994876
60310047
489281039
70896437
465651185
969081600
392167108
339957394
320222943
309905586
184662895
435643989
676647151
100719627
324113764
263654973
943612929
98241627
433403517
126110222
527807443
712742292
833402179
832563890
294774134
149787596
959376186
109586815
25867281
81659920
961009417
378378510
141969967
302806808
449274947
607621153
124404760
693958407
800094899
444627703
3863994
984757794
880271693
533027497
85477422
56901809
796682470
881606703
7659788
82602340
860233277
387983583
647860984
546151809
73063825
942635118
695939405
32440012
904738285
574323039
966616284
718264055
805217901
108586252
21070863
107009200
568723757
145475624
800967608
221335008
442619679
657347954
58609155
175407724
190375451
144086577
232309533
839574274
878209632
92485673
922176614
738442910
480469257
422553950
137111071
553533082
365189069
833050476
438489446
122443706
259889867
405105731
840707761
65107768
366208335
861778625
24633321
787448444
859770601
825600929
8783452
302390280
482948883
67392607
477798005
525840686
63995536
562623890
365414960
942205169
655109564
140107926
533164431
135578821
562661877
670275502
689111903
780367298
355842330
127601350
902811004
468248550
385223433
743518766
385872670
603948120
457813743
410505991
391396564
170100696
236106920
252696368
472490976
571572155
320088976
802805333
97412842
236600864
365429224
315344154
31322385
20538788
455452081
564486816
8633961
870630310
87278670
550262216
650997608
295637353
530379918
406324964
763885903
915603351
2360082
149758573
372067823
460173825
560264565
763464387
630274521
648887837
16160756
955281850
220459993
188766084
758087183
170389187
425366948
976032759
485733341
456689334
849087899
941185422
873692502
857721860
664332084
960971173
260500429
167846044
109124878
790880347
574171009
873010781
559000051
576531091
22769354
931067874
36704917
435550271
547048614
519495790
84438109
415725722
327293992
157414454
604491806
85381176
327803641
882375106
913930287
813536982
191580792
763018187
607238757
65273295
473256399
124087193
878760820
733756828
291933238
987885698
377153528
866104247
860896479
936153579
442635338
736182185
867221453
331856607
24248809
266786419
703868750
961203270
682512141
31162742
118617724
139520299
969060270
298937717
21895406
882990558
964991051
213476198
498525097
424746160
131265845
824297848
548833354
10026665
410571029
840766592
997912363
787724557
706870839
711325194
723878136
2022529
300023732
443615941
186395489
176788893
710402361
890264239
137992163
245430854
921426981
109126239
384951154
743003604
260580308
406846560
478510514
225571359
472839110
977035611
650317520
604104956
653849811
51667226
614131621
64420840
892433818
464560337
852145397
451821009
28401883
428539885
453843538
180941967
724672179
640239027
357730860
287590892
383019618
495723023
533021746
156962952
457365614
917972900
899966556
717945922
177335812
378477070
943517282
650174923
208029033
446351154
254279879
861878844
498018380
720927852
778816037
242968550
38004541
483477786
694789559
66406425
912017672
1149449
247348392
489206203
641388477
605079253
776797095
24408095
953318628
309818841
33887399
410684243
80308094
933853955
128630165
257643906
164847377
924663799
907818829
372876410
223531305
14615060
87271607
574066037
735542913
866087644
817034587
773547454
202081782
511824146
839953879
114099454
512973596
939818624
455822009
6878425
397414229
232619104
883802872
350732857
394954298
917690272
613933452
475262392
851544227
595079970
732906298
16391605
372260121
640725128
241784367
595791427
655340188
181572326
22373816
243399453
47659970
839408404
16946908
102258105
203748902
709417139
68873911
716722498
649235763
524695921
576117275
46649992
757315025
459920148
249899202
4785675
230126772
863832654
480048067
81670999
311428976
212954366
950578956
683689098
706195846
44879676
131996877
214052386
226452002
154370693
457451840
126628325
993779097
474398748
228886430
197528000
36332239
297760341
766766850
685568003
822456262
342884126
584734347
432287640
655320626
687149901
437073315
885447398
403498908
917121383
819634749
714927884
982592101
622730058
398616982
688787947
667609734
530613859
902840333
746578088
684984553
212808525
873206413
531280002
687207273
954609195
728808002
723539513
104885889
348091205
261623868
927342151
690975331
698874567
212146143
198812309
386024469
501735811
84259707
789523377
271373546
903894456
356967613
253965647
379140866
755584596
795269946
46750600
138714807
550626631
645845041
676215712
763435157
371567806
207495715
303158782
326177002
788820069
26698295
431062891
136911274
140838515
210921394
680402957
839713083
275583890
879215266
78253904
777319701
963474973
720293633
48693247
719885782
77261246
155175246
99026648
685362194
950445192
998293601
824077002
501071823
496654994
352809066
117023332
868222800
560304781
420182115
46916154
201641203
299396762
477979045
338552477
440235278
541416792
18955435
132464713
817000682
750687053
63234969
594320383
566678379
783528602
495529982
139080513
860789848
650705228
90623513
398668395
601150420
88917114
75261749
954738595
438088460
428070815
71761928
306311261
988375597
491944043
353227415
42533152
791340805
683722813
381085629
84092435
225139605
252557416
69073500
42140287
3244470
132308469
488977022
422439201
915837071
984507004
561519714
629143272
487728584
652143227
27811667
88879004
593576694
103073416
896133951
31665154
531144231
967895879
190492767
372036180
312356274
543720183
414569332
956213432
79959348
648171314
40305867
305098953
900728730
109379368
199755592
756489552
94204189
541248966
31445105
10041261
378272322
592964819
639184533
866000906
245108047
519512552
807396262
838684741
622585968
703530213
722866247
6246551
523942445
913359015
230799084
688815071
309595550
645368416
645028503
389554898
146056082
537850723
694653851
46784813
499746443
746925795
655790717
593950632
288174761
687235823
456508245
666447083
132716994
95692778
384964341
377825041
467721682
192360603
69026134
90307650
748407168
791892382
949070554
124865965
557767749
179869638
813681037
867363299
677754406
311225892
256918197
823810489
849076615
804088400
723111654
201339410
551014195
231418723
647806395
691705308
918654546
104314640
210668743
51371541
52523771
595633084
281712934
520245453
787993687
203255421
463069456
388917207
995147803
264656362
513783173
405431904
444526000
327464210
272795203
122280406
638690102
382229752
798607247
340283070
186318152
521718901
394138832
589848699
753137625
41945227
281554007
524308523
146259868
492222750
428196416
51299991
87855834
562425703
424061796
728365873
765681124
887131252
117283080
613345279
4303966
483582605
18777183
448829966
811046815
144088738
423626725
302253270
526318490
74750324
495052692
712636642
596469226
889191524
155001693
202123203
931136752
436555700
578948078
929912972
781294802
7144495
833729315
721666988
422086550
257791111
302549213
187767674
997438716
272348645
801112953
1742682
755931251
672406488
303089001
419494418
816495226
726715726
721747688
342813716
801466050
69316732
907966710
250451628
958508257
62968403
305091183
742161361
352040455
884039262
524590685
133335257
743700109
358320000
855002245
165786659
468627463
10067810
206070685
466066179
282416455
7183638
320325214
38347706
532106478
623414215
457842125
348601704
202646293
32106165
543931772
4112343
101422898
451898482
107080324
59931155
367383237
412171507
654608868
719423692
148727121
179199553
852758949
892427230
390035905
560277546
58213889
858663368
570345356
116800926
177245900
852761811
123984564
497571114
743625870
508607394
120985329
53984347
857209098
323631622
86090512
253657222
180260317
40029762
705555704
139856993
99960917
72938941
552028501
607086137
644878985
700755622
786285690
350154286
445699205
28837947
910431832
356429446
887501316
333293540
473230373
64747216
38571704
449731289
562318330
782197574
958338684
535820011
836181921
668064134
859451633
774788785
921721357
892228302
814818548
479793413
32085296
767295817
405248707
436630149
374381955
50127692
137385771
13183997
400281979
435601328
42021945
163230163
792030775
929523261
349040056
265261148
846786829
387611760
714992437
261621511
22325686
525847473
797441522
711023959
193911608
509409507
485812744
115632965
401637809
153147644
447942730
286239457
920443462
853191437
722869606
147341769
903319130
712771730
160525766
156117461
148373058
55064063
171863976
940403833
984587324
520904032
58181333
683890505
908515792
625690123
945512016
783357830
151537596
742953538
494381789
197965556
104879397
832710886
166114873
506517207
985858530
614057604
792756664
906301992
467249041
368142623
53643761
223084523
80914353
66685880
231718336
81803763
121749943
403582313
22207597
958853620
924486345
932905282
642744125
685518490
558595405
440772494
468876320
562649354
36242384
815774462
760614910
141121782
648485348
926729784
647638989
486860230
540787388
292912005
245678575
860552781
661054628
151838688
83637305
594485333
218524568
167871993
676289097
192790864
571454306
551013046
151644484
495940652
483918328
646904961
33975494
895030086
87677455
502851814
457679440
123919840
171142628
70810702
265041622
819627976
997540486
765196963
159004559
390844226
58108968
404683134
251397008
571679949
556521822
187550665
18681634
775046391
355422658
694970731
967837255
926876965
245983777
971998091
275333969
582418458
618903052
309309463
477448544
559096860
664677629
787644336
683016700
835820258
858455038
800574674
507964586
855995525
565771637
666969145
99356103
476396957
71652279
350753111
900593258
628174102
390820128
919274893
255736845
746242787
614245624
76090452
525636104
712745754
48088543
653486425
295164212
519507947
962795888
625129108
78604807
479989869
412773444
614137859
315810127
123744834
267228885
823774714
979740359
833000522
343260211
79096463
161913832
414912491
282365926
62507090
895602945
673186055
834298335
3856142
271945194
301060312
79946594
650097650
13806066
980551489
303584075
161486630
352575788
118896315
786615738
283696948
598886184
51905534
897834807
767212664
175650368
17580045
443503730
7907080
850580567
786763941
87003543
865010751
54192784
221885821
780034194
949795729
747588228
614332529
953651871
19533422
915392841
33598465
522147424
781715259
866666306
825731499
943201889
219242095
797144166
729817627
502939043
248546703
781723161
253290202
15759367
957373530
270870247
459263097
965280610
973967167
98543390
904800505
838977918
152736175
979202678
471528464
102531904
726790907
85860994
56183776
598840681
853770187
942298593
120988106
488001799
661481252
799235957
431203688
880723347
448896476
13537668
236178742
697443179
647777181
341985296
713202546
457667063
612855544
24981995
275464025
439339063
123525385
32780882
130833333
276261560
11983561
602361798
231309817
591290820
540739144
140009945
42647853
247025683
82308538
16152311
735027482
596306142
815388269
18747523
329545841
116801097
32285191
565724583
814244276
680062372
907709880
379963174
137729436
373081776
404945169
265709813
812420839
380986906
298490696
943254172
657248467
310474257
398132322
888558284
901765077
938871466
28568229
944412930
185897150
963393119
960565242
920924632
412215614
628469863
939672155
741761455
745270960
824473698
160002391
412031588
357052423
67712271
791994762
347298211
293310399
49456283
613008024
958247590
430443189
911498720
754018114
87691656
74489329
152150437
828766292
976254406
91021903
709850873
773183689
129435405
525760345
586265283
902876390
937975959
67251498
695064897
532253766
665038810
519538596
692256157
77070398
876591019
612484780
869065160
76405582
905795179
918521443
689413606
716559121
201480984
600912327
470577236
141688993
675401656
475244025
970455285
504172415
418782280
532822511
129872456
548217686
911099208
568654091
303610428
701591519
635905589
998675325
233845285
153460751
370730273
926101443
230531149
99837644
391102575
952112661
176243226
149414107
723150456
865656833
865973228
924631440
319085512
189066816
66320433
994487168
664310841
889292071
351175935
83093122
274630934
333564743
483827160
185730142
902218834
787437588
887321661
390640775
786112913
973683298
544101526
9359539
752301093
774632675
109197183
143403669
579261688
285440410
292817776
302412144
151097243
11307356
79559937
470182755
200374173
145880370
317186275
864685014
35172441
520878563
947778136
162319727
854443306
284121648
348049869
756662141
71559236
87887882
147302916
710188502
61571181
543920795
719548041
666388626
171069822
828745224
809792295
750331511
114185634
955126423
52743655
117799229
966433780
132303592
587981984
166807953
130700315
757684612
31492967
18389108
278563175
831787456
180708836
133006481
115909104
381275057
742184974
39984693
469162940
742004243
750173195
383250473
138441390
322237588
49639099
309511212
150982812
711947747
59842723
117684799
519590522
965102731
235484028
486024302
949922675
823466013
505348607
80622990
433666977
389357927
951528451
712230152
73661735
132237287
697752985
42087191
366028696
292454312
82071884
835191636
886974907
684761431
70958461
25416297
6999019
973113913
334927509
10498184
537578012
247286585
128182983
57168534
212389316
363667011
395709189
14828343
39649376
901057796
95451334
473316353
290415723
899496137
38062857
364077458
884249776
735815843
406164650
250278472
880786507
340752886
937986461
767761414
25514318
8944922
645694063
32513337
834575187
980621572
43011521
372153199
80424509
23710856
281838086
292813825
387377868
677547275
307642169
427027244
578605071
255609855
900343598
721537147
7622344
938406455
85614605
891872120
526738650
344295607
142150592
407525157
685048494
932653405
27802923
563079164
794114680
673496986
448108853
628689867
506634911
343636727
853359419
587059420
367347583
135197505
732389598
754725451
812744780
40031767
181752696
243866203
148157974
82096294
965403350
155780318
873019101
903534308
47652438
399757752
100346267
42319382
659799261
637911113
827489140
687602185
200990277
621603820
213615523
649099131
102810039
572766786
992735858
956169458
12342559
212599793
943883315
744732157
967325245
609144447
637280276
1594293
853010651
785438250
83690587
670930353
793734920
809226040
426981013
693903710
61500144
379843633
588739444
721299406
17754746
416228584
261417943
71261376
890348756
475033466
720360507
993158796
47800253
565612717
801844606
60142812
778212510
598244274
657391321
598054107
207388721
294671597
599648400
912915724
932626199
535855339
436362430
726361119
345081380
863343443
272781181
406581524
95703428
861520625
127880930
113458175
130265562
241815225
184719551
20614318
716848692
757596410
866289466
617165297
175725479
520650425
529824461
953937989
118894699
39732134
404508449
178799772
334403731
4156849
91715497
119546282
540012189
528077927
845907401
737609921
243937722
118688582
144191445
339641151
832725559
124588728
305615678
962991121
218920305
490335229
983605440
935768997
100447991
702411258
405450646
276173470
223061683
787791459
82627811
194472734
827523593
487136260
373272507
14443676
491293110
464988004
133989958
883821651
845582283
979897359
621431572
89520005
951102293
618139369
281677508
636344205
595244449
587293186
599335326
814164755
930144767
435457118
602450104
30592758
137868377
860417103
306766228
213446412
648208562
389394040
407919147
328248508
876530300
781191654
342692184
220339762
98696010
476682143
104161413
944278293
309095854
578109337
886314650
112714500
48765059
20508511
749058705
496525860
460318049
200910383
163206967
390462817
636367502
765657072
273571927
626752231
478590527
580338156
692714995
126799089
822248548
100634142
307563949
551295200
734342148
650256134
771634963
685554510
126938277
728312728
482349155
436034131
158938418
221180158
548748631
60219829
241688669
150323688
556745689
702006718
351234072
719952657
944985887
987601574
338126081
218557815
466870157
816716608
651412323
12101504
796032049
473660871
112735647
103595999
24956071
699594147
753852133
649107386
237665010
733306762
229936467
720014165
21857245
241391237
941194323
570605877
301611066
35399344
720929565
858356755
737406063
72163637
578309412
534908302
912281563
916435493
753466117
231668072
585668453
257394792
243769577
381700503
731055663
209021576
337812854
608528087
761132075
91664987
110151825
998797085
677488101
192604644
718811251
699345346
433995881
512521926
122467575
735606947
547921271
843397141
593963703
137843686
768077130
24789467
672751988
532875046
793741313
278734458
617059470
379409766
536129250
860829047
613626621
119701266
922366975
951439475
728229353
683499051
895620814
690897530
534812488
573108915
883502175
106140091
124970614
317498056
618662018
247438189
53105004
166583289
90835330
499585059
304426975
711428813
376890878
977178963
96820211
170632191
108429773
713879681
402558310
644559024
427225081
16184931
764260290
202108408
967624407
345005995
885607459
715761573
35903525
272936300
141386841
919405700
379076391
266357455
89420109
997738409
513795644
995041465
16838050
457147327
347142876
321265025
21092492
724033754
150960341
117912703
894665946
259390114
684308736
149740608
903949138
111533817
165925539
520725780
166158578
986066298
865731775
51766037
701827872
901635301
177218689
843214713
673557353
556295081
109572168
615493814
554033490
475884164
610535279
570871541
933031491
957678155
744652918
954123983
534228262
895613259
72036686
281410560
7519726
608861775
431151168
763985216
572911944
597076707
284710997
739070522
435659358
2959124
643352912
137487230
904594425
820571601
833218295
430668131
376866682
795306815
46161945
783416525
123707331
509213577
206804418
56738823
319408084
951457336
10862806
853636346
699586948
935415845
135046906
707106674
396793972
418714426
323608242
969705916
15791134
608319239
708776439
303966844
611278364
204645703
293970426
368389141
25217304
127188721
651573624
254600339
775011888
550251922
38016864
898719219
59465499
244821282
807974394
231389935
48794970
671353553
937542634
748381918
459285750
925105892
308004944
856079722
343820319
631613187
825785638
212127805
92448778
387078429
516094649
703727142
591724132
810065075
924632636
469457789
789770148
576206260
724058128
417298388
126458182
762074992
168533959
38440033
859412626
976508354
122346321
908207596
500378259
59888955
656589515
959664009
837511199
964594459
815743731
33847870
448723998
494045721
245975675
541172777
733640503
614586676
97416271
177880987
277168103
22048907
647338776
66938251
450771520
371396904
336752991
429746054
985988248
357803303
320702440
845400874
186828009
443048761
606124823
687206268
355454068
115230690
646870277
45481619
79825149
315130360
79329490
381065500
661692433
325305165
922238277
395332936
939891842
19654548
573213924
69576297
41703456
73069052
136514549
344991328
444465957
325783892
774737382
282970557
683587195
95439822
128371432
870415204
391004935
587012607
410137824
746459003
702243297
57008101
791940623
634584798
224654813
871270113
15650298
886347247
49091630
937888575
134196535
841499824
810059476
559926811
911076122
704279284
632995864
900107023
49270612
77461821
78407267
824007994
212948730
761994463
771964169
193836514
484926019
162969104
780849121
895063844
761944460
483092418
804588297
406401435
117677217
881759463
130187900
985843867
620623062
179279530
776248795
754819597
20779355
586308271
167262761
784371829
143103907
800258625
684478852
192374519
730236798
762886119
868898865
943185528
377396934
640863034
137022043
714839306
656348491
917871164
462419502
418292951
253479935
119524151
824694386
223673504
1283614
954882286
62033723
621906676
986678168
838282518
229242626
859973875
277107141
396505387
644345704
420211048
49280364
181340908
612585567
779517162
796743380
334000785
722702690
26656666
974863819
712241085
741495972
483728662
482628602
203915474
902021613
736108537
323439626
579232351
812298393
177239592
386630989
874332116
799146269
225825510
712614635
880905247
85799385
989721776
129926986
582661442
262449177
179207350
764002350
875034744
958724512
413262082
61551881
533943554
439918749
36415701
246184640
181414721
372660715
728813242
237846548
127198681
317438131
561286174
706431032
129736524
738525766
945578374
856584992
390188387
171403884
421715979
123609986
109719621
263954108
253536972
692381063
526403285
432744322
308899766
253954381
391468834
722161848
315506263
925412389
162080597
204438316
24113381
196011671
577099031
605442975
433858219
704297712
922881106
995144393
263245097
905133982
586186511
208823471
614235326
828891251
232743707
35951306
952501237
342463328
299905414
206038210
34844392
826308699
638782532
343744158
80263080
882767719
65906006
248285695
660696460
80502956
452724011
684809841
276514627
29823043
142769168
710372846
734120755
65650274
558033591
997365852
823300608
996736454
58705675
290052286
825627705
291449382
326003592
630645295
633912711
478425358
836683505
521273455
157250409
327982389
865017613
90029842
63266460
783439971
338315537
723962920
716459279
791039549
261289113
992973906
820862592
404058281
555863104
407499699
322224907
966413047
257381904
145525515
963149502
168603931
288094154
641293559
460053314
614097746
124455206
946482377
92523105
961138711
467755832
102289866
141637453
185289797
192319708
204903913
821246120
530635246
928866834
537705400
321674795
42672299
383195658
995053739
446730581
791575115
255069790
768955488
757988162
512451694
766997356
573654016
681055626
55091510
67463928
993625292
521705608
191919134
940107669
466745065
5574198
260379853
569034932
147211651
298186002
761354640
204631916
119432122
291989886
986015102
509653874
466181033
28687402
892849533
461234772
475417983
536941000
716304563
96889823
147445514
81272609
863887179
721099531
614844587
918978689
641079811
608469879
293200650
832998945
401093900
759945715
691089495
513990105
328980647
690817498
812176107
90335288
895449415
931608230
234841526
733980869
293778456
701022560
762668271
39144341
14773684
90602606
576085341
583594599
187492430
723530856
664867209
51379609
297146739
132228148
822874651
938226550
740698028
116075301
623741847
994308280
728537368
314831343
508298386
57518016
5648841
172990845
369656
753614608
104599075
87727534
340111830
250893884
641266446
102780101
290038225
656040131
45899060
866123567
92151082
85907842
589654423
757018291
137287451
886801162
889246440
812678454
677544064
482460820
781270107
301285911
329285452
362323828
468633606
837583838
272358196
326798800
10574684
125244204
80413408
967690111
212971738
273041590
71100347
854238185
228338044
361138573
362794668
274237104
227262140
454945750
360144946
669432915
64480394
349948749
408750429
806243186
15143556
86294493
141220358
648930015
240096756
470505810
11253843
708730363
160606001
283612039
35529163
23697037
408856243
968458923
991387148
474344334
241500514
62487496
181098871
469838558
276142421
543893539
596592014
503404561
851355641
956736960
25353828
915836035
159202061
434104257
574595573
26861969
520398750
715815931
675791985
760495506
186321742
687045828
321742221
346927743
823174220
357271384
370624780
84546815
178246660
214528280
558891149
419747174
129532128
739990020
742102084
405674549
136399911
338694098
761595462
987755553
147947410
786949290
756107940
159665823
221053547
330703514
186527793
593968649
46519445
862319778
206980508
85357539
401881958
528722729
284801634
225056178
885994114
655426414
309602994
64240774
722471047
868494143
336504300
852003175
461000516
78606384
110194077
597400427
269816834
871789539
585155980
270280596
511255182
193780273
429946419
732308729
524483787
616474212
178793731
423519584
478793990
385774239
361393476
880675949
914496968
646195110
958248479
653007434
154137877
120367825
569764560
876608924
988861969
906268860
581128451
302378837
837391596
691322528
899779264
959724782
415628420
337451597
230005378
926883602
531231870
659951798
511708683
55715657
128942362
690502414
331751593
607736353
76276653
693145069
340928654
843289974
191856532
151693485
496297408
345994409
272061311
66061969
222603333
113439632
824847181
803731784
415818469
514755130
347570665
315597733
326996264
615715437
653049330
557001643
395115391
36797552
69469793
906824074
92513209
198412155
449842841
276781155
658664860
378635846
822442576
999593514
74442172
14299108
3803352
570739581
360293517
275864663
489317902
435413202
389304295
166681435
91661339
805122764
533952917
439232004
120720497
860949182
54947441
626286180
270467177
302579184
663083732
339936970
61919610
608113294
390865477
511762451
737410801
49530338
742914650
559853377
901640204
817356822
426668838
905443556
240612755
786962355
181308219
729930657
74891910
570612514
749128445
166553249
228251630
283081362
605785253
201488480
144030544
513249046
827774660
267014073
815828230
343374744
606951043
877747840
804004390
997816521
242026644
541415191
899863211
984941294
953784921
801503415
654814468
380453759
559463324
895427224
19932466
740771543
477874233
94824376
163900410
227002678
261377625
392152040
362600393
719679230
593640520
359147289
85444628
273931532
626161363
901272858
469822629
85628758
631537051
273827019
83445279
726080047
667758563
835824842
563537693
621543484
489844610
218352161
854513595
49307934
113779385
874446061
642595829
444169971
821786790
806496239
671172649
83164415
51164632
33773042
655359998
497321504
245436684
740804626
771253037
871598047
494593837
93592018
957226805
126130888
367419037
893188437
704727287
35177600
729013279
268264980
509237436
71374241
339133493
216267383
120682175
305429231
90713445
763278005
749599202
765016587
422290596
273288203
700697354
325971580
159577598
356057352
823293085
405014282
96861979
447062474
276612329
443972168
540654492
86355486
422619408
908073529
979543923
127346695
795767482
561073555
248128027
157521270
632447796
587261520
373788654
753129972
892690751
317018451
368924329
642289953
82035038
643731277
915578157
635248744
969702858
75155755
991306097
792995943
332686389
940684428
92574769
609298718
237172948
633229261
695654204
659792356
393819142
527714480
787139051
42102976
88788035
35267078
199624247
721235831
475044950
425929253
326882155
367735702
742947704
548322836
862542007
677499094
192054114
630636516
165264190
14273324
558308623
9086639
807269267
890995012
949771067
899844036
352810082
39460367
385589649
48464287
699252723
779408791
428695119
338908126
821511768
517483154
226691556
21136015
91235337
701736507
299581620
270633845
69472209
42529324
818956681
784530568
572544770
11010795
415167085
737808960
25284119
973475708
746895600
685069738
716987073
549183019
437430126
69797155
588643387
823019775
970777794
140412462
454944919
399472913
479320589
276456687
769472419
706012145
150109054
860707757
407748652
449690674
131341602
329737213
344736350
802814635
114267782
769797472
666341783
381951219
360122784
544142254
207943279
107018384
81728345
924930352
508717756
519158471
847243860
949877495
194694599
818021654
90289957
649639518
70010920
569610546
778612557
839483339
128139044
928721611
552707448
535887696
230928637
536565402
718141262
428181339
191896390
684925396
197978811
858238173
66876615
558101595
402380427
127336246
517636332
484108772
904782951
878870440
855783596
752026811
828747935
50478195
422564817
771554244
552634065
345092089
193681143
183762974
37091781
321820187
112484585
589799229
857707883
195929574
978880984
428365497
624110913
170777374
113290893
674606076
29015547
32683860
85224023
283912326
12536459
602860355
620537451
917319410
334247147
476321047
521862573
15511434
379315594
944427390
787065679
784466011
142035832
980746822
968228985
179127613
302567009
933229922
768926842
12791244
129159496
600324178
441156742
605786761
771101552
406963987
132909189
652633451
439647848
218133212
789062130
452184307
820993568
409599581
222020069
7757067
738436980
743882642
23268502
117752574
540826384
810334181
754734937
682862216
791081003
722963922
861989829
946164364
508710196
483433024
958955608
490386044
83757202
252628702
96172805
707375107
659592690
81598346
212524910
951756890
299731558
1587040
256457549
120725126
263702973
478477618
128482194
2139953
222360260
4267048
972408879
763186644
814601229
727143816
298565213
458198584
302624090
160555042
404362948
811334286
643988066
215834908
154236682
580261621
320979963
102925839
287636728
980572653
184524185
500161638
784845895
484255744
354265031
41303444
457497222
617968004
519781062
438495768
620107958
594657674
442762816
445033189
210360670
257364045
24693358
508925883
715562629
327317448
669480926
972441929
991168087
165985344
40793190
145404769
746246965
361773153
248330609
886400045
194862158
432854794
239078036
979708053
917110538
593343067
21011497
227124113
211311071
393308911
665619881
683935381
987966585
108382698
128968571
50843607
218263095
153661929
559769491
933825725
333495729
81766769
758784006
324663816
247752113
799577196
322584938
846515431
161350349
570915547
732915476
356212507
856286693
971993512
188436912
625913584
417852931
61964761
853037697
629164003
455273672
518657578
165615736
295756609
479556628
294584307
346600217
697819724
300762588
906369708
484161801
634258318
988136477
242945807
958922134
88404942
42523004
134023424
934920373
56389705
704938971
520352202
265118565
413742017
344862066
453555477
39655601
762714998
515520239
892693298
244395353
970793911
263867228
410011089
119066873
743423857
557111749
318183442
293759933
857874337
77069502
777921734
492132655
65205979
20867541
303571142
6127273
915906897
437594566
793563999
824812955
995049890
166432553
89931520
408791907
511294619
543486997
300963860
126525969
59007236
46173510
223437674
882317500
310040738
633448764
853900725
905980947
43076865
172084167
199740880
900951202
249153669
977662614
245600210
166876000
851046508
549171352
25519625
619469757
839282270
819083624
296799064
834332160
985516177
386730584
95640419
349327149
782733934
396604279
475853118
694257522
442777789
699290793
429091374
605334880
185255909
282992099
511315827
228332774
307592618
563573060
129283976
556746287
393752026
227400538
576138639
97314886
776571890
601658265
716784644
468370513
420741889
13583708
155219025
258774419
252830645
250859445
608101568
35564579
499980076
83954686
582338453
942757866
635761831
11429828
400609098
673534092
146938279
911924925
901866866
454530898
328014337
883667195
11277185
721766364
111067733
439932177
819081250
740155976
41590442
388382246
61042841
314848683
254482307
216261866
573623102
507312952
467121311
181724670
395393883
967101388
118195709
977732336
762375606
606473892
841678516
15501056
280007985
988616796
927425981
34391203
443147694
107956671
770574750
306941231
829723035
734158836
746873408
648804285
326831164
640980202
37186532
387874005
955828886
144185191
604135871
529451988
651498143
71257183
563693011
899408378
890874923
681888720
729657066
505766881
140878964
571335583
521267937
420886949
412468731
301210270
307794505
855616425
409166941
78369255
15074008
91406328
812528091
614463769
740210614
139359255
255443971
629913498
379749612
63789209
774098689
983885484
593241198
278113184
907659019
9450561
30037914
651050294
691339281
759694980
9333527
832218245
183546915
530601464
105621547
596015646
684328086
413416052
304148423
93495028
344301659
319222432
37417708
9346103
933686201
777628322
1221710
41646524
260058172
380971323
105435734
886673213
364856807
551193284
17302749
125032178
560643845
47340663
776082472
104499478
807035644
785415999
936717723
990582559
168533815
894855622
586598206
852861901
160788026
890746629
798873281
505089686
62485413
836290990
514435789
848687966
466435664
515657499
890334491
726493837
896628822
848286577
465683402
114001981
399479861
482986152
239034159
960123706
530326815
15116631
64623184
337362459
800532630
853857259
180461371
969066445
601229234
767059577
674444699
762017260
510322558
473317980
267106946
425324324
162125322
781542735
274012290
628560987
149716587
16863133
207571176
46345409
865149710
673254578
160347391
117145923
156240730
399381550
929785981
686567546
267014534
846925517
876446357
67547164
553299129
56907728
889129962
154528363
676483657
416091013
916545623
39322568
889408993
36168922
464646892
51534316
670228009
738659182
532611655
819944596
608038668
740182831
866290006
325704730
413437409
879153749
442850654
422194492
131051651
225152987
108762038
398066185
72078505
837724747
318129702
625377634
894632476
59776016
632422349
423632485
475867029
401484324
462955053
217792374
437653246
927601945
121843042
107881256
518777480
654454697
780342204
126816148
394637528
499148562
452520878
660591290
378302311
747887884
82785782
509353963
973040872
44064172
907420148
45119377
881788919
78066202
523013363
628937747
137842218
7952064
52570233
613709247
409436388
368041638
831501622
847089635
295643584
953344664
807487243
814421064
607799362
440345799
793753564
854953242
939494362
98790794
515544532
170313025
846678679
450846666
679666988
819719551
494910838
439603489
717355280
229216110
517669691
92884995
710670209
655511910
100837059
615756794
121737509
510273447
983798433
953239131
209879434
131958369
906583796
869883029
946379433
366899510
310228829
592649349
74369104
102239543
691440143
589913637
272552568
538118822
40760303
952219557
210354725
388187494
244339398
780226357
469919956
614525441
873111352
180590165
122553703
826464763
796346960
244291213
189254563
632661745
197530344
399133997
764620114
956630492
121533379
563515899
176046354
431762208
156165248
250415459
534001751
847605391
840329096
806554319
238240566
733605751
611290228
301111643
974309597
708145978
81338001
444229553
322671420
806965705
477336071
445225123
633430469
126199383
689516336
822685032
758861128
739563033
74335381
523481242
696193525
195868760
86997141
872239880
480147320
95678741
122655339
14149071
795800484
815500787
673219743
34041050
401622890
137026323
187669046
228448840
845172302
269007047
672678393
20360074
75972752
2530816
318101549
561919573
128730199
7617886
237120957
887591327
599697271
163972691
263588921
148407148
359841451
203102414
20647028
839988772
298781155
995818719
706654195
94581640
663835858
232390290
981139042
917975101
221932966
21324440
146423941
67105268
290331487
671618686
939981694
218820592
674149503
258083243
633256517
802879702
118217481
870377475
690471030
717914752
34350166
954059951
866321901
246707969
9678718
739485281
939213093
308459873
587820353
498383641
255557865
104172563
730773931
89213260
22147664
952706897
110537700
21087957
872328517
253385540
692706644
664826563
472206132
219372499
922909807
105462649
22252201
893643640
828356476
565239583
464074745
715222994
371815887
182912998
814447316
381494605
922398279
753660409
689954478
362734984
104560402
798028696
319423900
835334334
887241956
194087916
640557583
850296008
215175874
365402453
103681548
760398870
30229016
428404032
979771369
805655175
386383034
2023570
551815168
67255862
419779506
15889913
782478857
791595393
198802911
449442525
173089998
973717542
55619286
715560828
188968879
160179689
513589524
508392779
995514023
253347832
702480695
488587958
103643841
917656569
706506763
59841741
530571791
589252132
488245774
510343160
247423659
874628808
364883083
799238827
941884670
784662589
815128740
576879879
428774334
866448003
26322404
601864332
840165546
81941691
169941512
29134425
94637732
683531037
390043556
90151755
789395221
92524251
431256065
745555414
862697173
137762829
805397156
393268964
579531313
146159282
756128477
826954972
873304442
121011560
626193800
667705464
758190501
293838892
97101696
39481187
12803248
123424100
641345519
852968794
57882143
811287031
734619571
5036227
347334420
124663127
95187982
136729642
69703730
378960400
734801408
932400903
369239581
392714916
178186220
948770894
538874198
934314697
628242218
264694992
907842609
106952370
932400457
518549462
400791263
29502153
558030649
413594511
5442605
51892520
119079657
915841101
715695903
706215580
920877328
63030324
683395059
868581663
52276318
753098789
100058415
639594078
538016045
469297996
32308995
568718617
270585242
423699545
355549666
898827460
688394538
115908627
5779831
620794995
634458089
259087446
502813500
45005090
525198309
508256105
96897610
644277966
276613558
665109865
203009898
197490887
580656541
886404957
66072550
485449211
492020098
18647317
125043290
30036143
487945313
9868637
451271112
611046907
433568182
806820778
362390719
121962720
922729405
220686902
595274067
409703846
479774348
98087567
454708936
4972657
458860025
404122898
501766975
735473583
69232764
704776873
932964470
502405657
443698182
851553372
987854869
935718281
870200689
112898159
818270776
210662354
122766796
269541889
821709261
408851330
76362667
36616333
530814051
851608425
257303235
126088118
261312271
737077584
76692038
568537560
594566593
535552063
972660458
948849921
123541998
894409574
506143146
56506469
249331584
949841329
760576193
237186453
885559610
483293235
202600964
556346738
546471941
177884112
825888627
220697555
586735442
754767647
257313888
970065845
458892424
514617123
948670316
720204695
104211059
25362354
141258607
698777653
413430769
113919066
500143926
536972767
860844992
6287072
445995588
110176576
956128401
59088134
199879381
694204363
394897721
254996697
103067454
941369662
432880809
928956081
162067217
872132604
536240080
419381105
842198449
995132504
933998229
643385117
567853552
38209288
521263823
709112159
589503293
934694592
675547577
89647219
324183712
388908922
948450644
622695652
351601850
757095397
681783786
403997584
303816113
76681507
658994281
406883567
870567522
91875091
188356000
32634739
816524047
724596081
304532197
511238848
572244937
91046778
154623966
992614841
981772418
675887789
554243353
423792064
463098734
82307282
365955635
639798798
471216204
314406279
262494450
675334407
71501677
796794589
79331991
227834142
725992448
738326272
634717709
596559970
682717715
823073709
481711062
351758114
400186142
638759611
862996963
972431080
729806389
17620929
817562273
564095159
546025070
371805626
987887223
861640156
454112909
353842859
501438954
777845465
520765490
616449757
453179872
444783519
413244346
385028215
672617661
139236794
123354488
307335370
588313117
658588555
130409080
922540531
10346670
383111574
561300142
725859985
208059006
143622883
595997266
25621280
707718042
142022336
249943258
548121618
856178845
704056167
901964477
210134151
334417985
275246319
826583908
787597857
720029839
92344606
25142425
392647500
84097753
1013265
552499223
672410870
659601820
535424655
447467753
522464842
918536229
8767895
100841179
126595236
4907130
696838445
4732868
565141524
691377134
254676126
113263142
547555979
958732294
867743971
757690130
145666631
142990291
436790391
933264488
863020130
529134997
958406913
108183982
613232750
959420178
660683205
138159972
471538351
48624212
585627725
846519545
967160442
446911972
947360725
93755678
451819102
644199170
98488546
16960627
188092656
205681024
982740121
735648635
16929670
850484093
345855118
162596301
845990736
782645509
95860790
561527218
164296858
906784055
669711200
777529609
718720586
182910758
915689581
42775289
231534970
501317307
889294834
51211764
948229279
689171911
144967442
252564734
185887434
95972340
122041713
373980090
154169717
104781834
109628726
171099387
807782279
308000196
333695689
506289367
943162057
282072831
67816585
107458915
41373238
590044138
884988524
760093824
772954896
653194458
655385465
857006218
7028117
397196652
908217983
955257396
86368563
905701777
60338482
272255997
854190470
34896547
646236088
8360187
139678382
608381166
179459574
799977013
768897714
513155263
158782733
712059771
795228094
226599318
672035038
836601333
816643456
409539915
449211509
442114704
62734373
104596975
151637275
69762490
354309979
59855258
877536238
440678542
965557035
937874721
565450892
672263857
972771268
64203332
680624044
964966002
672584498
712599971
617459368
293998564
78271586
776242101
6058335
873499681
855357771
530609725
562617366
524517580
940149640
864345227
966632284
2884013
821458554
118269559
925162855
175768533
30641169
802699094
468963428
848714557
593090167
34414320
520978414
418377787
98617652
54118811
235860142
623718502
766718782
705835862
917717066
844990368
334594315
776291753
571006401
189952086
306901478
986140119
714469666
99567471
850485347
533618303
102451484
524460253
504404214
880130692
700228787
387561736
535346138
21708567
236276293
128436305
56122887
609771059
399330444
7256891
663889870
487706938
630975393
283125004
193542800
548692459
980631725
528137115
177500564
404154478
570605554
484402042
390294598
137591572
583969513
93296297
671209875
538937350
617756550
28130442
271584394
170501689
415692178
806930532
192210256
504484823
787883189
100849495
114255882
39729985
108106386
630662105
527436924
739081779
913787109
720979724
140290590
746935186
101633192
317791154
151089665
672238746
802193197
393900615
809830318
238679062
487196912
333556546
630132764
957469814
214203340
901717158
127971504
629895518
708647690
172698112
134380341
349047231
273547608
101152575
388777217
381653994
731814680
916214141
120735774
498118142
489710217
113542716
97569680
591343409
431333871
248659345
116098507
86043420
642559960
778445178
324722482
982273224
112001724
954855247
939743039
178721416
709088757
920230895
808616934
270252800
945445359
795513627
619300031
71509319
749182554
8077248
453163314
333513587
924291389
426415440
831631729
266517959
539958156
929201409
857861368
971292027
30377107
826476228
57335447
525453419
604921406
234574282
507726644
569439482
41945881
299986035
748160898
751034638
72733282
409294184
21287438
18178641
57324163
493103822
89687961
806506717
501181070
395367627
140020304
277988812
674299419
824168385
544506771
66773927
605886147
254884491
38065955
488779606
81360719
947917754
14233025
538798477
35008388
374476021
960754311
76954269
674462056
561431561
680505260
599711690
970725745
554309050
470406684
880566260
47412872
412610997
539589330
401110295
807978624
532125986
531615459
334794395
208810724
76122230
401568322
814696871
183523073
292150629
155992829
117400145
92584736
170225854
508714974
127593124
544701876
469469286
57063746
71680284
30900847
590085358
671391975
854142945
144394408
141798659
587225557
44323633
406926008
126814887
297950280
67420984
658940874
829565739
402215379
867751598
758204321
803783701
534964821
794243746
95934331
690957650
911643891
188519067
713699856
272875218
168628543
110918084
742344504
225692289
182598369
625761703
815777647
706506696
332421000
812688408
700821707
919646558
709528393
107747715
898977797
859995025
175168699
410435023
542077116
577384078
130702973
152797789
233684131
665667794
947041535
329618462
209141796
711201779
370653881
922841653
984076997
539282425
33759737
578937853
764974714
68874458
57215908
433268714
775381154
389636909
98473474
328719213
161799819
660518219
436466928
60777616
520513244
464151979
323728992
62590360
41536057
454431965
67904501
127736541
120099760
14946036
457355003
181757908
726147815
828008885
957115913
562741164
219807662
843392003
141679017
984782376
912266461
198894926
270567442
540163968
441048187
221557268
868883181
602848006
882075487
157866462
516141974
255105083
622018441
839870966
170211795
516070851
146819284
238116296
643807392
119435396
253062333
953678747
301193304
831726500
634203984
110825570
394467665
854011646
954217573
388663034
691310375
719000386
587557960
961877817
111680706
28606147
35951438
980563888
483970505
918026925
990946702
852628832
173132009
465481495
545016150
343343804
981552346
691835434
581460101
477876090
811270830
687038786
284071190
112464135
518765286
918275174
75806057
765749303
772286821
30023630
154412338
316113548
749024016
594486650
130507717
860704723
475609150
166459155
693784963
959579655
84486081
537248017
664724839
110134442
2729512
209740990
453478246
836798211
901576424
887454699
167190653
565363607
574493485
451261843
530344094
945775124
369537018
606150151
711524427
994340191
636173781
718453117
310453739
237714149
312939768
440961456
950935224
788548918
607420612
497236539
600644925
544423045
34484556
117886117
654557487
37214069
327627107
108035733
726528632
81719883
848006785
893719285
647083490
275016622
344981129
29943936
220791746
567034499
636094087
784832526
561374690
124784220
503285643
724344781
362498370
668741763
17822589
165949946
309807033
625243201
663186486
910451959
22182598
697671042
28338076
676740085
587401463
208481535
637292171
166446447
142717770
485298956
60165733
789801261
760315578
257663214
819745197
833623677
824697713
308355637
618456203
238588755
433139857
974258198
962933536
795638227
642999962
980756125
961588174
952806995
458515679
477291012
715775306
480698277
27478406
596629734
157438363
614879870
657627621
794730534
781326317
800345392
132545842
694008402
442663005
745377772
951671616
114924554
579001449
776369329
423280191
49974004
14958084
856420049
24232203
830407972
504574628
519748517
811164098
318679154
325071864
122196129
795970166
893363523
602894406
823448573
342509609
760332769
290844795
137231
407579655
72171112
800482623
392641849
618695867
95661980
138019622
570367483
210586534
569537423
199253165
633866726
619511428
66727601
490286775
496259983
897135574
994861403
868524852
560816024
166056910
46113068
683012153
962027076
939476591
138422911
785475649
281986201
898755681
76320444
134639784
158851688
1007909
935122407
551493538
472220128
30784387
542029512
42587611
93887273
111566935
94357128
727753999
583594715
13601082
70557126
79854698
910736656
65418530
800895902
324069032
83991792
847008971
859597537
46018868
786485562
998020448
684010870
920988115
749292481
612847666
55627899
908144170
466371927
843266658
312154060
938592055
726567397
854183572
833696019
820454671
818266859
928053147
548208670
401861575
941654229
618765797
334232625
704907237
536700679
135128528
881492621
620692471
834653851
741090158
519227691
473655765
591626959
203238561
394643881
340919440
816086228
302788132
101579962
134974507
146054791
266250374
73566563
872622188
120433946
907262582
545593211
791217158
687832081
93801882
45595085
482002663
565084031
379827710
39426252
954301062
367472590
920918874
427509885
54642793
514525384
946737576
528298559
106152343
2492490
922942440
299588136
818578718
78246924
253684450
953553225
224301715
519934825
879636140
949440256
492885123
639415074
495033467
284102281
179763508
441351701
329697366
661766171
858952084
562041429
553708775
813253146
929514019
327144001
93279383
984156813
841669386
40016960
364971724
800338081
42509450
140430516
952442569
713604520
218677440
206127020
519674097
442979156
726061845
399310238
244935764
71463320
38725312
739969231
355565602
71005172
33837285
537779320
732771343
892789369
99820749
138996471
558558868
881851121
466140472
651838251
718524286
160326210
544371563
83496010
960664292
586881013
223926526
765623213
153001885
442603966
971750233
672675983
738099474
550328430
71986221
983035238
621791751
963227885
575520822
829873705
34233058
609358107
367653025
619520753
354663828
319990127
758517224
765739048
201841248
77174049
270093652
920365534
237500259
814465215
856377896
50680903
253862581
80304422
816304117
406864466
375424740
640570702
79540449
113524215
43415485
4043022
949075805
665207236
819787260
524596627
347597293
706536670
986471086
715250318
178573775
193651267
35240445
937091000
959390315
89598045
14265049
229483967
862479931
104281660
43949183
718857827
154962564
150328116
651678601
971266681
557192582
879619694
611837383
636733032
845660261
655252868
493292406
794736066
172976456
313079666
171849046
520573749
19616336
10836484
88340420
50706464
204487751
976097217
987797464
163878067
65695263
854578865
245878386
780691546
958860525
142343921
352065726
113823089
292672037
3744327
937606122
849864620
735880373
401959858
339114004
581540634
57212726
832406410
228793053
82705535
145486077
253158451
455795636
17618765
263994935
544136056
68325229
468482687
372749626
908639045
632360754
290961241
615734262
878239140
71652787
427111140
20583062
423718513
393450581
165771451
279979193
183573056
15636071
15859566
585532914
354750075
449916553
495261992
39672838
531225958
577967527
37675267
784384409
33763164
55294032
48379344
430415572
976135614
516862031
803165198
737291011
1739137
94126439
205541626
732494630
18295579
485169118
605594044
294530444
878619699
771365495
574509637
62192755
787001567
442885556
500242021
994267994
745318461
995504014
33940832
276544419
425987893
71616099
60928828
312267409
979426484
961824524
742682982
808078450
331202908
398364532
397885813
332942045
345007324
603427439
65436675
215819255
88596557
523547071
510349699
819732609
294912567
84859337
734441716
934430486
380261245
87200090
928698480
125579706
82704104
815155665
254640477
508691997
886771764
168085657
820959407
718714600
129910181
416158741
526793050
313629441
667039625
924678864
646571487
12046949
380622655
564524514
80382556
321735565
88071586
590732256
993984526
235500505
528107945
580942594
22447343
908369190
668142684
951145823
886465248
750846788
618817840
993622077
112055138
358105957
14224086
785530897
76820557
144134267
54205990
456129960
310280061
721245615
233325176
956851548
585808917
613947831
373892414
666191473
788199748
314480352
256923729
782184274
402497209
785031674
215643221
424944552
545917216
883785905
228606728
284898816
487149046
847424568
131037245
599204184
205530525
145261331
237251433
134867435
141911951
291457423
590997395
452192012
12703038
824322571
261559912
598511955
290786754
635452326
117219781
78986503
802449031
374143510
713687129
204946240
11691537
929330350
629890793
410125105
813116256
858497521
695023922
152781654
558438441
826061167
751985838
763968967
971322499
989237271
898836402
113234450
133211046
342350149
417942814
145914084
166672720
679502726
596942392
457459474
167471404
714162173
388962329
969920435
88305683
102649459
27383028
952513572
31979809
657273821
362638678
697612417
368287694
910178952
850394071
926726135
588756471
454896261
543211454
412595322
296649884
294564208
378346124
429860930
636914357
796288938
428291367
656103429
475791664
25233759
113562904
643263069
739395932
355041585
465699856
680217967
457691044
493082884
485247892
342187206
2873057
847886570
892315975
371160751
610581874
595226399
150403239
199338345
50122660
546131045
611933668
199288897
840695254
990279792
481666179
330125963
639085083
909957546
986229393
114876747
935191305
952308649
610656168
527103589
159866586
76356025
59837909
617557631
421955261
545085801
812261189
424828319
245488723
704577164
795989070
856070597
152319915
798908661
907925294
54958928
345039707
372375314
254247825
38251313
215171459
735914004
220893628
854256542
498387903
59639373
821649641
286095560
11948022
284822162
813199150
24330961
213694539
725553411
641888592
635649800
123155564
306666133
60478119
368644287
11243297
708983542
77231236
16079565
507892203
985156530
71038493
705448262
210048197
325286318
743699575
425219656
913716674
964593204
279476198
412104577
24232577
101125839
698200138
888696952
238464353
363915640
913027913
452158892
89469051
407432857
87808693
65140967
714098990
803164
433785254
577858639
709786706
363532842
593938204
70195262
201205724
664976697
775643524
411253921
842779367
371859452
836473577
756496042
188969008
115949775
21116971
65717937
69591967
571833461
954414889
160572672
935749101
719959154
612731565
877734504
979908363
700540258
942875471
546523705
701343422
229177077
124382345
263646481
592709919
570836901
333841743
793915644
88329951
109485267
57685917
931109318
481344719
894159495
540121712
670313727
862625622
413755036
736031665
784733941
985588497
542962906
945306614
773853951
115438413
558038179
504104807
95346776
111094789
299496631
494386834
664954563
528673708
471285531
928601044
973899980
42122432
262442787
620331976
982968735
224444407
678017893
766594406
705789126
572177388
159232470
228619206
287319363
572987506
817167223
72053304
558576004
212646481
17359918
184946307
328084894
427914449
689051114
275948023
391525590
988547745
770334857
56480154
369737806
94136740
985081198
343637786
136259172
100040338
963969762
971744260
324484745
494504007
738338666
882790223
66681396
897571136
111409429
206517111
323074995
781093004
278570415
881650999
993739486
148446686
66597306
174340732
428877487
608164772
450288755
820403078
596712518
73139964
876883232
966450324
167276704
714480782
162604462
156052229
667037472
979090576
127796489
991522217
473594583
718651507
726828793
392792331
468738995
690754574
599309442
791813990
471847579
730396210
525981341
318103417
878842896
445094999
492444149
160236735
53259772
942732905
980639813
502488642
868389221
710039397
321455318
35665926
277036532
336576132
44234507
944074004
315666708
24547348
788112574
641777643
595715207
514941367
34569975
64454202
58212293
486395769
708784545
530059872
69308331
87282238
848163289
948151227
384893590
193123791
108387963
290669714
135856696
941544128
793158356
856762269
651583526
967130026
744944547
928620058
303706158
789179054
725210414
471889218
666242754
513322988
113666861
261957961
880780707
753188
178928516
938993001
339665310
740229413
321569225
408973641
827511651
22248867
209641221
64921593
215372658
170545536
355591307
203745706
112089664
1266015
60507975
616189542
968396041
805452523
397325952
124618551
447147929
122536367
596507769
113390684
488375707
710174631
227864997
369156415
563444171
259309865
160665768
903109481
999539278
482234993
312083123
679567282
504483860
521724344
744488875
719856518
692269880
100080183
923602224
656875896
101346198
984110200
273065439
69742240
642079075
670391391
46877143
941743356
645444110
643384913
907650392
133819818
206075896
135515390
355492585
769520067
247341607
516158353
672629549
246880886
998393346
837229024
926448168
502877207
211469720
523453395
75250077
903739600
623533578
998852302
413131848
577396129
835478854
686197287
499654721
330074281
209105031
546531864
271817637
854549141
189916777
31984382
840885311
395992673
20016124
196377896
18029093
267357731
712536249
690658642
514238617
563445948
380404018
293203137
66323155
591873738
816656533
141573232
348129690
292706463
992941886
761261538
870102592
828420740
299975178
222273665
11011373
509080209
768805530
282829011
216145702
958722307
314813393
57031014
207231333
334829517
105925262
225260426
602187248
670977864
768435420
968942218
234423812
148839438
114661707
153263319
740713176
931318240
147352903
88842866
76541056
140294790
702620756
799160000
821231882
2595934
21433666
832243256
364192495
790239196
967588619
580338198
601477855
134918364
489885564
661225540
469747881
448327178
886485966
924451481
119305042
507437738
893393699
206245206
656277176
8055407
359508525
249506704
791889999
359377781
190865922
720947407
352188923
893486679
520107408
25937157
748598965
394057426
858180413
112791461
36812974
678285384
545646011
638290829
813203748
35531575
152032722
135467981
336375105
38518688
59919463
455680148
398472779
805829514
661925354
54749955
666401273
873950232
156773012
310807625
233328013
200155286
31755032
585516936
93641965
404378792
611454093
694757283
798436218
322150859
807548744
835249192
436243
205711107
326056374
666156344
93759034
478089096
801624325
430134139
369124136
861543788
885814287
767596915
519889655
400255994
674863223
186290928
126722578
831636235
497098553
360050591
31791521
381369938
798083879
977949839
785748730
262054324
525223474
584184949
584205183
185288570
271950493
437157779
390999677
598006867
103314123
484758711
76095963
757454800
914892850
445220100
471514941
653223490
65333367
991404596
53479484
740196590
30211876
32718414
424349177
527310430
392769005
308657051
908680368
43369236
139123242
546945450
305423560
664346716
131130399
889628744
849635286
255597245
179302875
240634963
853604112
135133350
725393674
929700076
892588150
492802876
227436528
216619443
146026366
292769895
208024039
52022202
32966486
238235916
84740616
309832015
618062698
330025973
618489066
379259418
373395209
757612308
926204868
678818770
421959024
909851620
420963866
124110662
165448865
600266741
364745625
19052977
587916443
942655651
801269405
333020945
435458528
881222285
549640389
434001246
26508533
757664428
486023449
59475019
848416696
423280417
221823386
466479394
753306391
840312453
845738812
126701600
597924761
624460033
805520370
872400138
534311653
79000588
996510800
552276870
679267329
213772778
423846199
119700124
156428429
77631957
452721070
444403309
958854242
2361459
878404556
985362775
612542239
216944357
897354146
460958936
640224774
119177533
779954682
393531165
959489986
478209847
372749118
409931099
102669880
30785840
134847589
489497885
109786429
131358390
41774755
789053758
345131168
465620954
908753883
354075949
543252911
213991305
798479259
354623506
216352764
676883815
339986281
828895003
893828172
89856780
142370291
386569298
209034313
922324974
780100464
21040651
253051173
5365934
283488102
355721053
36151774
418335692
845218938
145938203
549694082
739510045
934991962
747341602
57647351
696262197
101417551
600900263
910253502
899896810
955523769
979122618
429296977
148026402
660533973
175641501
237883182
802904265
562210800
299433847
577745591
194827616
320474498
830796764
200193550
603962601
39034169
236345324
22298293
736769459
382283528
424508727
476279504
169791842
24366681
533926855
718570391
125784232
987343470
481340245
878197395
795383591
460462863
160010724
943409994
120996836
335652226
33809528
776417453
750379378
333243376
206679396
945206994
506234226
889992512
997916896
110196827
929026681
86778572
985011472
518312492
469062100
262036551
994591996
491370294
286403232
381035204
209940685
264703817
220895026
691280930
142901212
16278618
4260145
302911936
812204964
977773334
491080514
846014492
606707139
241459892
31774220
813386536
39183238
538008447
555895400
37100134
500721626
337438434
123878707
338249451
855750926
445457159
452802354
702859275
936827454
739205587
83894479
999284491
3909404
157305857
543081774
999326968
173584475
547341919
154755256
985789439
377631605
645835771
684320284
984338745
887295663
568610856
650241633
778995254
106619303
206137033
668611740
459857282
543575467
645006799
650623085
251842746
90463959
103425439
954702021
879807765
695147378
891112852
731608608
551573134
48418709
274690382
550900102
74519537
674548654
705655359
60308976
52180259
204007482
597145612
36519004
91303145
18272821
539276989
722814751
124892124
745414023
391426492
437265758
141505842
36433291
87888843
393348588
979413602
43830635
200566961
711737719
738978013
91679813
295862680
143067500
140098523
570553062
693967602
67134412
97618068
252139313
127443388
149798328
456146795
577105353
38833684
399966293
595378174
578110674
122781044
572786650
176041049
366723888
862568761
170063243
255673532
802973956
563411832
87603486
846804591
763978793
651857558
438298957
708174959
947720238
581366457
700789834
370789652
127850411
767924246
468407721
232506077
747883986
618206049
688652872
177505691
509556085
941135517
772883865
87666759
916432914
198186868
116224160
135673154
60755629
286287404
391346686
716245937
702215588
331466525
415566881
318710733
983324083
853865838
26885692
931044321
287748647
727675526
154350325
268115410
348116124
622758046
500621487
96000111
93480447
41790712
273505802
603036533
982926229
898906020
543219644
899359143
97092888
659443805
35032298
10364869
798247561
278895336
579127158
500463149
610361861
994694039
819173882
446202296
701076229
698575927
229762969
988824876
278767805
384113295
109456639
626883930
6871341
610078126
722884041
100351789
651868838
848906195
703388322
634795068
747812215
99124318
386670563
697421455
758568123
274219213
560302676
409332036
405630902
139429835
909795185
15992763
986640226
581485420
314711412
687716456
132577699
544474381
529057684
411345504
928587676
638514323
38229434
935459018
101108802
613629827
888327159
752977640
462536023
444231833
240289060
62864590
543356151
626959624
612802398
154440627
753695189
25621426
563772663
159326091
17567613
326084201
27835207
4207840
907569621
342546619
544440648
40147320
887021000
73498332
304009176
668125029
564529008
342238611
456100399
665637810
955868438
344427558
271131802
270920813
788659391
511420863
186301756
184531894
138380487
799104154
338972521
744592028
824725580
902745185
903918120
842293194
228829386
784269679
846501034
988915359
126816298
243458034
881579031
866353650
169472718
185588207
386995031
734001726
380343170
843095430
252155888
188727961
40039340
523287691
459648774
828698731
34708554
645950530
13230626
25605393
297571036
204719499
622713773
122296617
107464684
379148245
964589811
188810422
163417924
663607197
177725781
142750574
907065231
59304812
861620577
76537949
97409372
248615608
663056028
477752542
91711039
767728268
666480503
131750379
143532311
978645630
812965463
30757217
477112512
678712441
56362610
774683549
883431940
531592736
896980166
843412977
910740981
714086329
32223399
74158906
230209878
62465533
69425832
989791461
121770345
931046409
918845762
71696069
32178370
434418142
401964964
976405761
202146411
68445467
960672492
345678722
899607449
626154307
376435940
376719962
157383100
285314902
3919863
40815041
816907638
900900029
736744370
580164972
467502710
768967769
506840230
550228940
831433302
576266062
540020401
805720000
359828824
311382515
729932421
244523546
745800658
131897385
220929307
947947069
52859205
34118151
146142143
952466654
660272459
375094435
181702968
817655559
660409338
185622831
710986952
329833328
939039212
447731322
909998300
259058274
69215444
269354882
809287214
753165098
845620945
201823967
411401450
57966121
513206483
141333872
302489667
259007141
125747609
375935326
59470562
178606814
410053477
58129057
983589821
70325936
433223493
17809141
887981496
93632831
203431973
451484800
275982511
142471185
899216123
38497164
254045812
820947919
307852046
63333026
574113017
5989343
265156994
985514468
63955464
778363477
979364692
218961483
889886970
105112301
594896809
949357532
136235468
4950287
7486589
119825289
927792575
293226434
137634430
668290423
239375617
193582755
119775224
515358129
188570293
871507699
406371645
442616105
692455618
714223691
505949131
119084987
572729387
623622477
957115807
489201203
254502306
936480499
708162687
144389276
894109153
155575848
946263160
30344621
13042487
806266102
2686262
940835063
99492536
140320692
461641838
338868154
333903448
581417062
706742635
522473741
305441113
113114280
965089846
997896731
679854323
323555329
969498071
252583710
947177807
926613878
741784914
54196465
715610730
302463953
198585742
462236235
310556153
144848902
492580856
323598641
803631356
495267118
116950056
903123893
488104162
578591894
94508399
822007610
12525309
801251034
196997703
317966422
766881666
14603901
168379506
446735989
190675583
137877577
551836052
137853390
917007807
146137318
44566207
485134889
448601271
243151949
947371124
759157424
240517204
292468332
935272417
44148560
640251802
52222473
799788805
128355965
483330720
746813556
802879927
348372381
400580942
999877631
666338803
167462608
866997884
687234661
466714950
57673467
677628590
18551002
48043209
447152750
164688320
92609417
932287639
465805943
188277718
732175116
77479719
428794922
877159800
12752137
325459835
517411603
917490962
977764992
498283920
253338034
724578549
301163847
601710415
125159491
153557830
120565571
145138452
20555715
807800232
611853402
930745534
485428823
482920756
978788744
932581573
647609076
923914513
717385564
113415019
112192231
302077032
43411090
393503506
31753185
56163227
718963341
549164788
973654190
549244685
47448708
79508576
126339586
201128907
681218992
104015430
207203090
801784563
249153882
80275157
609584795
713523636
11020691
947529970
196444392
842325787
732627895
696569820
766240300
302529812
662501191
730948884
604606844
705912281
124452390
636360029
762075509
695932083
38041169
588246051
245176768
938006229
667754627
371516355
139135137
201489971
475531785
198854579
3274534
577202019
279129736
465375682
290725655
290150427
412905652
339686399
132476215
145533548
36256219
751232867
300579712
698757410
334698103
905186556
257186043
459150493
394062938
19261552
7598928
284620459
460023955
252775697
222626689
980294935
476808404
214278178
181784906
952340189
413132757
37575793
382058560
692262493
502951475
672784215
834929272
915857127
12470614
819921839
913907027
901243185
423671059
67003091
452516947
758369162
972189648
709702990
70036008
218768938
581480895
77634936
503389397
41504850
330410633
578532438
874316137
807219037
792810616
56101044
612075578
58459725
93676837
994134138
603238570
449144664
519434705
438167843
217518143
384421671
110606034
131425171
138181208
534277093
50944614
590698155
292646256
23134262
300401146
362682264
94419552
881882041
440317200
450325302
775903243
623244186
28857740
502735733
282979575
674184709
411353129
895055154
732644434
357546318
741705644
188399357
806690982
113656702
626567200
24209125
350594725
737173234
8150648
488775934
123966680
59095263
79474089
416612936
934745877
232391587
631811552
29165430
114273628
72128752
332007084
742693224
547889290
360864824
97945309
830868866
35049533
509298438
578440372
620210320
866844756
172662368
808609677
673535738
286319070
287693229
550261215
636913796
877382815
558411864
125689730
1349495
470023479
57680171
270478783
404769356
290071759
902290335
286451138
256861739
826935440
618458222
852071315
374824730
831839399
950016624
58209948
719405284
459315062
636650320
192131956
178676170
809312689
741633
852211908
95631759
140951214
254989476
585061907
18334030
813401340
563267989
872199877
135941171
473464513
142678661
540710527
763536272
44968996
679678018
872914363
724420788
150652592
724985679
99245519
982491991
527518655
9971819
701897276
986833718
646622140
894029232
18026240
455934829
747287218
870238149
404082940
740754784
125227625
841661200
611605166
791145317
257445541
483805044
927086488
730910054
479000057
320313367
346962678
376485405
999991385
219877042
100906194
3160330
797379073
52668065
985652321
324897728
62639884
540065949
164247798
709262024
286611534
182274039
17713205
33898752
905028540
274312498
627169888
882772517
115973698
238775055
526434186
373419239
575096451
306037026
104329294
54096508
626350393
303808324
430581913
478858131
523685366
384004459
482018461
173580791
436672524
320187134
498478520
351828761
860253084
515242670
61090785
146864618
697516709
931320343
33279722
455061601
205632841
660449610
337834118
174122891
751741017
864268304
547542130
326837468
22821682
504387776
233450328
649172076
808196101
664032242
980546559
184397819
48036701
315081372
357978611
337225578
635268506
708973483
689054339
495521590
224216153
602661476
494902560
774249215
386498171
528182282
229310816
592131012
41148245
419661287
766253903
792889262
136445943
166312386
972243083
159267626
523216514
205693411
808439702
183928967
722242005
641502613
368326787
622795059
956583985
578821750
960020637
591852491
287795233
501591328
939890434
364527738
956769156
434792994
138776953
343267328
815491629
220604122
787914692
856639874
640265409
406684948
502045488
776711352
572997334
326804923
935978978
96213848
532498335
596935032
132659168
107256692
238437645
500985955
730051751
47537982
79807705
542588740
639390474
220119290
44180068
431797260
584647028
853465577
866590254
575940334
49249257
534598235
796544456
837163949
243754461
436809865
243848897
745799950
66037569
669362583
72604873
2016548
618092784
457619560
598951580
750751952
564876253
689905578
104254259
147444356
737443560
36578316
690033097
229350386
256697606
586729517
661147646
693860986
440195094
380254253
269801320
489444351
914852488
66345776
179124653
158606950
355671993
422973550
756923252
421709563
92336134
682044477
276242463
562945270
139664038
875194043
313697222
557056643
417615973
417951481
704500999
155059534
454529797
247050448
384409920
563743755
833779966
45557567
257604741
126491412
278328172
379922414
615935764
193180660
298784542
795060417
204303962
654456536
70550319
961227214
928682451
15402805
643271692
204924914
578348075
635452082
932635309
744561649
45025077
350251283
15029482
602042428
357827169
469559279
849092877
742237089
33303034
682872843
640311008
143424128
809364255
918639180
523346542
277816371
964336193
822131084
925393140
168640155
329103972
995943460
129867370
110302775
863862617
625655414
315227689
294727045
113623848
100379351
39288694
11165277
450630634
54318177
613207705
808457803
376393808
462300582
403211244
262213195
997689777
896038605
405637323
659570385
667194137
781500217
937386756
631530330
456147653
715296249
652686838
785251626
563756061
635070560
895554401
427618678
113242326
63298443
722345723
226866174
163677794
614150770
238031451
466824780
668468947
851239156
127798935
44862755
166056091
531010179
159592302
16262220
279565136
565229625
675832605
946759274
199246194
465735714
430805956
655393848
181031963
83492794
293161826
744788024
718563354
41232579
24923054
831805680
104531022
599785130
911188206
120725168
213935900
1736009
587549948
734921199
852975166
715348883
632300306
871547609
98875415
791892609
887809829
378440551
209638586
563642435
325199825
408884781
29378149
756005782
64278629
62926464
692014928
357440455
660230840
263094635
398673034
685153894
94900315
355720409
137455376
858604874
476445577
351391276
860340883
63995526
86312475
565832401
779344409
571129134
437380010
878219824
363021743
177706192
109176728
572660329
741348627
434376553
981545110
623243128
42898687
898340091
538685944
734913616
108296898
198916784
998008251
506969933
736587030
945424918
862690342
874042407
656546144
191652271
77950035
516887028
255647797
16778863
82719429
887508559
587907997
372615792
618244735
950929740
550321984
727421463
376106421
144186963
14314369
210167884
619946443
57213056
108507975
158632387
644643024
69321226
210065523
495167627
576291159
946652553
293108898
291497853
820694960
949655042
483150124
898644996
319058422
591314274
915423859
254294204
478822833
355848208
626909996
97067568
159294300
29748332
677005384
535400721
26451647
691319753
598084957
646398090
748532809
559109285
805030477
245692186
628430511
15096000
740859813
57238022
814264905
33968711
348735875
487476218
983623754
684402351
238637566
155198528
275716625
6577777
409492732
607055810
362425985
36402728
556639731
521720285
918667412
233645115
57121006
945119059
924964868
507722316
591517149
526014029
66831601
249063978
771706215
695262112
116676330
365082381
752500134
930941236
399051092
953752361
270933806
235191198
638154712
509571372
390389727
766387690
516149149
799882459
373443500
878575134
688801540
930083231
400295419
459985304
16244698
309932777
405104364
793725918
817655093
849137865
172256300
737003046
98201844
943962515
284781510
67394526
161561248
37281644
850852114
560612341
843550357
121785920
648319891
334221422
631357292
38709618
100609112
22793
691108430
326568964
878597927
232426322
109168548
131409698
692411626
125413246
441342476
950032342
919139165
111513921
799170208
91395465
848516968
749888404
887874332
133298478
669799282
49435581
23096475
520651397
462564274
719163184
494953669
110884165
53384606
126310962
2110136
6510070
126333755
545734918
333079035
857448035
630677592
442247583
988857733
175605570
567660829
282716561
125637913
339316346
394230483
777324473
283228163
95263803
379729229
23618848
81078633
49528511
925570781
956691460
422696260
240651407
675854645
917649930
204051924
581755603
896477244
58678412
588265674
875327351
604413330
921344709
732775386
87607274
363592292
574149472
263212845
783769473
856866033
388850758
123085820
103612868
18691583
258830335
198876671
398420812
134965535
132471657
447949323
60536316
89163117
870645584
301187723
617534114
640811866
505239648
199289718
537289110
563918060
787555392
265132813
20847743
561416453
997908200
108455017
925008745
424574024
371667862
561294570
281440057
613034972
536896742
385052926
631726555
795727078
436445949
30147367
930692613
568917606
330613043
843745282
658080724
53774979
144933005
128131190
694586845
502689005
327420908
84392307
919123418
967492652
349525120
939971161
528909105
199949672
900942530
306434202
624523696
125126745
867728773
905963754
738161717
257141867
143533032
369888273
52868945
579978981
252551992
836077911
1412940
583165035
532339545
659493664
636940014
529788902
787624854
331526859
32477908
967562115
415919166
804117678
935054767
765444287
596605191
316480225
965393959
497547721
475430779
442434008
622674466
195675904
200914114
213352536
452817772
344447146
583240809
358203069
776942479
835792801
46797332
778355419
271474189
579136877
290365435
908414203
108925780
77990290
92457415
993920040
898068757
508376581
798037718
685639876
126337220
247159261
2120101
944247532
744706982
330067233
386681540
219897801
525743137
587595654
433250337
978560909
784559152
869007498
336763979
561501631
557316651
383561311
192373403
828790840
962698189
482738838
737205044
924140321
413245480
829662459
918060361
311314237
190555392
568614431
996954114
169408965
815773692
851590567
113656497
412997026
34174152
352854389
485411179
559917290
940450043
918661516
538478199
577525547
640185366
727758530
139027178
197502018
111319842
183916933
26292858
926534383
666655772
616014254
703191056
79901252
298193065
473767769
243731842
341264810
42382200
93202308
510673775
710672244
944792875
624330272
976185622
978967028
977184661
461596802
391400670
770151056
232774670
929878869
200192955
872960037
510153752
191736485
922978407
473989946
375653419
801787617
253040681
42309191
270318224
956231737
122210443
568511289
429999506
218458637
909776099
324898058
311660945
272966226
888086654
108970173
897296498
864272276
87937201
726997511
178385430
331854223
349664919
263676453
114249444
549857874
136636490
624403196
741594360
912131249
98393142
117247779
713918866
351433823
12073322
984237090
160181912
986800117
405264732
590181418
205258755
167557183
767595828
516919700
440523410
655682482
625889873
190336260
372471111
566343426
769850124
403372893
898197649
119515043
667049346
12447094
521889270
656202188
489366642
115999982
568333437
587759785
85764113
134768656
791709960
97837435
971522098
951891873
937153904
229303182
394589643
142412659
396860366
162185472
511848712
689900128
670384306
990254937
880236388
42855417
409114716
502602864
298744663
159828717
474634260
965794009
24792163
996523530
621996198
514158806
965039864
42845987
101918591
50803977
30130995
746144903
1157764
1653094
698036776
790828020
230956276
92626420
785757032
480332994
107328244
150122096
170233122
777712550
140377033
902985863
673084320
549491749
405588727
971828983
709320467
880222987
790139344
734112630
729262869
264651894
100787788
546819085
307497882
55222731
450139414
337628877
801367635
303813530
191798323
351920763
94641551
422754600
297063535
880398583
903087594
404391779
30520679
925837069
34620682
23414064
828822932
560221354
425422166
86928011
384566689
134742633
819667351
174706033
721371615
401446572
439357928
822159404
948265658
599372162
877382135
398405072
937001039
531266122
702218603
128799363
883186886
649376506
404070315
180250421
382291441
159674261
437158553
265328472
85511330
471779235
288742536
766850614
32000589
714164702
706294978
269083630
701423687
525962329
443789663
275311655
927408901
735663943
949987411
728190911
335036105
679885898
126595984
124553497
211152021
681330939
105869212
94338907
183223797
362455879
127105680
565515238
522130140
564264233
830843710
460157823
888559820
119586246
79524789
773076761
686267301
785819767
42160391
240207340
164298448
338466407
368035347
944223702
74130350
318022758
672414613
261682808
997908657
651526949
386236305
61577030
185374240
344621869
8432289
368598037
707077748
135537969
934113275
81724240
552318555
617473337
541882063
293394727
589575936
473923205
66471489
128359589
112259324
108631880
368566929
276557773
299614639
736602277
73297827
373744990
907141387
745712440
635427798
757566396
249755742
874180455
819143426
287646334
218802324
680092067
656244372
925880072
668146389
442873999
7604312
72981296
60347337
402002728
366376023
502439625
875925933
432847512
630799214
988185257
393995745
999366143
117259382
693610384
588484772
190557209
919871726
348142512
788786002
407815876
105708908
38541744
281996331
777368687
178704430
353315007
457460754
834948802
131711431
125607143
130339154
139315744
51104791
43202843
393834824
417480815
545642468
122277109
850328327
28958034
962978718
96840424
28324177
80238101
642967161
469325302
123311662
562838887
817467814
912097664
970654764
775693074
803155760
105167447
553061761
981860191
458482455
863038868
669325345
590193886
841162363
652180851
582025982
892267155
695383694
828377158
309747970
93542514
950654267
12592649
122500548
766149338
109433074
3341078
698903791
604916587
325182732
822215453
20271826
142650546
586829470
990926590
770859972
242501582
948610390
176438086
76878125
259609197
39476954
598719823
849803083
880639317
250900674
284345418
625422824
798800721
112722576
935170794
892343235
915893196
800279796
867360136
534558886
762229222
870701214
233462677
367145809
48400298
908194482
387417635
43567196
347540304
230860578
814427168
590041887
31987320
990865254
519436364
291596517
30342208
118156187
141399600
763497878
221573214
278261370
241437054
20373935
243500299
29124201
765233522
11909847
829403997
632593658
546468733
591633219
355811224
632447762
811295380
404211522
540642244
51229367
447778718
888182549
282089945
114722239
330740788
314077265
105587493
850177152
605673782
988446054
820849692
599589735
604460284
42422906
730367457
845897338
62796841
973867756
875021539
680546715
838293955
704425536
165656726
237279040
148575107
521467950
869726802
959870487
778195825
262885399
11099855
78490895
3584300
145706152
193213134
334325088
312299770
298800628
37018592
917973552
139763034
857868284
370079639
744223318
752807542
100447097
590120656
668120735
926831205
317658548
348667451
617641513
22084084
514324177
854920553
23175544
888308479
724647356
835562383
666504304
987532755
699178590
744995200
991117055
844884743
938208334
177958495
9700865
89525314
67493439
927674417
229288348
925361724
150270409
973511666
530685618
103233858
416148675
198806354
882581415
733807223
399990157
500222928
608407659
914314334
207659834
484099555
655139165
932307190
319661939
174159822
772356297
18840529
919155022
615989704
716241624
709879708
646464551
725942489
651921375
713957990
506133259
881209723
491836066
508920020
707237742
22521685
612153878
975902769
73844391
347251645
562226344
473834548
847474574
23150355
240665234
55134408
507249911
895804399
839957950
826911850
69964221
464830599
698268731
841635595
933336655
267026708
404031656
579801206
845485549
55953031
146275548
204135160
789679106
638111615
713055180
349433200
660633300
177725410
325335969
734477691
524977056
887562313
60828591
224967982
910712669
301493825
132618742
270478932
197298224
972576692
97390782
119778798
289923643
648175865
961414393
75776650
767718925
365446049
655577856
613204475
273915432
801853404
817339635
63594539
292481371
382911168
413027739
953114671
560636578
590880061
540108714
85613634
330958726
600937305
310581616
94187747
902431130
443200358
364666679
952245707
268293402
314573813
72024505
410733397
962749679
33438898
486510047
582984956
251401300
142087903
48705783
525316732
796457660
866045419
441427623
88939031
101472939
854455363
894570055
662109517
297851776
287195121
747723152
628810502
740648779
910821120
722998250
495596261
206537831
87664929
447841968
474831233
402238743
372382825
885564631
217504774
258338076
224591030
800489730
509739376
219195286
849195514
887572460
15652946
567757285
329000084
957108329
669230224
35971799
704194736
183856093
333823575
843906210
931579245
962634077
584554989
694916718
538148679
80151250
901454549
625813609
380509571
228802134
880568704
752892396
114366765
98073478
11230472
191474148
751079560
373486200
410669434
452791426
113575013
278838732
873065063
442575097
88463413
394811639
331063248
792658150
578667733
664886823
489080712
362763330
480037252
73635701
57680048
18185932
6303303
959134597
496515893
239329226
40453084
229600949
844737975
7336201
180190779
708484799
198810349
931270339
81971000
609479783
236578118
48062365
888318515
109643181
490637462
976781929
356971173
821700710
621956431
935638906
339103885
111037143
298402236
671657489
37189196
208598637
542359773
896008851
20249586
38875666
135338078
60702670
120992967
832592405
68038872
301183746
541077204
266849221
84970438
475564556
876329005
321548556
523626921
764647520
283708089
866780735
593945801
640679262
540997797
215902232
428834520
880101682
179455727
727236757
404275524
216644923
935835394
946635297
112653775
956084980
838027316
100508205
16787651
959020283
785616962
84826523
260204030
179210518
204192096
345174468
654775075
80521101
519239376
30918348
697684974
802947465
897699084
291630775
296143080
291213233
360049360
724977600
23831268
539505087
304730709
428106792
756150011
93082455
374742089
721320138
901683788
65285757
674344695
770987791
24306041
312478009
708330666
137026423
491688527
912522762
482200891
146463602
993043864
1440267
29898303
543245190
656904084
780113739
834875965
805563516
71326972
47441677
383057469
95158240
586946765
687788178
523265032
195613128
633386986
750523474
916933266
535070774
815809231
443794313
158574917
840115272
756272322
866905583
977141695
100477201
779428345
311858938
99457156
624988561
165815557
129355459
20750103
675235994
909469198
855626069
480799510
833312522
903067746
863856979
928470763
342530863
404161510
304252147
538143991
37548496
54775621
307593609
425135622
723101205
751387922
583710539
415732829
360176596
303132474
245390877
460653798
82560819
557249815
560110954
560065733
575581725
541982765
580815836
250817719
303968315
288958257
584133581
137280837
44542356
300506913
918267952
387073219
704668423
75036452
925217211
594733271
129812073
85327172
872385245
705429630
836715095
308612136
121162460
49408043
611744610
366553337
362578193
546821781
776319504
922689147
106887514
351901229
317188264
540219703
455235300
621156579
681694312
39368882
758437417
726236668
339875795
529221721
965826240
897060570
604258173
743559803
344310193
586586599
828886975
216695438
292016229
518118422
525307574
265695041
567526466
137052184
632248378
930104659
536390317
261084235
705310159
495794184
612985464
22498423
36013887
68220765
496171355
570224551
960105999
107125124
148977572
152498146
636346845
114803812
49558716
240605019
858363615
393868909
827191618
539766942
463080699
971724199
57885365
988388273
237419241
477928183
977956809
722183971
260549194
366863478
983268206
965859353
862657662
448770023
840874129
751187901
369507140
189561836
321412453
329613139
296686960
470390025
482111285
933033805
437710189
384186353
26155176
148590156
778055262
853346794
688357098
93652313
677587346
746242463
82040586
915006587
76686998
912513747
489706910
337236193
131893577
472975117
155611898
994551240
921745140
996486027
745739141
143768632
38564215
919667946
473381771
335251175
242574323
808009408
268284981
680284512
192195761
294440157
828874668
822767375
303304
517231767
916419688
677890650
115990582
850976626
445413589
192677581
616006725
935120499
529913774
747900302
260611968
685525672
742451542
34873460
534528052
340707036
178642092
573092267
112891334
504540215
908343443
355465658
312549623
29144776
35750170
357261736
176101285
864624839
180029111
176404589
234372958
96448799
706811591
202879892
799941777
4741532
395557473
415948502
939862032
777987599
16365157
52990352
316029624
758816699
87863813
850557676
952040087
119022257
276166295
64931422
623562473
37026090
420397080
788628448
66170866
308663602
145890185
94788504
25804793
178435648
271193093
260177751
127400800
978004685
463057644
927342577
982746217
711131469
195807432
775124601
489119069
212172589
680631306
805148693
970989288
621011471
508222721
775545728
740033728
636905368
840477150
216112553
673931459
113390582
4741002
592618677
422054184
3147539
687407181
447858978
181583187
811116627
560553081
308983987
641637664
23610725
88842917
476900233
587258547
284650349
104541187
76377616
496822938
785172493
734042661
320328578
406183964
94781734
95874306
998734044
731687102
788867808
67362950
258134913
902258390
72103952
703269943
176828927
927767843
243193476
477204257
109351030
54310103
37757338
270851370
695947767
913884416
359694287
25364353
501142963
644344636
129905540
430036931
141167574
915078033
16595944
314012504
173778349
111377678
409886811
172512393
695581132
51270971
239875343
806232398
953529362
164495647
509502341
982874641
92263490
752695817
460078898
54130873
659522273
350352588
177498595
207986392
264237004
389709234
233350745
617896319
34053870
363256285
47933250
27737796
278334318
917045546
194266652
452112667
880939576
604153463
477141413
429037061
655424435
717016756
235269459
461470149
734028756
597288152
296861142
678808598
202500321
756940040
585455823
862022594
107292628
762954418
70008987
224045985
5180004
303359732
841942304
39233874
666616018
742391907
919488022
797466688
511953805
113754675
102095708
392893382
570424490
579237121
821930443
78365277
148770229
909716254
392351778
882798985
507004406
689212920
561607584
709504727
298669312
147063407
424043674
258478293
762534178
494052661
482524278
767714182
649928745
176982934
659464409
169061115
771891193
431468783
966527804
283844999
397739810
68623512
529254733
820680653
647860633
203701528
899045930
796630862
113417782
143914061
531946200
472938540
833126981
93553784
34959619
131796294
93133543
459003293
390274587
708184073
953055954
725315217
328414608
455501052
902298151
840395369
624562167
526705697
124380504
591089971
810550696
522120315
512229835
192321781
195317320
12606820
396023309
94363250
809237683
509441091
90793663
193700235
982379631
923920645
139770371
17339250
55716939
85420266
328858896
298507878
793604340
134431202
23823095
974535300
589932254
778637598
814930669
214494422
157859647
939311173
658100745
968410343
313947840
170330581
13248476
509265160
182937401
409271785
456144763
844691436
918712876
546938426
38391671
753608859
323375423
178162042
623464462
231608714
263582309
952323358
530116592
909703001
86754560
406456039
884238301
529203167
37609990
551685322
743697589
195469637
343512847
254314686
16396333
509977040
424645267
29644809
19242200
460099021
438916595
327903315
304790457
210145823
727358094
195698481
816271035
50733517
373860523
292251849
282342232
489959184
97091559
664975176
399662185
36362471
71431216
136416838
565565638
961557558
540618512
161779579
9543547
884131360
416094266
25939880
246624752
840739533
55584690
118383304
153354906
347017637
446286620
458145364
409679812
26161066
653843845
225950847
76894583
880220720
518202696
211753167
370179905
615294255
876728344
622358442
651656727
800675912
758775281
69738717
762233470
151910145
231518297
771777017
36041505
647612563
650233250
135182609
340868448
558334292
253565914
494223355
905351929
699852534
952368719
167548093
726013600
458728916
393498941
655424535
191465988
764217989
867177703
561645893
232028597
743906047
36520688
883685324
397098311
795295969
953424041
11848133
947206114
37458690
783625150
835763972
685071253
286374752
970946581
25939702
844709044
77028847
520163057
602577325
776881381
325048128
770125419
355411333
636293396
16140712
10835869
827759384
780358701
730529924
241921630
12387298
326952323
278442318
748588974
724050634
73738287
554529368
735898767
873460753
591988058
372040269
561741077
277059312
658415022
385204011
155515366
503124066
462232858
675678423
105701392
91630592
853242903
728343163
299558277
489536299
744483875
162910498
169812035
524842576
893440422
411733665
389746227
220392745
690175983
138335201
944443379
616430622
692864569
532858498
342407728
137368980
904898768
904148805
414428292
563313790
141869168
569943658
918954208
456618379
98138433
877171952
548248971
951381336
605515115
847807248
293433987
202515342
10717747
463246022
727357919
756674521
874979688
117104146
977067267
417672023
107955699
774026998
34102646
653336621
159401849
376510374
790705601
64300617
133175531
57650245
480130759
127561052
627593903
399084967
584179431
578248688
128773272
132428402
382146376
734288387
832752002
675580363
936803730
695986101
991342737
516678001
305176975
718838777
486298499
134760594
136510801
446770550
908787592
23129799
100107171
68189441
399640173
890812772
985006410
385332056
948463017
465137169
512893108
428573272
716738489
97072539
6821960
845511761
82017293
241484688
432316500
767285648
917065051
221636582
315788101
760924141
738314583
620965076
479762918
77129434
755725670
468790071
523899985
517029615
491919870
476523508
437735408
891560043
219852633
422741819
129408452
20832002
740395340
642301560
449405275
457133829
739374100
308743587
155161942
673907745
550228276
587478443
441193393
319809679
809115025
756981495
80733820
399945961
230462923
413013091
477075395
986188594
881803162
853491732
503218209
226239385
330015241
940953617
117799428
549867874
216211788
99724232
570699876
956607129
742025793
872621503
266257310
333916245
33881443
421419253
7823990
584109719
8897696
301533736
756435750
670529073
58515231
689685923
70475034
141494506
102699014
400066782
127683100
837018528
253558514
483417661
63257913
436090107
276887631
33573694
985957981
493099419
133297926
409174210
302222900
727840071
134312065
420996563
61756316
168193508
842415816
69580307
752303227
703829864
223630395
361255330
226875289
134661978
50941253
297350324
276156484
6156619
697417106
403839585
695691499
803491972
887257246
611465765
239582080
16661229
497555811
78056413
509760649
483370089
339746975
664499901
211210161
474059041
85496464
125482829
642252549
780428632
47579488
247072129
336774848
271209883
608327459
563650138
405871861
659268712
861000462
682028346
517941683
410933920
85867931
213633182
66942244
825641529
825098947
306524324
842302759
175171110
237097090
204579760
658541200
576844065
869079661
869751361
50903106
807092478
995234190
693155656
587521110
42813679
940227785
924295959
166539914
401071596
340462449
572411776
60340308
53979263
254440122
430798343
464913183
192824405
644431525
531855427
870982286
322046825
690896104
565801397
497217935
927993194
770381157
8275487
504837259
491977171
878026848
408256718
151586001
725777391
101412374
739107111
621107422
894156511
515919422
787647336
147744459
856381871
212575464
60601119
910361134
467015586
491399462
227790669
512356343
135830987
612162449
383338630
310394164
303058553
949140027
660128452
83568099
572037537
668403939
588405358
916531060
398947140
996662076
68117061
124724531
950590802
659740524
598348305
697263665
28176299
238511993
845008124
884558170
451087458
905609243
647435657
770619396
249525057
727742678
282975740
237872397
339905127
518830722
548266561
495480032
320487101
60911365
579048131
892524638
729315305
19969842
661572050
128262445
16631918
729689111
105503328
819739073
241945988
556367985
369519090
270122287
794879978
67043567
7196809
98483788
825169162
654632466
869103185
74694220
234891497
4595277
312566617
574796624
523425999
713349530
70276657
843913100
774260896
501841140
588954091
503576201
521810982
103042493
484354998
390959253
832731605
589858326
63214678
74677593
146226311
432733768
197316232
793622641
352293687
204513041
744622782
177462850
859145508
466242319
104673422
94037005
470837596
417240039
521349981
846779947
130589569
444142990
543209399
757366817
945984131
132163490
113459370
320311465
87722336
597814368
711270718
920453941
40189046
774485396
847647886
38931709
59735517
44964118
832554351
412029204
101993511
429693485
589492054
961139019
895935804
694165476
907692376
219289752
963921867
281558710
66069699
947027789
578218052
609279098
704394606
376718535
593958941
817853977
697030001
681681277
268184697
408300719
454651570
308373744
35302468
154815808
347305453
95037985
52296278
32376156
507067189
154289789
462069641
96559244
967945161
358005445
643241072
728153889
577295197
459679292
9712599
495881248
406707081
440447004
105160347
963618039
817165539
551635640
633988368
514195540
85833269
902173066
775012612
393001191
210546810
810315080
547816999
557852263
905353065
452629629
590228420
412420254
606919418
52298061
361495850
427380931
262819859
857253275
155534821
692631408
316932567
17763772
188512657
576156000
458210776
146189356
539774039
127892668
550341348
26278760
642088208
636174617
928451826
269617172
29175808
138998636
79932252
429509159
549367251
985285317
882138788
992112023
250221924
341574558
896926437
464234126
768955490
12262648
321487401
777006663
704894056
490936320
794770435
893406713
67092320
105497564
892112421
459382712
233390232
442453769
485661472
727994792
931144738
414113298
997611965
812836898
405628286
77544217
94862409
807511889
915345887
977001197
799623913
18084163
171092108
549066702
482318289
792563950
561329350
656322043
569570613
266223406
147258363
216857400
12146472
66867036
174871316
904258893
526249748
408261548
199229015
11911220
136256341
130373753
278540870
986384658
795727004
684169156
916445227
890589413
344197397
684307466
720106963
143821310
702391629
891199071
545404364
37226271
536279373
106733714
693548314
105849986
225473473
693323029
175223738
237619945
760190065
350095055
994395190
286439813
610872955
46140557
150867385
599645648
29030663
429408255
586030306
824757667
113577411
354991886
715347080
310291161
39299352
287970395
306628823
594207334
31685818
852033188
631433605
567965191
958766902
177498271
526331529
36756727
870821300
701555268
274376672
483527718
904166675
121288215
769967531
515039630
167428772
920834917
114685279
196459435
202759524
553231937
21217102
168853288
908223823
589080535
479144449
800039528
877050930
785773272
394246862
908736749
637806460
878196819
476701940
449089715
55695090
3033470
485846442
779032742
557105090
612739467
115076812
313788117
734027682
885044344
828827747
901456454
658395613
796029378
97915890
861155137
201777668
119132992
30008425
962517843
560729879
361669226
762557371
437780810
147442499
9320585
199033911
637765311
887517404
675735851
86855026
795728846
531285673
425217821
427277941
940907115
37957288
542354753
254695232
624501322
279915449
936039332
525957776
790827414
584585062
476390018
504498904
786362730
448039363
387023681
601396926
8769242
748692908
216470649
299066404
896135407
225791235
498100315
386417070
965824991
26352519
325788449
614070190
557638192
751006270
41348131
351061660
641479910
436219236
605756892
118497584
568651038
394312576
644455360
359478452
978897639
120845379
863977356
617776721
421401094
103517390
219173647
430170336
852210298
435644297
729236741
600862057
513951884
79853408
987279127
479776875
106205927
313067576
93847065
663844120
916590198
987711548
14905780
410586460
276447137
473179024
529084044
845098175
867491601
26055757
57092979
698905592
146901136
773586688
316682313
420818582
877104078
388372313
850988918
729314376
824016610
432742011
182692785
190484846
512595420
169971912
670261721
618801347
335555841
616625139
135161819
252146039
456853039
2583951
662732500
585816528
328279328
44332896
283431055
48287281
70388653
340524035
747192873
69806141
114110723
63875186
490624723
843731153
304763851
194129994
425561881
128780461
626872005
608254666
171781659
991983777
778226578
842043381
463301477
113782419
311184872
598463296
218444811
620554263
453563600
733693663
206370792
781842928
778026559
489801847
830130209
848415213
682842234
577323082
918221354
649469309
493714620
408846078
493200462
798478472
602976072
918762343
779775285
82364429
379533361
951556945
74348207
10276292
646116678
390166036
124058711
809817902
988629332
195019874
430372165
294709284
928713537
489259309
76552212
559256449
979061157
906682421
407671662
514419743
336521855
178409368
163889053
682752828
587255446
509605867
333747652
42747870
280884563
113522937
125112300
660417924
917596234
51976859
670694216
416229264
294659247
647269280
78563518
135804931
842289154
508935684
430514216
623519044
998194993
507066428
35291845
829772502
266265202
442963507
196708598
455303409
621372875
360597651
138056237
61144674
870203518
471803889
103892544
3604433
437843179
81521196
664022358
207955765
986014407
334716574
476701382
133190006
981985854
555264900
268994938
676791361
64200584
699509154
152826757
914911930
59091934
188118602
597200784
325357136
483598461
793909382
780660546
104971336
7023385
771233135
18632362
729743256
95553377
975041259
733347689
533396556
909078807
397370047
593868673
747609567
584602974
70570055
880799573
419105180
625834956
149794511
95896541
542551892
849303665
101239650
309980174
908395600
141874604
759697311
86269088
625473065
406123045
719445986
582960754
413146431
490679122
601593116
142889687
586232499
429150727
728753728
972145407
338229535
126123776
566014080
85839102
563243102
489100488
819155027
982348282
114935444
968949539
930761176
510003688
670769556
32000826
672500215
431681508
26391783
432197526
370466949
651864848
838320571
89912935
234825602
103983354
433108409
688935071
99389393
19340908
118085798
828143122
844002667
308831685
806783250
262533100
247187139
222542704
751633588
66342167
204890986
719085384
887808058
135652162
81605424
411093966
20169341
754105639
842775475
46561124
38819517
65758776
550942324
877140089
155671711
785767927
833639795
588780121
327219350
933029189
460637381
445305148
613688663
157156401
754136834
272988265
419689501
1323973
495530969
171323089
920182492
552938307
890408473
807990550
541106822
972013897
71600869
413792515
578635889
914376344
312869991
617455406
980135120
863812315
347111847
988323183
502096594
180751643
429619656
829315944
966297184
890257038
127137445
432502199
47413439
881274279
705490464
319619292
735114604
53537785
490942381
507813449
606476092
233867206
168320351
99266
58397455
239921220
413891781
637033344
6813916
726761772
107005103
986949036
590574088
454116950
827788572
92670682
634868593
257408228
774502979
453682129
181618
901640424
886184328
900111409
635431055
444191144
219730701
223062011
497728929
563189434
730875460
956721374
797056640
899195812
956820640
707970448
139117032
370712422
197520144
145930949
97474194
304525247
985396337
540564634
758642198
813184909
485751669
246027143
923109490
112771000
699709273
923291108
14411424
585893601
675918870
649842479
30084746
895649571
872904490
380330027
311355358
456296303
189567753
108411998
355492115
146388394
668898798
347125499
369617168
866418943
493056448
319607714
170944190
330969138
860172349
929586388
144154047
198440370
28129884
919779889
311211370
727839157
695587350
178139146
166249110
371506220
827981625
48850208
119672143
553402467
429180236
431027501
9698770
618747989
391955852
217707237
617652735
60854650
564832737
987269903
779789945
910405537
306877618
950734136
241374675
19566319
732836876
238045075
70523041
760966760
10341316
381734411
341322269
705928666
559873557
507571380
77434886
240371534
556421588
49623382
646290353
985601824
333167235
508505476
456866166
725123087
726212713
74518901
638494090
143561802
914305157
270800387
53967340
73699127
74050875
147858367
93265446
806887752
238419794
163788487
420370864
248761111
398039250
761693134
954689777
957912807
121780866
884641016
50800693
678202454
934264398
697091046
516320631
119947985
58112874
973186797
845071073
784325588
900222050
336081515
780403742
667043559
606881902
686887434
740742686
680932778
834745802
834008132
340336882
73165596
850312971
613224098
174443059
248352221
227433584
129132837
58781380
349214450
13773853
109582073
27416905
800554603
659189472
543737536
920502588
717302346
369440685
618090013
354144286
122179087
806687880
134548029
789222647
266086135
673951815
382481685
947018913
361213969
69006170
139872147
286895918
919319141
753096245
461338977
20187715
980529830
590471814
78969095
182260632
456762019
41067521
209677537
109832974
552773345
605931425
882851915
122592043
975372110
353458280
476736330
950067550
160146161
463800711
591806549
426232296
137752526
974288234
225767561
351482848
43294404
218156060
638378766
962613546
971252305
99717743
982801261
804298487
542705910
914286708
986559120
999467929
955354229
48753009
961817256
360643926
654684435
844669171
483235970
482572897
50643803
959972300
285156799
210789964
276289363
876963348
489538612
266558241
851251583
715306173
618041089
747062339
933462233
108936207
562192237
757230891
208653951
397509850
414045730
751359861
311796559
253121202
603344142
119667140
154390564
417677750
480311067
809074999
114863273
963547037
144164248
165507077
776035689
429321048
376297041
904841404
158800748
865835654
23915997
10052331
433658179
641957087
609631023
219636765
750893294
171823260
829384008
812063597
569333111
95946090
415939810
733646022
349067293
19283953
853313162
503457857
289478055
186140581
165049208
404341329
2203970
161729808
569848406
630756011
591050856
946145447
535597415
749851605
664497453
559513413
612420288
950671985
53986852
74567663
22825102
657396498
246390924
852209110
469460096
668240387
948155200
885399906
401886409
149738845
757200211
107715923
653196702
46678267
146372857
670762262
303535948
148576827
832492071
873384354
779332839
276059279
672046153
167446606
25910884
189059959
579476371
490847525
139731944
633463223
565415188
162557046
143376074
664322464
14766156
612836170
332562851
815437708
350752428
586965612
965176554
960468992
694681536
470889608
859663611
841054393
141651871
163199559
842147572
974143942
36583913
473996763
102719573
561146418
641443370
128630458
750206377
73436093
471994335
889938321
706899317
889925875
905011719
850275391
554248340
772294227
315627913
739327543
587731936
518896693
326293156
405424842
479365685
873491044
876314450
191545648
567061789
17966321
354745207
409209361
844626615
243845472
883206125
947346189
804991891
377165847
928492999
407714620
450601940
253003686
150169294
10017609
142929561
55181013
712809352
549694253
827475241
28437265
141538149
267723529
399850311
467831305
673148371
879215996
193838701
401979173
70761645
760900490
272461847
278023204
22626203
117088462
374385029
905832328
916951003
31893272
135514527
697960354
439607892
438632820
803480392
589777186
448650429
798926306
644958200
13976134
201136911
324949793
42413399
342675060
445189674
294780062
810506365
118338045
26512411
4345066
372833570
97274056
617761908
645295417
227813612
640388112
614900232
602198641
398736792
384367587
634091913
534251320
82327942
73699806
972884140
738324686
515993344
274050921
537250992
13467896
288027055
738387904
338417689
182956807
81062964
783607363
477736869
744085682
754461760
504249280
600947100
127295331
454039688
71225361
625107100
534369653
711613473
240007332
136568294
110350265
624374920
623176560
497117937
559219214
549392718
322518429
150060252
65386062
596569351
687311245
78853959
737112758
278215501
269788000
920069565
211794817
905911716
250322787
808396851
512889828
607088419
261860304
492701511
61128108
333085665
117808612
448014113
44699138
210332296
437098759
7565755
834707216
60275319
504683693
246442782
462184389
827202122
396503035
380086804
276287825
936330632
311457115
13400584
67062485
433761467
785986501
278857302
339673183
36309288
87254154
852563012
495914060
201630810
197780875
409558520
534716475
315589487
857572633
579415613
525921784
294671392
586981368
213145352
207463064
91665061
312104487
522163805
771383536
708607522
902250609
47671361
497454506
66224076
61071945
564516991
499985544
699574799
843374293
692175079
588400439
783144799
397254443
84314499
984775609
595035319
493873019
372008436
910624806
203962004
951424049
289062942
498633397
390921770
354724647
558612813
335103183
666829134
80776618
106486719
227953008
835543580
6674433
725407514
901767656
920262730
289924505
254269552
619837529
985815150
946444632
60754321
621476302
196215427
145068820
458768263
791250746
491458192
830776700
554391905
695420196
634717101
843454847
46569945
25638871
50695846
605182758
213258407
717524980
685959377
172261478
945477988
374019309
31452263
670885502
128303317
951714994
813326359
382572870
424068875
799141510
181533854
484823196
273134164
377749281
629892017
731902427
21516380
121350209
562679127
575908285
669286757
49912581
271879484
715856703
75551452
322575331
321039461
141326211
40100311
859515190
166104042
985578300
233534499
197556305
508980154
361837817
149271299
174822866
596927039
573340175
973964376
778460893
58163371
99614892
8726526
540571740
831517319
30242906
514438301
246712799
606151191
36241411
296625380
878030676
752098114
224693184
53122359
73137575
366019396
93222670
785169118
532123438
931317322
18703617
729679743
292813829
233057786
731467395
467636695
829984825
157323922
294117423
460962070
68003645
393732315
322204949
608575386
225249634
352447855
975530039
471962433
811115399
11771450
768587813
541662427
763869564
993280998
594784786
689523492
211816746
688007456
327208962
596456536
471841131
198428931
178652631
764654960
431486718
910120026
232291655
113987895
67443948
526409078
427466318
135447594
920141393
749671267
596539332
997907379
102119122
572069371
322386165
765750873
436357174
90973978
307413300
52743090
936771328
902198086
742266582
1104426
442721895
69475544
597560962
914563026
120420828
776213594
531734338
551907546
538849972
764025993
518411793
606293921
142951423
945878111
594257867
915609168
695549378
190797199
913516547
650184853
615382922
88419064
268452078
51740096
31909395
575865379
104483187
968680723
330579817
699266121
822301502
625818064
621258018
272378816
392897442
741678846
48592410
924631780
146102744
439958735
541174125
664514537
46252656
684125548
610392649
493026875
452251068
158458379
683824074
218283968
661159584
151723348
306703032
929611663
203463445
338612427
357993394
160462984
159809503
688573211
859729105
982111005
166907628
480987123
254489821
559805070
75182321
155598584
484436851
221285065
595557319
25610976
885799603
494326327
562252877
348708604
987353202
14503945
507166983
523693628
85304265
20842920
675416976
392007298
950454583
731396773
730619725
308447977
891859757
890429228
849537540
751588863
872540233
16445168
85092338
979546407
576250239
160274660
135144991
913203442
381559725
583218662
791330770
119875680
930061341
206099999
468584284
769930895
73120297
975751268
146140875
158424562
996594188
821557851
550431860
799565123
405470977
281051586
108013100
297330734
23997166
810066992
901435949
896537400
826512161
986528288
728600159
255278752
999319300
716261502
20998546
233395377
151996516
812329316
353271058
82057857
18429316
821855342
851988752
91549613
650122962
998129627
249974175
499233502
672203830
800406036
298798625
77674807
933973974
259328077
227521894
957971140
69395070
128957843
707024892
748423583
968002483
435625051
856218687
819838135
4402905
877217233
53233513
156399421
689546549
406504571
238457278
560492217
80876265
942962382
652041830
730999228
793608361
754532358
230232730
318328544
407454746
381547708
248519703
341428720
640875785
476041597
151916212
562787207
457515793
858941105
163727142
278034628
147082508
19945829
97872764
151485414
749679414
3622629
307884835
291742316
262643552
546342114
852234533
343519817
341820848
356792716
74519045
135429210
111325074
157268128
453757754
518779820
538815836
702277457
712724892
32207973
30835407
864641104
594995181
340867552
723582209
611238675
618902180
870664718
483700857
569291296
22150132
233380271
425430277
182551319
525122587
688073829
728893433
229873473
31593647
70714282
586666189
106112692
58659844
697991263
115897172
364933950
69287435
654713008
67211407
782012327
686920982
950563166
499169783
134432515
291430718
75268345
745671190
762849251
945933063
229372047
184656899
820599547
315268671
610087177
3150866
840391258
298161006
584560652
70264731
182271005
507791286
509447272
140900050
418967482
59954887
256797222
783901432
129242322
911510231
703629191
763771001
598431213
654192358
262940785
732863728
798139428
338209130
331051270
560988679
136658545
560423318
745645579
809774444
875691989
208249108
665441662
568599599
506410114
102518666
491380683
688681120
610309952
827955
829581170
29277434
60782843
86378392
665695218
42541517
850404975
369324410
806312519
301352540
876033120
921769656
34216268
674172548
112495138
217783891
87677580
249153683
778207209
685839511
58928127
506415550
894088619
576886141
927531501
253015085
679404808
271428536
941696205
142231112
124772844
623793727
24024899
38072039
562688472
689720117
80613556
265609799
59044527
739442427
566962340
787593999
661212083
453694960
314282900
773707221
671478851
401960480
875377256
302202412
87799991
786821735
808617962
834404962
363707877
588665816
87420047
43112685
860094352
881632605
37860149
984867196
357942684
61885048
22939235
920631156
751605166
103552792
38757308
663166045
695511571
605719648
450760045
209240007
59414608
765042945
982947228
730893460
19519777
710840837
33095872
959836120
497662572
694230187
794241082
713886801
135412355
734177481
609515838
995506707
615810086
647375988
980373904
973752771
709261036
855829491
746900279
460866202
811898635
785657587
124032248
507410207
243893587
427308645
716650214
303308196
44867942
552113794
886718008
64387719
115470983
772330232
876740191
613133556
319076771
523497625
179536709
454489126
257675106
789052548
449995834
726001545
436428536
282886090
552270668
145689572
138715581
151687299
459072127
803130569
937344887
435620727
163057128
33754826
715445724
879707342
337063022
760313666
284337488
76297382
677217737
399808472
848627615
406474280
865458380
167704386
929971905
44995089
622193513
40163363
834047637
924705699
766164908
122992525
60108141
318435576
121198450
51340074
470122876
432786929
854470643
259984115
868407656
17527771
293738941
436369732
749751465
483318316
49199750
34088954
559615698
726417487
286413778
408243313
132891767
4388510
428464052
915380024
49383599
50657565
955543387
735947589
827879616
721708296
858940114
887987757
892660224
832654916
939327831
215299452
265441845
793798475
475283567
986365853
663842598
621538861
422735585
413594064
104857177
471935335
300199370
664472875
50869174
439129500
925232541
36277293
443518010
353696593
951657317
492901609
256870510
759717057
81365550
84750126
333941705
940305665
825254235
226601929
625476933
764582066
441901382
890918779
410896893
769701301
729800984
74739492
391240162
5052922
340849908
348613691
476988257
493565630
13086567
380373784
932695130
790835460
416651077
376213140
144532053
220824747
721631101
253918915
980541804
802996652
191185393
166999861
595818669
16439628
393601790
221295602
633538046
688019524
964730733
896951292
457720826
694531718
824207136
701477340
699584640
17573396
50091032
29089249
511139026
915693951
409463033
443834156
706529411
678630463
672563648
703577816
899455210
394194749
810013083
732513366
49707753
1198476
899513227
645526422
870154456
145631369
866822025
356208854
833650894
684069110
105676498
143888072
231117180
929883634
845365412
930701820
947457030
747972796
812307422
458596056
663666747
74286807
754946564
222712510
752917270
427510212
778806678
504888832
674221314
588819761
89918550
723929067
442534589
989431777
369455490
165205397
987579499
88793867
373930604
673746745
772862977
479607102
817634817
3980158
409490737
515516581
787198330
209464119
116005730
452022104
668060176
779672477
526308912
275523092
854901340
279226182
703033305
633708018
784115015
229770971
75044132
874033565
953700038
370095073
715981695
175671880
535300471
556077546
264465747
909231075
229824291
889845077
241354529
899975460
746341587
650845266
268008393
386056269
860309386
384014123
838078374
380885914
16202953
364387286
656409006
871104293
496129820
211958663
357328663
132761187
441729634
432372795
6794753
247946025
802467869
575292800
423617905
190284692
131370346
688083653
952032119
213710989
430445082
193386648
113686449
176786669
696748267
234211194
562842938
409574005
618225318
253437664
790459919
634428271
617824950
299385277
505532564
113954771
363860293
862861227
99232310
805589927
147750375
106027063
53535952
802734596
533836215
329670210
993019288
517722913
17753863
797567759
583950254
300715297
990954407
550153055
477501966
540219026
784364250
892861256
949793031
402589568
146298921
592769302
37017839
616640223
892154580
395066755
583111346
108531225
110444334
682343657
914121152
110711061
640887072
820173457
913445657
27239640
2360019
758981297
544962553
20113882
556549056
128912808
173345531
400019816
531582215
650847497
940238842
315946465
396225105
742548226
571052385
542524026
335317528
460586576
11680602
79988460
855653331
594791948
188519685
818614018
277135605
955157190
929325079
918022678
627846999
842770737
945262318
630207018
454268386
342741223
502837252
10817443
324170383
676182783
263353611
855752599
179546632
56108805
24215416
575771737
798657031
595267802
118295764
986490912
55854378
129976366
66479372
764024062
577284666
107515410
435154432
854420272
62672600
364479511
624959302
543035951
59766600
422737972
173242969
514034987
617995547
676080221
377368782
942165931
204779356
493238745
650434882
384325988
549347550
527166650
960097725
200520934
122434452
930909841
39528198
30805183
913402559
106007570
647345597
490687226
66039332
82500029
197623850
981228284
299495892
675099504
524264235
211778845
97837476
550023556
725813832
568349375
78620129
955698966
363031658
283399485
448937711
13466540
667725473
850801613
393149543
627823199
51322547
368100347
411249392
90850745
251421882
324651952
49374668
898767479
667855530
967930352
833783860
865479380
949158637
985796105
393095236
325939224
197574950
343449064
875962781
775905134
911798439
954582910
731604100
274830098
90498748
33058163
140812990
758224221
883859776
533962533
238563772
787698676
902062881
649813165
731065773
6001115
974465117
632956793
904768595
494836999
453403498
591068807
212832731
255078487
429381264
605927967
581017711
626956214
949377031
309496844
255377700
861175470
116596107
986981800
988521920
207094855
872556315
129334911
965319076
608932444
515813796
56399201
249147472
270393029
706212366
980213245
276394145
533193835
465686391
33679092
28030834
919089889
477264251
240863565
26684728
906645516
846791532
607702439
386118082
648684915
769715636
641495783
362376737
886311743
480993935
350898658
945922950
353550251
332749921
763758378
962482695
701080069
820157579
64146519
971473099
526369945
44359764
100383596
59563780
362562507
134062688
940110966
134168748
463843291
33490883
160853476
370488807
880282415
621072268
756606890
381483682
390787904
250619025
743860420
129615999
731612960
94759078
75538949
85163211
280025351
691813679
900162258
981105420
511971259
964308777
805094871
890857556
861184894
757994819
802937689
76263753
744573859
743048655
62948854
208417151
776539539
223802330
431422310
509338306
844874598
40545552
890821989
88178854
291164577
487198761
70311205
22777538
434474191
145850154
960457101
714499542
690180186
713135712
548121314
54667797
529960841
205732538
945525353
243662087
963727357
748463042
319925841
560817569
344028050
382874695
769234720
973083941
459193377
53173382
334938599
156584328
93718935
78276940
244763182
384883512
565475701
315074388
407661050
999949892
313440894
220634504
566965786
3621080
933770216
115087101
58288877
463731057
173335991
856330583
707393145
989579700
457309977
879835338
550397269
801338027
115226385
172148341
626938320
574419762
225321724
961876920
731004090
319040659
40153860
975767273
703924171
605629562
143358013
964101574
458095806
309315259
184736078
25061593
165452692
118506294
992665046
76257921
434753703
18517389
932588504
994663200
8097089
389898482
874498538
411010711
43752861
989724923
583159052
670691182
416661038
660997128
485084454
147665128
980037787
525238314
975948753
536478311
983384228
119306766
353096237
441480035
281138378
537832315
319057980
446591070
508854961
311723026
522848991
796125016
330240415
455437496
790788217
190853856
697852330
517803107
601864567
741605191
360044383
37539972
264812725
776705421
698537100
749897179
776886901
531091240
127651846
752835655
67569551
111036074
724658773
273182140
405032461
5797151
811014455
724090441
304904573
172385768
888329819
827753565
968510784
71086586
135707413
611815353
261940443
833559743
982134813
863805010
427681286
194695548
901344982
692494012
971400969
599882083
294907543
600804222
130973323
275075741
206156229
51059226
238628168
930815003
176757718
643660629
789128506
987772173
220267423
94033080
12674293
108597242
774302997
833701429
32200181
910010410
298033135
294140624
743570153
280167948
157945634
23767791
474863496
59290617
716261803
298780817
511689052
863685699
899585039
495178727
138761440
105741269
398754305
377389608
889072624
575512023
873566590
530717482
415800548
93834013
477266914
280991193
54947607
104086263
114692622
87147788
14096673
412725757
233804764
610183178
545410057
391750399
633950970
20273553
303557368
202729125
171570722
667762772
66414824
923672114
15457851
57692617
881929735
414212156
435082225
623518711
842240531
161165167
6752545
110557431
107515532
484019460
391548624
14979492
588105723
506241246
102127280
454718749
771483356
188448397
64901927
316893413
580198796
698852897
189683319
736272516
901582023
213770393
404035288
820513199
137442507
419493139
878205816
19372242
686221647
165804394
495407305
528462178
326969561
502159851
639019609
434485094
986179311
30568233
449464586
426801386
389325831
404108218
881520135
13325539
592556615
798938415
330218953
25271763
350307664
372418624
761544279
104406039
586189017
18095919
924919239
723631525
437589058
803125055
595520119
123810705
968929449
90927425
504789235
148415363
445603628
996325196
582900457
284299291
879409781
32365043
711100677
121251965
436473261
445137165
134577504
29029877
96591932
464796457
54301640
446899596
837215081
668362272
551305636
275920451
686458191
476224875
999551976
124047250
131866282
447588447
100374307
953312084
391032224
457679895
101727447
836635852
306521443
684627904
120935143
185931225
569509299
684552173
307183190
5982560
982205690
441760694
887528789
78797622
759073504
794346782
525697218
448804937
315225406
77002854
724725388
1683597
405744081
576793716
978247199
390126716
24382164
931137859
343438800
267930740
241334106
297682599
957082945
547855549
982310503
930534440
733786774
404336154
467602965
893486316
262835066
449808655
187763363
2880208
381122629
946836867
797226990
906819848
395641804
112452396
836339054
120367193
966652345
94599488
549677261
944899545
484726204
426575777
728553756
680681356
694506518
969887862
978363955
504105815
517743411
813190810
434640255
104046538
217526964
902243221
997532854
480362030
204568228
37812569
483242238
585690858
984649436
132985580
345027058
232807593
97954328
33882464
205691138
64606674
128481952
755368399
862022571
465724508
181944177
443092679
146405864
728967047
412980541
977286171
233072862
783240304
790476981
520229469
887286842
860520297
274989042
737336049
193398680
479557271
775148618
676640918
917764481
612314407
662142851
115307891
845122000
760097179
149190355
50813138
677220205
130188660
806181537
391759128
448429520
840642066
834851807
447351737
569609113
100348700
424637908
655198327
883589005
67631242
175427797
623392199
928151539
450416839
213244600
121550219
782490462
840909571
650707490
700254943
453223978
165366693
815562834
150862330
925463872
817269542
201675468
455200430
947458202
860373357
699475910
248404074
701015424
386844070
695755811
123140889
487192770
120393720
778339217
223298127
40541314
806283366
699206679
821209205
109216557
912451279
795275777
891707020
605877202
298499619
444478315
59101180
463866312
112557502
62479862
241846536
929827044
264155330
697046966
729801598
124528688
249039229
978205672
678060464
635883299
673961484
653717705
123076069
646871556
284573274
198890549
539929222
90856640
898097228
361138427
200073198
663064859
8930556
91780218
121458414
307430175
388774885
33075946
771296487
501332387
95555809
13143024
431159431
359711139
562706342
13477381
336756179
811745571
991683054
867332995
447628870
518160890
521050701
423221292
17548798
805623975
474628193
557478020
748996968
225241773
918616447
949070166
888306632
927547004
893366736
9765046
87493531
134657973
42840993
858790019
635990361
138396802
871933043
67149792
350624293
287155737
80627174
539896825
98901309
924826580
407229820
399046531
442987470
780796873
822267823
460536268
438937201
149412368
18014288
187934169
374654141
789147087
989520687
115477126
569210443
735403775
125242172
656703975
870061748
20599517
368010346
506052109
11512671
92459741
425718254
214653317
379615478
358861780
754550142
478516787
136204712
14296314
877563319
579192182
795093188
552347494
892244802
86546741
701759863
762775442
274480910
76414004
404438881
116517949
44407482
973649325
851921724
22166007
482869652
721983472
42765524
850879998
80551934
906794548
943339739
358786540
973964217
175471569
717648320
581030711
653988357
853853032
595327025
384068028
285561566
242936565
788931874
30322720
329483306
343208089
793098162
456480568
272138446
197537043
572998517
316545928
23702720
424920241
338711935
359088724
999420066
233993812
62485074
79972000
140788360
5824813
291274892
967268929
33812735
8923212
548299640
687801092
715292596
996143017
924385472
853370514
91595935
713317346
883693234
421079241
56525436
676791396
877559810
181180234
726844791
303074679
497726162
750547512
727994921
836438098
109636236
579931339
70431910
24637663
512419691
63736622
30462476
803694583
31005551
64275211
665134147
431821543
604592655
232943095
280480912
381494479
86313609
372076847
94811826
970006843
793156089
3853614
499314591
523232251
37550200
78675734
826306930
535276362
829223246
406818203
371714460
791375835
986749542
294662722
816013498
351685585
358399344
698992326
155380168
241921247
615783890
820514315
526259142
72892897
53457410
806740055
454387377
992287371
178816902
401715555
814810566
824489343
258085521
166641509
200237946
295635721
245317244
26544877
830912083
74540490
285879432
55142896
718432677
125145327
349805618
386962527
476830912
560721315
938471206
484727433
802642562
406771448
157758100
181418057
479664345
63731863
988158112
786568074
56019234
19491366
40799981
870829801
843980710
298885502
37471310
44218656
447037575
135304906
923279885
130466011
62361749
61675670
185608907
780794426
186820997
387930877
20273306
516168261
948652192
958744512
895694
603811107
218032312
158653795
785229164
697696657
222385658
773387276
336781084
130921244
792878642
377581065
1751045
489375704
676466568
891738708
533594361
123504143
27043614
309390598
106486506
89405363
371066268
292095413
722716142
557887265
680026291
595505800
74055527
481194835
406766664
927467573
85005942
624798976
86121368
870235106
175011985
161023378
496138734
511793069
291944623
141533729
889374135
146212020
630909433
418357055
890467080
17020146
394377550
770027047
326410745
500864057
711948762
697477013
792959470
287181256
107880631
325502113
882687056
34452510
806696949
289453720
961920083
744219243
914252696
900557804
466970702
89264682
914097534
963109436
453574103
58558509
957159517
342948238
204770530
440585303
761305293
95237610
457605449
8199196
717781009
636532546
509063253
429729772
186525912
154539075
716911028
294406543
480041189
452114437
181375405
139254490
741568157
143295488
883473733
508337206
896369644
202960787
450118240
662983531
18586576
903692343
721542040
975746093
99156934
926312570
416331396
712978579
874066533
726453198
721177775
444363894
362985744
230241028
874093666
549511656
384780104
443521047
696434551
717337645
895635484
877809956
856592135
489719993
873621797
592582220
850573551
622507793
795543008
153208143
285491324
814129584
56900487
7033365
642392029
8573773
785862287
58723426
721552352
512445172
637692976
295246480
956809067
678720
525487508
683419085
402706729
762783964
979456484
99141280
480121609
727608320
829467589
189230096
69844666
703089386
634328669
920418217
178113531
282388029
73626361
463604856
96517613
983043200
323154573
591425994
991616973
961533212
502665772
565685677
326494737
140358748
860932157
135820156
993553821
238936018
819239241
248776902
1719982
651212078
200434534
334357944
378820398
29902123
376104392
448665064
585507861
10433061
221599634
763621393
292821090
295225995
79742601
241855055
130785547
402897174
833281050
122402520
216946738
188463174
540604549
543441475
328821923
254053059
679261631
174892096
345505429
351017225
423668998
199741763
2229303
624103532
534099707
233566053
654005656
910204100
682231118
92029869
773153513
903830752
855651262
65974604
51573099
935393863
160346011
182358646
190807389
846143413
157277518
407754128
34606588
550398419
951195603
215944863
804451478
630457235
390836959
2473259
981474460
814505957
202215023
836220115
438609489
736314730
69786168
945131497
499035182
604533638
37161367
124705048
360880742
892812629
43196004
412453841
680722845
203542015
447328839
871530234
49685429
604606357
279284362
936808369
7521129
82996318
152753232
811972607
713453553
543590191
814445867
547444365
210612500
16660890
236180832
649221989
605491972
305967000
446869839
957043507
910500639
484031206
81748555
123897733
229360187
124944559
536351575
910083032
181002926
983680414
634129619
83204707
440803124
913413981
20013076
448324253
996410299
25282660
112813212
562380204
568872851
779775431
962340921
779485351
648952673
198521753
281223693
106960998
357005106
728093532
64004505
120022097
64641090
145753060
243919830
146517629
123213971
780271405
56600662
304216897
616468172
543246633
387421605
909787648
309176966
259951033
210628253
158103618
285233694
323441465
720483822
854106545
103216897
535341096
486108249
604685922
733862849
619848294
711646920
90867955
200458178
775651425
63406404
265099268
773920837
307326235
411616897
749651160
87597640
320733911
53868058
556582164
863980544
293806015
318886164
25673863
553757048
529514417
183777481
838990742
852955883
904261303
545613640
808689132
292118751
884238241
265891406
25981601
504086535
977538327
969365908
704544713
605706104
32772313
822160333
232143294
192614900
86293582
981794454
132728892
407027494
888178864
689311057
123524390
34501231
8197221
149198253
588258280
390227991
332975734
279765374
95700226
89753390
677895366
904389358
381872141
562133607
22797116
260370094
918736494
335443
82252355
475797559
606041548
967541020
297957892
838184842
160155920
384251475
672495648
292884812
643795321
560674513
834712221
767319711
595175744
695425795
769034317
35950376
85653786
102010051
168232103
181354012
44279793
846127469
938259722
278668287
260777429
961056838
539038381
179513923
961392282
473807088
655311483
419950182
441348108
805785727
110651376
454020380
42553554
783147024
746905193
686348875
196337889
434133766
306184939
644029986
129559561
75219256
679980362
67729699
29745659
848212465
249083711
74025453
546856287
39859785
205210092
807633716
916624
744248473
987147639
814825258
70571914
494975474
87291792
511920022
153277554
197943168
965940403
195831108
833606544
565361948
882179984
29944434
999495714
188364923
526490772
981571628
116100531
58987486
49301327
145846190
907199952
150901391
72387995
306572591
190761176
277598087
114206307
191677800
874362913
953870298
6503058
944934827
301362125
93794850
309371201
454639679
144254370
127827956
650470787
977860915
693189904
532650771
860321701
545201971
573532046
239328825
379289951
689632577
298316311
428591278
835478768
58032615
579492669
760383115
364605206
770253846
37981203
478811513
814447998
764860468
285198164
673467409
709795295
586560289
619778611
19166496
41199968
764032982
146994453
691670755
594410249
692700709
76837879
307248302
90419032
650369925
546577127
469708983
192518855
844893438
750816614
27997623
902926054
182825635
640897090
120047612
953079481
531394645
598859126
620043832
296255113
884057290
293511241
858566760
323133931
913289852
730249609
364333899
529839186
729760414
908521006
976765787
274977475
985358885
136530441
365396508
488245163
683107568
687621843
680764018
380517359
438438457
561277993
135959765
621264093
54691435
256007377
426859926
586086081
707382855
46903758
882341194
443956497
192931351
593424307
767090428
958737556
323673916
131424327
341093094
53434330
892461686
317858882
180928157
730336923
454389323
546324665
71098438
990013244
86462861
751862456
223046955
524901318
165656801
359006720
998681763
220348237
467530449
278058042
806434318
174913305
177478152
541291864
618869802
370409504
134716171
238476583
181663412
310906439
222417262
522756506
216857121
114878948
840615388
397785279
845215872
147521064
796626296
916314310
137534308
883089157
520693119
213097615
260506828
538866272
572104335
259188591
759214509
39634784
537246633
418165179
67064441
714724786
811973396
538450596
937650642
799205919
776927179
119314054
110112359
999344441
642070560
179485832
114223390
335202301
429787463
811955614
335239717
226413760
580786276
325290377
109502917
953995747
538387992
222526097
492862020
110492327
481714689
104592881
2643463
871477674
375274413
922224257
438718812
187247809
460674853
376369454
986453728
90118384
348199860
949082439
89462825
990270421
981084624
56202567
177989074
410872087
720674533
513228791
489802199
153977162
838519168
451821469
107972909
229423512
674347566
453351281
192432191
8578607
557944163
47592006
880056282
933218576
969816263
318775094
972982737
283007468
547660901
811952817
373125852
895860761
613551609
462588678
738647534
594636233
371307597
916636608
858024672
91982131
282381751
347826872
245959293
973417271
799648341
206448554
202840783
326512259
659799836
395272974
335090867
70260351
442864981
215147149
3478927
265197596
386438595
828978016
548205065
934099496
640930833
921330917
829960258
106998794
236435947
421124144
701635027
607743545
190277105
412176052
699725676
472658856
760002924
798201321
298592480
412167617
4649875
501433263
738679876
664449711
749222590
73770743
734710062
44603923
141434244
590705341
309801519
527872840
272199709
858006584
314488688
913130543
779337502
144448946
20129337
15773449
418089443
574280717
476033346
608366548
986456769
28275374
81025404
598976045
826476695
232134236
863660014
831126571
733567500
454856242
348092634
335306442
381143338
935319049
379910365
522577582
378540742
689711884
902966774
650740452
547718469
217455463
416387347
179572323
214420761
289033036
47862124
632510204
863313753
523895471
93393104
702286874
552170845
26934861
153779271
231163893
259069097
17439285
62290464
992636597
324811880
262899450
180459391
705955218
50734851
560369756
81049152
429275594
250081641
984015927
80016046
650316462
53987742
496403393
829888785
268408503
785436429
730267261
753435060
501266535
106679084
846828164
56069761
658849930
873763025
62365385
890013823
132832123
79804670
804820639
977985072
257132902
920236441
158444464
963088120
970971293
718814220
44137273
400246887
821412213
28153200
332779285
471728675
82140942
829182678
154133812
203065797
467135459
884401074
956500857
820918346
991080158
655845374
876988108
502446440
529608399
939353493
244976615
514956874
871674515
902313606
492941947
128807418
822550048
503902763
944411890
646037693
75233335
988549163
46284580
896645549
869218715
231580217
220890576
803876009
60762895
375024389
859458159
380414706
111941815
668475368
53849405
955538325
324320742
930837513
310501118
706445494
722707358
555477733
221402368
446898225
310307692
566860667
428221995
132857740
70763430
225150238
631411785
145996766
66215753
530212717
42642315
935434469
761792934
116049243
591826830
675072181
491073632
303801341
55486887
455531799
972276710
109336292
411070125
149113804
892690157
721571243
855559298
467913867
129565328
76961667
767328445
439873020
496338686
48066792
425247112
567102117
273217030
56658897
565615235
339432784
439387966
460773902
127383605
201180900
576823145
719210435
876253081
67896778
23011777
784256321
375944929
847804839
746108965
787015054
996918643
491315475
361102649
852477942
811745694
343184330
781955961
579074139
783057350
130810999
627140932
60820815
697913116
900357962
969996064
116044703
92307098
409384031
576818605
219690703
463081283
153641751
938901139
191850717
74054881
814429268
976107038
449999810
514750459
574732355
89531217
511669102
918564182
303150218
216663396
730309877
646334548
851135709
161900368
281908251
981946709
641557652
342729066
532376177
394431967
165241482
648420881
486739065
574625513
225239486
706429769
37706797
231397589
497847260
82073866
305452470
164792880
58180904
607968633
679543339
485429611
697499850
43728793
256510146
650068
260392190
986820023
499500969
111527899
1236743
781409220
945990960
642794396
124138286
478367138
37226363
141896120
126788019
376481780
716521634
204543857
82911549
606744783
435941447
580758809
688818649
593910269
745551689
599515905
201878902
277611380
937461868
751895104
321340174
193972014
605061525
581732364
33308389
104562494
545776615
34545133
885971714
344283928
529855881
862626352
822651066
419598596
4522472
801955437
796080376
573560458
859015646
731508278
32821593
147473445
164783439
574156594
741383715
910335129
26188851
943262617
40462861
963650720
547674074
361803035
10139086
152735599
943535399
43447476
109814445
341828367
930508961
995786159
686112295
312881194
710928863
361279713
732479790
567967687
15751502
381076518
994044498
874767148
112584796
26866091
22240594
129884588
453539038
616140661
40219717
479727889
411919630
80682578
443378609
959593704
295001966
453517696
112329303
91053717
349481524
74660100
432882084
279990485
70446259
971510731
592871679
633891474
185306796
177867821
54375514
201058298
411460691
48420012
928341799
376561840
927802455
803098745
506446428
233857845
419239406
399182497
713585735
831159036
332381427
9480696
643269093
627383393
462998392
608114748
718437111
812479916
682774849
3835547
944986753
605737460
975346279
390374784
92145287
160653075
568242605
146520801
214227726
979703297
47457165
142569525
208781489
827775972
945668270
715227917
61633818
217424028
114410414
775219553
901099416
446791841
784700249
544368509
74175235
100214994
4999610
645128698
765211262
687774459
648964245
710198016
293511919
624310524
100572800
385657206
637479952
521331758
384694359
851707678
353551407
432151524
994277203
562332896
112443849
792461825
130077165
174077667
862402205
244487579
801813572
763501621
543795772
439030173
160386483
470487359
539245167
165386093
115616057
156972782
853160552
764580303
867170798
999188823
241407179
820259950
237362382
878887131
194108060
622056741
583111161
400175819
54208266
429904716
962508715
19168467
74882893
92585880
193246134
937285098
189589811
995059706
553303072
733385584
286606231
713689555
56389295
825851399
731592000
172005353
982824181
437268904
789102008
702511331
436457727
30509187
375287633
673820109
761912671
421912046
148393203
197540184
822087865
55117821
627444901
637112933
74286288
702327794
582215165
267532422
639612893
771804977
115108480
45432317
357706913
401714711
759121872
414096208
80082462
343230224
438617913
915422995
780499128
227719921
470450678
69473207
110745461
845738312
743293317
725174484
120166710
891686520
922714668
942254575
946804341
550159569
579367508
21090629
105003716
14099026
141139403
744616609
785904003
108764235
790048926
996127268
510478946
401687150
262739828
443077761
744917374
701357742
358500756
377932854
929077663
828951435
447406061
892339476
527206099
43215730
617513960
647372809
934902250
392744981
442143736
734222943
942904550
21511245
607829924
47908266
35610271
601485679
645041227
674030626
710249914
287606505
522674246
73245213
541810007
785414074
516322974
139243733
486771816
874823730
517176587
268365832
556291517
964582649
13221660
936013968
7798379
630735621
435903129
795216982
23480602
878046866
381956277
818901504
752074463
989786202
719326123
640201086
443788233
216883702
166748064
154038148
357006560
689422310
227283361
898816567
474836384
743606335
38060301
814124553
470946417
555236888
82490385
879754287
372335889
95712045
815768255
380134269
578964018
104187737
27867603
454960972
982234603
409823880
126378829
734309066
252126434
698221304
227026504
695914668
915105006
393774568
849952816
124627918
83196878
929752529
23444486
410549614
525875216
61504787
224674167
996821633
469258027
159680904
729092272
841593917
107909302
397376880
74244538
539389672
501564617
102112141
994350645
483799220
511936021
973245826
70624638
764062456
671467130
297651142
312493476
439088488
691425710
14962644
563716407
627138940
944715173
439677245
37688554
470590389
353698384
114879074
319928374
822956411
274559978
49020647
517066680
234985632
298913879
443827570
774375305
800478496
545939711
621242302
136794068
910392085
594488128
207418706
526970893
118471610
357586200
839464369
410076450
49011910
854427013
973792857
528667202
799142186
265986454
566355756
122248927
619684838
681234830
294693653
295157602
808311161
196230652
812224282
43296793
495144531
108568205
817672098
295623027
654507916
291430752
432417095
417416353
885918880
492352153
944387246
856906842
849938353
783851615
266983293
751466615
490794980
93292502
280133817
142453518
359278957
699005926
264702445
978963795
232757108
559396099
126637749
41068269
755626751
938862032
84365063
103287635
47430237
754553513
398910662
554454505
45984266
683844110
971870859
784419498
176196263
768774457
493842693
26134617
405142425
760825986
630117584
895937405
706634840
910251402
38390924
65913797
461773680
155609721
897393945
694530788
715005820
24031694
735599058
323148924
815410078
672480473
426436559
715356667
279550338
677863573
122327525
178050956
361707683
946714736
814986807
390420299
715489193
308829500
269071268
120631618
922171838
899188852
869085376
628806678
661956606
907476300
547236828
123730286
63086021
297147125
818261075
630608194
173695171
406376485
806273470
841621602
931373310
85226381
409494621
63440000
763089954
531822146
241490957
124797638
331053234
56477764
367734289
46542428
217823616
636805557
19690398
139995454
535994409
741292126
621318484
50467368
501284778
21071664
174197654
416887152
170735141
844975081
47495346
344430313
103867918
706285168
38568267
35241228
791511549
448062888
98681229
554601503
979885035
192688538
531915493
163454621
101682654
899649782
62513401
319506270
388971691
82203800
312018076
924966101
676012278
785852912
975433469
177297057
806924577
2147475
594184209
977659718
847122557
494195907
174606383
950990475
52997427
213174650
838748056
844508976
661237539
937429285
251626831
493638926
130117823
783542325
657093547
84316829
535708459
719606949
403823099
924680151
654327101
568357527
702162604
182855731
354210439
530112425
360152788
13651368
384776252
806853349
843827439
84415161
153565608
18433822
35405637
206563035
84124825
726670045
51072011
597878716
516615682
302698843
91517642
499249857
938757520
601127541
583566686
326982331
173250842
987389785
104178834
680094295
408263664
806341438
862950027
762474103
188970215
75619167
628641824
573746468
882472517
472469263
658161629
36038125
343419437
546083618
242601161
280060614
125270015
146189524
877939330
641885697
448888367
821973324
141135554
240162239
275617218
724702240
567144571
448868060
564608377
671323405
128962356
972872041
330181196
844428735
587862497
519151411
920047902
69020673
945414231
802520419
541489936
456092213
691074897
737425725
2175831
933676058
17486340
127445847
79865582
895425670
621847896
381270302
569915347
762983451
621432541
845532565
340202043
41093464
146916977
757326773
712416870
128395685
582715166
42598066
972824420
23094015
414265829
892872323
92114688
359680061
547909094
633604624
815772274
91500343
223546702
670464457
25176401
241033042
650426656
957558336
988975064
124790905
191344990
558890411
887774356
665293883
256939328
80492751
706387348
403856306
837819524
418804218
532251991
273051043
313918636
505076412
296145058
728184465
250465087
388259747
87864526
650890533
21864371
756153152
742390877
97927425
279133962
620083630
338960467
782076970
430158318
180451884
906867875
621503308
739342295
647158583
139313544
996281624
727651335
845700892
252654282
417987211
117021462
784906273
691038254
430940098
142499037
987183313
159124563
392964124
227959412
99505442
43854658
102340135
708174946
638761887
200267561
987308908
258845517
539228028
621902231
689003836
719679912
528770106
163023496
311538560
28445042
302337040
160336536
756096377
554284
412990818
26599940
117575746
50413443
570154547
548515844
192912481
409854212
707640408
585876605
637813624
659662202
482247615
740153759
367837148
121009502
940421320
207662409
232371372
332165701
829564640
773891560
51845613
210851098
936915056
215900525
239296140
91768449
228753413
847908869
92322733
641744231
874508810
209898480
692157675
297179709
758414324
885070156
707033921
318571084
323463113
344847545
978233286
658227081
85001304
198586787
631752935
877938977
258765548
864124307
210104678
88330188
490532219
114466643
151697638
279963628
182883521
243510131
371732077
411636934
91419000
316571162
53381166
818444162
526469642
598055193
115623871
137400319
335641701
822657792
308487755
511621166
20021689
139237394
169848247
957539346
337824181
801601183
835478323
596589729
518241842
898099353
537436269
8774062
12565996
541650259
141254042
47965869
785160390
512986119
459602804
876579391
829557281
365500322
547539905
208543276
963555515
663163777
198459947
151713568
338337921
506947702
663334734
210875963
646185096
685699334
168415309
984009277
339816869
856409984
433115358
858058711
754509337
823067979
719349125
619591685
364718239
860603167
667557555
2394981
226105638
127160359
878974372
908179272
345177033
279030630
116722548
161248900
942194407
167698847
312962468
133048680
674646549
828813554
343924643
320831646
514512888
364856304
157357275
854329757
221266288
442988986
564904821
828291977
266056965
136770298
300400015
483291556
849889818
967957570
485686538
75995456
947634281
217177262
836691080
145327666
496207892
805929980
306576566
290918651
973628827
619539034
423967332
648275377
300868940
620408327
821623375
815381829
985264632
978980650
522227938
59047272
274485988
939649111
887339250
540542954
76419410
187739265
23834510
778825580
8213187
362037400
707337388
808363820
579214663
544028469
953691486
75422555
202474801
260268052
366341207
176103629
732323438
642824891
676895358
33192378
263233218
498518733
701090559
101014202
330015735
75834850
160061475
604501724
15483961
47400725
997561030
944419723
87656342
873911892
723245303
95869529
235949293
283099044
904233349
815163956
827127513
710441187
743102863
29602314
970709239
109444070
58222295
555549029
604785313
735117653
588741407
868018532
86152738
142348319
969032734
268684826
218183169
129094209
873186550
233667130
29011286
723263932
30603206
116667628
597175824
753848509
65053509
685641469
36947553
969286858
353321777
716591418
532244397
96424641
598710085
355469988
58385063
509448732
911019017
663170377
97082738
352276777
383705261
183235476
494625096
205254347
451920302
712808265
186864909
177623204
946475395
68392547
900887136
977078601
185060176
350579313
583443463
250113685
36220782
472907368
71916896
242058912
42015139
604161293
338483553
493241576
959631282
249384968
2690308
723166651
912555345
99773046
75443428
148776958
135524875
570068524
206547658
587445177
135393141
393412567
617584734
81868537
461805114
370988222
911463490
499381642
721567535
347423305
749495328
610304670
672847026
673928576
852363582
714862165
130606221
43363487
60620093
90237503
292748455
63310401
665920507
57820153
15599800
741363935
59113463
151124675
163948812
265661121
738569852
299341953
659073688
208670938
233726842
973395155
579659161
997706685
472776797
153743048
197646342
74788477
764047718
870493368
748717053
468927652
437871885
879323275
364807491
498491978
822077130
657555947
561802380
340513989
567892452
577402180
81877925
627005915
728526855
98343089
892667037
319613059
250201394
404257077
528283998
483928237
377652232
107943159
334151274
702945382
114202559
531797616
777733859
878250278
402290985
378967265
199694282
840162870
110806892
564501774
191171201
785400374
74574073
752973581
125914364
642466525
182892113
60308641
121988792
763935320
11168082
14655829
83548379
261369476
418912907
464348729
745297713
649081491
424808240
79448987
352026873
539010800
463762956
982277085
269777430
866053941
213760702
321988064
558733163
324567594
886489838
749904364
109967968
813580263
355394297
88398684
308563140
390802762
1223677
430551933
154738082
12391759
445207762
90802814
273761236
716637021
407667895
19058949
365718513
832476136
951024289
570261738
224003288
267303597
552538823
346297070
133357538
766299525
668285134
544607053
943383471
407291325
147027770
905867792
220871588
354938419
994266476
529434729
745741182
995490154
959986662
900479264
7881913
257710776
843798430
134159501
974347798
251466326
5734803
192582663
936458814
956759092
762844401
12978454
76579041
167899577
359275524
62452931
786715454
27560658
607059984
730098926
434851983
606604106
488483070
508239924
961542526
335265898
37674653
707283708
183272404
850177667
460279324
43670670
960404795
156594107
177830171
787268945
408060433
183564974
979851608
197035599
140324066
595212362
210014053
69419459
615628291
569289577
131872390
402343745
596850235
738932375
984959023
884218571
198052833
473442093
392458495
159595359
808707992
282649500
719395419
991980396
985343519
32191096
35651066
945748314
188785203
65997590
585533612
596845636
249562564
417901572
793881235
242402983
13113934
3895288
311822442
481258577
425701217
443694833
883602323
22551452
35143560
721077698
759286375
233196393
47036144
4261222
392791753
855744136
286910722
112187172
700240884
124770593
144378268
588408303
70518908
185679823
654405893
508568872
782525459
903968457
926470444
428923046
146371440
792100731
285334686
310710235
273359308
711035903
754405068
9477983
586103708
789548628
730555682
197906435
22745021
777591826
202167658
268053126
485852314
489078380
232756651
38609550
613848974
229651271
479534205
536884234
415331095
133940098
45453106
50372906
890424908
824439902
479295953
889312700
616540633
617146991
52539287
742416294
180699247
806944355
751894277
766802955
596492983
334966311
964709390
471754357
965074489
19393400
739807483
303443155
508471781
972564134
342052706
974837107
202215406
821586911
364237693
617546501
808043362
262207151
667919407
550984622
86647053
999731712
292813674
555704039
616878704
345352962
298120333
797577951
4813669
902530962
416897258
601306653
90013626
234123000
73061010
55088115
253516401
665384845
358531271
614504534
637948980
553100329
589341641
692680738
227203592
953579334
162743591
35246954
68302837
830662998
438747928
154949890
682911063
584077955
710653929
152306119
929430917
861290614
949884070
934244586
763821577
219297680
388067591
853835203
305937032
313644953
761439670
559453433
979029799
119970941
26474319
469495131
525587622
615815960
14692221
752791215
421911646
177435812
640554521
490214483
8098810
79302450
497680726
543526225
515896757
60851007
695832344
297844026
922141622
498232766
84604964
538479551
717530446
472672556
244831106
23467479
638833861
6270776
435437264
470380012
978758070
461911584
939875143
504345692
930243896
954567364
109653259
204671895
132003176
750207781
694886378
992618339
682026583
45083456
388660916
197923340
105934464
84493261
495767366
28076086
582726027
580372330
566555637
152772826
905561238
811386743
28756657
544395100
670173871
316710273
14775112
648931941
778621857
807166608
5793986
561382106
614250324
115447245
766054001
598769853
865655026
313456731
443904544
400197961
358540188
832565460
598121301
464474652
769575073
946405019
492550738
204817453
379293702
911622727
357590279
284854940
575525822
238863288
681766392
245699693
555573561
549057857
747147987
186711771
208740817
752941973
748093877
822991141
720905570
514147878
274277346
439076949
827604609
570698242
839274910
38661149
255780055
289912564
503135801
25355128
236317583
995686539
230172581
615611285
759825618
440279212
752982578
335351440
679142500
434748970
433567486
234716062
983806827
180715473
421427833
45063996
786173798
22038062
868055138
507079368
536185940
994848836
946156317
216306901
565547079
637947580
254968051
821327134
927860144
758103852
699198614
16694079
606306744
929371196
632305365
218648714
222166760
237804295
554000155
901309261
672553265
987567641
136025323
508876445
20799466
409969508
553940441
806973264
432007570
274511931
166568984
820709862
121877120
965241654
37016763
687424199
603189234
144501166
361267685
383565730
755121371
60466299
400259809
213944467
842353847
32565174
432593181
64520608
122885821
986593336
818346221
795439087
826677329
806887896
156831884
699993147
69373756
563288677
359482763
501381326
837800609
526051748
174607540
959677729
343809754
64140655
499618280
946998988
208641822
713402317
183081070
963763193
626384968
583340879
30224012
321255168
468422406
462817193
238292128
591308227
301926882
56638349
239263666
128604211
863526245
396095550
681113711
932900001
959384228
40596474
286797679
649701189
419164574
461405219
461895270
762974328
525545874
814029902
562489668
586704048
527432219
745570738
402983593
6333539
328911618
433207605
327588707
797334024
896024799
565880835
241158603
197951681
622519184
480422270
179072244
338561781
876517820
860185955
123978134
688418400
753298782
263292165
190635941
172463356
724697384
505047563
935437685
102759611
319077465
350443705
689463659
699026036
96014444
92447253
705359576
277442414
378171210
32948283
74776438
274196009
598829119
168451393
324664042
73864655
648873663
503736287
264942789
377907836
216438594
388920923
66326236
969737376
652213089
109478530
994717085
229426825
614526093
782671122
184702788
786119911
133114827
874166448
485145947
81645623
819130053
43021875
359088037
49817615
75970159
286380827
324013625
527315630
454832221
648677667
601180285
103705884
4930306
866123074
481613720
73885253
107560350
400456309
43622629
612289791
362451191
890856066
841716616
976977284
673527188
26419405
615613547
659158368
753102205
100759495
740803991
424748610
143781370
99892029
474566225
72267881
386272856
651096202
599583511
841105077
152290222
53280149
797327314
157220528
771919575
131457386
231105781
879479925
531913695
127244763
344286068
894364886
18100829
38519037
723858523
544144370
64938442
191988422
55819090
670556999
145264269
796623081
947821961
141561992
896515110
274904538
213829873
135304319
926000741
665929737
828925748
78290963
719209886
626253062
88027843
343645813
757710449
319133625
75642091
142140496
298894740
419928159
889021735
169511921
458447196
465396610
713656291
375901990
657385032
769475381
46458989
802649302
418614815
846797302
944211294
167646277
121701841
10557519
302950596
47702582
676487256
131876345
978509897
248213494
610645759
66537740
591859308
220872560
238187717
667501399
215529409
537082457
87429558
104551144
706594379
545876755
569947754
272767022
921778745
79849138
42242404
820754087
882498440
313373571
520067741
826709734
481019848
641769582
837267254
783970445
541988516
366270862
768363142
373014765
614484357
231525253
439552506
206343665
304914166
677740223
873845064
520443575
67339033
813790974
624994719
773933412
212184081
47458825
46700434
133962827
127307963
941459190
807233266
9806404
254832761
179817359
689032490
735852610
821586942
378816096
372339407
216091810
745086959
993218901
589106576
212087668
77260506
881175434
418431333
382174672
411432009
144792749
902618247
478771042
958583723
380129318
252704454
23284157
427588143
151921241
9763336
407412459
93380431
816996602
269735215
200729545
996813961
958767705
936582155
670917255
190100154
161437914
739525418
787703465
7173167
181148346
999791133
84433673
62323780
270738818
466608346
473755789
415531567
369226593
952526832
226631642
749355912
57747638
249915799
29460407
209668879
259679135
436872866
155565663
929192089
706608081
356295208
778522403
517892139
145393715
301956010
560508645
306831629
41481428
348212110
314004796
222629774
200519595
398438469
137469906
471258413
865046815
611225696
886789980
86789761
416268880
965937974
688662025
326532870
68370126
718122432
536201750
328049261
7511651
691767413
109757703
566636084
48062621
888280106
84528223
45972688
190236116
497553220
352804317
84233897
845765330
519325465
306863671
46284925
917763934
444333578
370059690
635327102
908075626
109366022
574633215
176860858
75303997
263295240
503393728
143674123
833934024
39595478
324239736
841445675
583879243
433997439
260598112
484458216
322277545
197642687
530430904
365030014
695195908
735751573
449263911
393477590
255077038
756127582
292278868
25357325
52977512
662338558
513200779
961053138
771704581
87833994
137913996
847008578
203645586
493824077
843199053
37579610
385935907
167438789
731541638
969815151
601436229
992139750
306789719
776230126
189782437
689736976
141260140
884978345
425488549
590524051
130972288
533081940
199167986
423251156
558439265
104661850
85589714
71640044
65714989
857294295
11990390
56145337
556819225
215635976
402485766
252534630
105731938
788421674
419973420
837273576
610753177
873926001
829413326
917542896
650156127
871712116
459796224
643932620
609206813
885284774
86973023
740179101
270883066
286141009
163430257
829322331
390802860
101536324
753478727
309034201
958830619
617985469
217695890
368166197
833621445
620181657
620700827
939353383
261119683
893190599
629143312
871872860
767116600
311072990
641932108
269789080
182785106
101728333
913721700
791991920
839529459
694723
384687373
110412525
139352085
548117631
792251208
382671297
649653955
398246287
691705498
461000926
16231756
761917740
681683475
702369553
234615749
154900655
494239288
495735432
48091254
123382600
367608292
667724207
434455591
9540401
937513287
469757049
963785086
703751339
114265321
803314545
556962414
498952695
766243422
548830851
47070326
558494630
931502148
549240633
956740917
475723998
862757911
825489025
237641739
544441387
527858578
472257488
699342042
22097866
967992921
599949648
997996819
188117565
267673855
284968762
50174318
57703494
754725811
13959404
613971185
868991133
669790301
23449952
367943828
288550075
572280803
267530506
847044705
503782952
669287491
656301974
979506950
532045402
334307351
69665041
929003141
862165929
394438882
480861535
736780148
214948155
80811184
587293319
403065720
201001391
872262081
305756391
258704886
626987892
172232147
872676071
348495377
842022449
896126023
716439205
130572524
320923179
836486063
830133582
824706131
505773554
338951908
656729433
890335309
673259260
578910827
819338450
387941541
973349709
152716338
977238041
188297864
233527522
564531360
443879936
434528913
289309793
749636327
545750151
916297686
921868475
270942575
117309415
616407276
19584950
833748621
599496152
340508129
522751036
282146086
17730612
28524591
621097995
674460046
771376252
146873607
105887225
443231054
387331500
79236934
595947392
364569542
120051150
829474914
781617254
563931086
116520180
70927048
313567414
662270331
839741086
87952241
933212906
957050501
704359517
952797857
643315474
303855669
145822338
166066511
586001756
163552951
47107454
59616103
838012997
818483706
59006062
943900222
114231112
446337562
875653508
710178505
810907104
995704658
392169771
445040711
559635744
508689951
515967759
725719510
23476635
208225197
813671751
809205893
165275698
518031268
614520102
808591173
674403290
760342441
827174036
112921398
923895392
874281490
172537501
614424741
545281548
231543563
410841315
659512660
677881125
286494823
222207517
341304582
134715833
614377289
786345293
694351577
123067240
154829404
272587440
999060227
363054601
86259191
808266121
380846651
456806812
275302575
41954176
131210102
35645016
869128212
244131500
959540408
595926054
269185353
426481501
141207602
500728916
837322816
653236615
31126393
123817639
875444132
224947327
111049824
342337773
11292620
805401402
317921366
18638376
77988842
316981593
234209329
16764385
977764066
615055981
473571197
253066642
657010157
457297651
141228010
526138370
701429151
100768419
122064424
970614504
379766272
115788379
323859772
217089089
621541346
207502518
193423080
349501830
432449845
304472905
691839604
296258818
962390659
9760970
314897194
892895853
179258915
549106524
909660238
9539334
16678857
235747788
262605976
673689014
693045439
403833986
52343736
246990943
357118757
26924513
70121799
736885030
142712892
246497924
806490471
616770590
454000442
999913551
818788772
886450287
156902808
363144728
182709105
119293467
225422050
350122652
864705672
404680966
899229176
626882263
414220300
915908033
862630051
529342628
442113399
408191842
933176614
494457136
507699137
142811724
521381649
577820937
732213106
516610893
824318861
538703577
133381483
130835655
391133480
804686607
17285942
400552641
167831336
52511400
372362460
393253386
402634052
237068133
650450704
154379580
863950396
64671004
70287613
579096799
446529984
364917364
839804993
232222951
859374500
347504131
375034675
380756149
777841420
107247781
897367042
454676633
498467710
883264877
585512288
742117542
540467837
602798230
142670183
708299173
655309630
515032644
954068911
57943682
604617129
604519616
64839614
321083877
521706972
135127227
900180676
968236957
352560944
592502021
52976260
211935444
940006152
428010935
445207946
570363924
387775068
195091340
25040557
738759130
78356218
610552845
480876672
471340407
65867428
476063208
32155932
573693410
991095852
986224843
484153445
448229333
443260811
548993059
769313210
964967784
536636639
522010238
785721093
889197583
114512259
838697353
101133027
907034764
119224640
398857325
477398688
359516060
593948666
354955598
98275190
524821236
965508443
431668214
996161643
883892223
907731422
28317575
457585634
751343626
14542418
941739079
199572959
310319582
343248490
968886169
127803718
879885129
343412759
913524811
769082712
457925019
604738516
722732092
217476135
576479508
121589417
694874823
935995568
568054435
49830421
34270758
92875671
867855217
318455324
89037314
604263792
226186747
969871241
61849426
977530373
836930012
856104857
29619685
147249594
51869700
851022206
275053312
931754829
194434966
41094475
553353894
504876337
498349343
128602338
722352472
74828851
102708107
269743647
10824419
670762543
172090421
897611529
763638214
39945638
68583205
705191881
496725782
294769952
527579474
411091561
124816678
364509486
119712770
6952715
364275432
171582470
857974921
639328744
103337300
52409887
532939571
656691194
409802576
31288914
785293532
132155048
106117765
888001639
401898696
969458536
411280534
573989117
719586417
27435101
466451107
788169623
732626982
963176889
935455927
112722808
226784802
60272605
477232295
346497573
67225320
841507727
518080043
777716594
333352824
621417343
682642833
866292395
130624889
92445410
750097662
768434773
77116810
708731779
508952765
479015506
530706668
920233299
905520975
102809437
947668400
224488434
890979060
532811734
40181676
678951340
645534543
266966478
591740297
122766838
613464051
511481970
816790917
131544095
289198564
2660093
605477790
971841397
721468841
736102680
916803159
471566503
357053805
993919970
32814634
866006570
325451828
563521302
786239870
230972804
666330740
586424622
455461238
409826152
119236357
495642914
88777492
764770900
762609393
680517790
740054090
228589796
44516112
409361359
360133891
333714676
264537805
965611682
158072425
986006646
554230714
74875585
310089501
911284519
921311907
342904135
629807442
246763735
906425438
268563664
330252891
572756178
854988286
785714130
982582330
974224643
133873396
923876175
591511895
748999141
456910317
184082337
977588938
501426429
445960049
190239181
835141105
710497854
8367215
845729882
696504500
562597929
773121819
6594001
326398801
694433726
202014488
956206243
793713814
108439926
77286259
123966705
533712456
932274545
762197187
368811139
759015541
896070584
292687314
203043788
497586077
749597631
387126126
475175015
103540412
833086175
665414197
938681517
396100381
673781412
636927751
92604881
88895694
410049571
951715234
267810847
956999649
6246074
76533442
750713463
114686001
153819701
727196521
648398457
86094246
489393708
17209596
845109787
237980644
162413262
48153576
735566722
764527245
287796054
63258089
868067657
973398581
581188638
659265526
369498962
107486403
296193278
314620195
196382097
558759201
118851781
464192944
515758850
125097855
540726386
118988666
92300208
694546087
846185187
740698666
633156685
188095247
610424614
330782825
278592244
625354229
231452753
14158966
389881474
519248807
929933407
110465484
345163740
511122046
769731010
714662702
618608449
65924288
881799249
667506898
477199841
651030
131699842
992958692
978265237
524942580
964463710
70565446
72005019
663165249
663780464
705161704
851260496
126721430
35944529
129852740
752075659
119913634
996528058
141957134
639162441
778977818
104938970
984326181
142616216
874669980
551505235
761224665
793110621
285820836
281247915
270310462
138988218
265464109
115785506
117253456
790406689
80249216
40335254
714928060
595930817
704115718
272606116
299707666
830837148
161066998
282076758
582912808
280980632
131121169
577386294
920143074
910098987
682325264
756985607
52715203
409511596
161007195
666456220
202622217
446828031
947704135
325449032
585816250
213168244
441234538
555586058
856091285
374000107
595921312
571019345
969930924
300037030
843625461
122154942
130874178
4692459
404231701
566303338
138189444
535352870
996205984
58332518
445451857
531047600
667834477
350683412
940559197
681358024
17139632
143181414
128186056
964843767
321146798
566518658
30528363
762381337
122104716
886619648
988897796
570542380
310155345
811345072
870579410
6297158
933500015
853969940
863505970
337731716
272789631
1695414
873084586
121511967
912544284
171052795
652559568
432895113
521736207
593118765
114253138
391392191
588816531
94955546
208752310
909963330
513990556
239280673
524861019
488611624
978416673
366275167
59154004
141088370
177620239
782249766
147385528
111120254
488736058
10891498
301368322
761525689
865103264
26969260
883037657
777647548
50538407
388113577
63059014
572274614
981232342
177312152
963666805
422565225
124784050
24935467
185044907
638774606
264216140
562422278
127386230
95149165
928697445
39056586
236237535
106317685
821306352
383623064
69954291
310042410
247030914
223838966
924084452
112134179
103324578
659638461
742298079
153862986
47752038
805357093
726137600
881500732
835185597
542320758
156582309
959969647
567256225
341627217
598744253
683988718
904049495
578646835
779137883
685263293
617703421
15375419
644097330
439009773
251514835
566567973
601568536
498545749
790406939
525652988
463196280
893731518
37807801
58010712
47594504
85559839
715884157
626248456
967060571
551069755
21085566
123642880
363555754
440858144
317786449
962300008
124846862
74352297
393463195
903984745
759615590
11166617
771876516
256229272
302692742
23391351
822797245
904261278
374453453
465720537
282430618
837649733
211968407
320238419
748176797
112079263
405798258
464060955
738327719
225375181
867647062
611929638
201534414
231202816
52787782
371837215
46019176
30150996
446189512
439482372
934135741
58321454
303165341
558528610
314550726
605858083
581919961
137347972
510119362
956373414
455584861
792549980
646539500
667553268
112788400
247232649
779632531
371103010
711293604
370476602
448994544
431457018
982406240
650528958
662659835
35194022
22366173
561195363
65345018
321072038
677735
851997112
231909844
156359428
263042074
546460571
762217512
844962035
536324895
124853226
653851802
991909756
917403206
152907654
511979376
882707958
400140303
291611907
106327321
963950260
662088509
555321865
395407278
497011102
58367175
910583465
384721476
933249700
471778829
302582847
106838090
324972916
7096311
338747935
481332345
270138385
885208506
96066209
115100420
274049753
220919435
621468574
118475861
138322641
626892580
630455237
873546952
27032884
774583496
832390625
843499496
289188357
240228842
91423126
786199459
298596017
2006592
170920936
84362069
326301773
473503783
191200160
651274689
480600094
529948095
985123386
750738479
267672953
81189595
718355251
541722706
302109030
192340178
512714919
292948024
819232758
143170156
19011328
698781994
770270004
851401953
394797842
59458361
91630795
486220969
845657821
242743164
488227561
869095109
327105233
814529334
195115244
518305393
318320375
675715338
48253488
155960114
278970169
168442793
237149709
849841772
710165499
391775092
42181950
75396770
684723116
713931061
71083278
556250796
265229407
841353282
260169101
660027250
900811644
204316248
146248219
598985817
447059412
486992132
320597278
626680997
154037818
515712522
144986391
324874545
43944212
45756231
480834659
322914381
66715377
717984369
25272505
776880876
109759461
67454456
852277647
646998929
633901869
923360925
55766077
751647628
617230560
315935178
264191230
370558556
520251426
262955801
969544373
967310838
749947933
142658003
446508187
756502103
658370525
444010930
81376649
702314737
342283514
562211308
25229118
408998891
132712029
50501623
38396119
94987842
970472431
890673766
594503123
456890652
666551044
650269200
61054633
136297956
966204378
325245863
506856512
486455804
588201665
328917237
306282994
190665950
471575240
752791182
947168054
129945765
49318464
28544703
832260502
391601978
443272363
710005972
800600869
428500745
613023947
838996989
523488587
436012731
582187107
117991711
745419735
101254503
620777263
806474368
237552459
586981642
131720232
744408971
925953798
719921897
73326208
84753145
910587847
544901448
837544327
710272253
527363565
886862791
591333308
212140419
130981122
34605672
922146391
931581991
315622769
387686691
770578980
839111356
676215774
205282440
809619419
421635509
306536943
282913035
80626230
544089403
869894677
212346462
288498374
648364827
784784711
214340935
733117972
547888910
759242383
423178651
258161164
139122301
162557795
849494472
351262720
293538917
736616496
125925464
225120908
52239265
513612155
848216241
743866974
42344281
53498681
406002745
463979790
360035624
688915780
544606020
904125027
411326809
609468834
45139754
59691637
394253545
259480689
645325961
942142456
871239424
68504613
52819972
10361725
231062408
754830796
361624446
524601325
343963645
487549910
602238585
248719262
853678417
450454826
992586236
896022698
356469859
251105334
212518840
716505484
792537466
757124861
473146863
56380628
219110047
370802969
116072265
613363593
630283658
613914578
408022401
354039435
682419191
313358725
364401160
765997951
68189521
578541958
143115628
412153166
66091868
745354214
660872429
772286637
48325392
505975017
668309335
404795252
609596703
880828176
121300736
402134170
490469389
446963951
458514798
709579436
817766921
427103415
175459381
300566931
41017993
435998134
654606366
575953537
749356859
871523879
194467840
817546381
450065837
337583469
82215899
368674058
82937683
595604680
140960695
131263075
101579698
661786383
536058327
563692753
395130911
509875415
965826923
738116652
809355719
276858073
300212440
479638992
556477840
475671822
780205923
450012186
911669956
287328642
25965723
513543168
11368873
72949915
183605901
461434710
410533384
265821800
682625120
493471067
861426481
676102168
477250495
815522531
190404903
13308822
231731636
585535814
375700590
50074912
176168818
37572661
326932985
476381258
517211653
883410826
952053080
149933928
185939364
716239389
437262570
64421439
82298909
448631443
137371354
265904810
762582506
547904739
531726610
445207626
41375806
245669443
121309794
371142653
913708326
164231049
236967828
145439963
749766863
612668418
195514875
925935681
650241079
374964212
254833292
19969084
110891390
59402724
169903012
296830754
775642113
607165583
361252193
857941022
908313378
498623548
123845832
670895884
46528287
508088795
968619863
940420445
606274590
942446009
311563099
519982917
106677059
548530927
517939232
708960274
13715697
713454107
487412308
516473128
88418319
742245600
536442212
51826062
801648324
706345224
348656816
429806790
166027159
709909010
140264164
74340538
208532558
116626349
597752774
107577197
624715144
566372637
47997642
83506086
361334999
212077093
603489003
468012058
760608020
121428235
29488684
626840069
687398694
516900992
143313197
628333366
259146592
679755409
680159428
60794917
238616986
28816244
343118059
404644145
591241606
483382223
478984683
799774164
600008572
76737458
907351361
77240068
495626447
807865356
160746155
856961446
19942449
764235158
177489856
633066822
738179746
206978541
259906891
278094792
723879533
255736441
758944510
835542478
935491850
291620290
748853747
26625188
172952887
91971806
431269334
764194493
575354029
910254017
416485010
27878954
839507827
176352723
105119022
187650627
984218079
265865177
897128425
4160529
30100336
74618282
489743703
620796434
134113175
749650594
751407578
710509060
5387035
510352089
546051538
793395238
801972379
147421637
820020426
974925266
239393443
103806112
591636112
667263825
14060130
8121122
695142779
706084309
184473845
800261801
746251288
21208277
66126979
643379714
25368806
948743667
570514348
367628861
422056453
557143875
117279455
173464031
267652935
975182843
536332472
666220826
621094433
190821204
813642463
293631211
18262822
53035907
397437324
609898934
572816084
264013806
618020056
267958863
822614467
655010254
68220664
568865756
676218531
986863995
64761822
554103689
935607662
487792522
921732550
210180467
44936397
891528357
383644499
165105684
719227552
919976971
831326510
192838337
110798175
644968974
486469549
129060998
550521233
736423225
591476284
123337317
437031
62012693
243812532
675567850
717022947
164549548
96949958
393241478
3929896
161711780
947345167
939537558
649504302
721594069
2234378
546957051
613122426
385878877
712062736
184866331
158372200
543389246
377704668
121686728
40874572
864174217
103264078
443912157
453113794
694740362
419765826
306067177
756753055
663578358
981635028
326292354
680644259
78584986
719533832
684574155
92813119
519395351
476628065
742317421
93505772
478862443
141790825
706628199
864741320
853853561
891494530
875629873
249759159
121715550
997316601
290633732
985889768
953097031
734545889
291519914
500353745
6828068
597587092
109623153
670406426
579222120
435915507
203567037
510323458
7965692
888141192
603136577
527361043
364769258
197970351
620866816
843631701
339761176
180011367
560889374
193614737
924022249
289035599
443373896
45737799
138868552
586523980
884143919
91965583
173586222
175663834
592319328
180414290
773250926
701942481
850820716
204989398
137857989
54387754
715312856
145823681
795045298
170965786
525701076
12330908
368936137
999084244
855962610
708697313
31611963
269368336
902312050
955634212
558403935
198202298
1372012
697272487
784726279
738032283
641754422
958312501
913696117
86590102
138726791
539463395
788532584
842063859
596969145
778906925
748967965
164798354
777246958
396529616
335764140
155464386
408860524
704700277
7064983
117339486
413397590
38676946
386707822
168225992
994311159
797628109
218944642
848199523
347416948
3670921
586231806
989171370
814499774
352444276
75761473
805742917
744424023
716810409
500323129
341393169
348233686
101807446
506191523
125480644
498337062
841955663
133461382
907197587
399172292
140526365
24537073
812569882
179203312
263761248
833312226
26030823
61389357
52256868
874230346
261322658
908444142
312978504
250494028
575460268
665422780
178771853
233719538
262363156
895582262
734042667
603756325
243815948
688366465
962464200
221812944
39219880
656936215
207790679
946417467
56108507
348317044
823470892
721194741
380036708
939748492
554506967
406067531
853654202
459280187
280297877
114976860
367724329
593276382
217987240
943184598
111215514
396759094
29420488
373578670
292341356
763463155
829851347
388673657
304345972
792315547
610486601
343565852
301768114
818277280
142499671
357876621
19110677
965970564
79071362
399147385
758235408
486094681
805214917
611889610
945374869
938029146
579382822
165615550
383821880
797370063
961316500
495037395
194129157
990736988
721132417
338986865
606716495
550983765
727660522
911062468
195815664
190663476
254628320
497583779
8940756
397127992
707976752
880567785
215614908
639564467
132231523
973850316
125659148
937446440
438256279
923550369
727991938
17639101
941682272
111813819
667525516
902998772
459367566
861654673
746252113
180499983
53157891
352968608
584000100
780818413
116547428
779815765
971481889
371175749
129915896
832938998
620820093
837892648
713506783
836435001
329973467
845738306
662801669
308148968
635701098
953574300
84215689
216209389
823729754
25897961
328023208
491255270
781413086
787390774
205426296
527665199
820407109
258584187
733150159
404407210
39402600
849697588
36739327
863400842
73389689
19171575
696339840
694209782
857064223
262362975
383161135
39554043
960617634
45962804
347703011
448835084
852053457
431918700
665044473
675783211
457816662
993067681
19554833
91746100
632974807
77497481
619411299
305898269
336081668
205077810
710305479
228000621
54775398
599561158
91401463
128165087
618732733
640257655
822374869
328313308
755136982
58052356
367867351
715754616
104015161
715570362
17106053
808584970
147489063
682150526
336884533
457822077
527734560
356439366
549568177
13225719
433936848
21495828
319123988
622534868
226573638
29429467
850535489
281349037
481506977
794453304
262030476
100239710
287227311
84405346
428553019
42364294
142457702
796420370
610635262
98989215
364507085
627741315
760090537
511996148
162408194
96975070
969818225
690142754
305930789
371902754
703368473
739867637
393398582
22492462
214918857
619972220
904438281
65454347
901321257
385945259
712424003
15868086
338701321
852167667
100273432
767254340
747048313
95247486
416191063
210199927
46753054
780698148
837941243
659359943
145210648
349437
756335014
967545225
543008543
62265803
339447979
246377016
654649792
732846561
121385830
869568649
205335133
25824112
787539348
106656391
264285723
352479704
122524477
602987044
57163723
75314261
222757737
804212036
23078099
638948800
14411963
922347505
272163300
704869558
434223801
269890300
557735347
43075167
237435525
100743890
105340970
429399856
199637259
612507114
14762769
321023089
334592115
220097902
346847201
974647816
179270645
611132924
179643872
154311474
66636321
236807595
82142087
289394058
41019631
105220187
928342858
55431594
880084044
53022510
612817505
166824197
322912810
170552852
209899364
412864687
123813095
167756686
842264543
323450354
780263800
857027312
644473443
967372268
77125214
991320645
942020084
256395860
454969921
121663956
410707334
521606242
210987903
492849422
811000300
252007534
450585961
591859510
159955480
183186357
497398372
772772985
350010555
820311182
795842190
559909919
85692221
919655285
727666606
927956764
243105639
360446758
784984076
887579082
180335378
714625643
731416079
122355462
971021503
38902353
96535770
234245189
413024947
160040025
579610963
76541600
412047559
30196924
668401110
424519392
65899634
18315835
49808729
268426541
838627017
845650919
828336460
924319239
765306204
408519418
704792355
860928195
621482529
342292784
601023630
801817907
56918427
184956061
776689722
880456282
223858414
725741844
114701471
636883362
885781870
546828787
713424962
150345781
429542063
234342424
574865173
495441697
252658259
624673903
763868238
943801629
470324822
444721051
720637220
88147379
705756821
425429575
949075574
327239350
767722359
402615556
129057258
677157138
587571618
758263332
557613420
811430032
484005176
524831244
300829746
222303398
71660031
866771060
372649180
353718446
101113485
947514353
849160144
206288096
572188256
465544734
2606077
895029431
762782137
723243297
983176810
468538959
1189225
784768736
648294661
768911584
39900645
629868271
298585075
627472263
388131603
856198495
291418647
724653132
233546091
592248394
946956530
157722474
311535806
319605710
511440921
265165643
119636416
213117417
471453740
691824672
531178503
474059817
439370455
293960641
49819467
275063617
615015952
51008692
59832354
263310613
819920276
99732999
893178885
118505351
579721614
133826840
827220199
871140261
858479972
913282642
315905007
657952855
71005117
627440814
977558565
434962390
892606457
97194981
500596159
216576549
641536006
31774662
690636367
80906461
178251655
740455834
208486431
793267607
791464526
120835137
56578221
463901154
73084488
802273458
434922858
652806102
788616650
114659409
523946363
499612975
27942051
839851371
157565830
951463520
319808537
987640747
238942262
212414994
937352081
739538421
428991544
431404439
623829436
972144263
364827252
802081091
565116449
573313683
595348699
209097327
694148820
504443272
672998481
767233308
159233082
960437691
420039410
947849732
75097100
796502126
299979059
955555504
488869849
457544889
759535376
808678386
297701989
850993991
21093380
235054070
443048764
302601276
666458509
66878200
127261891
31285761
868959292
692378340
457115797
316824343
901475667
151264617
673783967
426990501
918497926
833017049
387428192
191053688
633383133
315041645
987555814
933362193
123113501
328942015
243423434
735165229
137620401
541125423
586159220
11230134
628695845
29207985
166347762
147670706
948602537
293609654
31472820
670078181
985987994
488588617
986902524
887463662
639853234
513202843
166970515
410867512
198736244
554398707
454437553
832119378
721956704
294509719
617997923
845070205
623451735
713937709
432751787
761072136
107579485
18911007
624818622
736275330
900635344
791166385
883946037
701754234
84776039
915418857
371832415
70764033
404007474
211251292
810744047
896377060
724454135
977714562
159760925
923190380
384629622
614198478
607826110
106586326
908708197
78340385
804172884
532159932
792278094
89441023
145748421
899857579
108352030
770567043
488649262
861503727
414249780
372595299
415774313
499025819
140530508
787606728
422306205
544537982
851374372
85566604
293431394
428344860
915797519
453192319
204051592
152943493
67390797
811877702
112046171
976098995
742734439
916219055
360775279
387528885
5660078
359040052
139902817
966528461
129607096
628552079
680548540
396373228
1147378
96322853
895399048
141677886
736445933
170221605
538732220
440336658
108304561
832163614
868681518
24102080
137872286
72733110
177045573
205263083
737127164
289091745
33878430
479861603
57827152
247170062
867390488
916003583
606210114
7293305
735048396
588333562
488361736
268113288
984706791
342025466
216952493
732622191
336219704
953398426
902843796
874951924
246251436
11148357
559631891
114932954
887766790
697504177
40182416
64812363
755283612
777309580
206420460
789162043
109687535
116763965
36332105
977078024
32767548
495058571
836887681
767815944
83392134
177765770
35929232
68098925
519791236
105398077
653237468
856010941
58796503
408597616
583479217
157564292
272262325
143111108
272497246
160029115
693131637
312679663
77357831
300931602
89989243
136294643
90093645
52193131
253058608
978942102
29271155
285826156
326517025
718675188
906158452
409909159
896440958
794604036
330524436
268748547
900002113
983761904
124759488
811314969
244875872
708238705
968879261
517138198
703866166
93892859
677167313
249514155
406572522
607041496
550445757
349078118
743336140
493055754
401271249
996394748
324514208
283058756
134737257
651031234
854250296
40895709
913456745
603207607
835499746
96497534
871956154
588018211
80259438
996715642
399333180
177651663
557470699
220728793
694789861
113853217
314621653
224473526
215883725
721194175
831515023
766329482
922788645
574851163
111901589
176576246
423762263
288932149
459635002
558499520
939963383
166401651
599395230
705936481
769609258
287411328
802434015
641565412
875429539
735209805
490797406
127279072
912861468
900784457
348007865
607651329
14637675
662629518
832124856
83037752
236340046
516156231
849367234
11645043
91007394
813785175
188221290
367286009
102717325
647856292
925785530
895197060
814257943
377697112
601133541
436383553
665108440
256083908
77948965
393054331
991293714
421262723
372849755
904155182
174563533
720857621
364322864
41717560
236003491
48964072
124755312
324859889
565120303
974122546
336504933
508644049
640424074
524726223
875930058
743141399
25098867
654231940
490854811
839356811
31929052
91988353
128256716
549553844
200588613
58722034
942608176
191882327
479984757
167974283
948553862
654548290
888831904
165393078
696265850
977351748
214357150
821021162
302211637
631993805
647660061
638716570
140637854
140600487
15959145
869084264
883741886
41058013
375832557
227113049
880414824
407761609
171617754
8671540
957315454
372206368
67393574
752439982
564088695
399894684
920414265
365158909
906959326
661762522
530551987
455741529
491630622
744909137
129279043
793842259
229419294
776939104
285075182
222573500
917539591
301034327
91657765
653797829
342092340
320006674
880910879
75023516
727768283
52528633
936211409
537600089
277251353
856121335
142556423
841340049
108532371
915487041
59015310
15491698
429765915
589567298
471233227
921396537
186992787
600512270
567755148
416412082
229967727
852830330
638985582
23670
6381010
583159699
506337852
200989702
903166373
239765083
276013219
483451009
144810068
64740980
21051098
422061422
920862315
16123874
115917823
29394687
931610915
174933133
44886385
213893182
764500431
368635964
135289719
951493219
821664586
703044867
367905301
51632313
408391550
6890883
904172336
267288912
442566935
410510188
468278614
345733308
650275271
744291833
829184317
795085339
809032813
702751768
69663113
582411481
571391994
185580936
611806168
355519261
360514070
509208905
569412443
125014501
730361221
704702162
76507720
552025807
260263381
296929373
456174473
521171283
156336609
212863161
788460195
598903544
623373349
256738810
797153204
126164972
853546995
478853874
773766663
515096161
34121994
843429777
97507642
605513988
29010713
561830162
961033249
389524783
71039067
530445692
367055637
653916640
87664206
296079709
58458799
200443939
593009083
514633272
721615223
601862044
727496433
510075418
53281940
203386134
619330580
850435144
182067458
472877576
329289018
955834122
987973737
363411012
799263899
937997731
968925000
680790964
499827893
782474601
70315748
423383312
165436645
289887737
77299952
253100851
585967446
135758751
453544791
31492881
502908376
27676366
633354925
82921161
537751784
686636865
138823648
9598717
537072010
320891106
482476293
718877380
276725228
322966382
82288393
928505479
113480465
903729745
609296444
613308358
538720699
532128544
889208022
704157344
822016281
819024326
957258196
260500079
807299429
263319339
291992961
162724157
290995705
925347886
245645319
681263841
611984752
384468967
690862558
1573114
705360073
25855203
720450494
834601654
348821585
655255239
763107133
462302050
411501337
224919929
928126760
950222036
609564825
817334782
506895732
284097458
488875460
316670280
544597538
296174890
579989619
836590499
458899047
723501676
761938385
557060718
404765518
226439489
941529685
95628076
80528955
499406111
121483280
800979450
186524117
322821217
308751041
949631250
637639620
572768730
27067532
565766380
375507118
636632357
235617515
882402851
920729816
724492975
199073131
317843706
873184217
631579103
154434205
184599617
355080779
768888942
741660335
612362649
995328432
535706373
560507078
75857387
35112484
534506710
729353189
74152953
857327927
890620583
23784203
347483899
463389313
903368087
913250280
838896432
392516797
1384147
573815635
165762965
578393474
772888766
483606671
451577692
256984221
638040876
636177309
612065001
259446170
230353996
76944002
107290954
766060369
637451080
35664694
653689205
171957790
765017883
727842158
881802070
508154818
604142714
229285969
971544132
507510801
995052601
662956916
900027598
996436748
89288903
65790563
427346575
862177669
401913586
878924267
119161891
39954462
367617928
583743244
151916985
597971924
660687246
259207939
216548646
150654679
294872633
870237851
322612469
59890517
598080010
56930891
420561687
54739076
286216861
244622171
562249877
133785814
907579087
314793828
130222563
996867990
233100743
410085490
711562012
635014330
141526109
683240255
527485144
509144037
119499851
679402129
959632313
632703449
938610069
176180959
783358128
85999054
46418811
105970598
145889571
497015173
15417841
418967611
551754249
301634702
663589782
966520478
435420517
423685222
133830658
418159432
273069564
366931402
828244922
984631576
854462084
969771031
520388183
234463580
331431420
492404386
913865710
143580085
125107836
704992131
319761045
908465964
790991185
218696208
866952914
789397109
568227733
882370756
60881072
119981982
36521810
724470854
939018812
324458679
148156076
72849471
742618111
421225641
292297225
423379385
258373569
146759309
245666768
631278105
381222889
429614540
123682491
147604951
573194626
101306679
705113434
892955671
9772644
348620972
964168231
729241910
138018081
532395964
464129018
51415505
504894298
353167181
775886359
296429462
677625860
924042436
369278933
272760324
197784429
661576158
696139709
308674350
660851819
794322830
939952455
42074709
223937370
63634947
42196012
797131996
17457978
747309447
542604019
27230622
95930419
359288602
608988885
86464852
891684566
925634255
137880357
249095216
278801436
766283068
545524679
956427297
542841856
767319964
81703973
740626285
281412475
777843682
49300636
942264294
424682864
841769443
836855355
648620235
757920742
879051368
298268583
775378721
478877167
693388955
655125695
427323938
52677557
116630932
366305142
796878476
42265188
356701851
45973692
173582976
122984919
444014723
130010273
518343128
63851040
64230598
111485765
345263515
842074281
13302753
287527809
119273497
855072197
124383165
767893732
612992939
855950885
918678668
240888012
187344404
612067623
896013708
467184694
517261532
12644640
833489836
314140008
54909828
42708039
212630053
81009157
18209310
509161128
63535782
536552438
573012168
127766381
648038204
918275683
969840662
661340957
58319845
89114159
368929506
35219362
709524244
981922446
891170247
480719264
75326810
931031003
92786887
971340518
398215697
462564771
983985159
84221885
776704780
891411339
126929924
841851185
972420496
997655586
351012313
35956279
386724377
924024482
16239012
34762581
694816517
986079674
548619890
753136362
927710185
917549397
788355724
489750781
751988195
532042323
970470045
827315005
463073326
915773284
651171876
713805375
230854408
487673387
798027260
7559188
231601078
777473536
701926725
56537927
627645475
52939038
92494206
14369852
829479872
108733218
901648785
376812742
947329244
302785027
129949104
727555781
72850776
918304829
69822915
824838971
302863504
892809312
504670329
765936831
661098949
8358557
332258558
891953357
496031944
130285819
752028897
727633022
760275707
453955622
784170949
240437534
359411012
729181507
254807386
41407237
690431077
8972523
418219979
490276673
311757551
400685435
70348807
384608327
171506616
140171722
61963651
474370121
32981034
566633980
92823304
546596335
574992537
425081862
438549692
71024481
407884033
43094941
651173855
20676093
497050563
435344805
261113627
708977928
17042664
515921014
750385165
707473742
524893537
21121496
197750415
836651088
421806931
268099222
73775768
593313548
260787296
135739419
67683669
146284683
702373399
13023325
692881018
129882288
438105187
131430711
53423121
845989221
27042004
704596976
866665314
524092568
992458133
127778941
85586848
9500798
496216307
835972013
716974540
21109845
709609861
767241307
710277285
131416792
35340530
784053053
577246692
148644178
919792472
497446713
294928861
474682223
510470038
987809880
457080863
948575226
971756943
510503984
647080799
998798947
67617313
513746113
375407867
60075446
494041406
460994715
922092596
990257714
149483080
491583488
863883911
859092941
258824796
426677548
843026086
146681678
63246954
272789130
295325856
983039426
770235844
590254718
310238002
133222234
430580950
767318865
934313812
402337893
130339202
581394611
253653192
50472867
947657076
629061060
110548313
441698483
90055775
885157262
284472549
239538856
376740750
148356460
98631797
488081898
575034008
794174235
634763576
638280962
66963366
782605785
473836741
689715562
225376855
636591095
822937796
655957805
256426312
609767961
58295698
386765514
43678924
164465242
437238381
991336001
793526302
400303047
285550836
883582078
137976661
570023385
975637286
514717411
718379845
926785435
2799310
145930205
720959671
490079238
636727520
640439389
125201375
110564261
330154951
350578230
599671708
5609099
6536035
856098020
615377060
917348085
95379887
659055985
81813328
532618268
502908338
875339630
785437667
788459174
611438060
923414328
358482559
439591698
290648092
929378756
366377134
145963754
75308961
939853157
636042992
564552833
580292546
761244368
527633446
762963849
111822598
127305154
768572948
970874986
983403175
236466361
888223071
78783062
748038698
822552751
463917682
250947036
550408734
101871702
39406210
14363146
25286030
250405121
453954845
315934122
32300229
820331979
461897876
107609190
612701488
950457221
524678376
45510386
564217941
52311822
808474235
528556891
32133329
429563535
499431877
15536504
666029896
240171301
946835918
266584946
62724052
263269952
517531982
465649138
365141654
409454544
480012285
242944037
512376017
933967130
558878159
544676246
606815461
873292388
504801789
219516949
823749609
29480165
265027335
240483902
81791987
73501570
769040793
113925316
355581457
120989023
981978172
21611354
361160324
781330442
140712652
276400728
897116747
658244635
742049867
114774753
920215531
74578504
357718790
432591549
8545634
916596950
977267795
615361095
642405690
334585936
687394396
318671651
364066101
952421731
559155553
298374441
878439653
328196346
264816109
86537462
449185369
99310634
108148816
662862045
733157428
101377821
939262774
630274175
759622456
533828993
745048929
532354339
608407497
102767719
964945888
469469483
871881021
794730036
84830578
366803063
129315972
624741326
685474714
345898426
429679409
244630267
496789219
160635414
425342966
761605328
247172876
874528335
713432314
207838045
389906733
446589743
309215866
181685859
929380270
68838322
715514852
526945551
453709013
176438701
482229623
271171254
645908184
206626996
65901290
583255114
573430060
47733614
60512792
258904774
246148392
490192201
356051394
742937611
650827615
781394360
357059292
898000491
508439047
70491606
105838536
898345780
369597701
415054402
80031639
151494324
336409076
648062843
678439875
790118090
824501544
160669498
61289344
322926080
367296495
979706986
758697546
940726555
879956952
819210338
52147681
978621697
309402539
408199075
574075660
960230154
42109787
931134952
710746998
550548835
854142911
816585534
448894615
76256964
84156289
381442607
227751288
273081717
29505450
906191164
63199807
706523347
919377014
977005503
29449427
139189861
809228841
640663326
79916416
541702146
459873664
984580450
372840195
621792556
245295877
946915855
434539062
287405665
730567160
145286060
837954500
437226423
814387947
139365467
513483387
898544236
520808074
593751028
24142305
550313525
352458544
87342113
109353224
271835558
916863968
138802651
411025420
578609162
631982329
343458188
972827660
91855994
180554990
345667855
566164902
425850868
145100062
703964
713256533
875667222
145990025
551211033
312893645
812894324
690576500
678893385
563954912
63900927
272644413
588097217
614214452
625102957
527955682
723567676
749454867
297336003
714886679
12996639
875945165
199385361
356454828
701289177
143757707
537009818
46957032
709922609
962860686
44573446
710626573
528633571
920240669
709132950
79844604
85650666
374543626
622937457
764544051
938498538
686838384
37188464
526595756
153569188
514807773
54551438
729653216
116778993
204403793
297056247
129775632
80348958
496441608
486230460
634154487
640199315
875756631
533627871
350121924
691133669
578201318
913264850
219767241
498441987
474914152
152128197
584092653
849457779
627582006
201153057
787956317
166936742
90857873
167068425
320505930
605665647
74136216
50159146
722444640
278540009
199731746
852220272
211405320
696173354
190967085
845559807
336372670
66723716
231704031
539010946
610373737
809905349
452275796
830140978
160863688
927189949
834785528
744956341
629164080
462367534
946109398
269636749
629304277
36967272
436705175
802326559
495149271
363357743
705002058
70110263
641897752
904733804
774846887
705819424
600907158
965813972
403895584
789796180
885054040
635599615
328807127
347944130
445504964
633599275
30601460
606368652
413305576
865386988
203841345
42469656
180270875
2467096
312106406
809575152
891950720
601327933
464418063
239616343
964685676
169420121
309726606
459099780
74153925
84573493
164919205
527577436
902903818
568814789
169889968
640474210
56930756
498697095
988418340
502435720
132296371
19019801
961320724
398118299
736923141
17678421
440587956
917194016
20145517
605210714
579285520
912096237
206538647
43703584
4228932
23740675
65640057
313955538
482840455
139793983
251045384
647759660
519887771
6465554
69090801
689777739
499456116
126021557
40991187
340390809
480973629
25803910
211926962
442294353
423922209
948850103
459972775
717026517
866044120
332634644
322237231
297845992
97247234
381292230
341549576
101476166
405032905
407189634
415431705
887873361
399499969
518993441
388149373
771904092
525458995
457240175
314198183
24915111
435778084
355189370
217822272
916751714
233509632
429749234
211562419
657431842
378599338
671535194
226974711
97159810
4169839
549211943
395005802
101417073
930504173
589071731
55409591
188053431
996261365
470841296
75926792
248277686
989834737
464076165
20181778
367810084
773832692
186896313
245241548
209610777
542085684
463063820
126362491
775595316
892813055
190441262
285543510
123928745
861976457
512518222
73604907
718662648
914246517
468610709
672596073
697267042
57682440
728005664
885320473
906460157
51363313
961247265
7254195
893714402
277839783
879952325
114040839
51672475
66848639
359282387
113799604
461450675
674862559
92678447
89562343
420191966
283119710
375105854
544120711
997612519
740140428
617725618
568791519
654386945
938852680
93903944
204170339
849051472
821909608
89490813
608027982
725789273
903254430
615282177
619503676
33610565
347750855
733544515
85283041
414599494
945343254
51598997
876050169
620205813
144277445
965612512
40397780
279913507
193234718
437034843
130042378
933375146
907276814
698833897
440278443
846129494
792737841
644448783
547697318
467163801
586455948
155725300
192953075
489710378
623523830
664973103
523320944
971274685
251033970
461120337
238390531
196377224
365235686
114440700
669099389
362029483
932569564
562013521
641942990
978320635
999048365
771985368
764212133
758841531
323335617
57006929
457487377
116073458
701455712
5184695
583237260
140428012
13426348
628706687
630138390
636950178
293679790
5975686
608224863
544713760
319612375
846615394
593607336
684848062
813572446
262706725
46877545
598658362
824720247
541336888
429495349
676284964
165838608
193707483
287642847
489174226
250714412
745130224
605247684
804686476
750314919
41001296
945114488
763741267
669707983
427769230
253207797
815904125
433744917
861432660
213134237
753357292
560564406
806741573
290721706
226653204
69448299
337599252
677827919
746684898
878936140
107323268
275486214
44774748
153547103
563129061
386465326
404261515
160775637
991713011
61464343
911090556
885230659
6578831
527348176
407454995
434348062
780555973
223359120
720609331
494504986
436493358
326482975
907585744
95751283
617204682
134238949
17715934
954803934
664583220
764400832
686256426
771906488
892403398
583547526
925453592
308048811
970012853
182231459
468824448
814242216
243695803
232431357
551989227
102790986
759779533
959444222
537139048
392851858
35319695
110264731
739873196
471813053
436747707
647458941
567564336
53952389
634214242
585280271
861272675
151313814
202197455
400045453
923220302
94600854
983592979
701190246
255166017
806122184
735938058
723990466
472880752
979633861
956421823
24869980
82424847
568717708
836830554
472080248
961569566
872150249
582344979
553959115
196479654
19092686
53934408
764043991
925561427
688148650
201840614
786834102
839462464
256554421
39395907
615199118
203671627
22988887
168905717
458837645
681627423
904843775
182828111
7024528
736993988
139249934
884410860
671935187
560483994
721241414
996531787
374569912
445908016
431393119
928529027
642387670
303002157
982463435
258948013
228563585
523128437
460788627
867914039
215107253
717343049
907309947
830306372
921014676
782815186
851728441
232368673
316958961
609088568
415196784
323983489
198598908
406963070
60910701
870534095
967447064
782152116
719582235
194533329
80576484
150975354
123062356
722964154
453977511
105525792
981912168
535057448
481170581
295217147
402971488
696277835
12560196
162797787
379100559
786091225
945612973
230829000
18459898
262571934
839917568
286173035
439071776
38516476
545652457
499982477
761566923
365615874
134650945
333665510
560149203
215227429
484640864
683211559
938191584
791134728
641253703
920103752
326192176
122424285
67837251
581680016
671218472
80397448
744477803
50319031
719005025
690090776
133664383
589981275
805179063
973581951
728670662
244250839
864614779
274323120
744233316
478698054
639938994
878884262
812363565
52604549
94111691
149520781
735816108
884819627
940655509
229586164
657439731
119364038
204526801
725276983
701044054
875745273
658190783
298038210
778580656
229712160
988128986
912245039
819693435
645824401
738343342
400880450
890075240
455474473
675203570
486824909
934172527
167658916
218225523
599052444
220263465
164853566
601089578
808595925
49673194
394261439
38182089
559629277
513625477
95225242
284906260
67185884
823486867
943097043
365224094
602067523
25325555
205869432
366828914
845018991
851693834
105172256
98415793
594285426
560646729
773619363
933626687
347335609
793794631
4368562
798904405
14058096
169222129
399993983
675170373
71411675
794255423
565868815
631040952
160397252
661094057
768463565
80099488
337097277
564076960
445323582
939164800
589402516
503709367
158510067
286937859
207919553
263682323
385353652
802204979
676845405
11489367
588348019
24181014
805283998
592716581
675601771
671858446
761938710
75595755
347028819
685866737
722367530
912897634
169424042
735281134
426508044
937887607
815380623
763605321
501964567
113220557
555286473
91367083
616929924
713796540
230821294
824849477
829995216
616174946
479570809
506840621
627664313
67918828
383537987
432948311
660635409
59139758
104806757
275090472
987251865
304351929
960957209
562135747
69765915
130381251
149933234
348790311
920785210
965313857
112395632
275266130
78534414
520198458
219149565
695464339
86511350
449970860
372830168
916506566
66145806
852400977
275863539
693810120
920319805
511917878
979274783
433471567
423573989
936597893
561078391
263342206
93466174
374551952
825477954
163232089
357449556
975411188
512022401
278234766
793241397
476934385
553500896
871775811
849649195
772650462
419756502
936160546
75137674
792586671
705183464
141283480
497504000
833563356
687609952
270340158
345481234
666884736
703811725
769055223
455998981
117406468
32397430
549465155
491958420
710391736
712697244
849407976
538319276
77235997
127642743
184077025
406686735
533659991
55852836
256335930
158826805
328125691
45012828
233964479
973228714
602712645
227764312
470732714
436276001
915374264
741072872
634273587
434775352
297400949
255845163
890774333
414807417
140758945
440239488
906765838
851150681
5453085
608690166
241986309
82689082
588849261
426063334
341892169
122509253
334432522
598228100
133852410
515074565
495757280
220333242
488303279
98469925
448097554
811552346
387262278
363471818
405141570
21535866
798247171
702542520
277381029
541537856
969866289
418139974
981777345
729148479
121807007
839746782
337838646
216309668
774952216
926687907
642373002
116844386
901713512
829321876
567588838
888082275
344396442
63346118
108415517
685216073
14332396
556513071
496768419
401594674
772501241
901909990
423130540
423264764
456968862
553027921
964802621
279351503
971167895
799096318
8499983
945491254
638843100
198854981
161800922
266311668
125542888
656690276
383156054
879772753
486012153
950744892
620371380
682924947
866607363
728786897
368141020
880939759
137816320
717425792
282534433
910317561
471852134
558181326
186098678
928820996
111209247
150901299
60688851
934893495
949997617
69188834
880384749
441357069
268043815
894702024
707668737
246103056
551392300
943341144
978392161
889920805
746602388
598763541
572845752
613209751
180066790
793503125
346665862
170399462
510928917
629200296
80717023
982781051
39897974
119332053
764118399
151107221
270233352
824807250
86000716
72747321
746512437
818901818
366620742
14556252
566120194
74289480
113175660
117512494
870146976
91567821
859949652
616749364
542847714
285311756
82475468
575430856
78814881
429141330
745830318
442260150
910857978
679063694
277557553
950755952
798395747
41675952
101863174
68629100
718999555
40380242
993892773
318028344
711798412
360513516
185100948
130434958
287319348
298276609
100463805
9982676
242360782
960413457
626732040
637724849
245725213
561723860
213155705
177056447
990865191
958986024
619316597
754239521
490566070
896874151
704995474
288961817
791066455
659375000
210107269
362582362
552271594
56516395
680610706
116586359
417029911
865711655
247021317
556865611
16504616
347485122
566848287
258865398
160414931
46096679
896590247
406140145
607820540
962262305
583196592
451202083
773764681
55029541
205441604
264330751
951903692
762953430
405808920
742970148
274844782
615916190
105552510
827116377
672432585
638679569
796219088
941978848
504391224
43240405
498844459
520895840
243241880
65692746
632277590
403656811
111789425
381384190
662313308
572126317
343646495
98026252
23328400
117411176
153055794
81286357
234258279
104959486
844239787
640067199
700445986
119084570
108499741
658514849
798717299
633448678
297194418
594936387
575427526
654101994
490693144
926788337
27514186
586451376
844997435
659791776
990108188
809303213
41175966
504937848
381429530
237338813
602964101
257274283
207266341
756019895
338560640
441524620
860979381
182800427
934108172
413941720
154401349
42607913
72456569
953118648
528572944
222167339
400571387
104000470
876269333
891264532
883305160
903783519
330232260
728302595
563575295
172856800
390122160
457267614
677794649
771551691
694606427
280758750
28825974
901872769
36778645
219902966
195913741
750274378
402703393
130021913
16732450
557104743
25146179
89189019
362739743
553719123
311356358
763311131
510235945
40142043
507092015
246057457
943925562
837324275
974360053
360017210
10181076
216998565
817284824
687975725
988550256
511891251
821250827
869892582
266280372
710545824
89795548
462194114
313336554
345015294
592216027
330069005
754636389
469878558
419258024
117376132
23597681
583130735
880687263
386349979
623272778
240295630
632407436
567198341
77619906
459283841
927215551
87800982
676282407
597016727
628293059
517349015
108907978
302060238
239757950
227704703
12606062
182069850
689898817
325942616
379601496
134631196
656011621
134237885
604509755
927785998
104130370
480623788
510916733
984817633
866973767
134189511
77629616
351897556
553904204
155249522
663697749
333636107
95566856
192496508
930652834
576376267
709845524
892077165
878436505
802119826
119781868
891042567
984189676
662197037
69501535
216307525
796828233
578029509
350545410
401337988
505815507
454675780
881961777
869248592
292009766
601451896
855954455
369639382
805865804
262375012
377405256
469563554
596011119
472972112
662060062
379180306
49348379
224421938
123773823
780301236
26541764
96072043
523860155
863247793
758269080
593361690
79555318
407613665
23907551
282617080
808951654
529723058
589809213
543429783
251488002
881818979
997398031
107442458
103974713
803263836
369817470
481379969
125343742
818344941
806868433
639920156
50041599
708733164
864342095
173815422
489034400
743400211
122403817
12894555
459164356
880672897
458772597
391236026
140802915
482680149
526369459
949754569
864919559
116178672
345700704
116407562
850514003
195615087
76366372
954488716
998878923
446183842
288385037
976739017
117045135
95253470
616659174
167086735
656502986
333517621
340902157
145537386
929434184
463305975
10948293
241114893
196495224
322237242
632350919
337298139
657433743
11236730
139569060
522353303
127415402
337786116
491277217
977929405
533401204
567643589
784934473
384796479
13827431
925835862
361535497
130872566
873605684
830711023
150475653
530108670
16744996
491377811
528162408
946179180
807200138
391627053
187294073
3695362
566380648
672161345
193509854
223814391
683398075
185595266
598684046
810813478
523381383
89961263
641259235
56782587
657604852
278710061
441579066
523948635
57062275
655630915
507337554
930667960
486341938
657813207
313292982
503086934
1707370
841455391
301782467
808907508
85598796
489076540
665119223
651979444
13754237
711145429
728310188
697152313
896740695
326994234
360482143
420122078
269471850
1741378
329421017
927076702
132967791
771000084
303541690
190030067
279147351
663395596
120698027
765489290
173725155
286507361
121092576
175432526
127962752
422875043
836856386
66077901
764467936
354491961
570573697
778222173
65637390
298883885
475374486
962378086
478394472
835856629
235016516
747866322
690114360
564437534
527459376
675598503
187953970
831001066
865628570
467101321
346913014
838842949
85106963
520638170
125350311
58715892
696070696
105829415
481590935
385443434
24423668
98575223
739935396
594997366
876797397
805572786
746397603
204688235
620467224
224792075
40544865
708000093
972658397
583175577
124953979
352634126
111290432
312907949
36151544
976919003
632525622
383064559
668278304
717632586
903702729
646144967
776348478
452289777
604490735
110455765
837733211
481430755
209030989
577668607
76428121
85828386
235757746
675342077
143032973
708741322
900134152
36094190
416741415
725308902
619269767
541695394
77943028
730560200
707119695
114094572
559995555
339645318
349675483
80790211
909794256
253378212
579451531
538659086
705667989
36458618
649114851
395917553
517889373
710662192
973586160
446833847
649006930
61860258
122175924
792039904
770601581
874826428
828134094
39859348
452651682
299920214
434071095
383111062
30480414
141190790
349721987
442992321
333352460
699397470
376298884
243146716
952775683
955750415
781805802
510960024
992209033
283437006
906877577
510098407
994099198
732980090
956932254
495622481
647356700
931624530
287662385
270474633
806450958
115796479
310333982
111618993
268233045
744405077
494730055
151229811
738112219
844452042
594222132
71464680
543849513
970521017
167127748
349141548
778787784
948933551
712617924
770996818
84886909
472011854
133611577
931502459
57508296
943060183
427124940
704864996
874684713
567303677
975339630
533652023
535616509
138189964
645271016
803849554
882595041
140001072
955079366
473223612
836969466
401817850
544688292
233335331
224855219
711816041
582476879
3643004
513265944
147611156
627156174
450669205
619623010
760767751
382171664
677131306
556344286
661812957
381996302
283545351
229116634
209852284
817197374
764733143
348042248
314984743
421099050
83153641
307502167
376178416
556377254
144471633
777996266
101065546
230323317
2851486
665397939
812800196
859010842
31180235
960411352
486167016
481849440
432550714
99451119
716537457
109682020
655795405
378350414
344194675
939340756
459983400
554046959
609054482
77232896
902089208
776555577
498331946
985242849
84057744
874510362
541620103
81045730
505022980
495202002
163885399
360390818
13116293
976685595
71918012
44296529
789613300
558085028
378662321
74680366
510052499
95199778
184362387
18364256
326066544
528557062
957705012
786049945
82604021
419275847
863282841
837209581
48347776
214131139
822452431
132405521
88641501
216588886
65967603
446180833
564307240
82369354
659088004
577423534
59054949
731006016
474236415
701184601
141607397
705415088
775864968
651659896
653131219
812743707
670024153
979197763
193817121
480245517
617764060
128937494
899521364
333563253
966147076
947869141
547694392
641115859
932791014
488852245
857704745
851274969
787549431
274528338
933644323
446637435
851951872
845215624
30159803
178704639
398916578
171767200
884119727
27297898
823427097
389767298
840041605
493451250
221481414
33858726
973696767
839245474
15312572
725734484
25325080
981459648
526119977
425535824
622575507
311427343
914388070
332796605
15218664
554453853
607324943
801379339
1091288
311793167
499111315
31251091
343014158
898027893
55534644
79650237
777842143
878961741
469417536
470400100
224929343
690898950
356775178
51142462
382660776
372087751
776876946
407985856
353547399
155513275
833521681
828639259
319456970
600426103
13952216
334675634
7396308
621277159
136054973
8487596
785586678
487682641
892255039
128600836
238226886
947789683
208251073
16069030
679267776
677668609
486469130
904197119
221083911
843244309
955339582
603744688
67848412
584732880
11730544
421395811
740246156
697768577
102551422
59703126
150711032
116503638
246895113
158107340
737780797
235466438
19111288
375883827
723149079
763882680
504484663
961375966
564188715
565252089
829961348
243456492
95437050
168946830
169963
316520962
12191139
955509545
920265650
80039551
540242426
784512546
353951715
133004934
334797476
456503137
45224412
485508508
573006776
144635877
496132201
163303925
380102316
515243489
539187753
955767747
131642521
896188768
769660065
695831237
461440857
599621413
939287729
556877908
768568244
939457692
873398870
633275735
747483590
646180872
565831639
140242368
430693418
772299706
273247302
765490894
81319195
170988066
103515755
654325971
315623944
599647956
670146249
695726260
967407797
61850354
504010359
99050319
958039122
273670425
794881556
271996332
725808190
586685637
828874240
346892786
378659681
554789462
980168522
126143271
53486686
398516513
118901991
484180104
23332571
392149293
102187351
104651766
563137360
58219458
758977738
878761304
657867414
281640339
427003916
477791563
343490693
931014275
576841882
301529815
57201052
224239790
573526147
783009243
663441779
254916739
129902029
42101461
662222553
962586903
20761084
715709239
213619768
139663076
52405696
236952339
384328721
154593047
341604106
799982433
212812505
953098196
531260089
723196271
234738535
958264005
200987834
578229228
741794633
630346069
732275395
651512037
854585859
158317895
287037632
370543991
413234634
269456014
265161804
75457188
84559269
138439240
643682779
298179038
130618668
696088475
387647729
514947390
850681522
729251835
167446175
916010379
534866383
698706265
639206650
769604918
509486622
692710837
200350498
103797607
323056906
932625894
755309645
30159117
90943789
42347277
400703108
356694775
311803291
665864912
284668315
396362561
804304153
928351095
547057951
934922821
476955922
934705680
302386563
180153797
516473868
469832739
96164176
51340251
21055356
587887179
673461522
530541978
280598016
873812020
634339586
456171274
658954266
389649231
486330391
602414407
284512860
739549852
811625535
596316152
257931116
96293850
845195065
62235269
877161297
392253016
849674443
206633572
179475048
4577358
386787369
695948916
326926449
482951545
747289168
347981805
70838724
273267042
878523784
203953092
147079062
512863370
660124366
658549681
755028953
998971110
113480440
39541813
738520962
925105975
488374317
996452078
873916178
333569382
911203700
603593827
578338750
613394495
810227399
757813799
470488205
49531120
453762715
797414655
532482666
53568235
145396460
455837742
326835277
23920244
512307187
326430692
389299966
24947905
837496725
144328919
23919015
950977165
36387085
614956329
728599493
524761402
463924760
455032023
710847137
227644812
911142202
289185887
841039307
573885954
46999686
164043864
623417074
353278754
961458519
8416092
259363341
106854980
464253835
586198619
983291576
976561022
765145663
225107895
1508927
602642388
221953166
877944295
406135905
110856603
492900624
987251750
635618006
956825384
294800125
198981495
36986548
205942328
488167382
878025855
779828282
387683421
42069720
255761708
593478527
856044591
264177801
852841868
815415923
728431636
291556839
651223852
557509010
56702502
876331747
411534289
511861242
950801265
141994936
917997148
61657869
634895561
757765250
549792227
444237297
52565376
748773722
481223846
111024056
89457456
211766053
890852338
477140877
106352125
146614046
70619404
962396717
263308199
775977625
630328992
991739835
67534464
281552844
401765197
124236967
10400943
665815839
488614561
961202209
807810775
259128061
875376430
295222688
16893312
425168657
739459986
69458688
26458731
73200184
32999096
115916187
137482589
923851434
593057065
243834715
922981832
516192821
58747784
38806384
144686798
689076776
30546219
212221263
823145973
284827769
188974582
833546916
950643608
677589143
647265477
610970735
936717205
375158259
906193424
806126869
800326916
498169762
728101909
826785647
571369946
761101005
942701835
708852535
537468791
388275252
805203602
312966975
756984425
863951386
351773359
901671224
405544515
234835931
113892487
81206840
519663700
155383421
914753756
322823660
685488916
414535586
933794395
474722473
789693845
692504171
280849342
442537114
190673933
8951251
121839113
614560231
622568608
917057300
175929119
160037399
157848904
981132721
473004375
914833330
697600460
824777734
816504554
103144975
59613665
782913393
36868167
431793717
790813166
951621923
607133729
476302082
218673861
393444477
951024556
860884059
85948648
84390250
155937525
129138934
945857854
277776638
743699165
568426462
47350291
919628284
580980214
205199195
900761006
53984589
120032525
450877818
731278675
789053431
406539145
643408693
424483176
443407312
927718762
215296342
247545587
534852492
544114777
466219449
928296969
347655685
179619860
866761969
432045935
335557385
995900903
230420141
613334023
739600069
798846604
660684314
511744705
232343170
865883510
265022063
138844111
838432387
715899881
870122786
627485819
122439026
366047831
51968995
565846338
146282946
119781690
813391926
681135438
663896467
132127727
461948759
11552152
311747587
181227080
296114439
647304972
177127984
526534581
113155347
769244405
177897537
626356014
280989110
410240707
344755876
546011174
549084818
183188263
114427407
271723956
663190434
236866434
490288140
567675782
655229124
636571086
687457472
321137402
170222876
203870291
453265129
632171635
67938795
617529068
813398715
216569586
117350392
843043051
743104167
230505740
612287456
773518056
856861754
745792919
36275115
54133982
144320445
585359933
237322245
258747852
709600242
900512680
495614286
199888382
320704814
3359763
836459468
8162286
324497165
6682344
64548929
777762295
491370331
132487724
247807715
157285398
201573662
365158108
328450
944677830
595663848
465132258
570712238
305041954
63441529
606987354
359175936
207761974
44863639
449014533
466509827
754463881
202043565
962124113
954352263
522748379
965483876
643328083
383427017
142497394
502526779
447975946
920259689
846413462
432980022
20583756
3698861
634553685
385741864
856543663
431747867
981405712
174192273
2460105
138964018
237633803
461963811
350656306
445395777
506827451
799670840
911905604
261291332
1714405
726546070
68159948
524462785
544546298
564004383
907889802
687043692
66531163
208382101
459819733
765460977
493878475
480403490
621676190
128432160
866145354
330736205
412696379
700067419
504928479
267672837
691547789
595078634
729636648
42204096
40474411
88980451
841874936
804896368
350271784
696105693
383958790
270948084
73084830
781021440
834952467
980974633
320581485
753999982
41873086
780401218
519460960
535751561
113321060
141137150
516700074
831982767
324389708
781912805
384566538
829318187
49585642
76114327
276913173
631738643
118318423
169903936
720719094
812709711
974800304
923507230
361331757
211275446
194455314
434416587
992296887
29407782
267907572
165394724
635924116
309780658
945795942
7901428
698048572
911633355
1554931
67264998
743616122
325944639
849177803
128182660
7779178
751279798
56813339
284692351
235534793
27648115
454596287
956253887
692874178
281912944
732277470
54205935
493188390
926732784
488622523
338001629
808656918
756530095
503396353
297097387
918827106
301708648
304998815
616875678
65858355
306553746
684140676
809474477
632498385
385834831
790173489
640277563
137114629
699503180
924969914
372649422
727151295
379566202
181419662
272541826
661479146
913697132
326747761
7183888
692946268
667886636
197701870
354119539
276933084
701098223
651216926
195760190
855323223
956215741
665152220
921181578
115285840
201809248
583172407
747784225
587644079
225862248
388061789
724758709
925365429
165548055
949924483
505033076
545114257
131344145
777574902
59109755
897557629
104322664
66293644
443020250
624725652
116511866
649656141
901658736
817610089
153389419
97418926
525449665
109605160
615087498
446631243
77407352
816896746
29803651
825191578
404540826
108182251
65769719
981815887
33547680
231317774
931740370
538580757
776432032
915600868
168672011
688058139
665674849
125511027
606868135
961211451
750236680
723380001
610867592
651895416
393506443
764257011
601830695
918956108
726378524
69434545
218103703
803785876
886331292
100423706
481493806
143388470
208605958
547263525
125204357
242153638
778581300
909461079
633250747
407529684
677578299
801922759
95587823
195769501
927433786
702455959
156980952
677670466
278352312
620364897
182082235
671858755
237138260
636429282
590814863
963516784
705863827
808918567
619819013
592195119
909342273
101312819
735583589
117948231
501092697
713304298
212618222
279673997
622765378
845868969
687203681
152860029
500308080
635307856
348629530
427741867
190280167
505610483
957928685
468632480
125975380
140010920
140491235
215629992
628956554
583822451
31663129
334820382
245257370
651482142
779531853
7115995
605311313
367631795
125064227
106404010
80936093
190198801
238594359
556217823
888584122
778314392
709077853
388892203
413622249
57707383
669150422
603902416
415834218
627079107
72534896
394325950
619606380
65542484
609955943
101079286
649364935
641619072
435899668
894622305
145617566
67947874
901738300
750928879
435579669
879318879
709849242
516515762
922034032
800959953
72733586
810618155
579274346
634327791
52026710
845412947
692035174
721177132
301831715
107869393
200772591
226882964
354711695
672895323
292425448
964667638
773974610
794306735
606286710
62390630
541445392
751904276
130338504
295700044
355349508
565918173
27535276
917715102
82433936
949569308
718675055
7683874
612703815
150465753
494528017
664730525
995878700
39079543
238424009
150226768
146948936
291712953
377109732
354176984
964608276
669535180
318844622
738582886
316358267
777647685
800973517
857803659
382068313
931312021
153503703
737417821
349746547
181038979
507649275
284696835
130608288
78840683
144897061
595828455
229306436
639425078
113075333
77701489
678504621
351499342
227928257
677969910
643212295
605037989
32146894
460336924
127089521
203507868
51436162
443447788
981155553
852409679
153767799
363223867
636238053
307271502
953158040
985984600
340826834
460807316
123197787
323951474
539647999
268094848
919779929
621470787
907519926
32855262
699172276
586024547
236870957
779616885
116510809
880083252
237171226
148657703
192936528
364260747
352165572
244372691
660224887
185837477
96782370
813992686
549061344
585536775
121264189
354735737
424037727
314607375
815543053
547235514
638558849
207707404
815330362
558338778
829178191
575366640
443710393
380866820
13907540
680581350
13000057
130418349
413180954
250171284
279076053
606117483
614432031
483757977
850490174
127173271
669595454
799788896
941165957
71173151
237842024
914946498
425908888
661879751
229553873
93968293
61631618
868112722
301675697
729478332
278967853
983370240
304844973
722678246
216753412
318752513
255775948
229753470
449170862
668956902
479924754
580763267
275074385
94356785
64521244
125564559
74046408
734116699
777869808
15212366
805289850
15711832
930158864
83715090
530107935
12229090
177683383
591739553
732858164
479359080
173734238
11826017
315245672
478579211
587020615
531999085
649848076
842796563
761752555
99018938
364269818
241677309
532298558
639344203
188550446
596819802
617425115
262596855
183452853
247811275
130325573
841259055
263523107
60484437
924974145
793631042
925229879
102657528
237886948
658088044
434532960
411621186
522430413
749778633
742716749
961967381
281777718
392564825
657280296
43530273
344100115
21550114
137723934
876398673
513410670
178790732
325734828
130835785
441387587
361704033
231163412
571713160
202963089
494686519
484713950
127937234
140833913
262460181
83111115
231237213
920548225
517644075
642858399
295494991
119939060
238091500
109978724
401716778
630656325
767259020
297763403
827272793
788809135
288003689
556187818
154736157
466794422
881922646
138088294
908182009
96143032
369251706
332411522
299106121
863938225
669641824
279559707
857288490
932102005
215187174
88525704
705166583
732831250
583900455
661574
852770310
821991956
110640298
107003441
305164633
730415670
257283196
132437426
371741157
545286886
688625245
526477314
12081308
423064243
664565608
772779669
519207275
33817314
105191191
670829748
750271891
627349367
950389456
607560382
559451373
18092982
548602438
117134308
750924232
132502893
117795882
456210895
954494849
80952532
415730688
112175835
663884554
673013884
244613261
35625712
218300770
785754858
562103026
82898430
61335454
79184987
855678100
580542729
113002301
813385643
103888830
863274193
440735011
54278286
323350927
852702736
72371268
871953365
969837044
675811853
856972610
940149278
984539100
663983812
873618162
400269788
776159647
537502716
73283672
20772908
425644780
144100795
659044119
987747807
226999225
720379573
66932794
82677325
153438654
32451447
748579321
257327484
748241992
41830684
164122122
71592919
894533420
89009743
796062636
864370464
764821596
505551599
657036094
601877048
169535411
530654256
2146836
945695058
920673324
927946860
818984318
346318105
924564007
330544789
186582264
4079585
50924362
106031410
86756910
204363017
138482857
687852583
461690501
739241202
729683267
625812624
663350473
624216687
714822367
311929462
341103503
332160315
817481061
998139597
934037363
987016472
381310205
788700551
785227882
154499882
569163763
456728552
500817987
346244123
787273342
539916603
350323708
690714056
645948013
289596970
895077073
636947222
977449554
209283927
228704776
707132821
687612903
892055250
183865861
254951622
203984712
377485716
587111937
21465773
228141666
373665652
860998597
609451871
14882555
498742831
763951753
436562670
807987735
117286092
782806793
447777429
657202695
133130501
138491486
155667060
422727472
886084911
645130635
252693378
95368838
873835411
959826199
635498093
765890661
996208412
890449715
822391725
373694129
330078004
696373850
601835795
703743656
409888799
63804018
571142563
908631630
680272124
7705234
569135718
797558216
790512027
16913147
307277264
776158881
7920985
315460676
51402705
894005897
960591311
304096083
841891087
834426723
116438634
477389181
452833736
112647047
220355248
127741814
338857528
550433253
824115664
940693323
106693261
234004464
857013693
677835825
995152446
537285817
685541059
564288164
187360386
328569438
433717664
347154002
104728319
441638649
662614678
8647376
335644546
623205990
312743459
30051986
310149065
429182094
507441167
615499153
541829141
727796415
743240967
880686669
130746020
567356632
673896344
237439282
653877448
383426389
915275107
649029894
920712207
453332518
65834411
960588945
781901956
499552075
307742947
739146628
941190724
970357625
747794004
129351623
446079967
60537464
159403609
608745384
342235910
519361128
224244538
884065051
99673895
967485505
617268072
230419916
387358489
143680768
467859198
41235937
527107157
383134305
542782184
300335716
836466823
461132947
113441013
470885131
960685022
421183960
62548111
754392098
244057938
662858468
736260073
542654257
575912284
895663682
151399642
918148194
267541162
228160532
654729597
367215058
48162389
124514021
597634974
435520879
268194789
65494172
329273168
647818298
301144829
724571704
948154015
137611652
185704651
61595028
461013135
998906025
335295341
376077599
605814476
431869631
38936067
342074549
974523888
614848351
90254584
125923530
385512897
357795746
206600414
40242494
725010804
254762804
164756515
175162130
690283683
285467656
240656302
872073203
933285954
541801131
596644908
733956321
531929135
634865911
648067702
845458623
633771937
983363043
221536222
92102765
267749026
112988641
434177314
242272914
727836992
376948250
220712797
113349889
734743997
427313211
6108735
312271153
682076015
23381602
487433284
224876050
308849258
580605938
96949254
242135212
122407070
546110514
976091534
506852557
33492777
476675588
204827532
667264714
312554983
426363754
759367479
580304009
539352395
46061146
822576923
119705739
423009396
895806072
85571980
10269745
175635636
91680715
175057251
857711651
115062317
662490535
935104054
276427927
95612825
884569660
518563140
70536247
283196526
347171026
577388805
316689303
823846614
782216337
983954018
136401597
61096444
595837849
569221958
452965191
494415347
244315233
572670931
917424744
140121306
510759263
780210841
315756942
454956331
955268092
25984945
422535000
470274979
961088999
698962928
565887805
698175011
70042420
636424052
981371537
417213446
66329209
298060841
93576412
848545547
134531211
82494361
762158343
582885412
651716319
215123534
77300760
896031552
640310817
847241856
888669210
151070081
627452697
56942504
606026412
435237142
82927450
28561412
905512121
896532801
580040692
471399926
594707813
650083112
107823979
428595702
67296558
26669540
726656543
13389322
875215087
713704106
95883683
489889782
296589519
600116354
705013317
226406631
348664259
197840486
73648487
89849821
348910567
553617536
146792326
807453331
988854678
229719776
688531096
894366800
126252577
268571788
218283078
573476742
918654901
178623409
2072445
838467811
205292950
581245340
704373486
933024389
147465799
652773521
422914172
444055318
105406228
980443841
670461949
454070487
178284327
596626788
543920308
379711247
150244324
690712634
187164578
139099003
772948762
875695674
885982155
751717692
996783815
956781585
177710786
767955068
135404995
32299583
458939231
193214297
613544924
163312717
126238686
761010723
816086239
401669210
57582393
921492467
234629403
580560694
228079306
412913731
177187482
624515966
792624978
179948158
167744953
832305908
171563513
940693715
560517935
57545668
692411407
557301750
866843606
870122194
177773170
854764953
902421777
636712401
47979250
368483053
800025119
26734288
982010128
468627710
280919851
39592521
242636529
515549254
472669567
323232187
780979337
649857049
947748153
426120667
829805208
115493106
258426576
1368721
56186822
818944511
911430742
601114581
228762613
630790700
323753127
406535783
485555653
78691257
43248184
386051255
299690662
695789655
265301895
281700791
16933717
398738098
173809664
112086598
914287353
646479232
435318785
547783042
148852633
383066939
973903710
831174193
351076397
84846638
685059267
259779571
903791149
449006361
860894153
985070114
79797061
37163632
244122249
417869066
115854889
139886785
803920321
268061904
835676441
921738568
549762695
705126510
320476667
576088711
817213109
87280372
75084295
252531894
635063414
223936929
488115185
461483476
55111122
839191583
546330114
592686741
98971154
302637615
41693102
812381659
287707729
121490163
849545292
531829978
391875581
817916533
671716764
48312254
85978437
359909557
970050823
488257484
65036067
143043842
64346196
734765528
230324214
139430491
987297423
717903980
215883772
327928960
179387457
123511247
167120543
725717571
716197988
118608050
28355187
610407443
930989709
168579268
584413958
633051353
552925599
976289540
303484239
77158715
24601794
241979028
437068272
994652617
730236513
354620691
137696459
647099061
89386220
220537025
639045904
929199995
938441006
707446029
109645307
970344815
830957276
276765851
548578738
399671616
395373901
429450277
10079059
178879962
598029546
447009370
811931316
3471497
423298910
115415555
80630212
300417056
357394583
517698484
147586026
940147448
724835527
137798837
439762861
666738099
358335863
78808766
448454446
149293221
638771147
558099754
119638036
322244775
834865605
520733126
721916391
82755858
950183404
584511803
261635820
400729302
31521173
73567136
404200799
307336435
41499043
484831011
607753491
251409979
2529495
755339517
191557427
579881374
893138355
631320289
246619474
103990570
562645407
695073920
105800143
53932906
105690026
77954531
376177681
940555631
598687657
98094072
875827841
548871061
535122227
137463662
949600363
419159752
63547150
206317514
579012539
957562546
691148525
39282383
208972525
546194372
794621900
253046304
126075747
540276607
884366593
225211573
496783529
299528352
920285493
602583672
353461258
25975520
680538203
729638939
819047503
279225861
680249364
547391697
680613274
67887943
537371711
482729990
339564048
453435213
689047504
918576587
410997759
380196030
957858970
472486636
926390402
604997223
725532941
904982501
145273830
462415886
130194074
494573712
761944239
902995920
97157384
967921849
781487792
777695588
550077141
453051647
909437801
82842857
443344
590051075
150730800
537815055
72781065
490294848
991250269
614344922
261387788
254764380
994540952
219246758
727251017
773447706
824243981
305300310
530946560
822034164
767716196
661140634
169124228
382176787
416652906
266281612
350098637
198140698
896493552
900175778
651192346
805931353
983018635
504152042
248498781
986265787
41967098
173796198
329076988
885733719
788141120
590464776
993014451
635198424
809711534
572781820
261162483
486471868
878082130
792109043
161022384
645798327
305766029
330146612
27975114
722418936
448944576
230590103
773075986
345438129
983282233
276784684
3885834
818817220
780936727
104900967
805083008
675420177
278697166
134159996
413670248
919354638
577141124
406684699
407069415
239369010
979466520
668231898
725840878
710065002
312857293
739379614
208379681
471139674
69526226
88871148
46074962
370987155
319461251
819150949
716425284
155259837
95935633
572827470
974077057
876872360
677728438
631676417
404808889
956425604
618352765
818479137
728296594
195493889
77680189
135366009
434862900
57146709
656114259
13220130
619728063
968971552
752599745
828107745
292627579
674642323
916978893
338702541
45629478
88956496
157853490
614571114
244216333
106305476
39914937
218293391
983177836
717643375
849969808
240503078
526585331
320838926
58982215
254881925
516332815
136662404
242764287
803712067
46325465
898878546
816932198
666053529
720366451
422048295
346677626
12994030
949206970
263656519
351696571
847352801
352613015
362066414
314440267
596829349
468371890
354355204
667639092
304066078
71998579
370125252
544569156
598583910
690964178
603551372
705982188
59813346
592730128
948746475
863525413
639055594
847625021
532973963
157625475
420507824
955022258
504303101
433501854
756745581
620475972
637714778
604098382
973088987
999781192
918538649
422434688
468153082
125410206
90073780
772219160
197408785
312715385
169304669
648509048
3679563
772856041
354491236
63492909
218102521
155754063
927018323
857158115
3379084
312508638
867299942
276403261
120047249
224119395
709905115
876792830
844595367
200136245
333407564
670200707
199917437
104462565
92635395
520586871
229872771
35225528
145322384
427281557
200457265
314627053
75790605
204136828
87483094
282798193
120146090
158101967
438552256
47164413
15260083
294447692
212189403
735076377
570850953
332236652
959195773
133272421
209029482
803791140
333408666
542437046
326508199
385842456
646899612
271659947
906429327
876772383
159401827
51751711
156570292
359859092
366378764
84877249
563995920
306378210
220191794
684142010
464480178
658744050
583822775
332256613
805708095
796012179
67332990
229075400
128248831
879045115
362347821
189794666
535352608
548272840
584748064
861860807
934115296
84164028
133520754
840544623
960936412
292922581
744812687
970023056
652781673
111191451
54900306
69293946
270086014
127608452
605952308
587082544
786352503
42291436
919339157
444576950
838303615
839188499
673652350
819068798
570749967
36000172
861379816
106102575
436789364
446127881
967963382
370904660
530291909
954000489
63965635
343744673
99439422
808778322
166284082
752221096
772486126
73700740
674031394
895088492
201309192
279983702
482171036
987661695
322275138
254026545
284754997
13095105
945731396
958407348
684680256
516481363
846923872
546060072
475100290
283713236
844704305
295580025
507134248
227512567
249580514
571099883
571257240
349019936
232394558
737541322
953757384
857397036
811242062
627788778
752485528
12551255
760288833
87172916
852729302
82563971
193715813
137484300
948175429
139447209
948408000
632855685
508444925
795331872
31432109
983545215
931561460
876136415
279125240
438695708
103648982
381222106
862311943
527422574
730242043
94706501
117480249
536515779
804619889
781238663
16820910
409621769
646306270
777109743
496794685
351551925
712190066
690510498
341552577
660365495
682474060
289960577
145737532
190918985
937808801
29685994
26980552
869370261
905822409
306105793
160582321
861987743
687327899
22894264
241926669
270086294
970117118
211923270
806602074
627253359
993161934
823422984
36875129
639468204
453049079
386186166
991020129
165239145
76696665
185089058
678120993
611687077
475049635
823858525
802606062
265374788
853544519
829586614
134745049
611883280
988208759
147843722
326387375
528053011
23254339
420830397
798139305
845887809
632753667
457257731
473141168
625915601
133197067
362532649
117900158
586246146
748718816
961436639
604001644
677931833
146525698
282122637
289618910
474091685
958497514
944741324
739466474
664558386
626844290
726727875
128958018
615053050
874571598
455345394
143106061
750342289
876175791
793761718
596230098
361445810
103535802
921887618
987361412
89249221
284420268
957777922
675495368
33139084
919214561
132013364
563587269
918256611
414136001
853206179
392348297
225149867
650463855
131814771
889708253
277308145
711058998
18666272
744877547
438146948
326528018
740499960
188489237
55220161
386778031
637235687
416665971
490313833
559123306
256543735
579563054
696059926
214321657
107574774
581715362
986052571
239588138
145302631
904309182
506240491
851025162
149173831
731390359
501489017
133504954
621098612
631313514
844563953
492281236
376191062
135227253
818809254
116691022
323716491
874029415
355985405
960952178
290695387
846299238
372591836
547239122
278378645
68651762
614077132
238469771
502883476
600129703
478057910
648186107
356955237
984298401
351727621
358645421
568205112
853216638
492150375
41820077
337046505
189230680
534101313
713237567
324457934
352910568
682444941
500690777
79456335
38430347
314159307
370151722
737245937
686751144
769907197
868140934
607919258
383984329
106610706
110802735
836630384
437184968
611505194
46101973
273999721
963232816
404747394
842204834
668965806
896897770
884024911
6012311
938644802
418126224
571766230
115619088
623553144
106727524
616309865
703009480
997674223
930469173
73161202
587436512
469736669
695584751
455577447
77655927
79569080
414704505
40975014
768715816
851889473
504996561
814817790
125889194
320745729
219565184
968094028
842227887
968979306
704635291
700756551
907624109
122761516
125039133
23243197
598831012
231766657
492069415
301840492
81957232
422538588
227518047
669393745
892275257
923102798
124971192
822447536
855188231
392192049
715938903
476420399
244081522
73451816
291238189
222487068
246713897
363319726
43097449
88941784
332299032
747732740
789698335
92439493
723010608
914737469
968199043
321841621
999020478
460268458
476198465
80977711
735323398
703716512
750371456
480115007
479335663
727859000
155078895
187040246
120051049
871017798
663460645
216648923
796985966
807215187
439135991
43699863
170534913
482233440
132641648
355350297
82482533
774856335
447789791
805493141
542110156
268505186
127334762
393646987
728773644
456049580
474624698
316613394
12282444
77512506
796728401
491618107
657887858
951807296
531174705
630455259
675341447
47151703
847104182
472327413
854366890
138756525
368543629
24901803
473506318
353701629
232768452
555988851
128557964
680558243
361481992
523184473
949063429
341333107
916831460
530353425
797382687
243972510
846966819
809665131
174001368
496211572
153799591
831889226
448018869
684974296
462344485
123360316
732125999
161965019
448204081
439009241
153237896
816747710
316427396
626744214
22965691
549195849
182733065
4040008
82270444
396731410
527224481
31333874
738064517
296572293
414203651
387963556
393061155
113686823
50145039
567062523
609898395
56460982
398951749
910433616
741435279
713812586
886310284
326077630
875777605
187030718
765086872
29015501
3778428
81514268
508276068
26744120
483226469
691009133
30784128
565496914
87740543
410524961
449347140
678321412
559613606
863550791
918801320
952674761
829753966
968946360
519737284
292168714
25407342
771205385
202602330
619358973
485017971
88912615
797952956
213311928
128459685
415556180
94843781
132238113
349586800
603119849
11498585
832813270
146645335
894799065
398310184
86902230
157840378
847657324
617739995
717453984
563724467
536541315
522645097
245994786
358004027
42382381
538163500
235927722
666104118
740765830
707803047
3638441
682194797
505756003
216950369
810654482
921312183
164310503
795408948
123415336
767430352
659423885
956228606
766592039
406739303
207055142
853494270
417096033
54712466
323750617
134550018
470953285
860291932
509711467
716948071
70812312
404610201
107627923
159256386
70714319
848393754
867059433
74352761
383104903
225331789
143819482
46275738
146643972
308129985
694201038
122575660
75560338
206141275
78804266
694668729
612880578
285859408
400679351
29976612
193088226
724429968
17042982
516557864
437238253
379270801
86022287
508050565
783881002
193650211
667306951
854595322
42043965
386882736
781464435
277665220
612214525
925283917
176457310
611374850
233413903
870658348
733950510
161490593
76799624
812754777
856159322
542196554
951130537
109355026
424689518
144218764
833784994
294248852
513292980
271023247
673519654
599315267
631590164
457400656
792965478
151413467
164512330
687525795
538296204
945976765
965191016
150510729
723777035
141648326
761885579
957190938
864823027
348352442
971197883
941622651
13623571
679873557
336335557
964754108
789228583
761025076
961489224
623013578
55273928
474782204
746553177
728793582
74097472
378143342
38710591
719579302
529556809
55739273
407105098
67853013
1716039
224812466
70880095
578009426
218977144
685282026
387716716
83800171
33634468
358914599
877939174
47258039
38788156
66791084
12012148
680533092
827816160
826017724
156063022
883090088
153316281
902616199
464400023
79930105
133275893
355626966
799509407
662832703
411366239
59130857
583202068
265598630
283943323
506598515
843608056
355436820
191880542
231324772
291753343
78031362
442755723
22208870
125289402
334060232
88999954
989817902
14593324
916816114
815835626
170656346
652422554
969151907
73272545
116822577
49082012
59064791
324965895
701107772
721897494
736332135
760238629
157615914
1930765
44181953
664214430
845538822
252135125
708611324
929379946
543888468
786642686
372135670
566097338
911932088
706195902
655097292
754266342
573305578
571913406
422618321
743961924
76852313
244286580
669750821
46191242
145884945
728815612
371157138
846992717
303229458
107489273
607231346
313361725
109420038
503929651
977576155
807475212
756064776
538703831
589371511
152469597
325346517
961507181
718566935
89794958
520219435
373664228
844061300
93525013
798093986
119195973
690003289
874946299
363482554
212270462
921137542
509367499
793602427
292294680
356360216
96831885
252300305
816107914
262709962
214236695
172553918
92802469
21711908
928618694
631506300
463599771
81088291
956852818
277623304
652171579
899164128
797842739
25835807
595741780
743884104
676446145
714937754
286403745
551392445
78420308
351190559
325046339
587787807
144792986
617341019
796664375
94141224
869641324
612772289
356851186
83878019
785326207
449653656
958106279
566461254
81159956
274222402
500065897
890529126
551845706
4753828
642209606
202204797
30589635
237951387
946088901
559552133
952889141
85008998
110944578
883825801
436199558
288507269
324129960
433508896
905848288
120794335
527650120
628005964
586082976
737017659
564400335
223925536
39187667
375022967
790386790
120347623
649245369
142969039
863393102
53607428
147722868
358119060
255812225
30828855
596070447
54417479
590380988
401475940
139426477
553841918
137818093
428142387
842349187
461948053
861651284
600713827
582742388
241817756
81236143
21341717
978835415
498152831
245267253
18023082
873175798
35654043
990887058
374937519
31139434
706796512
428544947
31378654
64915572
684357173
62207510
513502372
738774652
505104850
914978312
730717481
58946769
52796406
158859869
753812308
367260811
20511153
207042488
950003200
114845261
140794983
971344917
93680677
638947814
69128522
111703759
364639964
104782565
955107169
739577484
988438351
661903681
20638783
19817006
579335606
557512308
82024516
92837978
148803312
439645718
860332642
879520794
351108839
765645400
38380663
104921148
132906212
911408168
164479988
935425764
26253429
305274971
759287033
972450458
944222786
828415555
936670570
161379102
785714472
891777739
900956586
774152823
406197773
774111722
646486181
985533379
331624030
581027049
930887709
480427343
20672768
791220351
212464489
371781607
409382104
103361504
329219107
542288316
14769672
346215447
330230432
893539453
651490419
89517465
718506264
448229557
917933020
655176834
609608659
556163844
399470925
363081598
182833019
658185050
137193320
829319201
496234781
321333702
410346250
427122490
654277397
283535370
70859194
866741886
655316978
480241298
970103390
837052437
875045966
837389414
183267885
205276398
583445220
687274656
147310215
301951484
135504213
65243235
809644670
597629224
473923431
61631947
813227174
656756450
719816998
802936846
486075651
216051779
124270549
748938254
495690622
631064298
32473624
566549816
497806185
540306954
899307466
320425927
377359392
774353432
157815342
413143629
832146182
741260562
100418285
979456397
895728398
88438850
897215984
705373068
538584426
371139415
767005015
351811601
27895865
339338365
7264799
366487869
555390145
131535348
115426123
51080767
615115999
416099
470146935
112922184
540723054
221970753
285864463
770598798
996324185
443679805
183742427
680986719
37456719
136677064
660443116
933185117
225115914
410175452
491074537
763700340
781314867
110595905
968028293
661727084
449934270
975293093
880731305
857840767
959344793
848673780
761437886
574460792
849089880
84101173
539899328
242329286
306071926
825763792
12928084
154912463
121959949
49186863
835899182
11933021
185863927
348858650
945118138
263496193
759034102
288709028
27196533
392865321
251821285
847741179
54592406
701755555
823034272
787840063
412112675
634895417
636513844
173550561
61872562
338120076
257651735
601771890
432965714
563723661
280052034
298410150
718636125
254528336
347597013
407051659
266461357
385977292
755910310
64095847
649473485
514944412
352804875
529186370
907809734
604626160
376927549
814918492
158898068
52478173
455274907
571010743
687373591
91788751
597077656
749246153
282425179
854729391
203534395
715390893
270969405
336102782
13801043
842121882
590631118
213914408
249173541
857092475
599891700
5083851
921188322
101881537
372544616
126509550
631067908
132870702
731135710
7995457
800305546
742550130
912989983
255580453
166077225
452879926
199885557
763154882
54642431
334827088
470400625
258176826
50217982
741370030
594279608
916535377
436008264
37427078
982966138
685181806
894519553
435374190
542782009
815707876
537255728
767842977
942217426
168323636
900713679
525869488
28835445
553535577
120935971
941825428
809116031
287013196
247221706
861517940
50168078
301864137
196345028
520568704
560040964
99079362
114455086
6836924
868131092
550463351
44264003
851097230
88161509
938783556
138987772
483459870
607007784
676243500
251302848
401741562
844567136
4532879
780127403
725918934
558068457
901063374
520260714
219700840
188076570
767482421
81218780
90761001
69346558
130080160
611329705
481903874
81675875
578301143
488740799
949806967
128764494
385521154
653420549
69442355
176821062
792408321
552902226
783828847
468651822
656721426
38086761
165735310
661254305
818214164
891654244
71839114
571793890
264431311
144056306
759870461
31913732
77791438
850631462
101260290
207871599
314477519
435680517
289547474
892778662
924421316
91870793
874059509
162458822
745291342
796018216
339279884
537699663
201436794
123108731
858867837
858158220
13711845
24603148
371928878
684442361
768773744
443767992
256236252
33205055
587824299
868623065
917635139
665615737
571770879
871411782
726003688
886248398
307092299
15551162
631543412
84029967
107421955
358119273
246488789
705229649
6653842
585768673
95445665
208090636
561393757
954313502
66248857
427621954
831433002
438177735
112064315
452723099
734462079
220816919
338444506
174802730
89439984
256079646
840418468
661210863
127491428
418938508
399975613
287100079
287006023
884035378
223646398
246944330
94671003
470135187
952173980
101324845
908420212
47619645
309415482
322330321
1933147
375664339
749952275
685882502
666358426
862016591
138605601
400820505
82833510
477050107
575623236
24789847
585646105
268558056
538517062
565653885
687496564
938492676
852753964
974502587
675044406
76400362
73963270
769715409
399051901
26137250
871040255
159988466
73756895
180455737
482318787
928206394
408636428
232271063
466605248
74994854
946804006
605210849
328331711
882153868
934777309
903954947
906943715
520423414
25029355
297977130
86077300
565042272
88986158
791347616
392061211
764030564
720264331
466024481
533745973
971832584
492161731
257302580
131821050
418434978
437758317
614139838
199157725
846394745
698927253
665762973
773905951
645731259
123490175
102237663
380401479
58267484
858708962
139861547
431207250
883738318
437838677
369800902
301296942
526824835
13664871
693358153
290855399
586445554
159382635
677117724
558278138
504060718
934420305
542615541
922495697
224694974
9271731
974169774
71089720
708198984
492449099
697512023
206446595
615939274
799749686
586848074
526723110
510975001
726709621
810446713
247229671
164548298
32763967
548526613
691373133
46428838
241884766
834744884
632874392
253783753
511862609
43668883
757844472
298799266
586284424
532856521
523494240
595556155
507026295
447100312
156271491
999475394
144612336
362718086
467931021
796878374
949566160
847170483
307853375
676275782
657617196
555083046
693340432
690381164
103609659
237229918
589326354
198010778
71974802
74717099
451794531
436353763
118385982
62155355
735153029
557186758
595011876
258647270
5259265
102038171
705747582
161530756
954029918
702876270
524248842
274477291
499754645
473815002
121647774
660124372
2607136
631781323
67723771
695947569
174678839
23849782
933177487
764005193
221860560
857668641
838722292
526171444
294022405
809624626
588326799
29175434
366811384
183338676
140339056
372070649
137893199
698602991
533601405
944439469
401479261
57850247
71433112
753750258
384181602
45597239
413874631
239305090
677378562
481598402
935252659
704573753
505448184
720946498
321095298
579825097
431131492
12333943
105996541
725153897
821958569
694323340
606845683
41286306
730178368
599701092
413356955
868071568
298304083
799474713
665027389
552299696
709841312
736460502
306049955
94022914
782057741
572440938
185844357
311952655
54039340
121097016
16526408
412003876
694559867
337621706
991828973
125691359
349955649
950341866
703361608
24430571
497181559
162723643
65716877
227359927
762424735
479073832
947947847
913245170
131064897
612975237
465544867
840906210
201952091
624111174
787445476
984009832
196552112
973289833
295962487
103107804
946903202
165005247
367628032
493979421
502626953
211973358
472187132
705098955
162315224
28065092
729529526
659496783
190788735
795246403
739373063
805729823
126836587
687320910
718974993
257901485
152812499
37036212
98807695
354764590
661147386
886253171
191290774
710215850
712059357
487253261
813323654
658962559
652258508
33468039
5458332
7401814
245441397
477645464
712500769
407756621
505710556
294546647
919769757
696499291
89793050
659142820
354745466
216629637
198980082
73720460
474531122
204308934
963273024
425855169
559073524
476936763
164624693
750364299
187152613
876684050
90133912
852992620
388162961
594908773
886460659
393621293
602310587
131902056
871266757
167327708
392175029
376977313
461874355
311944786
925992956
404183757
823603958
280738423
620813394
22584041
206975235
947860869
79409327
22764611
373716038
638482851
499701374
538340731
241363502
686853988
267541133
184013767
392362960
655704094
778922540
278823619
49325387
233749479
263242027
920592144
401077187
655417056
150085809
715467894
967361843
76078766
119651651
643482153
209333541
592981397
518582546
268825128
540842266
597991873
291589739
767074657
88991077
791291114
157931740
330354579
330661454
425472874
514368346
723024414
81176968
145807238
1848033
130502356
379556717
117606412
903610852
780633904
773023468
906213014
348618150
592901663
834808132
468269801
236383817
44141673
61251199
754966363
165483153
454609817
205474589
457072892
74200826
294465666
248364006
232132567
624820245
579025460
657605441
991704944
154566226
738782409
137512182
8930611
721801117
517068900
126537023
477928322
150219156
899560492
236657688
498837307
492462155
71465820
819623460
581362324
968123845
733391011
188845040
133606998
40517181
394319629
590679890
114718007
688785295
691560249
346850574
166121892
123102061
4456015
157826836
277668288
595754777
147855371
286598899
170072246
664924271
413135923
648000568
667659779
312696415
884658256
19013438
657674922
808640428
838636899
239037247
776764273
572027910
427882287
762887623
612545091
822201916
206083866
727263099
363503563
897644115
74113673
529625455
20746176
931086041
687452292
298414464
526840818
835307663
585013364
696913064
352748286
998149287
197429985
20408065
163362054
934604593
39421504
821036976
743245022
730574755
912590575
372525647
155119017
192989214
135413271
767664109
15191130
194013489
347443560
231211045
91657604
274073585
760836501
112403780
57675978
300805145
263334597
584516796
136112808
700864313
133946213
341377446
551529952
183892550
214301863
714892006
118497143
106239719
388445334
714258517
836814474
153552262
86784165
991933492
346541476
74713788
612113953
214248959
121243629
812073865
445460004
212901233
86147450
206296505
177821365
143823429
507101650
293672314
580856577
495730810
994536627
567319142
689624608
546066579
751211692
903926472
113474937
869708836
862682543
354436624
436483705
552013370
507988886
375784222
396463214
854530362
303014362
8577167
68779321
424257991
673167384
514239326
637159224
611831186
573052183
667496942
608170967
80153834
961169256
41543897
428400996
955705884
608863039
118025605
354288815
360074732
874468429
320280105
82299920
589667324
674716729
518783625
141680694
182705615
894567848
538143908
37235977
50098562
399237427
958531651
474356554
72404811
325287329
111515778
536752350
898339512
631529072
144923317
831009698
592698329
186467214
111927047
400920565
795330254
82469004
607725732
7921338
956937433
928005837
90221258
399121109
602722566
461521235
540801804
637944533
208605435
931462064
527696863
258703998
183215844
486228514
733060552
108137007
811515843
697092682
644889357
562371707
181138107
789812675
393381406
773836436
828796241
505308453
27273353
476642847
587777457
634999085
484564185
397231242
415521275
427301795
796352351
18243841
741339383
189670507
508704727
949944818
121132572
36401590
61165168
156864768
375146456
646742072
265001775
39178651
196351107
909891133
601550358
377489214
552220160
994931764
3842002
381016401
352756569
31115355
857659249
793050378
518630792
194739786
42797972
934152067
474557934
839150324
804912261
215897317
881337183
313616988
18358487
854986107
202534930
79523656
11850875
577681386
578782080
276852651
616860037
775133187
39260136
218410395
152622401
591480296
65858512
156464403
972496697
271131433
40096110
682672298
64181812
558726903
729928437
106979784
492878970
204486371
798646460
150307583
272900040
679983644
463924571
291258527
387486103
666459501
223298535
399336979
96657239
802080616
528705982
713517276
429730155
567966118
931927672
582352557
159446414
850302536
591333312
984459463
121433969
631429423
519648114
38132133
190156326
249576551
145111918
535551648
306579274
943758378
685859232
579479314
476258374
2300155
870737841
863744478
668759657
946552729
115597809
765416896
601149697
644303791
331450525
30879852
64786261
115894549
465748761
224232675
966197085
57082074
61208490
87631054
688511497
580856604
125763188
731184175
830433155
123391458
266735823
137012429
919666188
952595055
569008095
248440915
954895211
292262289
112185393
476171220
238815018
80299554
94104468
839964715
577119697
425554993
723360919
641905958
541449542
189109681
866138633
360162979
98708107
927347123
300310386
787219604
360720080
278589926
370920131
43669587
401981384
637655954
33198369
174163924
442767362
602206464
422604839
250178925
894468753
387306584
578866497
133283771
467606138
672970965
825764838
44725835
951042311
401642110
539148145
345008205
590751791
257803130
705171185
689459898
37666606
5481571
329195854
398386686
284071497
700115985
442056273
538569233
190288291
475254642
712733157
485572005
77461107
135337997
735750930
971929860
522644581
167133779
957729984
842767072
840104745
636011174
740009259
643663408
37653284
279157405
988671613
480921427
536960535
693842798
22897677
574627141
551840721
204609883
973013827
835912218
904725868
267586453
226997803
947530512
742841095
939730961
433102517
820302202
75068958
21369800
644748415
450229891
188503579
454994751
145513315
881124676
943522277
885522575
524788084
833691914
17196332
365976050
167129693
554156867
59818848
190027371
981300361
464175922
394637254
806830540
152604492
151879475
74416993
379602296
99409987
817258089
319333257
385028856
490076643
246918567
258915008
987341410
549664810
447418588
294852513
695178126
181059616
238374791
580700701
705847701
72066705
597897033
71823751
91712750
4570252
984158951
281740121
985870613
300851225
528893728
645217506
453455718
680773203
719634499
833058014
632699542
389408940
4907623
870244750
732001936
251826190
129159759
719343346
801491000
429094699
14195860
349185478
610154315
105087003
929886179
168518368
29670060
380299564
92858471
121382810
237386169
77017423
255639284
75773134
230385000
784533012
720990640
683840718
317822567
293141492
516898732
950522109
682550432
521806355
673283211
267068720
626148897
802442970
986412067
280156250
84054021
853124279
629341728
694208337
810727634
411744260
862726705
840397694
792043824
955585177
814296856
29429993
885118952
69936140
105203128
115503952
854469152
678710120
799344671
24808071
971851612
168759755
975330180
506918397
543082463
501129744
773987117
169231360
156089066
612915536
449387610
240143088
318556167
78729339
934351425
129283801
342989951
797078130
822197847
135033775
605179659
636494704
16980121
490298611
558947196
974699601
458318916
265932701
505926073
110179939
290740772
477777686
278939694
118587305
984696083
822022157
619717049
611199552
843769870
775806115
224115089
145673832
15949203
542671256
76919523
950300628
524471410
419909474
599895111
346669257
407459602
57591122
835680313
276956075
547889734
394627510
104172028
6208650
660560211
610098101
116388589
951300983
87875787
247844635
69888288
925088222
922383145
542121689
388804127
766153015
317927805
612919216
911826847
186393360
8106824
988746371
136693989
532578234
261172197
589105452
731763844
668631799
646696574
567444157
945587874
47102660
814588019
49759902
905827662
327664582
659858004
874732603
131481918
600250143
122577239
53886558
377854718
897476736
596008248
766658845
516146103
913936053
232094413
280489302
100329413
92717589
121752025
89539754
625295824
382924223
531161558
209576020
51556022
30374485
777020177
997143897
77477145
444124549
899420151
835821160
771789131
411794507
710553763
903271049
12044651
685647354
957157608
242415721
435640442
553165856
861590918
951786545
319618261
93685331
232275848
272464026
38919272
354027873
214520133
664215096
736952096
598198043
873791116
641024471
628572528
503327646
490684720
558566026
947452195
390104871
246903538
571757678
801899379
957457301
475028728
666460382
495621008
284702688
761392455
931261450
837868544
622983373
735564348
10003157
569185056
967840196
134983535
608104328
174384421
349503668
124835777
763852870
947701712
851143245
404877341
428790592
206987243
895562061
839872970
6955790
138183284
86776508
578713469
792599015
896750162
53742197
311575749
244887522
190961237
72968204
28665324
28829781
548467929
764229672
891349290
117652985
584586220
26332825
578273666
758970642
228352846
555625795
375339864
28570910
406769040
780217205
457361502
613756284
528295618
149750825
620712074
518995254
236527333
51941895
311594270
133277495
105684092
623170019
230681369
149161681
548654576
259346694
30507814
97122505
23576366
921857104
67291843
608162587
948189930
498081861
219649581
29059128
53707656
594989445
57630038
312993048
227723002
514991540
926749332
608534972
664742365
399977759
127530226
753786051
451919654
291640848
739579898
410120099
914810868
970261268
559281780
315981796
229607962
589789595
413104301
105700680
364163051
332912496
713863267
164869333
830994357
786029200
193928461
884702013
233534997
251558499
50211414
461257999
766550040
976960746
69792971
283808757
229454857
49839550
37594808
533890864
341480398
629691059
944010963
108807618
599952327
355809095
424789414
682076641
798115042
690410068
787777321
162278094
23322564
354156941
327147427
854316922
140186141
521075889
591535287
373721139
772634388
641746701
687495490
391700780
471223800
609804814
528025890
553195009
659644364
418137050
87085873
853641114
47828109
883613188
962448733
500296788
91938636
239754499
182373429
890053678
930164567
970150751
52331772
806003484
176824044
231995552
512836758
317010185
605587793
104372045
543247676
230738533
598635099
230743167
622439314
922375251
840547981
2981556
475570260
352708697
421118606
415172486
58866163
468946716
298785674
21314896
969243504
390724310
113585748
4133286
133294341
896266667
826800389
38142465
702270151
3624433
270138017
67623261
173150970
875725810
24511659
716398647
106464344
623146758
947141814
581420010
398038361
640206147
584401566
873608621
845431196
5520172
141297459
904297359
326983240
440083134
778128608
148743097
683323796
891714356
5392735
816618137
640497375
832193124
854760603
195283879
835817557
124898620
262907140
8968527
853140783
287418799
577883526
812121479
910565557
377541692
246057841
161120270
17747839
682975759
34728892
715695387
541012283
28542703
619992747
867995524
468625837
250637707
869254973
4465986
142352063
874647708
821084123
635365790
706840832
675844726
830649669
395174741
653259699
93556810
256659620
358916834
380975609
834543147
23554665
144057519
64601191
122128858
305177789
82349031
805104617
192423033
650560770
346116900
220965737
123069869
66628776
542107926
373707576
935883749
546573912
368575991
663047809
367658036
3941782
222404993
896019114
834591451
617579734
401795165
780664613
726755707
760711999
14156575
413815206
636783016
158214094
478416397
758911874
315908235
413281780
564016491
508331269
63842551
762649744
581813358
186912420
829278520
123921284
560619997
617678622
670495197
929195988
133242783
890669585
785654122
355647777
786688699
472761926
973227511
41000217
253426539
552499570
801712216
267583114
966314776
291011585
278313560
444731174
49923459
594221796
858012954
466456303
102553065
774371857
229106047
536882775
961284278
910900919
660804059
374420627
381095893
183815608
156132967
514338677
74485193
941787090
869986454
713690245
267065368
695730317
754690462
520491907
248229888
408919030
640591374
67061016
699930615
918904934
511792190
602370427
513126730
222321497
68826730
468196147
996693354
150449129
5078922
810493984
61350048
518399334
37430963
442445942
554731294
46080283
956784619
481732840
987867373
679287425
47939437
107449093
375017742
802629899
627941000
475763982
64065281
121048726
542824999
616512249
39953661
54617189
218882676
405596743
129455038
140225758
873792891
978664745
290674887
731388165
641675081
352024935
102303851
679106045
646987229
657035146
725186328
456288200
138767986
565570053
135575625
39223775
673019146
363109720
841853674
153476498
838873702
758435307
274525225
381698701
374947556
166995238
288832243
446346584
572591981
270803633
586572342
298901224
249468378
877247229
30289390
891143460
81788517
985109593
422765857
728775746
494661091
468537
185063947
485945429
418554942
173155924
525169204
91574088
536265644
219539230
97566938
375139347
977974538
224608515
609354400
205438446
391603753
898186643
651785031
964195735
21506629
238357373
263096959
270975007
115604603
145902701
14634819
49909472
131012295
289917028
778685218
478189738
290385565
963749165
964135168
708940507
136905090
489304372
653030947
525687086
708843603
603114238
900826433
539334493
827722753
362697186
744772939
219326507
113400181
396557970
36038594
134906810
487431696
299135553
405881818
455552651
297554607
273032989
505462123
281083254
562950018
284147341
759272992
853335583
100412859
723408160
414792443
89834301
65228885
920339742
615521387
626588840
523453980
368864173
165923333
203693086
731561359
910696272
423019593
844961540
159770595
459058187
979868351
647202291
610710092
238266521
102754942
908264699
511299510
460733417
189347953
74249528
744880758
948620946
780101464
697809969
524545458
47410259
787644270
442290695
967750001
255682010
68879535
343720334
477062535
87319220
547413420
61140246
998015493
822949365
906101786
10302440
134523904
738486489
510021083
745233996
829269362
465292377
653498696
193085225
926025794
695363001
119851105
523422904
496500299
899952569
221232874
21045758
799879180
861393496
315852805
620145534
117075506
384732341
963865868
446654393
472051561
363795640
507794639
322583406
39261357
266412778
185402198
173785261
4899267
695423281
919019257
686684982
160715658
425034305
879770207
86741452
120397307
999621312
462680709
616897606
752090234
683913583
490459716
551969414
397823431
806312522
24631300
367415290
43561215
988497168
814069683
368129128
204809160
321864323
690712535
244070517
588277101
876114733
417855778
445692720
424054367
189391388
132377702
584770025
614425693
864664261
524027830
734823000
864285574
986708539
204236959
468892160
523138474
547213027
20861574
920961905
206041901
45492875
140893547
249603116
886506395
954963231
617732245
943831908
129343906
160961132
40418777
717621007
889592217
458274556
15830079
313646584
647665944
724134
750932962
114607989
865388395
127477144
849430990
582190321
114185683
906184301
51082481
489840509
453397328
924460408
263318766
659439230
822469635
404212314
761558698
561492382
211691897
231807295
357840642
341035803
392768427
398259420
58656810
134876997
856533976
927003241
448523581
356716272
927727375
51972895
471324261
645632123
179450039
173271603
80338796
146152074
79455904
983937630
635992583
385369585
760914390
751827702
897325167
435900377
8556368
658883865
997392759
220248265
890691161
207749754
561284068
135975940
606009174
472457230
270852937
315059502
399460471
571892871
671775774
179704199
623865766
995616387
677852674
803315806
21404343
758191470
949467880
100860247
594645452
437976816
338746184
355559842
189804518
88587703
791460219
198360886
747471569
641369331
418609151
490679082
849119085
979893219
479171374
307644611
304866801
750024312
622704113
704327272
174433535
146996239
736547823
798299301
142612626
414400497
601615107
164016969
25108320
403599340
117393569
619753772
841576156
308656105
827829967
31380674
397243809
471806538
82257912
144715378
113175869
353383415
487910812
814811306
185792986
967082186
122455917
490659787
569622850
597676382
47503411
744056385
744672621
784051235
394872039
887285248
50968084
996487146
903818569
76076404
252602838
21212138
548346529
94178994
182384596
376176496
978076020
579628405
847983034
60333932
576860135
813675256
266233699
64770947
481002914
452026685
884369485
455975184
942686472
306508688
53651566
990189884
903081425
650840540
774241119
297953464
390642140
825209203
146956963
294460709
753801960
399559801
168189200
302148489
346255148
350573796
530841337
324331168
930202201
231340723
237181453
359578688
45015979
503415152
276865987
378535246
955441838
13751824
687026782
750644662
320260512
593194700
740834546
75858290
244035240
367592017
373811754
634677380
45317573
373285069
781654442
799119533
772844871
949843642
953784374
119100019
152933790
484625711
295947539
935652343
715966434
385645344
295231031
613498766
889060497
572097018
844550364
697018687
585848842
531577146
300179701
758625707
124771846
41014248
834483997
221323439
261122617
60812103
708517171
158956542
434097173
490171613
958076075
59458396
292531607
764376801
31074767
297981749
101518864
327022306
233634092
817485299
712667651
381381475
283500417
454244500
953478493
128050781
3779539
391843688
512144279
303959240
2985747
489432477
197489840
837469744
563272268
311128810
898281847
271789440
470085352
332379020
614477405
280677780
391837416
907009013
45054581
422912183
57507114
146573446
602450842
291141207
816575097
167634845
672522682
100075514
621879345
478517528
80642647
478175236
722877568
445303278
782134476
725863315
787252107
832140669
563333059
350524376
143269479
314131258
474830168
613354831
646510279
89307573
894032611
890864047
848832938
791603545
166292583
906340053
938176991
768743425
49997612
607268440
936378270
722520294
559860306
410773967
53554174
493019305
888949203
776431742
938322583
523600031
354811409
578091042
355740700
918144468
928615418
351526531
84792079
255961938
964881363
731302358
345269512
711430326
474682757
46618802
355550223
640975340
952958855
146243566
409718765
2956467
753512006
198613387
577993114
313372312
609387354
631547288
806391617
498336557
260495383
597230552
21936589
615306792
27837947
230193641
385967613
956453365
581720173
470759692
64931656
399117888
54578402
410201168
963064566
529261159
456819970
318614790
22752852
262295178
464858356
432471617
265251645
70886715
631085005
843244759
384259027
92988711
327308400
43166997
591325269
440320135
492913901
465778210
55626927
520751848
548488203
294110892
329721566
130208376
617386936
394653222
381842616
671965338
804854390
197423535
53742850
114190712
516038325
76495702
376485890
833413033
361483671
494253888
904299748
992568676
190014999
141075128
85557388
517323399
184242125
529399009
957643534
677156026
847693571
865786814
50424227
396181774
12414058
380145793
378906503
629800995
774799015
613265471
154282685
432169757
810689006
60541887
546360469
179243683
137037589
775362712
12656717
498521261
269616600
916956465
343606289
459631599
58031593
281680029
829471351
94790070
663595390
639631237
624462449
511288961
357934403
674886676
759987088
370348462
55032469
138893591
852665809
829831484
604675414
6948494
114517593
415364421
67490382
660878062
594608104
57044323
288757126
459781173
408081936
558373726
229253991
751688226
870521678
139801936
885884607
699993029
234592007
549479998
192140618
859054456
913285311
550075022
386457484
673272399
920423484
441489953
664682342
625605645
123837789
121874109
485070491
238355382
537238530
405077225
751749796
984362986
462121549
40506923
444144160
870203485
451397001
673398151
474408063
321918679
813200087
212809023
874428060
900308446
762289021
66568679
611879254
528090684
616643701
998336738
53879436
389583537
292343043
718561778
15189182
416180832
840435887
352776025
507052566
230190769
757853251
258802363
67070108
72491152
151825638
511214268
942694637
603222639
37128771
269619053
925141319
702845210
482428076
652085731
603153657
97233449
718654410
67549263
625324133
187814463
65886002
679203569
429914352
358229045
250281700
297619886
626926230
943233939
650395912
133978796
25941061
408249163
245297511
93011169
480740315
397123149
604225437
275951304
345789
493870560
398086709
778003460
196715770
880514785
430089191
652385779
830264586
1259954
719935043
308105072
41590769
785821045
987308641
471505122
996566442
90106693
769125008
623492672
33340633
419520920
609987821
59281694
680286435
855285332
4809215
13543102
252408482
609034652
289494407
105270623
102905212
687581116
883274083
152137334
420612254
165879626
804523114
103393192
167139580
376974509
411498264
208730350
15311906
251323258
680235472
11878348
341429951
301876832
487887373
227286936
721397753
97875194
139084982
254200540
953160526
143894197
267743643
58085360
605445201
557238050
163355983
560866765
97335518
46630066
713004100
370464124
65026045
370043566
473857317
232165625
747018075
885355581
293412327
762329981
136678839
973647799
626724681
330625143
128040984
114612054
557912079
849438737
65003600
549513414
103639277
18164127
693407611
223899272
928765839
151369165
781137322
92121823
712235930
730989193
991268241
277756382
101453317
56294286
647799948
575310634
140976264
247334375
313182568
434388591
862180708
449861407
260552743
488905390
780486550
388593727
456033796
190914982
90548816
521037397
740428396
46704445
391717876
286352359
270603718
320483715
437721524
904257392
265121890
2473807
635246585
108906484
280230189
589216255
17717122
928030138
17043241
11209738
27880865
330225809
445598330
890061574
780087217
558667425
231483316
413090119
947261152
687517112
456521453
890326320
61070861
49466201
937030765
452788737
335818561
60150835
773272453
626056437
964408228
890910695
628530244
452171165
999817179
908760434
41387420
870050654
689306924
58430662
881260392
717187789
241172823
179375074
459765715
21260040
738042499
543765383
286866512
537820003
83798848
743387965
428146323
144869709
792854167
217693441
597658447
981189080
130360628
223447252
607245517
94768856
114357947
88292114
399456374
966691479
997052548
293360146
836742133
686359472
204307160
570518877
256063613
445479984
749893952
568345681
319256376
487936451
112111064
458639240
25756455
195909912
54543558
306419130
340779622
847397725
376628923
938438069
681103157
506989552
14401673
140865026
454274760
128759620
229157140
853731134
95451099
226209688
999607633
784709584
765085512
56431145
207744814
21149126
501911129
957638766
442011159
673683858
298091569
554122223
132323098
176364376
602548488
186866656
482783507
943328110
886780733
859412430
734282531
567883890
218918334
748684204
708748917
673193095
729960176
937906057
379440581
677927628
16632098
379048214
315153564
781717610
435479360
522898378
655383088
789906841
480537144
97394247
463590699
778628714
504032823
448430150
954993090
106581311
635296806
290292949
902425773
374593892
2221732
489224656
942477782
221140066
90425212
503743051
894333161
820385388
294165461
126290095
350829368
163313911
505338309
665982933
945031521
793334021
188881311
452930962
583240863
521934808
402841561
899347914
153079874
759390736
347778064
108072964
718488399
835591223
250882266
473430524
210185115
105620350
962655180
5179249
326760416
905596744
361438653
73609930
578498485
655604114
199900025
929327853
818918025
557754686
595310786
616465898
351088708
636708450
921913212
786845923
158643258
177271126
686193837
311723132
936661862
886488254
272312448
655150262
722079477
375711066
128580786
784780944
481331416
943752319
789960193
808091833
701865415
3915198
734218115
280363900
659519312
934118140
62208106
330953689
344389178
657518892
799935940
695477886
146743694
721849152
334840161
305386952
899120278
21033999
469626436
688298493
760038605
741938885
195965107
334634434
117649951
177062245
119415378
451497720
120814564
761891923
112105905
675196332
765807122
846324020
955560232
277842786
632958512
17768338
608796476
977347690
527803583
261248768
525341929
674547277
983097920
860182090
832450582
734734551
733732441
302077018
275549396
493771046
896532255
471514503
828405480
866698559
648576748
800337210
318196279
621907665
562229134
430302184
297103997
180552608
129142556
105180581
458395394
762101068
975465272
67191870
739448758
355785207
180956990
117307039
30332484
16571263
977489130
715299418
751305814
711221571
17376437
26855210
57508970
766425044
350886065
738430802
633123603
999462813
538768013
803836234
621370478
953513499
86654770
770990827
134066107
215797326
876171409
592461501
977898394
704153033
512169724
569863505
59938240
693126714
687170544
942787076
709697977
664659674
658086495
313520143
228397598
527979284
192891705
138422920
146920680
543777770
876853722
780044284
395756936
268138087
436396870
17127414
221651586
523051641
640634594
208234045
738848967
369322355
800695547
716747362
73475388
165381623
139127219
133413628
711024689
826297763
928717056
273239019
343473790
439319903
586759162
571871388
967299187
632167220
710294308
114219868
28461342
439664382
746780504
424218278
707802470
35693726
293862045
929454056
558745367
934496639
137688102
297594335
303818994
790900001
866858049
229810734
808797976
5985268
215740714
519822665
832283031
144457770
793061684
28273173
583777674
232337199
600144561
403593213
864504419
162955221
370329433
892965761
602619604
969626289
169700392
162938426
5320016
463562437
92392482
564065383
398059076
82596936
714176070
554394422
726013289
581034119
784205156
387327617
439535739
999945870
907150283
124335123
144403640
552728319
152608296
580697666
637581870
752752858
836807232
354602641
768224431
59653017
100084755
223360387
29279307
269785147
386298813
34599323
733347584
331207648
451181058
131406660
266320936
17873481
538317434
992334226
598907600
322522590
232178195
38443340
174984812
139328478
15294815
171904804
544573150
167903111
752602471
34671372
920655969
441926055
389274014
541396753
501579072
489358769
764757140
530858379
759143916
151055954
417974054
492491500
482263602
721671465
476414512
748584538
739544946
14731946
593435116
190968898
189770888
825613312
81928590
364755700
817458142
97223405
536660504
214547644
265126517
141779327
249219017
38298838
583705382
638493031
579695591
85284455
127851800
344452732
468659186
739512068
348025038
739149593
84519920
830288640
460821058
560934432
431389530
52882356
428182730
877340999
243851254
470469970
555470663
325779845
835225670
225445157
423003250
224402526
439992802
688129767
218698206
541728171
726428606
802403588
32737554
306124197
740204395
13105706
503093281
61379934
752617774
851118319
800529527
837137694
533923311
113866937
250588478
965312842
166749293
678771208
695170193
410600547
1757530
250640856
736380392
836983200
476086013
11899995
913902078
768595167
700029762
132600284
310323338
426458368
787520225
343060892
585098918
380240972
356166598
88192199
441620906
108784372
939310519
94666785
798438418
325750182
61050074
49026896
143579376
227799367
580314456
838749569
490916267
582071986
89390425
79813011
271571538
417992791
91713006
185473617
39104310
791742769
170590253
349427649
70717489
958110478
545004893
655816407
338351451
901171492
744008607
632488709
862472216
535835478
727155495
513426987
861585660
788205569
562453883
5165037
868521289
142768340
696430958
359437556
577356678
638337736
439250567
848928217
56330527
530963574
34401834
95434837
175222695
57508439
297378838
245940184
15618918
842383732
901756592
206486721
596071576
498281551
838975430
311060144
34117029
418647277
824487131
748219041
59369199
239457367
605900430
927890488
234742059
154847741
139844396
812098737
793185477
579094963
513543306
702032356
962574889
400461492
649983545
137797584
457969932
947362384
383737769
473588850
642262468
138010713
680075571
90850396
636292264
371567353
254426892
522925645
790214631
78914024
123661038
849583830
170887743
729561469
777474318
258146154
884409210
917318714
70244891
530111039
348930029
436304550
232143395
164021271
836766042
882126940
301818855
294735974
682005676
538072976
620841176
176784496
676083689
153433099
120151244
312375953
525000453
374578137
835301598
315215084
306008513
958962637
17315266
476896256
541040458
794789584
735042410
277966020
564624650
657803653
808077059
766071031
94108203
892736806
930092302
783390598
627380098
84427510
78126572
161902127
622500486
551484101
338686623
298584176
704917200
458837868
463476481
229917653
833416005
151294432
397649089
139424518
110257069
414964355
468837126
503813879
62270291
56395888
634296251
626894941
566715893
294889662
245482325
513340449
187626468
175574627
296731047
815006566
260002137
227373971
976908693
882502624
778858072
168111669
33603152
336291625
479465889
497079633
566209278
165398246
648374065
963858368
157339116
611147486
231339075
626176242
967477717
293609367
535088482
601773968
920504308
101804375
896663630
18502985
615144824
936806450
194077613
764392223
604329369
306596102
991766195
433754414
41615078
623140619
601866083
75218230
959432244
81331972
424814216
378157875
99246570
73188281
194532595
256585686
536852120
425871670
882761928
356846189
719481037
270366762
958620158
492501698
372171138
707800140
511004683
839832314
497122943
557598648
604224538
101452312
864194751
448507085
535206726
905809829
924164056
989589162
981028060
736112653
923437486
258358628
114270528
22684057
184063261
161319475
279269743
720915381
439707497
14548024
77761571
11704887
284914786
888898081
504206585
509602276
449214573
867727620
349434591
946337516
425326269
806175481
900306180
142037372
107198918
288029259
47847201
31362974
277618421
881391613
767475627
53572259
139750241
734262507
76256316
323813503
748098334
208042412
897245236
187805832
222590436
827523159
199510719
360021574
568937592
556233656
869623851
18152166
423961276
71574794
817006034
701803897
877750275
569828567
843841269
984949193
857857826
891688471
16312167
135476247
625596436
636304147
41564858
765346678
223083006
117821175
941676533
971181341
325863587
838921769
11503525
400970375
518961281
63530596
760991949
87898873
619764252
630615800
958567391
43725528
702190594
628089778
598045778
432457221
197918345
441887047
417406414
55776171
186091870
286234934
43768770
811688307
775055433
85333628
429551337
998138439
55671155
223744222
821836132
234051094
62665991
685856009
635021469
434143624
749386605
396013419
522042498
369150857
879145571
333126241
265392738
433852518
961216019
863438516
866309739
11650716
157841915
136232506
67426887
196450138
422467440
963712009
8138445
50039225
901561990
290206134
48177664
809749497
513950356
722530149
43800592
429132699
260902510
678822061
863276324
10289116
927351832
237835174
231956325
806497404
570961415
497349063
92866274
384693787
213303931
959176013
396344503
223662199
95408519
316287743
420112337
370392311
132516104
280767134
420431536
34078094
570973268
321125553
696343944
937439976
43655702
740144536
219089027
157074564
271482949
82365351
167363680
51351134
172716877
399320006
857848538
596194645
749185421
950714812
980888432
962489353
762407177
377232935
38667904
857815697
693520678
458780241
80724360
826036783
739547375
501155897
712631229
163036995
822281450
261491525
100476971
718453504
1636061
319565998
875528068
125635363
254447702
42891749
176986497
279680931
294728107
887351387
875875576
43913528
690582551
856764008
858919233
452989728
86513296
897587137
163321777
632550326
208883730
244046138
311103461
948431105
745202035
23734691
111468100
419999837
137742568
64461423
138453341
139378630
384027422
13981409
117530345
490991476
909389510
147033194
770672407
56633969
34384581
646547984
953063850
724967132
355828344
664499435
30473212
294857992
414602925
46311342
927408319
623486655
290357480
238511780
571917761
888075867
114762823
535902213
308075704
252505392
600363637
299045397
244400374
984391059
165543158
214447071
327898887
74932669
361480265
98571294
984082990
395864846
597635630
937146840
973348330
953463975
454162628
3821542
100838319
868765553
50132884
28246638
492252208
193006716
119274771
916686321
81082583
234037594
452588535
241674639
339059338
52952172
540720036
583459712
889859583
706263195
797906783
70274822
633712216
11903400
168846116
470311558
407768246
766481747
259974751
233632928
572462074
714137379
89970823
673300393
582902932
140103707
554063384
927671492
185626776
673338155
844357814
119225711
907375749
149462701
213416703
98951440
54931225
754136739
682411152
797307160
312916286
332834288
867581982
799144854
344737688
36428098
269456413
605022287
655426197
529431164
838655215
80404623
96084895
928626038
606221369
678987827
921246098
160284753
459175671
106872874
833622908
156049837
78614937
593515009
305512538
292031640
692466449
212960115
898684732
227393954
10267275
64117370
412744594
877849257
863262225
757482282
766793708
132718638
215020921
274736257
514666154
53676137
207657233
610751049
982302175
813878602
142255228
756064625
974163355
601430899
715453851
660302615
757480737
794068789
106333976
915509627
938616781
651316778
128469743
837301513
878710732
138737018
901418884
143971678
869102628
617197461
901453960
488412688
602432451
116474882
615665297
117098605
22667371
823322530
580366006
857485898
637201132
575137586
613550524
463880839
29084837
181520727
976699806
786565574
975589516
83033783
554591554
766722650
586866913
683061297
456540515
318093997
674314667
210475751
462065675
395933647
827673212
216035987
736862687
430105663
185027221
352527985
399720620
207694592
28366867
832602978
65180491
665568000
407740564
531247367
981965191
436825402
712768094
958664998
75907328
540873963
894215133
630498882
160112965
333598398
166076531
616653480
651692395
692907551
827129232
113758070
88841198
654802444
329794057
678220238
937424460
514821279
30748223
189661432
575032223
59115090
22264411
492729066
577199442
282521327
23976433
411680986
719346729
589260880
222862336
647770410
982651195
117077469
130785644
142764160
303192219
296862176
759417640
954884614
989769727
439063224
68642684
931127277
93865669
250953093
461863867
883806481
618290724
345128442
73467913
193322948
256759885
95732324
686052014
833959327
230770004
562544800
98156665
950116733
4322032
321019001
450403495
986973227
290612822
581189140
982253739
593805041
878051316
594187731
548689655
720337395
33250956
469848691
503981024
979632977
573318137
965844892
863439458
191608861
163489686
789423723
237448161
420249571
737672400
923500176
106725251
968442404
338561328
204881916
771075489
195399712
525900918
221478985
34889291
816513740
802668125
17143030
410318782
533235793
611330761
811524789
106089540
497098069
133889833
462586916
476731046
707207970
280948160
192686856
898816831
444437847
982110580
136264993
864687418
572299332
912281521
971412669
540741736
103359201
176294586
164333577
298758913
702195504
385812562
333648204
371225596
40997039
203307586
781544378
426749184
814638347
445585520
532838724
164252769
579475353
995425641
640983815
286683323
128890153
686187024
38016506
573328000
520813956
26797851
438015419
93113288
791595724
261944440
486371376
894954925
438239026
650704953
46230190
992950882
36517516
232394746
364176479
930030907
435702332
998237209
356780092
102857032
443822729
742135168
267109801
23298082
590077161
908093616
162497757
718967315
446796992
53030616
292295315
967610948
79828467
582827086
60724236
871424192
844771527
399611964
618895469
135526905
50316918
517642012
128477788
939350786
750036758
345170619
869381693
185739091
343407828
78678137
288596123
639746910
820813306
555705924
515561344
263406819
316315892
678059102
982374134
763112885
731089718
127185802
583240185
663434537
710012888
496480774
387375081
554784415
896092738
6270551
690311321
946409656
376428915
671305461
738276794
126465673
16476080
460174840
164721116
212400260
538852977
453317239
852147170
212182635
861539515
367708515
475589455
30371760
898283969
310479941
793484645
481890039
437665743
229241182
145324576
147678632
725721956
532699658
554979399
621814695
391486561
97807072
420740703
767915476
769112533
11533850
746897501
785588613
471708690
911618618
997988874
10561667
217452209
702652396
75260655
78991725
70360911
403366462
109363485
821161232
713846403
755364482
303051271
151512147
984605664
300892200
151707131
710327621
833591858
706686530
184658668
77594771
804493603
457915723
698026599
573606136
469449573
444924100
211711102
941158263
209059070
62216328
804236283
426511280
764868724
879496938
505503005
687745988
135379752
467382842
361423572
849226155
222747324
664474844
738302
59869340
965367044
4961785
770196961
651475254
711648316
807371981
581586377
516141919
265287705
279612976
942264407
734737278
577053428
6491861
528411894
786112499
68708189
332648177
212623779
686093266
64661467
570643136
226355606
200041219
38025978
587779178
49267374
113289654
104770374
902522029
173158994
70137418
907483814
943355956
574129024
471648482
603244289
8231753
987790401
868531994
287844729
782571161
455785625
864898158
789063022
984197519
503527009
857771212
169362048
716150788
396380830
86539867
139310276
622736436
286581086
177336254
210515614
188364812
290625908
315285989
943403193
463784902
237939759
703403360
259657210
664585136
175051842
862901500
672816889
15358596
583949846
960661619
797929757
892251823
678076129
439509131
728965694
34119490
149796695
898327742
750270278
546177525
984867609
889580554
168913961
123965047
919433160
231945928
164846212
62575420
547231917
108249405
526360322
637688028
811652765
638533885
302273164
839220960
353951737
975090054
854579556
937901583
788268025
505025665
682669759
318860506
944534796
411635453
352979996
94331492
162479548
955766626
493025369
999863509
697863532
661939331
123828557
617296692
893885259
141191121
679872112
293633528
249440526
58748786
931321556
913609644
697282671
86111073
752830604
51234408
913717479
459926512
841652344
554501856
817468529
376838455
873362362
614519677
788473908
78858710
561367521
803469808
34625336
54392891
803333318
585005220
568848574
779678227
54818264
315250185
920869348
734690376
608883713
22826226
645955514
392721621
936435870
195754538
331349046
541782826
99505298
245066525
854225690
941157642
799568381
671694219
170512449
525447095
138730249
958986358
456822157
700097770
614972518
343963845
754490661
270822188
928969065
175855587
50500415
983787329
491105772
823886115
570994057
99989485
699228694
216949572
345227459
488180916
412704110
676576505
29963743
512209408
774159383
736705785
305883403
426244116
260916357
476395852
951691212
399646606
287898562
261029721
99744376
902871081
604993567
706751390
26209621
533962632
882606977
76710037
370266314
373712750
753112504
941260371
326218587
304857550
10726295
523962398
793038467
423430405
53055256
675518562
788156166
827214639
412224347
94039569
253458755
673140704
422951773
57666319
72787310
563366688
318696041
25048039
318754121
923689608
731799429
344963742
310168592
466922758
274190131
680434906
840635508
27302636
474211630
19370448
184676538
484937925
543332846
977715005
908368331
596388102
653233567
549040849
276119093
917974267
495596770
529577849
443631323
918548543
439760520
368934986
334431583
758456561
393983025
653185704
534662521
978298806
998149447
697347466
445221564
272339578
230298724
138373425
152158566
704510354
10260225
336835105
189448280
553593071
167066462
950332963
2497526
820300030
499373812
278616619
590790649
994970582
660710820
34421972
766035477
100471341
403356958
100467061
711444254
649856335
606169117
98623128
628155141
604318564
795970594
925893058
729174495
26269318
64266483
881333061
730779673
74526708
70684518
772744305
480636131
237750981
723077268
335650009
910567363
74967432
614266629
501358012
922454366
127493801
388296336
541006195
227965142
791653295
493989608
939409397
294025982
100158726
38032525
922181124
556993642
686519471
700590534
286168137
712788789
617373369
20017551
296084814
544416429
90702069
68829119
25052560
180969402
644422739
213218922
91536765
571906523
827485551
445411129
494360889
954979352
833707466
35367085
35460847
477877113
381873045
827386596
771903095
482031771
717935473
546600571
39025414
404454944
99707457
177709903
969760085
717080826
50243806
118361252
261497255
140945876
39706723
139066168
174431630
684129463
352285090
118484748
108552338
32286993
416412229
602913228
839782697
102636047
490796665
875243544
580513160
872669710
555146492
204932608
207217834
273081965
604049531
98759600
530053261
703756989
128985855
499813347
420837815
179229662
618174599
534851423
172691890
657881322
673917591
347123520
194527137
878719033
318124620
303079476
911006026
734536850
758509056
603305075
837172897
101822073
331064972
270202410
974491783
886211464
475135018
34225969
11809782
79184549
132985569
541863043
635457890
114487777
41676390
56295706
293717439
512367341
443663481
466409329
22765016
117581072
813532849
69808505
848816457
131657470
372887981
612338835
718710672
131397037
215643910
555883569
85735462
546708882
826085979
60227246
285436699
153737349
946969567
297246481
85438251
932471489
839109524
720896141
46959266
733302267
629708199
340676705
98185960
73371680
807086034
120950976
43469104
473135235
190759482
744801913
457309057
416163815
357140748
28536081
400077205
425301011
584419651
485812667
972009893
263021982
398556265
109962944
269275684
345525833
407209425
354713935
130513674
246318950
928126428
177472940
979621217
410350980
370665997
77807177
336239012
30268383
51274506
232224469
503403618
94550340
977026382
813229028
510714155
186683483
841765109
910791360
611984494
278701112
396604028
436510739
541723095
795160293
546473684
810998779
993202478
953683109
18229066
123716152
52518411
946355494
153705444
32139628
209222826
524371441
962463158
545461839
554639824
866254016
777686308
58043443
960804356
754712690
723788823
471518511
941396173
565553932
234826224
405897019
844255045
631430252
842407759
238494492
279106897
388881443
902009623
124825728
195080904
920238689
248541880
247599316
719110535
402247325
132255296
928333362
926618766
94718454
326311553
333774943
813488822
103997861
244334738
774293178
711226903
968123561
98328042
505139429
386193845
333154266
911036448
82965242
817100870
753444207
321459734
96207767
994842002
75985709
73549847
189922907
996224398
322091728
437522223
567851286
576855405
569777519
348701000
355990523
517012326
675012553
689765466
183017500
631526766
934100204
957310679
342753669
902223765
908155073
847893098
140933963
93825691
611445899
223899205
910926561
217406458
545358940
859650680
212248461
621344649
933200528
254687720
470085400
107808608
692209943
890453038
684664013
114503814
91670390
40654536
484032492
766682943
730420003
667049993
250726061
517036559
476877024
593479730
271776677
385032097
293889181
412710640
478857788
905335080
636609845
242300701
122741538
34485137
101951381
187506351
655829787
35151909
442194071
978431539
142960517
986920366
868884577
680140882
101424181
960554967
720795419
437973025
579754262
303731774
105023018
830480323
820768333
581900042
276476405
92545010
819448491
422881938
357772002
150822631
180733370
994381848
393123332
155991261
28866985
495074714
343497612
537213124
382742975
638208036
515644663
378219845
625128402
237045592
58360727
579068935
50116911
631672498
17041961
482387525
787920624
974581331
165384200
461205310
408997726
441860606
406266672
228446217
864742544
764038675
379268849
45475915
758420523
772392181
53983528
639803860
119983247
397481140
177016985
355242575
35689176
545178000
733462420
513333931
782223593
644339499
944919218
684856856
128528350
814477531
167244382
916448974
789058863
332628582
230170636
50572941
627005540
636437309
279019158
344264437
400475984
510804359
242256704
11412859
135712893
296240232
651216719
255696140
693721372
680750056
610938715
581926901
225928057
196917487
947777184
860668002
693773339
892696402
545524858
822301689
559690286
565285592
591267015
201265501
897914175
821437652
251838442
377436067
310391313
530857600
721700504
710867297
41661960
963957208
574796508
29891205
260197440
78529579
285587345
806435165
759279636
749042413
240878418
985207693
945959900
188655602
698392047
492249591
933868356
96433257
167067632
493558642
661718850
758334648
694824143
412149377
432288652
946662585
789585444
742679965
330036538
511285949
306063614
224214850
327759509
880860122
254106055
587956950
959389701
392209752
246908467
571185689
141252165
487786885
408909734
939728418
676442487
107301781
431978009
462827195
203735039
599045642
956385838
865453889
209896642
503726333
130119618
494701646
302905271
919705062
89897963
485458161
283507363
395961577
709673011
611266873
129338051
816295418
51740175
941244104
208505170
298648642
512429794
202273688
786435527
921339528
142002106
315394366
881157662
426496467
778221561
84892701
25542109
587123751
802862942
87955103
90850085
932982560
582656749
246271708
705203974
672554712
731729869
988711338
921032641
293919232
599978211
50370692
110214650
651718386
844131149
171236172
950367028
209077295
373509860
589318907
130416823
368028318
904713273
864090837
794524786
682934834
801499890
672583247
122574938
456879184
760538351
65941375
242378096
195711452
312213083
947582071
720782517
896459304
936293409
641815158
42894888
388787972
544702203
5625890
893022710
241349704
176862062
695906090
450426999
402888275
285224997
433360174
770916593
42454622
297451012
565441379
725389456
98950902
90540979
847964394
408346439
851079330
913905769
650724535
899307134
78635204
598306606
620089651
975094508
387116367
114421162
17989396
628420691
511639717
23615286
521443401
752989421
52993701
69865843
203416420
455881976
355090840
636776594
79314921
397545462
786743958
644756301
975451271
738211213
735297280
675932017
146557652
438892962
442354139
797282187
190716448
520989343
248105146
810806100
348600204
487737865
777743614
219105952
116158557
289383331
95237591
490118310
42372752
747644
559984154
98305524
456629620
915074994
587598470
535944541
165136809
374342429
33217194
140588080
112553642
621030826
669036449
111627646
59923788
111390588
761426185
103156589
484896284
9531331
913962689
833496488
349785549
544222655
905118792
465944106
833605986
356383
956062416
728495090
1104027
368562922
679316966
310249999
136154269
266915436
698710893
301291078
493774217
731928087
294395510
458844211
205475266
963431959
570471857
117915406
927338900
184414395
221071995
412235184
46462078
135034684
98248024
396247627
531773691
3366816
862191733
217896029
856239552
670770502
946391119
709859931
39333424
478224437
872626283
28004045
745139874
571337176
329295123
91430443
155781615
476206985
550274655
361256881
292155297
120746512
479172288
219494197
157677259
700244283
484245733
204139338
687795320
582493757
600386965
72085363
438376925
315095051
289981393
147132829
985865553
88888864
709509113
877715329
567113302
582135396
905719375
164769528
5988924
87530850
256199971
14286891
563737836
806474626
375543773
855893133
779737491
707232413
927903682
937414750
259993048
412149415
141554088
947788368
847159524
741941054
19873732
138052801
57036105
162371477
285185631
895418010
251260341
994694744
625649691
818373643
429346492
383885418
983143171
287851768
323932621
239343143
302138659
887670457
45817769
677682432
596079942
678071612
237431197
376499976
615486363
497424246
788649391
609556803
297728966
488325267
204014209
170119050
626378068
113566666
332490527
911563699
8984676
583750869
758774795
487150720
402124512
40637639
723552490
237784036
328489407
47485111
477127179
630628067
787671920
375461300
160826851
236268214
53532913
398258049
612768190
521535628
895682295
253933933
131092431
45927613
742259200
187622993
216046664
368637269
301189659
548537191
132717320
162690688
132288060
744008468
649841408
386928925
784646107
225910250
624712961
965651867
273395362
101840140
448796286
61067282
329817792
609623137
149851849
235867057
860397538
762620039
609919037
608596185
16553973
593527821
654523799
758813173
781150814
870570463
979966794
82340473
419107654
112684115
245031161
403912067
709208935
747388921
790840992
346371394
973299172
415553953
312023261
99210886
369910445
760819547
12794520
552244589
222959037
162646369
788111647
83356575
925266409
250547036
544469113
941820382
844074857
198992912
553149907
625225671
69563375
385633054
560082497
341187381
350833521
805113658
745099448
60042456
405018932
388456792
406413850
378318104
804010745
570953464
477528990
26437542
184289363
490323510
578682132
407248400
652969880
219310131
343121328
430752641
469857167
887590441
225089375
166448377
939099705
778239282
791674048
861179432
16388688
204272897
54883165
367222209
9386556
799982614
427264665
266921840
40955758
686194868
645239944
844966504
257148332
975285286
723920398
441437695
318125148
155118882
701202448
971095028
374429013
44323776
254364021
696802533
784430569
479453396
863250910
576046626
110209031
507441310
437226058
126597719
711714208
492109223
493819929
573617116
144608189
921084594
840538956
185563948
459795814
338295252
883046804
716944146
313580538
606967202
10898194
631705686
762086085
712100642
455317067
989031450
608940770
709681088
685833983
245887691
41650837
401601245
821934317
151859868
909042556
111676727
278457587
620756764
456302302
772277516
46890232
600910492
545878463
887429188
638990792
5674277
225724440
522037596
575134776
391821330
981521150
586032970
23527016
596123587
150649964
331360435
585155038
612107086
893557876
123505373
857994777
935208713
525106619
532445446
87068581
286665527
496638525
365526168
907422291
952940827
137803685
954312523
406367671
536198500
694258063
45358463
541872777
919982503
419912411
117007553
164320185
401433562
555556875
40363553
997557149
558723191
371723989
435228539
170830277
117798217
411250265
881341406
53006930
936356884
266303204
140075511
75538763
762941729
358118031
982961054
715882557
348438068
789789929
122250228
884636568
336564344
20125044
279025698
109063199
440037455
248549603
273383384
693987369
656622831
313746937
544060871
215346022
685470926
979289410
238692652
803269143
243056027
120034058
708792425
31929263
386337263
701384288
107468026
1795344
59502320
90429080
717677901
260456740
732735361
692444482
997609661
69299705
565085878
129151711
30879256
5123333
377701314
304262640
551627055
34324145
618009578
95687926
102186520
155996856
927493688
340879172
959266000
170549716
313429582
520574777
202478979
699766845
221959066
309947006
701562190
133977738
252892438
271756443
246950830
838144152
816717277
244560491
759960209
381803155
373712202
790839466
239442841
603929869
95102106
791069896
490770366
713111684
739274174
592956886
869108541
666767862
786352410
680890893
689833930
99781993
53982022
892312910
652065190
275941088
54776268
206143732
262435178
160185058
477900176
509386009
998329210
147133805
753946500
758289420
528936961
980175055
401645238
620896154
584104924
496747344
264482402
74875290
62375381
3756576
520348529
784000274
523040790
159217291
317407519
212874721
258999284
371389541
957703983
911064475
647330630
12480251
117208207
909765808
25181661
447624735
271668169
23510872
594758541
25614670
634316644
976211854
858306077
35961882
597108008
294927353
385225578
861590410
222318995
447600959
717863338
742667524
84117585
240904128
901884816
401525104
306295201
13400452
772914646
263999184
776981279
272761628
128995787
746705839
35043788
154177449
46846926
306711958
30204673
641605467
184842980
664521317
470333673
43149057
700483199
67441681
338076410
85708777
781548443
560395405
385826089
351928133
155579282
469943674
592832262
909980450
871468779
899127463
923380902
496899777
15643000
552878534
769661405
144638787
299584373
804705193
151332588
346431299
111417151
181537261
840553119
296260131
846058578
310886792
191925540
399058129
230844826
530001950
337283259
864909621
942913708
575625700
216837755
98492990
45569374
662186369
860989792
769554505
413830184
636887046
118970634
429473184
189765580
888632039
426628324
341866305
693337233
430477264
688297605
657270736
612014526
381367076
953530868
310589456
692253868
145456408
562163938
775615046
527974711
899447197
640524668
323404771
327589249
709878775
274414113
225674975
372065144
135403905
995229481
785895328
772290951
114200115
67884865
814572884
855348507
347029541
156439189
401202092
777506805
697253146
58472828
242037683
78620222
864520048
552627140
623390443
862492809
114791078
399005489
242983872
866754627
892046509
566388643
46860228
601925284
840802756
272535203
826506780
976206661
120281036
464918461
601013964
86997504
532803326
268103200
942346011
879832867
424542390
343548103
509856024
121795536
254537283
751893708
52932111
119057332
157037200
676322554
981550141
124344630
927844395
77050365
991099257
819890905
643439008
37959485
274332541
484241764
163011040
100839322
312964777
283292077
418274135
766495093
370289581
951077461
34598294
312635592
683426680
311657036
508700047
45799056
285968924
763237330
797692764
338901035
882294662
954729964
867739941
716361155
79074594
795584337
793411520
922690203
467991594
289366880
813166040
594840487
773608644
976177081
548196161
939089773
259469158
966470296
705584867
629758739
770064109
592699513
794910683
306007141
904356549
303610730
351806198
190325473
66848060
149498962
381742861
801659075
104228927
249482802
370536582
35819873
897583491
16464455
958510077
218091437
305831335
624192469
812931925
931956332
600369550
361128086
871046105
712355060
180114735
429147324
194630151
950178844
21846837
989540834
256185986
778719738
145667916
607992184
969045212
65032329
610007498
203304425
866691404
566752777
452787227
89744338
602572651
202887071
106208793
413599080
420978508
264556481
37791549
233910433
49029165
490677452
447554872
920075270
55548864
627669607
201738947
250179016
577848451
76102136
239719850
686550789
854821875
385387767
147059325
676383439
450420096
757066824
879687864
169627852
323819601
184991443
111888542
778908604
387878514
70613688
45024036
808857023
335170169
82815586
895283808
384199334
426009390
342838680
156790956
481558254
970508287
211046255
731737270
400873091
287148392
823973473
87423880
994486619
61877592
86999558
523386410
512297688
844066382
255590626
534441892
20402335
440582069
646330434
799310940
680976936
716944122
844334976
342350311
52114291
779666914
237634119
288829977
58192656
432989152
298137286
539750911
256013791
509183541
124004533
656886882
796331933
947978006
596827115
643334904
9855598
683826673
166721314
374669638
380409407
422311940
909111530
400811742
715410362
407958317
200122682
396387298
124902439
44457659
738737609
29533083
676640925
828888080
170879412
734833582
261877232
469016698
127100845
517891024
978200240
251105378
27294258
627048525
51599737
476637725
270383430
913971687
12980750
289621096
141157678
393390157
711933037
50269208
794201900
279859751
310743877
994324582
676247049
435646317
891298593
267501010
317695752
420455871
96389090
488575164
155289453
210782675
957591863
282390298
581190051
935792103
386012028
608484309
415356980
437611765
85122035
685740410
204099805
98102785
975361507
345257483
344009295
539810896
248043043
138211195
819670647
558786921
985052129
348434048
994433238
728867075
468451410
164645342
149322946
417356852
653220506
157128751
628139527
610812369
439519049
61845930
399120824
825531077
670330240
814477805
115659195
607968627
352734567
319759000
558587764
180612426
665016483
902597059
572939674
913059526
893324606
245126673
324362799
878376736
593560721
171312389
459760163
62012131
335957731
609083109
331885336
989178238
766211860
960024863
452506959
58247261
21870794
851627784
736294690
544717386
518621941
851953885
5202365
723872860
24229237
416306481
904485287
541762072
171419893
329941313
307337951
64744499
575067987
631700750
795637587
21145060
803013140
255397750
83157192
138970871
716997211
267558880
128149109
335725423
80100095
433172421
393972684
101970889
137316557
130267375
499204627
655938498
834737612
356923344
232327710
711483202
773229826
136812997
253245274
944649719
319270663
560583225
9394218
894338650
44800328
657548158
915483710
847813468
912945908
851157254
986784339
482459472
118716134
967449801
818184895
198816230
253138574
64673932
153303471
390455131
47457659
505024451
46393629
882195271
861947795
131237691
446194825
635177621
120567041
699440100
432343692
439837704
112539677
294254263
334176354
157340005
951802421
102176416
5153473
717264681
953333671
844454165
199724153
72049805
664420318
17909049
123382387
917558892
82582981
129202211
160530375
130040640
634226662
59440356
864752263
496174457
190678047
163463441
983868431
311245088
862903541
416212123
751082792
827959570
710466386
85259146
985299576
514785159
39951915
842969401
232049841
993285586
539939918
284290346
917851743
56876588
154715747
41234131
826951832
89815080
22952694
987482207
72372072
657179356
46922563
937124336
5870165
237600611
100587777
989738596
548845699
816007670
258467072
152444844
496483592
968933458
90220342
334299520
336234970
130172257
29785274
568284811
123457843
569725192
852575157
41309587
479118133
7290905
935060070
306069965
97105985
958012764
146068525
21994410
467708472
192991088
959118746
473578637
283108051
912222875
463317234
831953751
580746897
721784306
984398595
77230489
543234116
74618937
264046362
879469086
57307547
293831636
300270249
180765390
863556828
5361759
74591329
195191313
865169016
862167751
501261279
814791353
672696867
647329804
836785763
140405339
692837244
648420861
613983977
975945296
413160088
929817563
660415399
993906985
504118221
497330346
923653827
47352337
424465635
40216541
779337776
481773182
334048177
932124377
662538573
50121357
937486136
589646254
245312671
655171504
451814006
746573950
469962858
124510873
246420106
159264973
117432565
939257350
807685835
583932894
767718998
220845923
513750457
428134397
67269261
17868678
925464743
843439440
917737367
202446731
883655981
549591495
684219913
217704158
334232225
199274838
267825515
124234713
788921093
513138186
779406218
93251451
112228488
101885428
70278676
211164946
261150401
187711241
2938649
68836236
771644135
770657647
142198512
137910944
51308397
209467773
8295974
976773140
52907213
778549694
31736223
789079546
180657541
715956137
6783704
514889766
915230975
127125571
639124480
704152068
492780110
418530698
797403519
605008598
520416126
867682196
816173545
781566527
907909789
819112194
702919116
532070277
442286193
845117628
669981221
493594590
54585401
530793548
322884083
960008966
309343242
354620306
601604864
490000783
70576443
460904920
4890550
985807419
588030491
496531382
542475839
80810601
915062080
192395711
538335552
287994558
912594259
207025449
922077437
820504048
878653995
624996553
205090677
320940188
322630533
875071899
814534779
229732286
258381799
137418862
42257604
567725041
344555520
643862468
910242176
415131964
104767388
767649078
253455735
545314232
264180460
648447926
478641185
31758892
840843637
16976737
172269802
605954248
76518538
94347240
278974649
955172533
571860145
484065326
128629074
894490679
211653577
795680205
124222965
470035376
785615419
166480570
37760417
130170939
810343038
800518946
397819255
767626779
568168024
651274990
312941011
684864837
152239269
791582196
716623729
993082906
661075286
888893532
451553507
590110176
835757124
730528156
397799062
407617269
214593482
526428136
154624300
426247060
174624693
278847266
896282436
960240112
297844188
786559206
90411051
108187226
439594504
340746659
728330357
7762528
992021649
41271368
545143717
144260918
685369917
114283799
989860177
198961555
3177331
293930036
789071731
691450807
24458192
39387145
99068076
91568026
565815281
106208729
517815086
740439974
385055995
266613875
553196438
682900183
905689433
496123842
643603761
345283937
836870501
224450471
205562817
681408502
118238191
750706535
678185773
803608108
864990334
520562302
855086015
720684017
814492338
496674099
264651176
838950530
536061244
216235604
930518556
101876526
322444333
300849995
694832852
707500328
419980222
100545643
242916863
325669655
596669485
739036977
523469944
433539986
963487448
729032761
114948488
81725639
332255648
645650613
737850100
49762334
166212915
592936115
622962703
980705253
89610214
887613879
672172135
478187811
103849484
455207044
432580689
426293817
608573391
127413541
986310498
28553613
80475536
81743713
206739620
677145021
820780690
730209564
110685007
784268138
311758677
78149848
718510130
644014326
576316813
456360230
546293012
742529729
901812697
169255716
575751334
843939264
56869595
100439822
322127075
13235431
408163218
754707764
292045601
16736609
734637657
278356099
45290222
815113194
360099812
104546194
344774567
33396855
834755758
307975927
817664993
146514435
238642127
388691475
643045113
814958940
845051705
189338126
410005021
599380755
211110194
985756356
443320019
120496141
938712530
617963446
133731573
346875748
225187562
425777174
216128709
959825219
556649625
113935283
627454765
916749437
218481477
972229333
950146292
53237235
132721612
620327638
52268022
371363739
9019113
695313136
186322679
706587171
884651262
596327701
158484278
95761456
434600409
601804297
68773949
225829291
72284095
202505522
572705039
297471657
480799048
788833748
109813228
37448673
902769031
737267994
806714463
121250508
562013679
609377107
27004095
694735291
82221097
79272117
66099030
91240211
774585253
104938061
650343734
511752867
553782114
808828012
460030675
988382523
263148661
528804625
66728166
335432756
583826499
639433205
632904413
64625548
280783305
742717641
102074221
36068688
332501987
761305036
9835548
747032018
370682144
36839643
294283661
452903241
968628113
212899043
396659804
595729718
317837105
899519890
107482586
871619219
560864254
420029613
712518095
824012915
801350590
779246261
11962023
385177090
271195819
497382788
302318990
404495476
92616782
256909563
440564165
425118769
18214600
302916065
24667140
241413096
192272061
318950801
694316337
160900174
531849845
943492494
756629892
849686950
843012384
716628830
573822521
256392991
989174796
138856968
80405906
790525386
770619582
944884282
28218828
41815401
442267070
330537818
298827229
534883852
587447382
739391394
812518974
458178334
42307460
837186114
699591430
87095873
156136915
246424119
247996047
687986760
189916613
857142291
390190062
885445350
426287474
816528936
141838341
415462270
955385904
74760599
58504008
578521838
19644881
86722837
472853591
314428304
269777007
771680821
701828508
709740741
363588567
514347482
167919075
258412379
204049948
867510505
345508252
360186864
113934625
593504299
900689976
156367590
303162943
143396391
41812940
729450417
959925327
36167633
144912687
767827583
110928233
55933047
346349422
983089466
995172236
819203013
150034122
117465596
443400186
851862631
827206337
806988754
218726465
995125413
65401133
422776414
715152270
410909386
635479630
681603247
856930037
536169606
690487190
160092980
679565997
584816482
889543397
492007676
620984116
886972436
259835260
584428701
795421836
458701034
420034519
790594072
130420399
422584994
908059668
573820586
126963977
587782358
380809340
345690442
435424123
298726825
620983208
3092745
709636211
256462838
684695993
419082601
645148797
227699535
579175581
177231146
812516017
321235331
669238823
286016485
60724119
929074083
870445186
856145955
240291469
142996058
499256380
370711868
565581052
259832400
944532454
692545029
847614758
177858146
890751823
135555233
476584972
511735032
138647979
38737535
620714222
823343972
457820136
265863019
51043507
36995718
443094166
716075876
210747401
112332989
2092362
123987872
893923424
725053900
980133828
134214893
868049958
331906560
357443113
286147362
444255312
301975568
831208743
144386423
479833714
721960567
279941656
956418686
86211951
418589635
995156222
706926173
94449959
305492710
825305545
145493466
195004780
120916063
714085695
405752181
85765404
716178057
529740054
979688828
293748309
362390234
966420073
14314620
546813146
176379538
300461982
991068458
478355106
131670726
135454881
810705173
706147645
415396538
619640211
644875948
833986173
467312785
204318473
928436133
772805496
29624018
926445951
967810276
150540081
493047998
226078810
236305485
61742407
755818864
68510665
355490717
970725450
887447090
369805337
517538596
63826629
670267319
361123406
394698087
654454397
496578288
205403260
213118394
764491178
825043472
857994342
450993703
144872609
62312816
231946188
917678105
944453186
10908492
885488382
94993268
503956490
111567192
183815105
565698898
719902408
104842123
921189615
543144210
992289213
290994952
60682806
56115842
813778623
274322564
303330282
320749373
770900852
508733542
533867767
387908382
186293366
244378462
838902086
331165976
159207630
70848274
101360433
103660816
81756766
986848815
51170436
585713257
950932359
87501894
3928507
523351119
192344017
925118122
66495329
37149582
68629426
979694487
93265425
882408049
106533404
249112059
203157422
877434256
757845601
589541542
117858991
796655320
833920004
956761077
127821296
845643986
27609351
81698081
801821154
961882470
68546897
705507943
400112079
871995608
793009837
404040586
247863080
837870206
329158708
166874761
875019788
397788134
999085601
820801565
132712535
105619005
69913624
335869958
835569613
680275578
925411500
953428604
476930898
611847856
910189681
457268546
310008194
790315385
538966627
111829348
604714207
460029876
817337291
4826286
184541837
462863480
408866872
284921269
153250038
590541932
451796030
28269827
988330066
303397983
849071392
121042601
409016988
771501369
309428911
97102954
451776947
87356763
50531558
781224197
551720971
813237592
91009095
861729165
456069329
629975722
973558514
60783536
942521951
643412157
65609822
127063788
958791990
326993046
264501409
112042028
917534978
716297439
140311855
758381396
19695423
841899600
731940349
281228763
465917321
893885613
378331717
917694268
981242376
281379628
551434817
385479700
94617220
642443912
247208865
550686549
124935986
73283731
463986437
67457937
569212241
382112611
47038077
528004231
709105657
311539486
492562611
479156987
880353278
485390819
90054735
752565053
179806771
674511436
33793816
645724092
568397049
264641886
415934712
402155778
546021514
967369529
787635478
493155086
609813441
887360695
43841635
734749427
960644427
360344424
654723717
382373020
742457035
701761794
910377251
304079044
865817633
255456214
783236031
746170911
740847033
725807118
351252316
920653804
400318554
237562484
566377896
821231956
502204370
982312608
75904086
900742236
802198489
863539564
393897322
264528282
603416611
290255309
999277710
416577390
650599733
506517779
798950410
245573120
60795925
561844013
549652164
926613558
817300228
185404547
525300821
558147261
911211665
876553137
331317418
164046572
114115622
897695314
985278528
468836344
732524275
61182614
369578581
387239116
777238530
615992255
651767399
380655141
906247565
503561461
797232532
409363650
10079240
448699294
654936771
70875165
10543308
57105287
997488724
827843536
242509835
375305897
238507149
153721500
251859035
569824567
317768072
218491009
320036234
155562952
687327353
905076861
216745566
56905934
292315977
993984096
525414542
944083376
227155590
284178459
300161189
876904474
693542109
310240429
325603768
200995232
233631947
188663428
258100520
83637023
16506964
500610355
458942920
107530466
506848207
710801955
529871385
824616280
929292964
849907619
980179232
469136670
607500832
49441151
378558956
899816810
895941599
903973498
696416538
123097189
188151957
996577728
852518015
734210419
159334509
30638136
935205651
392966456
219301564
45822523
476603479
88324881
398949230
935546400
195855347
905797438
498864707
725726732
582930070
280674024
428150704
415625654
749810694
35651536
465066805
128369650
787984698
213524757
884859501
336917589
189138298
73011458
186011669
41656314
659738229
197862530
72294450
447460233
590828987
291596014
493282756
919948818
379920895
892231987
708011570
428292594
650545777
59392630
6535679
233475847
340066654
434686383
649101501
942393700
322854271
966684659
923279702
963355322
180209416
808139203
152789263
369347714
733667014
338800932
263520380
245921595
536663462
335814830
693381828
980008801
479927197
39180937
899957620
859848092
931412924
460485542
140657039
434475053
519878172
147192718
667950900
859944826
581879101
169568753
654854878
757249724
136253412
578134581
720605046
168979180
238790136
873394309
390843247
824973502
64711593
654363627
70895098
453891408
990178458
764276926
433900209
322622007
803457863
186374181
34986451
587387139
646859724
175643490
21862192
19254248
322836208
542329444
879199075
904715309
564414550
386570305
514481386
553184314
964704886
87602784
722163495
56011375
960997094
113006742
880984877
878225039
619886721
804396327
332116447
462581531
421189606
618533009
785203538
77163821
804907190
820189990
664550961
304283266
995833480
538929505
323537515
318669689
933775302
55252942
75901350
498189852
441823247
590382736
51374166
259044486
677985521
626054013
167572213
491498967
591577107
48557090
222240358
63980181
705469770
554356806
526561712
126659376
25406167
311765251
203823197
830313357
131955241
720890510
987112976
980305073
112336368
163166843
151491114
46111670
218419785
227392465
396817874
512759384
670291553
300708392
771803870
200793426
926762406
939376083
692292393
370855865
840449526
914532752
434836046
398435648
321405910
961397759
525095024
346812077
125679362
581434573
29641786
110150955
302325084
16754762
90456028
414661452
32437957
94463495
313289474
250857742
321855960
710107348
763617127
992147513
10815740
387937349
45457292
790094498
179829785
737749685
13466716
872795663
504798789
448302762
271231311
678721051
262216873
648842687
25533128
240412587
230277260
907691267
350563542
385118696
776962381
293535923
799780148
809400339
387999418
113069622
60258081
562371730
675693322
676391560
407035595
686509063
916845262
452492887
329119913
96675047
42758925
342586629
821987062
547557714
790889392
93218373
78795118
905622617
594577412
104328246
146035205
824854672
864535865
349115099
62489721
641498247
642651022
862269869
303414938
883166792
827855844
216189371
445538522
356065518
892580932
852574118
42574581
661942546
157583357
224210847
611133945
200342282
566797476
433121007
747899997
210203220
378855732
826695115
115825838
973433144
783539713
114377395
650804168
500591931
463492494
713293889
142090178
106143517
428080111
298021468
841826661
108452307
514210839
139881536
464517825
259308123
992455654
359608759
921250669
2555363
583819606
532384614
202897646
3133434
818021973
950797643
213336655
49394057
630009110
329162493
22827201
266065175
443539888
526147722
766657106
907032382
91957963
761263636
865692251
372554426
59285104
560035265
481006733
426012296
699916801
798040911
685320419
544888807
10166022
606571089
547444170
593985628
991472055
750341816
597119062
809494029
553655811
810455717
858888086
36181273
992134562
734231640
302246449
288190802
112895714
921419907
47739537
57370029
535199896
913431788
429924456
447001352
325983405
910931189
873013648
25900206
561488452
558334068
570789013
571654474
17421509
118233184
18156454
8893564
721091352
615275517
670903945
274747164
278247586
382308384
310928437
122898501
969056376
465691238
411089303
81952090
387111146
458828840
139322119
922311042
224776981
421762927
221828746
550760386
185210469
94842395
576660593
746698921
505692815
999965958
318353396
523114324
970715494
336509850
384524240
691806847
804301719
907944538
819070363
82549306
142769274
129998800
57964159
111825650
448206391
469053462
46294092
835317537
927882303
38132563
610144931
152659284
459895491
831973677
703419670
645105960
779332424
132596615
244321233
285025239
132562574
562674629
660655915
955794420
751700832
45180156
500117619
556002551
805641046
319187982
491068209
948410320
301703135
549032368
60235970
749909526
18085831
959046414
437743415
798484486
997178977
900404698
951143770
309590820
584894727
507079792
807213132
364227152
492192760
51534366
501768743
477271686
466725347
162424659
433066106
218426179
60121167
933183726
626945083
865762213
104888060
118013292
666688885
259107547
519562013
579441207
9017073
390164196
538487621
299276840
41165034
388182950
52197890
992308804
550290123
637092618
351904948
357503255
1319770
844097708
261553973
355604865
173885746
728279321
518029524
606951853
946705500
430667043
392651931
426166935
148945608
350056343
396696580
815634493
609163891
916258593
395075700
470697316
158939141
786079673
769974157
200104175
26778976
822172047
44929331
577069099
311781017
249350631
934572354
165617139
93448340
48642680
521222005
119850438
776922001
39251529
726802291
576143853
322434925
971970574
2310789
471380533
322026918
399007369
287015027
931190809
167782314
534607079
254404477
179237807
320686753
24378634
379341982
347465729
699067034
276787665
924534828
10848051
526138296
711623534
28981543
472102988
760266214
550203548
591953427
389704567
441971429
171272070
965848421
764406354
143242645
968159210
235786888
317785915
219682931
375318267
101493076
239981597
909925346
355897553
419219404
83128451
232792540
798561386
430594180
931859574
75349051
207645360
795223977
454003699
771785247
824205520
926106688
384567813
226925420
518060115
774272381
668896850
689332185
740120802
433303204
685091182
560796364
521606444
2877097
632995647
896924711
104370173
872977244
806850058
460267727
292196648
889978509
693060267
943274386
173089042
477436193
871139789
233250754
125176522
325143488
5036001
801898395
103766528
389603815
28823815
621826643
16392548
697720665
163675181
756513350
983540222
848766363
169826066
505146666
704159813
802821713
254587730
808529986
528315309
61437788
121314065
820511957
803932649
666890684
616302695
829538043
144326877
487442484
62788798
122019752
665102324
67824799
923918147
768868853
309944966
805258314
243211848
326337514
355495332
406887029
935367216
339035554
108169745
105193282
696698572
812329558
760531347
951286302
473375896
141363008
865240442
447206314
961874965
521689444
114096998
430694012
351227487
110940228
918136496
266532637
85476332
435755173
186873789
9394479
204624026
496818755
667169145
447835874
675672622
22664477
707239256
611039838
214216383
815409001
568749473
910914956
480254911
181797172
862201258
806147159
323160181
579958053
253353473
137551498
101647497
219966824
568245511
305391336
330907052
338898359
571923974
416383384
774653532
758797763
278294215
831793910
108132870
945463360
132146137
783805492
820644190
839385393
247361683
34860573
507310746
816111156
945775529
987565657
850424680
660493140
646229168
26101213
92967545
899582642
163652712
194615042
119549466
584414575
500006378
302972870
923312934
71930352
571872606
550482819
683244467
850166821
234793081
791377338
648146533
366939218
575182830
321307075
206324611
822544513
356167649
713635357
491172021
154459530
553717366
194113054
667469022
52462887
220214267
760436567
952045529
383866979
955051609
924111347
968281554
307574340
79600569
744110841
232021044
651473175
147110012
915265512
354156348
381903093
559159202
854819233
748842312
134342032
176126309
807683275
809402898
384810310
373834985
153091271
539269840
927552351
347204325
59255215
980015238
567418593
819691782
784577119
803801924
627259744
561204818
624599831
934834084
493321739
221227024
19371480
144794914
368337036
787153344
351467614
602756481
346312546
58803200
204115145
333170931
234929509
11798421
995090181
619739819
385633406
697804
11526011
165702109
347902130
70781226
998233700
767837075
890473009
635327171
571638999
370249105
49048342
48755182
157599541
542370081
269982206
176971021
539681348
638319242
964124366
891148962
93592076
162953264
949952162
297707221
348640547
37398023
309505642
343730728
509654194
547655400
344428533
521180206
713357510
544847015
444477784
564107562
312684090
187467145
199434733
736839441
557716250
248483075
785594624
715315791
790853157
55576830
892286813
183050857
546412425
708927531
74199819
640004501
724397147
876668334
937711722
73037695
766582709
99733717
269284775
276236904
647389117
613713308
649933462
213262979
11076675
94411246
777370541
323760765
281878392
976805275
60600207
839594642
77804702
698711183
407426786
721174211
754288013
152229951
904225068
153216790
861157482
830941240
793221291
438070981
560125926
730933014
511108676
326708635
830666731
780393452
455461891
330572200
246623112
105395353
543835180
257699788
52322952
321205721
433976905
334201344
150527348
347093464
26312338
80848403
45804647
433739124
802022614
652609013
585969075
706247683
805825803
299642909
389705275
599047095
737713891
949831201
182496461
101338919
129056188
865679544
734248723
584518080
196251744
980871836
689913433
740086924
91087976
742236385
913808998
525064881
928954081
64336346
872158346
955266420
145184749
770479345
241521896
799723716
423088358
680007324
358487751
81430514
979650233
748193026
680477609
569880476
698024227
715490422
523735748
827080415
581169966
257984471
264114847
629938062
91372659
954028281
222541339
34976987
548781018
136350337
560041869
330251452
53203035
284716567
138034224
50904137
55195912
379556120
850627853
330800623
59563444
61631956
412231137
891730030
809824982
945225098
314126858
360365561
660715520
837862606
39962328
94401838
948363430
304077176
724339900
39736089
110621809
946881239
74713077
659402827
935747928
487271298
989654279
988950964
624504217
127688503
892371453
532216481
359760976
595515658
863017104
271840772
657147614
127764593
16087154
466972596
72989691
182730365
827338157
586221563
20592971
867300485
533139753
821472753
23894013
109996006
713725195
134515822
56877245
640954624
793918650
845141526
128225922
636089281
686608842
605246491
616294137
578980295
137462972
828571465
27012305
852996429
100412237
684159919
980761022
969015744
3648867
906267066
151746109
830987024
345004981
24855432
550803861
878144735
846328186
574697875
988140741
412569733
709213697
897534338
53524357
355648699
595192216
34266631
844254333
281801058
639513122
313064822
713297705
629492446
141636287
740310010
482488875
94564876
424469929
315766250
63580620
428118796
74549668
67843081
111622172
272071001
92698514
514942386
2732088
791543052
89640261
990872829
56629137
651370310
740923520
110153494
859535362
188632088
144420125
703789695
470433147
636449599
16854517
36247204
118458397
11007156
776557215
600947273
105572032
53543496
769229875
21669005
481662293
843779543
942028438
445800817
115850544
887243304
960743203
118582633
531302708
902899816
961971814
587931845
406786479
555411686
698085339
266321841
744043775
695021816
822627888
66993274
183987767
691998757
103240478
302446165
703005913
879797693
755909790
661094297
933341190
525139665
535279654
267519835
221435560
329824445
713320652
189802456
217067749
526580208
160901441
748370458
429480024
975389608
188818655
836266503
383317646
886903995
955104696
127361421
434442163
777732584
46871047
470946283
322247693
2627878
773392448
25253606
882425571
381818590
538864256
668283113
906958255
926660262
788319300
980910167
256484707
354156305
23228975
326068809
880736513
184130417
74439267
162732889
12036377
115774274
998999393
395354023
2678269
806620441
375231797
289636785
436869378
422102844
760583068
759117071
424730722
386491868
636887030
159672646
768310458
28267638
680472111
527785065
954927900
468791412
361211584
63928960
822947717
384440559
389997769
556200582
568570976
316953388
718933471
580607353
432727662
570449216
975961377
287922284
377069658
203709526
577559069
813939036
625812370
190658489
425572459
903059445
429666709
62459489
62732091
50493519
90727127
595720554
578278584
45655028
64511966
939490168
109583988
739976035
176447079
352098109
148692969
745018056
669051497
867626441
178141761
101779159
438075657
6619490
389701443
667661667
210329016
819776864
334117055
688657739
10435353
759689515
591717184
292618414
822149004
506965627
343111933
765392484
102686181
921390517
663563864
19714500
713397037
625664204
612206887
889844117
977762313
760899857
487378525
646813810
481042650
518036638
601109321
919118307
524656129
990810765
439296327
587501497
663103981
773413382
276159236
526055687
533102897
720392772
818674101
207768254
79874751
161786035
973160738
35077285
935692904
489240954
54791785
501606294
114905158
519515024
243966763
92667471
132931233
731345288
591997633
613973883
101898278
45623306
385608543
626554407
36434071
824904870
66572257
552054405
450834604
342731493
78110092
983937502
63124266
896784193
44222108
142999017
911086580
869899198
30592654
846779485
359140152
85384439
200902131
326561662
457415816
444868894
271745485
442863401
28730534
863743118
56837285
130628812
909366424
294962180
757183220
798316848
972383402
823755477
202887605
423218006
19003322
280997697
259671860
934643940
30298242
156410320
930159310
941384823
26309518
960751964
640680660
237966022
898652756
841582791
564527684
208584924
138968037
836273169
651448325
167698571
552532639
560801962
298327383
314415416
855764142
55510603
112732264
680663896
731782432
168136221
103881903
603302107
449133918
216070115
537946047
331948512
372480436
320621709
125849687
251306306
281373674
766530347
489272329
32542782
460629490
53800013
241127706
599597527
890073183
892576031
767296098
295122174
453377994
65623482
609537590
161658488
973650437
574786206
842322385
557949222
742922427
798720640
13767681
44572697
867307107
551713728
376521210
92303895
872335438
502370897
343610202
6225464
121417597
832882531
38768246
582047087
886682544
279895952
34160967
629272079
24988335
653973417
924394254
478366329
572113251
386448196
492541170
398280041
961234403
187379907
956229263
704156830
986100547
969996944
748729528
705924006
374227024
125250738
798227902
99078814
480137987
141838104
105304278
601555584
974720635
996588876
36119024
713919531
129001180
70279991
195707963
153989516
724253408
972618569
632355845
148883012
359066765
124897015
547163053
172817520
164793274
355908668
876974351
3410173
178421964
478220231
709334180
552648988
455987321
507562082
504244155
936125308
501916538
462064785
390197245
329153525
458653662
426316269
43073056
587654842
496596260
91297371
741644358
73366020
63915940
226516556
222249032
275499058
203929923
769412085
448316578
368723198
125320753
177807281
372133371
156259069
508543864
81467551
708908058
964531185
441545985
65668565
753172846
943462523
527733350
143370091
125132400
986387012
422202712
20721809
426558207
918798972
112019180
20718917
844681344
28451473
99751825
66930377
156466883
303681749
688858814
604783461
524921299
666695920
635107095
897054670
822954989
143650959
831038574
384379399
960698497
125100911
450047964
566387695
921079787
977781315
562274138
46212187
816684679
984476850
66933996
95759238
755792174
31469529
116478156
600473518
59921002
68746333
519920247
216387885
372428082
61295414
673687698
897349381
580507686
308794793
646920404
255979027
304962105
330475330
640358427
265660602
308092593
942922743
832048297
229172380
773220410
246838787
127900920
442421442
231315637
194834916
538180680
987107811
226304445
507175188
440097681
138741799
575921522
812534281
355129684
800865956
873829695
28817383
550731690
306853733
190128528
50168446
562832760
495090633
380643776
55707539
613267587
688736369
998630283
297832236
770425102
771850693
544671023
898326022
66788487
775986660
93160938
604969168
615610823
171981736
964660708
908224857
310723535
393098582
720759138
518369572
193964539
447105185
399703307
744696229
753958918
589831835
794864675
169308030
937438821
28024803
225015570
550706408
569277524
223645853
848538645
339702626
848012898
245726020
90545000
914801386
21712681
36222291
372286906
489839856
208204027
336947614
250581065
371443914
730046197
971340203
889813486
776527088
270961740
289516793
373739669
877437010
731864981
21120696
46745041
669303802
49145499
271760611
72526562
618423023
347922816
773581559
810642002
195935714
19307580
901187002
110737100
893536613
937409293
335540358
235892821
145613320
672487973
486473887
369573587
255050522
310330442
259387073
31577610
581292183
401420219
257833631
311245545
133285200
278954327
357990586
655105354
328099826
482267549
727631916
799039201
830190365
353729828
609681203
26126080
373037408
363384558
989379532
119090373
300793851
177436243
354983194
298923524
849924216
841457081
668497111
957491090
151787524
780400536
841585052
585596059
181820755
99418683
896841604
167622307
378373010
107348543
822727661
558989188
589616092
402875930
358028389
419806458
756605758
820225945
298448890
129643166
183610503
140344774
101249891
336920706
317781017
456233085
635844230
20221585
297690167
156857693
977712675
301994043
937258230
671814079
887590102
971595337
771232762
784431706
139217645
2122124
891780249
961945306
561111312
333912694
217337588
771656054
753719152
973943346
591881999
904684394
956102864
628008854
45029168
57352755
964929560
215326538
513585841
453290143
88064475
663792360
610147836
65777151
965786403
399922418
590107582
853376505
224034108
213856697
490324563
363251753
215978821
234621165
177713411
629606486
568533859
395051000
401262540
174769363
221510698
845660891
79453757
177613563
473669745
976999277
87482670
291115657
44842167
601068511
744405800
132906643
117377223
207069989
51200146
83163626
606992407
641307728
789056483
831026515
855164425
131897399
46794620
923659599
366518564
77024384
553266085
787568775
472075384
807044977
962338138
693586082
652705868
894308247
723715997
978891965
723823876
811198668
270007622
621182396
264783531
14413423
754089039
382160755
73999764
657805537
465324381
680992171
151629617
106897217
364535039
6794043
238794616
263846011
782969994
605313180
340870395
188752431
245398307
812945779
995797408
60252797
359048214
501019628
954561044
82764211
479911593
530901272
746479231
602435567
4600020
11262763
469365342
758689059
393423518
543365106
269010948
711264251
76873630
420640566
818161468
441408669
279950961
56956084
705254680
62920955
514785616
46125076
251673386
760183923
711587207
99987146
820436720
923151773
601006774
627514116
858432337
80918367
10931741
604911568
535870286
15531761
468690683
5235629
774220821
862114201
548600735
43231769
425894805
625474365
316388687
244056273
919399386
596339648
153528710
477170419
659260603
668314326
375811847
763450341
428498250
87399054
863437487
101451322
863067180
464444261
728965439
721499517
397878980
739897180
178927437
933749267
755428941
647618121
791501248
382166114
362248674
192618335
277914236
788143479
818092701
594302923
884716105
590008439
190642572
38244815
67178858
702419527
706559141
442990705
465869869
987573743
382906112
181823708
89025066
98489644
646267970
817990505
819989161
896663302
410404037
851432950
682928921
165832978
351567423
474430169
547999093
713816098
667048505
825913329
354475929
337657558
272732604
91708386
927665997
463375176
129953201
847361208
18311056
689028695
142868265
484180925
676602438
525774377
666004633
618143856
624264021
164788955
288650713
296769534
61452258
699054750
718837
596897531
864887729
352286260
71327701
265403174
66102358
590892558
943832855
273094640
781066468
216565459
364803026
561248817
532456988
347272580
408610025
550768044
36301275
551478291
34948969
565420065
929769020
553469954
183563922
406549394
570775262
472214635
703318928
484743872
23785738
704037765
81641403
888673467
56324026
5485456
6592993
974942736
448894366
950425848
100553728
229960834
19507659
317873107
791209652
551964647
665145687
52336029
102732691
701446962
456330672
990198012
119383379
386099693
396184319
302947301
792649087
966959581
627678289
348484367
304219805
651464027
905038485
385861208
392653846
813878863
243863017
399246839
641337951
692757383
202189039
741891680
922718218
74213050
59764787
566444222
626177698
577426826
471296603
581426741
131390140
927627276
424141106
250773519
166243321
672841777
553720821
958892408
492317710
33915462
159893127
796537515
685379489
64931612
34915075
78033335
731326827
278778092
329796526
372664779
971535476
531985565
967072811
746770046
606198615
879353950
165730620
84892665
456780776
637027223
518835759
588170916
564654499
942976865
838944435
730897820
468334994
245181608
542306580
960652704
279097070
554716060
757190219
964476559
472164024
792105294
895026246
203490852
70883387
224822772
428671983
894935215
609324689
395744794
641705261
68039657
127615096
807435881
152932322
584395872
296979456
671768081
25083140
861633956
467261298
716543927
445048128
935596292
961725536
839871061
748765348
93338958
394587121
358471919
910331870
866751145
3093566
805358116
922758349
73976953
882697241
351430332
821428520
492021930
599691478
315650133
560061587
727306574
123086014
565510262
164218798
272581822
89794695
189301938
134215778
557055994
905845866
431780259
345168638
720087754
124167672
93933987
665943064
518754793
304922258
576274934
238022290
308015824
234149403
13296992
234509129
116846644
364727324
55937649
461384926
964418803
371587782
873962866
544241729
347190148
439473128
708460528
619771971
529267823
897762466
606504101
938840169
656124684
890800712
136525160
228728790
14968384
82975499
894671855
386239529
387897757
323463141
624261820
695913582
410128896
637558812
930422711
379491892
854802488
986360361
840876819
671737643
210464495
567356037
215979373
410170996
6829165
924439901
29942967
388613340
674718719
488963420
179969862
183359756
232280485
316495022
264604898
247248869
399470521
11793105
633488399
787368278
335256247
110266571
483281860
745385143
600341735
266220924
124877036
455144223
105097637
818270207
126881867
315562132
238142596
195377592
725733128
97488113
972333845
608192447
486101453
499568916
949672220
666071315
682928672
181952705
982566337
947533571
281717926
234553210
959326676
915206325
21921489
147099275
877989248
357719701
745000771
478330983
623940625
722394159
785991559
729038262
393180718
765389778
44600395
631323314
960767370
622849875
728811427
785617567
83558675
67429232
285186483
33230895
733500548
820631508
67699952
568583237
620681431
349417878
803136448
432524459
117140556
677574289
579623735
995129804
35293990
177140858
325977140
659234616
899535017
111968699
240789230
292715735
729874829
137905977
924039049
543158551
760755853
505366828
328776118
696830880
572796060
466478953
582578127
158812960
287110461
650278079
727396198
907791892
852212309
383048998
192832704
969352865
60623287
772456439
816999022
948433629
949597297
995492514
460184597
701648666
959977565
700973828
994364401
689852394
838879805
770919802
85527297
452152010
128802982
414303415
148982890
701599042
880782368
731561017
860412003
20409182
234355448
440324553
780717426
86567758
823373551
973550130
908436975
736513190
598522921
577952349
537463171
400636570
425961215
997647769
102285236
385938780
698621597
949165989
928307526
390017754
572602143
13834823
842169765
701405125
280654590
991152655
403004168
13953311
575230025
115932523
34362493
662101825
556257076
815079919
601185935
232146979
641146402
362139263
968660169
239669323
940091612
358639692
640305894
218569180
356287461
595107482
604507960
907425410
544273472
385331839
297443165
116875615
399166662
139612930
670797093
679821253
983281937
73801261
693774564
411028314
42250136
580653409
73130140
598507212
248249680
526832427
830654191
889396082
888971690
651830712
129065406
681579655
10470404
621887652
900148835
219274218
69511486
357173147
126699628
613784958
742504986
276659145
583176926
141671649
268788427
106490371
674009254
104586717
32807984
220300170
515615031
75058120
800953579
441261523
673565332
49203259
968093951
504219523
791115694
709581993
8566587
772697452
391161648
19036991
247101456
143826835
238311209
316612942
500999983
217527190
930397901
243504969
494186335
366091179
237692970
762974763
472581550
764218576
867561480
505389534
984518746
235692863
580447654
637988677
676954387
106529338
539708289
497564690
610748861
183340335
59663035
619315448
956037787
450824684
490868791
203139243
594651519
729180001
519752185
95651502
946707191
302666438
191672824
293409878
521273969
281882146
56384641
993855519
46100723
923946121
351761405
883135821
12155337
784725411
373640851
689109724
891254749
913349140
39190766
354519962
96689475
98853801
973835410
905243614
402194837
317220554
108382857
996846357
46400555
480651394
945014211
845624098
635834185
989203387
139033976
157108154
271085534
47934970
3480026
169702609
824397443
207757783
52838430
836552780
992483195
426479281
378178856
883737944
192344773
417369622
90774259
141550600
368739776
64609669
46794214
770934613
234346575
7693423
620297322
133263482
340861170
417827886
978887580
976695355
407031273
970437909
986319861
530633159
870889231
989799887
700335768
695286674
50074023
753174199
384355807
42557218
32169832
762534663
778811514
77030958
32420638
869585773
218581558
401160414
786711795
117892125
172095027
21058370
978101900
792392350
154321853
171479422
62736588
985725785
691129
469767861
808680046
987010991
401021
679569277
829327230
553253141
227372304
879401253
158943692
611728111
921958471
191113525
226779126
553286338
268144483
259199764
422872111
339242393
660360178
62100258
457134518
832455206
83158629
287752771
477363908
89996834
459232193
540100496
75722619
459923323
862384709
884402666
446934314
715302082
416488295
128777896
268555224
496376951
8179150
427498916
108105062
782653973
471128793
187400541
335940311
739273276
446600305
611328775
78515670
106960484
673429033
388166540
791932042
756587662
675919311
121812302
846584496
135151505
661912798
774823468
447591180
376813859
511742486
894525494
92115942
928230781
23303390
213187518
277124085
883998892
640686434
237745499
666652866
111815228
425146040
855109529
703604856
871746346
466438304
634636878
978706830
139867338
875319771
623155224
748971352
403755434
744967526
448072201
391423291
259396676
75412021
839014471
636210535
587154507
586056317
728326477
367901640
461876060
941513995
645025725
345874952
434716782
882771225
865044170
399048362
307917265
720153700
955169570
32179963
39108356
442322801
10886793
31492046
317642572
486558369
632979751
721398006
231525895
81051952
112821298
490922571
8980325
804352121
127133107
596134832
390408439
707975936
964036472
852284499
502006284
609062198
50675803
789239418
344349775
915719974
40804132
652267040
488390026
995973702
684447004
380014734
438296503
547850149
411506781
608455427
34408519
44486532
182369786
118450766
978054836
147707436
461889690
987035161
952059557
441539149
435686345
194984348
2031437
399722817
47268847
504037721
861301367
950461003
145793491
205651142
718697329
186597623
710434535
59603707
182571326
247397891
439618441
473384181
795248040
851125222
81839609
682172911
748128106
264209395
653140030
578699294
411916831
115029720
418250807
216492740
556568869
853937152
411477089
558600306
106176322
311262288
915154380
967477689
261723291
60947871
25645184
980420620
247545495
736079719
40024327
282633173
983477610
332159121
756017354
631242002
35800695
837856963
165931266
783928802
954582710
819071296
215144448
219015893
786617368
485911608
435508634
195702589
192365112
846985723
754302895
298541434
158248011
521973627
118535476
272487655
582921499
144180660
105424627
682983346
732776731
145448955
965616519
568770693
330124428
721633873
52529047
365925123
412007189
70976665
2370277
219106251
890047961
217514726
438122145
529181681
703426334
873630779
724884270
895791446
720616502
331703518
46849233
731380865
853677145
17901061
3868520
289114996
14598073
109293148
972098342
747374804
107258455
937714861
168661849
437382883
511865087
73707248
803308006
776388628
144683914
805678284
995494879
34731875
875709362
433617024
416429909
431652048
159764155
141314179
179959846
880380657
473017697
226809079
464277875
179211195
244710140
468146395
468326191
259308213
429955895
440424534
859199369
537214350
230655747
27861218
827113585
595037186
101568467
482937944
371425814
98768733
141132580
219437046
133500608
16841942
653054070
402446869
448493990
812818226
543761049
628453836
545715235
869295098
707779268
9993110
48506293
952489408
330655858
516832485
64313974
760611753
809773371
923513343
150342456
40429118
803890914
977456041
487982657
757975733
312910337
859408471
856744466
454042917
78845517
842761426
470884859
584415940
97724648
771895201
249750518
641485697
252865390
647982105
363297147
960644658
510491568
411803441
765650418
841147426
781152278
829964392
454275531
590925649
605994088
457134339
483871119
262401354
287106733
971853776
872893439
600017070
683778600
582154257
54059988
615140469
277432035
377461199
52072761
375156683
149356401
154339631
16642380
402221791
802321737
232455880
215382801
312813305
644259321
981033219
6477083
277927951
663513964
313268966
868853600
122024404
770403306
205241071
384425758
57510039
29611200
109835549
657527109
565906152
691989806
564103449
33562973
969421841
941564649
85635735
344578525
90921050
239975366
213737257
345659193
42297103
446193137
561041994
207626760
942968810
394591565
66620195
220896761
58105529
379889162
942266713
180129933
150292468
24137
417072043
60318859
29635337
526907592
717845968
595541489
218897398
134465770
629104462
40835592
76030419
567256549
385414117
19467821
807231916
451667726
217643366
702045371
897860864
778685360
762188484
693346026
25793277
828808679
914242788
83898807
208697841
709025853
116545092
211506661
709049990
533617136
271825520
738685327
60524728
989671489
186743168
131938479
124137259
668363983
172774071
52684030
235620532
558188188
72151851
895368800
9855914
142311569
449930524
760233130
920996929
212119008
306095509
946790206
40927687
72854649
883205365
102141881
781880502
999750458
313648542
490930493
533367594
585474063
82132172
446408674
427661904
121391693
578347153
404315515
789755676
751121224
309515897
25376208
161825764
234184100
773261361
24198031
376495669
223191885
784431161
150008950
287827245
90526670
96799156
181271284
15897671
832520874
283413165
797778174
832271332
449578060
141225019
218155278
35052123
223357191
664563952
315230379
344748884
95427458
572062246
134504560
846548682
881578143
12397121
8374447
115762243
638174834
32572478
492257912
861366719
669519991
642266862
1710316
612563014
591582370
182981600
628460685
276619596
466394766
426238859
108890928
915972826
567463878
179562558
803541301
643337422
696642863
971288032
988086306
792070321
543350278
975107219
638619003
277444773
840020692
499509802
393207016
330711878
532082280
737981280
44594949
54118624
232764494
46305265
666681638
824346864
229286865
295142323
100966461
695681631
573897535
62373741
464170809
141361413
94452652
120228462
637215187
791095515
91516494
477817846
435682188
487383124
305441417
74301191
764827897
145462109
426327346
10551265
328690339
958409626
748532545
373285288
12528250
981297039
419590553
531726240
658160256
648877418
826868564
611643069
197075402
253282451
526533162
661246211
247160216
473502166
633991026
884375404
117114033
578023872
362193250
552796221
65406997
667634667
479613765
682751246
665613128
905941111
545818864
994303467
716867089
146867761
220105107
581911692
128164801
639695660
113637932
638841409
288573078
793022848
103000830
485648480
46305299
482050344
999411044
293465516
955552511
633402070
30357272
72666544
63942294
392550522
625462766
129349291
912701541
105076531
664616890
430831021
863533994
62952106
277650840
580401083
209819867
497755947
14829127
190501020
137451607
128467060
829342429
278541037
921489908
784859611
764189518
820311560
266909956
616116914
113777076
74978819
102035336
144134348
147645363
165977630
389201222
625624481
147843274
154419115
583217364
812460164
585250136
446751358
875412270
862900976
879668794
85232137
360656923
894497921
128249510
350624882
22964981
957591939
629165919
796971242
594967903
245871789
469799154
861877859
861988703
436092582
936856678
964024039
432743282
937018393
130001670
821944504
562642875
277844944
976363619
145860239
942821460
414130107
445127950
670750082
277031083
177313096
608498571
490204358
71811017
736748081
840829240
947292351
546856373
469995159
596779945
141824276
715866949
66579099
856218487
430372004
502671681
645591517
394396044
935414963
582609910
376914066
609875819
997769137
654759010
438755790
996145729
450096822
852885897
293790031
120846904
982433332
471103127
729345475
472637690
542914144
318609909
165983282
342722847
865466282
635978441
939502792
7290558
204361742
6081891
716025397
634733747
361269924
361616914
881646143
149201239
796743176
258560209
611593410
794512314
765835571
50349200
643174395
215932393
755751449
936964426
189295649
590701133
408067553
918641124
63338823
803498049
89767385
81838457
146220897
955233667
717816899
85723689
815040577
774694993
944321933
531065974
261945092
158108209
745199240
143591235
159825801
541942417
254667796
771419211
188971083
20503367
674284764
832145478
88952112
282552565
621626256
278247761
873253699
29693809
49405238
789108874
685708210
139172623
870947332
831929107
94406291
441280583
770169149
909446868
215975576
567007434
293029195
477920669
577631995
38228435
474028256
737457796
432687204
728696053
508877008
474174639
749199420
35678124
158836469
838151533
318230689
780462725
116399294
191484388
662672886
18320884
980593263
348381097
157493508
704056947
32826556
251899799
145337530
655512057
13863019
213829458
75035843
159408566
691750127
652667839
50153354
18294736
390125635
482840558
746990789
751518995
957015198
348706561
787197119
115851667
39374446
105427809
748830745
8290093
149428549
411503631
26610977
130021812
612401080
184104485
686595111
645227637
436004284
831932641
153256046
302383656
45762100
228291890
461792222
590028579
880959729
511945576
608323315
123601716
994786135
207830456
875120712
804317685
556537018
662317831
772685704
595911464
620261992
374032801
604201557
769690542
785536433
630812535
752228706
250453865
814917020
438823818
895681502
103437657
123272811
48937549
405821313
21551263
129745791
867613535
464096195
10705520
379559112
72419510
134307236
226861599
132766319
9427948
883695636
689303337
524262132
508897692
285214801
144524124
882930494
889416359
766731018
520983279
372745246
518959725
771437144
187662266
810299895
519634999
291099923
933572706
421088900
696921236
807640322
550834691
417051124
271736517
561540211
796610236
196672379
548363799
875988187
329438698
410308100
759683823
18742035
934570232
121097867
156473189
931610708
4028361
898405900
550858079
525011640
271151146
69817804
148965137
311329764
732634051
668600136
602429688
518723109
89689036
151867276
326363431
640523727
568918400
450616300
54580290
218044988
647288680
602944089
94033175
829243730
13252189
706233350
700502118
800338773
827331218
856975307
584465834
683875931
607897559
135323913
61403924
879048705
57658069
210369061
42894821
642808472
878969197
645324509
161531581
968658233
649708138
340411365
461698312
71142890
791027665
368794954
289187879
290832697
971739043
235737406
120076428
837507585
794487109
820578546
490362710
474334679
530070205
927344896
158210610
137967764
915185161
219614534
869532821
825359582
429983595
912427642
468168054
161469144
410268504
482215988
130127377
59976642
822627353
444342041
131119532
613655018
813136995
272823763
904487716
637392391
361077522
877080496
327416328
155564631
550175394
670295390
629899310
80245599
597640287
640626272
70729715
365341800
860240807
792778888
190701383
142740754
557722882
511385789
304209899
820507738
993601777
286853628
733000732
816229130
583712022
716636617
282400501
249365369
989460380
39404569
886757760
203054254
916485065
66690440
358618885
319176811
736985831
841034547
251938762
187142470
481660820
175184829
552484270
194417979
967963717
595702005
189675085
378202951
107087795
493884984
51227042
100689572
633254965
784227774
769435055
216966987
500864391
904351908
466332356
342841124
943756477
205606469
545895378
712757894
124813261
757030616
31934705
861799092
598065163
136389819
901457914
932242335
311574648
306458537
126660314
132054717
902160542
168851752
510257668
9248337
662736736
561484710
962454262
148508053
198228837
584405669
365475040
699093228
341273929
684323749
894450704
137546758
889930218
292862435
850304652
14743479
49893051
734755709
729058924
500474566
871145528
483033190
432716902
35236528
789491727
411893568
167291245
691652270
580745320
677548913
553416959
95998409
91549976
368387573
244506462
289778813
805309594
462497855
841388393
146583523
146821604
735839098
284130281
889268174
28701533
986951285
756528005
931110936
574223346
338103281
431585502
297885226
821136472
716818756
333121754
610628199
128712325
500412999
154796821
561973997
30478265
560730133
510488758
122028241
929117706
754995221
264323406
586943653
70009428
105711799
733527176
216831032
694067249
870173810
106099206
575285134
857125095
715143563
506396070
283864794
53246845
790497925
581750020
874383317
507316681
914871775
337527868
488545358
415284774
344841042
903035708
445763039
905571175
413524466
420307632
687205233
21036039
684631038
274148886
91045467
790342838
860192415
160392851
336926439
730366225
119008409
912211574
440007672
834151973
271123996
723872466
887398818
61621921
158138839
614298487
421454955
73010614
804342707
910000313
340811740
149183749
665552373
786574780
54754924
79076840
59398764
594476510
952629231
744029803
868625396
43674699
386888993
581334163
56583902
723815432
164216740
175592312
636027006
604224413
9744285
907151003
180613231
749659455
821289276
338752070
216474294
242744231
264279036
20817001
5260897
605090777
22517103
670813270
244181909
77272027
602406462
303580673
524264889
407552046
47610476
245406638
303743097
434499469
826740801
360326999
10831254
990957542
535919311
646858260
447698307
545663596
406525615
628311538
147839403
80331244
819579961
364313697
323075475
83858997
385130699
180852724
688949774
407647802
851665995
933131683
337436181
306588809
89228709
861701071
714140855
136839185
107107709
17883952
423855007
786364862
230727304
434686261
777322404
766646615
81544521
77537063
164826564
340586489
705848602
312665967
420917733
377944915
676979665
596509560
461803912
62110364
777362285
3270039
322274518
481544632
788918074
512227051
788133441
878146783
226444474
354790649
14985969
186068535
225190953
291357328
972433398
455918257
726043589
602272154
75081225
660104462
679809218
239907789
690951
238174172
552573756
274125036
616119087
229553421
870634597
77922999
144180137
500513234
933709390
318971007
982057866
722627465
831198059
622707659
453290600
57642533
977498308
320792921
243711069
55205614
612150249
68660819
363640223
338193838
670932973
438721448
998298301
350742191
678629237
851505604
588916363
231202994
978146993
57551802
313272767
701297942
135474802
457452905
201811176
921700544
776423912
36385394
496844361
460138323
659093053
950134962
517780857
489107714
270927883
614008278
544313328
883078133
682669097
907953551
73788323
353602070
199191352
924602976
556860614
877820589
628624933
145776977
109023583
606771926
55845132
274812703
160586220
43836286
732265608
362397396
965536830
361205872
398782790
462381192
821344196
57875843
265032506
191641405
399499909
535960389
805649683
943813237
271554874
340835132
704283141
197859550
694437202
903474493
122462526
103814168
633811434
751087459
102107498
595351370
210375737
157952630
870164073
370961957
201788916
454946033
585875705
167325746
816151905
984658495
482223290
490012453
895050691
747255796
534170210
147066952
135732538
192336245
90880190
407287412
533171377
647679683
605146962
80124932
403670528
580125841
183939100
37481962
183729652
286046598
485349684
394105390
443999228
355513757
617583699
645788144
810459790
203459405
813113891
479128048
40634252
147853533
821656853
788201295
895109330
355827064
935268248
30841868
548163309
878664790
290645632
81334687
378860825
895792595
13975971
782531353
328434788
197915071
672529667
512164440
483961670
10395704
906269830
927960898
365909461
376369882
573749043
28885604
579829287
239379286
360530004
472979891
387232819
182186857
261181187
134858501
390530273
48965787
165700369
938693583
927630577
456346002
872544622
306491402
204654949
886520593
941539107
533089737
84435664
466585126
45254177
420913686
476980830
804040360
348874585
842890292
32926594
775139980
724292248
612755881
14519266
84822252
85735772
254268437
119525461
199433311
389126939
510055735
248399098
407343660
301265670
28546027
863689662
26326644
335037429
920860963
912847237
129092888
306467052
849799253
595678015
204237582
123229292
72658845
8277942
472103877
768065489
41204536
99760209
492357737
506476769
114279475
429696341
444728893
221064264
549221803
496678557
462707555
59277538
745077655
870051216
360543208
773623683
586257230
386869852
961177464
507118194
152233441
90270353
813585246
854549046
685948368
17822828
977778338
611123565
878617122
302398567
379189055
772338010
402158776
724063144
131331131
368954603
153759486
428576377
590018868
702981289
925254934
52726423
614775179
522848941
775293991
975318387
148988976
361551222
214704591
110166441
721185768
219454384
52953146
387287366
74003430
738901514
257626547
51781769
202541431
136243669
206696688
581730486
761098032
608855465
158309983
744945515
977810068
312069469
173521892
420345288
867567110
98776826
325588064
482342289
474142120
100882055
310177028
623131096
314949629
377397971
733297537
36135397
596852355
786250683
423422764
670855785
377668549
681049311
575153906
580209981
669809332
781850595
14456819
283423716
243222412
172766802
28369232
221032480
337352623
54407476
641377769
204919733
5700655
966965833
539778374
479842775
920364240
849955402
102973871
235313870
79869725
688787761
123965619
676722080
327554796
547388383
200094218
557739698
80954046
775248124
137949679
603279731
409615071
4922850
886703447
652837483
30206005
767589031
726386316
367558628
674512860
220280437
572478362
680213515
39762622
112256736
12572642
960126862
814728491
968062865
47957084
894598216
509366978
171922704
423836649
836921775
719311087
623930867
247177825
652781486
251695343
237643856
256061217
661310415
242566706
995281016
166664250
272772711
615386400
893050566
640331340
289899260
113331003
65326054
822629127
5609977
30099142
835201769
965736840
697343985
655780986
13693924
444458554
165147965
185616628
868295203
854586092
757444068
492226070
101763917
410225554
743921413
339407773
518803123
257748180
434490831
514084139
276928783
707263543
129470539
22495701
200111235
271886151
135826705
117953641
94515278
141436682
148052783
782233399
959689874
845396769
290530738
973383799
142371675
455678703
11516779
10666878
162781147
768960847
355409300
264545064
31702753
99330713
456469189
550505876
209595246
890960020
917106368
486524029
450739915
899093259
509019730
650851150
23495763
497362787
768804791
118011041
491315822
769373927
752760793
303522048
467287048
43291531
129422199
609658723
351486586
140938979
620325601
514267733
762416178
975734901
631329149
794118932
927581966
87798338
197141160
989693564
978758358
114247528
328733945
282014626
865857140
837753676
932865776
889352903
187632815
554186920
859880296
531464989
176077199
465157441
834987038
643364247
360965324
964409237
253022970
712451910
105348216
725864923
79235995
720280747
554116176
710565144
366916031
334214494
650879834
564057191
323908059
482154545
530821072
652642004
764169171
249194564
342912032
549551299
138547467
383061200
103738219
998427763
914526189
132331770
316101557
749513227
775696017
677066881
566438817
28718987
242035144
524303385
607100262
321271139
244584132
161216438
884352636
611500163
495430933
535232470
28073707
671855344
17387015
411411131
177013700
634072538
660605695
519925733
183623838
799153162
902986933
139878409
650097277
670029474
272210180
966198834
272059054
47906197
495782068
838497871
929141537
737817212
362801256
388758151
59088351
459901741
549974590
795957339
71401904
897921875
183706162
951991963
569777219
53609529
363403094
746790919
687682068
24008789
119233004
871305906
675678303
874736289
863700667
178291933
544765764
135910847
997007119
816824818
36333397
492789187
507839041
817991286
83122751
870640297
59265789
142211103
183058390
609240379
790684794
106976647
359678606
974390956
58968610
929455825
28000486
274888057
528763097
715682554
151413198
500512453
439504812
827091502
375248743
155721831
857899787
772530859
144149031
854906906
441872029
32998780
200212446
949711070
850990066
283335197
672867719
910255855
278062652
855926110
372012587
68747447
962902757
731691193
895654755
21871367
513663371
923655241
149275776
894942820
491854147
300688975
395455273
783875311
127780477
623220368
939597143
838196616
395751227
83746174
545619874
837623256
116744954
745832320
639850678
820251372
881683870
312718398
583023579
12262874
21160860
955036166
81010321
984063617
539243712
829181429
858451336
905423435
605353022
7727113
800366255
97207170
308416088
48337880
733598833
288712917
671558249
673195976
126909533
919825828
609458502
525045759
609965437
726203456
123394432
249816115
398971180
5078302
415050865
981994760
17341176
436211725
789547278
950867850
420275342
181307342
780049279
131243031
86730777
237918653
138970144
739613384
187642175
299902584
787951265
921241009
588615501
312025866
446953337
568041386
84368046
56411840
93087145
694333483
635131648
68997929
944149599
34102829
74076231
211716816
16097589
91417408
647928542
658161219
894801610
68203884
839468562
527367241
51963267
926199339
765285894
190933411
518329076
952928070
490835995
158796693
874169079
931967848
470822559
173638768
352525586
555190605
230050608
298129084
102040441
865182257
367127013
46190040
751801438
441203245
110423208
620415379
385137005
758351750
278576598
132454967
679071987
118045160
659822208
731035254
896760852
425108102
921968666
267606280
230552524
265321013
426402973
104721603
49805214
897225532
130876724
402330800
304932489
360927332
700459884
406972930
78625941
67586898
305679322
830427379
361306495
416102531
303359110
746443500
26970633
581935709
878898467
706042620
552497221
391237027
437077875
301774425
816345129
211562893
569380705
46897654
329400258
995783678
4135609
379205472
745525562
135012333
781536273
902974404
348456018
481996157
162463686
279598311
402099407
468143009
110025691
763405902
736761892
265901153
362365754
763732525
847836862
93780573
469775146
252850436
485017600
759369373
407141213
153879082
970932266
976521919
53293088
152848876
824821949
57428697
532054349
422863864
44957383
313590622
178354620
245929753
648103131
340818306
525528064
50202539
808961315
488070107
813608441
398239559
753971261
28490548
161972085
454324475
122271121
484263583
559691263
607288722
243632956
966832477
761167804
67081574
795870748
814460892
219930450
473209049
724405941
751984799
896072913
621879676
918091773
74427533
867809429
566194905
267762192
245853846
468913796
76723507
586440305
135038589
327479419
192927918
163529137
489451504
647252394
285800259
973715087
59460009
893088981
69864395
26292486
654256785
136945969
822163234
321234029
209392771
147888636
45639970
813893923
43961549
667519647
731985696
970905435
387845428
150696953
91183979
486215626
619610749
20423838
72655932
754649339
347903257
265583850
918178476
837354761
765352596
56495087
663586200
824812606
949584068
585966947
851105092
456357205
575429268
525784679
777591234
784822040
673673315
823231205
451232315
570151216
343267204
35734363
393573003
583628984
186431317
484756982
69844611
658558418
505180821
142500543
265724109
853084078
260600745
36418938
542955192
25953342
92914025
59057744
703282300
42498094
645024692
406903744
498855299
72970312
932688423
128962886
857792352
458878090
952194091
161541019
881545659
147977647
197275383
127635014
731606631
383706700
612391997
653967594
42265118
970089170
648984489
160505580
675689600
909585235
196924518
71161144
788054929
289838543
130218889
343853581
332336637
627759933
750757325
683708289
700730245
535962101
812671175
411038950
994840191
617381618
572579969
728902202
765359265
769855352
856537217
349482248
6078404
321445566
3449843
48343523
291534736
504950684
61365455
967224336
267052271
258289973
38385481
55107200
548128516
21120722
251477133
880465154
648880655
2234459
416689795
202127252
538196560
229360970
613166202
385553103
846742588
185746172
114455306
464618205
955601524
823508875
666616805
961679929
144954441
522583000
862539804
289005529
27533685
923905259
108746217
294585956
34711584
147131698
202209509
582840100
20768772
453686642
315821606
522165779
308437453
732511401
724293032
846634013
961872371
337459234
84703469
661131311
375721758
51675127
978265868
183839635
875184002
644882674
145519564
872654795
19982026
860575720
161660324
47515711
636997331
270406541
194618020
671708915
270054592
396827529
107065367
143339716
703030523
422886974
665505496
11467977
155398375
389798528
710618342
969787099
579774114
795321811
483434762
955495873
699513290
461700631
139335508
427213644
959099657
137371424
299868439
979081683
850463496
314045115
26597395
339977179
584451657
73731767
11686094
707022601
470559296
118751461
850362317
26106171
394154787
515867813
37574148
549553163
758182693
748192491
371856614
337956808
396030654
855291376
145969033
95543945
169508359
285304541
375273941
128608016
275192317
675142381
107689700
125655813
989187496
986803447
465632992
426155505
60535214
329835438
133178106
383610862
301103251
836056776
409717033
695258039
204440941
299807534
97327554
962623635
48000025
469184168
153096795
296547031
176991896
299065828
244607328
346500256
584370369
619881270
475108272
859562686
147540003
435314324
837734851
989243851
274634123
155884195
267915709
187685689
485719633
253610167
423812903
639339236
89666943
833529937
187113627
294107885
133337471
284441181
109247872
33853848
606141701
262344667
182917231
783133598
561410495
280040912
129633854
145780864
899922182
457258478
857859902
899978537
892572803
548111105
889222388
19723278
703995300
9654449
59925320
42231285
263264617
483738223
681570521
352931560
169784512
868684149
499555797
155638335
5641682
608803669
42008535
611783384
871148336
224925767
394916982
432558831
504966679
377067188
430856047
257405213
834325666
141232301
9900102
579414821
689343406
899122490
599138100
245855058
908776940
659063420
288086343
24557909
142801643
969656865
377489469
165102508
838341014
877045267
320740843
843982696
338365288
362749379
308282432
209513625
587675146
703199414
494588808
945158177
80266602
925444856
55079742
767108621
919193509
64979844
346523442
461053268
964102334
798177894
706908326
725395626
309757666
994994670
749953535
305075662
964651535
979959357
470178170
655508901
709520976
790919013
352007949
47886264
153668392
660290382
109916241
593859890
216006148
604505050
539018067
148789103
382466258
594097809
915897724
301659767
659077653
114937518
762713035
475696340
913115413
322137714
53608318
75389431
317132384
656078206
380465093
134300271
636037563
850643263
642325524
198074891
641562277
994333473
245961155
647747021
507140207
355877397
241606912
575662708
960382447
633141331
724451811
195365057
79755493
492865887
497024824
738833146
460319757
112254212
67045838
225951522
434391926
120654157
301340954
604040662
629248715
681806047
738340933
117802630
532449311
233182809
315877521
26527940
80032634
561838676
674274961
587172842
770232425
768398225
15351902
583131224
401539557
739803713
778496281
481295050
85185952
128037458
72644548
545505709
240291670
139690387
771457232
527199948
112860896
72798186
131240610
594625963
607120585
722097895
712428593
139569896
955280704
28306114
18614188
35313338
442661142
545405502
475002532
212893568
313803727
490354434
796024792
567859636
82674499
427037426
49154686
167860451
555074884
974315587
565882513
795366554
966522326
189856097
175082854
931899574
115170635
306323464
526525537
722291220
28421359
91470482
714377469
836218415
119776596
732991657
871531753
562437738
130913511
199050638
627847658
444717239
689405072
276388803
12576875
772079572
703426229
914247914
939940023
258501113
741079853
358338888
906384019
707602179
548194985
81466873
492018105
663365620
240306689
18543642
385656841
121244400
110014124
100034310
957462815
82307072
685542319
681510920
497261162
816455831
880561558
125108821
113689422
569966631
401497624
978782649
194562555
104923853
745546915
134502578
215941318
486626768
345357819
122325337
46745299
893552804
56308562
538763404
556918425
296615251
409823398
795091618
417859651
372353874
747642280
227838818
307177298
285700951
909349738
804438461
102156782
789911297
929547282
68362556
212394280
183561258
47145206
406956835
141001463
645208473
393975765
209459133
131835242
739333584
184300822
31096893
485402741
240609384
422376650
42321166
389740987
832200048
689929136
807600638
57070275
437571416
35439456
364247573
723272367
797305546
21202386
677945502
439733195
950749668
598824410
652127475
986827278
498485968
911600662
127828741
143694442
158092780
189804226
128046036
897426364
374105048
11659281
235345457
614714432
434035931
130182975
4455419
118752332
820112111
664572409
175822607
110199879
552528217
392586532
833472247
202350116
413788919
363934101
642083311
217054939
962758511
146727139
203882218
313760832
58327801
184227311
457455274
216420581
374031538
438017662
966363298
748136586
449676943
201708755
215367371
883712875
331891731
72339142
2465207
4520194
589427904
30804166
114720074
141956121
423390698
948192321
196822589
837179617
164642774
838905901
54234557
979917637
985633040
110633127
293678469
43960841
294860438
603650095
112897775
521408328
41667757
79261073
122061267
491344701
133486180
337428638
227573928
317894263
262284132
230039135
322414458
851712036
260843301
437134532
846184510
684233999
237843205
43007099
373929969
402485979
881913000
428164526
234919968
720062392
538797653
528598438
616539586
686174443
132248533
729437361
207582772
26432643
661214786
329644039
370293696
647217318
519589029
597867624
965111582
781873161
827906759
287526040
633585198
941266412
724660572
332286060
478016763
962503777
375293159
851946732
217506108
109722512
132627610
452426076
829784904
671425263
833540866
298840842
210116059
818305752
28278203
417698831
844738395
542009341
599859222
67548443
41743012
119448251
665416067
6854594
901321412
345839178
146896986
387422962
287105590
871557558
719709022
765122353
686577687
947518534
469585438
756600147
57241046
602213048
61542575
739542302
126154664
895083442
38383145
336270723
713389194
919177700
753969554
410643941
313703394
206345128
478192384
355446406
325793379
143608451
214817352
79631143
341963981
361714338
319570458
629069571
85788248
39279480
246708276
772365935
839314366
716293714
381482434
749071764
171023115
443025009
341130419
297177779
338108451
232029916
633448502
904013997
3723968
239934408
167174290
317427362
446279536
645366674
525390120
772072915
641491477
740207472
704220410
983455458
101921810
23790868
465041381
187710058
915586701
564266010
812592345
754901067
133076076
194074779
356489184
304099191
637099789
697619603
601276970
827724592
929649519
234725472
731738590
933373487
474659880
898912880
103317202
920939416
396795907
628707322
545528683
890803736
368914795
102265446
726775547
323352957
126056314
44333280
511063016
41643015
608599290
176171713
649060435
741675367
370246493
5549619
45774558
859862634
555685574
647051529
687587226
485335093
734293353
271842168
271224932
61469586
23271401
374542134
982409002
272583660
3249457
380454038
163387396
224680604
482719484
890162943
548033561
461292150
934496224
59096577
355451518
395611866
87784643
4511953
137287233
458031136
862577924
35578144
170410122
270779850
682629673
857997348
756114943
269439378
982355869
27339875
330908964
5627270
254398362
165834319
130727282
257647819
546288357
294114678
482328423
881524193
36793974
30361984
342816343
823806550
941974914
698267861
219418416
29759557
555296166
209222002
340307045
270390442
244800146
510717167
541170292
927429819
221230867
149801587
49385549
56103088
29657815
380294514
61730358
284056177
546128833
44973992
394220348
92417190
339088671
876548771
826457735
228398997
759427107
21790430
52205547
553918373
720058292
124140315
436194282
127870810
333362317
629017679
250777605
578162463
139734846
791947897
358108634
213482066
794265837
407494184
269585154
823923652
787788698
183831865
960496181
333917531
228805857
354716529
278851073
420410880
83781652
105308808
648809877
695725111
127099238
701015424
102159837
699673882
825155740
538354119
680061045
11034409
19888151
930838650
589196873
12139349
575302899
947305507
225621415
369568736
354799691
347722922
46008740
142588389
531554787
6504921
329022272
612876996
213737802
460389697
33287877
150035806
418214857
682097754
845760918
397830448
235629531
947920755
97504330
913301623
338791226
630081727
924336032
358679377
560920377
513532905
370818727
136223277
313354765
596440142
358308365
668154456
944163064
256833458
663259198
328234203
115854731
844797822
941111200
329592534
305187520
826915429
479628340
723402377
361529535
177905610
121232825
597159066
125826365
71253508
362977041
464617592
553851587
287313074
823296969
114771965
653362331
46632048
103511594
966717096
643072191
314336311
487387905
439751607
571169769
3163455
620502163
687024501
847961277
414129715
869133387
5665149
241045144
201278079
729067527
602574679
379183690
702816704
52250098
505010055
626586564
415227139
822143999
32954504
555056565
497957321
242821
208418897
544589369
103754415
27652345
40177912
270607078
515040250
479929520
694293200
518203705
100431683
233834053
366164983
367077750
102967440
371830132
608122894
304245519
953414011
63213925
683429209
508747068
115464023
40955617
135333632
383207515
863099616
20804488
938264080
213573289
21047309
999199329
758162659
124801724
26851675
798340571
247925155
541891925
130786443
942218355
60095631
83734478
28568760
278776966
450812228
131536200
503123450
58935122
288298071
456537462
974665400
971727281
965284530
942645775
865199250
953134514
178369642
580815218
973939003
116633723
794388508
994986312
968349404
552551167
972304389
995201079
203408090
72745896
389609357
334194534
867480603
302221340
417929012
896049363
433514658
868741241
27585563
936638108
780192715
168399986
245691922
754858115
140127267
63492804
550020243
857842869
16627319
728389885
438658088
843082674
697539960
85562948
690585338
665889365
638114115
515406079
513606796
841522205
440668327
755732505
28233091
308148930
57953845
446162104
56714645
343984855
314903345
84300208
280622964
95096060
105216547
526314886
702470528
97860166
589807691
105007123
955703036
458951362
833397008
246877476
154550388
530936969
332440424
697652078
49342686
970554539
65574510
415465834
664593096
506242837
171198340
692826188
814391768
81668537
138988292
871106413
425653393
306407989
807922974
558792709
254020401
913139521
85107595
809007281
10999687
527431638
914014404
819219075
838899352
747411413
66096551
993449740
130864734
398536975
543618171
32723772
221607866
609192681
448189606
738717315
115435518
619387946
284059855
782343638
553572836
275564499
505966404
979226229
581972488
166405730
390535290
688509241
79545251
328159237
497516523
943061290
855590876
264047279
614796718
547006580
11458692
680893269
392972673
994839778
931946597
936590844
27563550
6070815
545783525
475753157
744788130
513735395
947657455
28847985
296079034
501230291
304412484
802045438
332972872
738901324
968451168
723508162
427410566
900512771
51667400
777443441
696090413
759774628
41490720
163403483
159297560
905465765
844296753
552270233
900305543
628759702
488861077
780385446
634830517
887160954
108654955
379618648
400896350
56312410
260982985
549491736
410059054
565395470
204053526
743031926
156813146
25021046
319056441
584223712
925533817
223240193
214183505
474140582
835531173
255674226
637544066
994828733
13656343
334357171
547098967
913961886
963116873
888476396
546863684
450463742
775637351
655518639
830082390
29050053
711831050
91065376
578541789
121890104
508977198
782595315
717438382
665790344
807616361
889011175
102530409
585666530
112251368
316713914
912323464
800298893
424904492
402383882
795127627
438560835
736741053
194742946
205039074
552374278
83219342
751902758
2838021
711373045
407421398
685436763
592939450
971768800
629018491
23997591
946175256
990512041
806592906
516129990
508818738
466725619
405141166
611349147
904908501
369908886
780579413
817231966
22724132
205483906
72132200
817851759
644044741
808873254
865111057
849083815
213763884
800846751
453502926
69118257
364736149
860924324
607071373
957675599
685209476
88606216
981673191
631384732
79118258
640782449
31074
587936996
107508069
405172240
51802495
864932922
627597479
832381908
534681240
650321611
890382166
606813441
320689722
386943260
268203047
185800779
88543427
481966931
986647530
542046353
403601541
203900031
255487029
10672914
161575631
940696505
99279130
143248822
424597589
30913740
636547623
424628664
618850736
596572044
829800904
523169583
461504967
309914735
208067844
996186207
960236346
98450010
455516000
280926068
485393270
723719047
319243199
573936698
58202331
158407082
115983051
461803872
362307113
223986433
472476786
523882744
164682938
424272268
519647918
589280528
455186009
8711894
13909192
74036745
605283938
696226448
449722681
66788905
6141184
657790525
915491465
818893882
756240535
223523817
99819951
94150158
947242865
271579502
520603208
5445196
429986584
489102611
467249068
792293698
713089044
792242206
168692794
877771983
216514474
688340713
319568863
671700483
697052607
185994407
598253581
154852897
734737207
47976262
74158155
593394743
558283139
989649620
412288626
167040026
65689789
364624929
261190184
12932654
636204431
781793392
18377850
66191016
123412356
338143270
711001066
836501400
130385476
879693860
566789735
199416303
420550925
886358598
723633138
117603532
924869357
174403071
124972782
659606565
74895685
199130937
105517660
633178824
41296909
517806286
800218851
106986698
734947567
61409035
119919353
223668351
695718780
990813555
142375719
819131136
181473178
853376785
508148888
164375006
733070645
74938624
363791309
6137923
813813574
87424448
123741455
738682932
114343871
101230589
250805849
189239557
300361526
356323509
822418381
341658435
726646148
622637232
448645134
461593715
536562620
568564487
685262066
84797752
411894394
827637785
756445240
593367572
533530922
264594128
757742579
119117920
192049104
121533888
125255843
5862679
61474688
101513650
597061963
28334912
202744240
847867812
217574469
503105766
56707673
39992850
844764202
783353821
515146435
293409336
97463889
51709055
714490175
635242307
989023159
126384569
315396445
745468399
719752142
848927367
862578879
330011073
968045287
54627984
304061313
93301130
60490663
218052354
194814781
510068978
246387266
397559021
210453142
463961735
900664787
267160815
503954585
597945341
903030989
19101020
891354677
494878
923326427
458361204
488253537
764865938
584745774
803649982
362850689
157014268
652577350
225429569
487025341
473138989
132573905
791086654
566440120
45580920
9139008
613771253
555649898
108042626
11330274
766103040
572004361
764511413
33263855
75958947
214973107
788811196
947576319
106327784
641822426
723419099
417205341
130075964
340801389
1951115
933725946
703652079
11481735
438819648
929081648
351023428
911958638
61655553
142110082
330915110
107236473
3765443
944686363
515402723
111808069
808532989
281505763
536328783
425560754
167285970
464804082
640533861
956097167
264896753
599377998
450435945
988315852
16583339
580511909
181633594
871050806
366754208
885285673
735048893
658090208
666883673
86072321
422565198
581055578
80698755
753480308
540808403
936980550
550683023
56211126
901304972
211732364
190233241
437633755
489809471
357519211
902437837
130343332
166132730
19850942
582237682
616568676
8166795
451337373
49596937
42316741
174904531
268867497
927602414
909953424
926957706
594486087
848542097
349522904
28058017
929240853
955519565
568866420
718737755
358718940
625077546
620042727
570451305
815310787
910192834
60260776
25346350
665147023
43120460
43995433
684997966
477874495
660564109
545681113
781728220
562677398
587997854
956632752
831544896
515600268
719102528
758502602
962602707
420160978
960541858
990660724
201918183
916061423
559527144
920655938
127296716
37121042
393215018
697748021
704948181
303407852
610525149
730294531
968554876
506161961
774289964
506069194
836552808
287370425
51750307
618281029
850047824
639748161
427430133
534109072
7864781
999049013
145128026
970467488
419209991
105669884
813644564
621128174
874247660
225688060
394300465
1544376
262809102
787515483
551808749
967757283
90923335
14850250
550568166
911994563
521012211
177374483
270580109
210081372
317261260
322330416
828362401
19825436
814594929
108308886
553934508
822459710
107357899
699062534
645443550
379084243
804732419
311604466
852728769
531496431
537292526
247029234
533040807
800101628
34544717
84849556
620375263
977984405
99699806
23459782
742495320
473228369
53350617
13075430
683309741
370611877
187922198
364188494
390437314
2517128
325013732
944371822
677493190
284887984
643434357
175453093
663972227
300683128
487057559
369217348
832179559
24350086
616246583
217736718
676968066
503307652
155102626
149859682
333808409
107318784
25835816
928820082
433063505
79186433
794411864
116373247
449798310
982334062
333078093
840235624
837367542
658091826
784607447
367377085
942979810
280558156
395346530
459468389
433757636
882404089
828685737
118453547
759270527
297448672
336190265
288754946
653272677
343809243
291130980
987081086
451128027
316966796
768417520
884191532
396153229
562829384
853081131
845951539
397679799
38675577
686187164
87563693
549283755
323310963
307457130
344779917
456385471
702803660
804248306
890143107
437724102
485450395
8596654
49510981
635415420
197303271
338265927
288688097
541112514
629396907
128285535
992240541
946363703
896703056
728948425
195033284
312048792
434545909
40984824
562244943
325737838
579688340
649808637
875021593
902999303
957265767
219801510
211901126
512585780
876566168
102044233
950309882
214532915
110640887
999820863
849948335
160460510
190603143
138636432
701573024
820000050
119438320
546329917
618880106
868657728
127794694
813913390
33222872
562340603
707414566
595467816
888078441
287102906
97792805
615616386
42618561
55058572
835417896
254519687
420160704
564500416
209080272
370470586
779033332
172237511
222807802
628981667
332698021
413410945
620134452
34271045
85927347
592089124
580600962
704807453
460746852
708395657
371237196
493969724
123252612
78651762
89437540
863847406
218271021
39746697
479463792
113405934
94805270
167398041
367925622
367482326
731898457
577005894
737952913
363448141
749243406
960760715
992429809
81941427
226688012
465080613
968728825
312615359
57169737
401846139
17422813
370432941
110241796
241176361
716919017
86010761
172344475
658872910
949858167
243131848
698619607
281838311
356537783
645941229
301752704
724463405
13423556
33651162
153985651
603892821
249615655
755745409
417169888
94561816
690203189
643857900
559642429
658932014
956473259
469328518
60778153
826412424
692277811
23536302
67588785
409196829
962063415
92449613
68069739
764437934
335581461
619205698
46276245
692119244
265146928
200545302
269099001
131086836
86712816
275601005
734979657
336328471
31346414
152149545
430890288
721549603
796007445
990532717
232997969
604997056
312377588
146292475
431409481
4655399
22345129
351514618
266368580
984408544
296480583
186954671
601362830
632062045
806160370
500155427
176697641
923823650
700700729
298312995
54910486
787413545
573914000
789890143
123742017
605260414
794556040
554632305
179326370
443079837
397681374
264840691
48076893
562575314
411133166
332002726
419747066
285994647
683517345
686115646
122919543
979997928
725586670
724282373
464576325
384263392
224437801
493790319
308087042
925138530
792103314
215513880
565068428
366017314
5404023
688810445
823794080
652476415
95959102
3120450
95556252
346156828
120477494
143633145
908732143
531610660
328152224
328479209
817605308
11669569
867111207
940524851
844183849
592697877
517323577
161276527
976961269
741761378
655066846
137564663
519416260
299686512
353078543
84484688
665703826
210998918
625811485
342014258
863475333
574286939
197651061
811547937
920443768
318128555
807697435
829175911
849739215
135849659
10171472
519860875
35580
877282679
312902079
696735781
322496909
830225656
858012308
151974530
424503386
365595506
142055546
796435998
665282018
495134089
733437039
183502196
558649360
211764876
525516455
274641045
786051816
723167516
86188983
706495584
41296071
893886418
388187847
743551638
882252429
250875671
115928866
882288009
128158350
281347297
431540142
303171611
111572953
142068803
307662494
388592691
507664309
449718040
37545041
25462680
944852129
770982080
61481228
356017841
982746957
586997683
630658887
768798773
162681551
716847870
327810709
56493974
463250640
568514908
652561965
198019421
819390579
768490831
80307430
800065281
49838128
364363924
103236893
13927433
506432727
263415739
255036476
14097037
713133779
292581517
892076069
510502260
63563598
953557297
866520102
898826907
393071333
497178989
520142032
555752884
66543211
847952741
464763211
382310203
268984001
117325176
580329624
88374580
738332359
513153406
888439861
640686839
877517330
844193106
507130624
383950058
107608845
762167100
250563447
673258976
907264969
142639516
183761237
823344919
948713165
50281339
722171826
341784498
399976680
94830210
750053735
319036243
942782951
214816946
701346446
64283304
184658474
281676070
152657884
922990833
794829476
893614098
563677672
524863158
590323556
70808296
908813216
550448754
685491748
11893015
223707730
445273069
7048883
259985319
268617989
955762049
162783010
843306167
150062899
562759690
938136378
900116634
881795933
733435681
967449932
435658731
797718986
152108406
717334801
950376870
75099239
364680629
696507320
491293263
889543788
286830877
414617911
650873356
837279631
952626011
515282724
913503713
397899081
522331607
173489033
519033422
330610008
336272043
362339589
333189260
751548086
152992319
85822246
485860371
886428001
53272179
921519103
684146987
57896937
491370256
487040209
132996177
856050886
36063882
476805792
598111026
322894759
743940056
101500734
12690742
696566067
616783458
926194455
946981500
991631418
952199840
466014922
174757778
140988236
680870864
507947038
892536322
833863183
593769285
378396693
720291184
647041464
152432148
256954523
704938401
643802405
596511085
690450930
352369643
632574967
19773075
950480669
955469726
763713131
904497755
820676820
312795550
373797566
599387627
112293403
365428984
551587468
578308325
540186762
692575704
111695541
48133801
437628378
945558725
494419438
816025071
518366261
141460902
968457220
775320785
698915655
464775977
224348222
241882938
817145620
856923189
114172365
620142641
664909267
877885496
524640396
485586087
43197398
898437962
84973714
155490801
116383298
489077534
586315479
509086413
34169590
698011020
409736566
471797968
643569745
904156004
140339392
14452359
898133258
961312964
789773144
449565265
426088941
14121366
691448203
95750913
723560907
805620568
715893554
388470174
536022416
93050302
726572613
431736167
991488265
664062679
587226968
960387915
5656566
26058799
469474328
39826156
724069820
879210894
364140477
220155917
635883250
504479869
234608276
534016508
318309185
24381420
983581774
744398126
891019138
527546329
840149039
467096397
185683250
408558945
855566571
574222018
501609247
434655536
5958185
345613864
98718216
445701506
306001780
104374782
471760305
627992460
144200938
195830125
359719707
360857767
415986043
995602957
865337636
650594319
382135818
36163173
527492092
218233944
780561299
271027582
745780273
473226690
738123980
783979875
881785635
446206903
358201894
235911235
880862440
216676431
581525099
832097008
662377937
887526879
936471790
134138243
368035692
933189080
182484720
727755399
146563200
598470763
723358356
11900836
101581435
105494174
48064010
481589879
176244470
681141661
752617461
922024744
6884704
343257793
558520971
741186691
641981049
916722865
977097926
375359841
133399297
558623026
207456849
648293586
298666257
996444991
782431829
666701949
782150423
964916550
246973700
928713623
415903665
970332057
793130812
370001452
928342583
693711174
851591331
104587054
227369187
456725145
879128150
234253891
799982938
290165473
975440583
294480339
59404691
805054861
669840180
45320340
216194239
877297029
693613926
514860497
726258372
328562108
34078798
508408796
145995010
281052499
289638771
561898675
103900908
82769583
931900128
884759843
776480757
636007811
841863249
3849945
92732956
573507751
90620188
745232247
863673225
918577123
39712586
923077916
723631985
709552767
968398256
939826224
439366148
662012182
307203073
18140873
990574290
193798224
526549669
136569300
474850723
816188440
550984328
431267983
751474376
335400808
316027826
380471485
971408619
10407428
236837782
916657928
583915179
327457971
661890175
447588404
98551446
554119113
223182672
822183431
116188232
191580928
614526008
555554381
706109463
774245433
573695254
549200105
968043657
952761275
538285758
295410732
621466067
89270086
726678715
372940443
277187246
42706542
753411929
101112217
53113970
990249711
17770145
489545501
170224034
532176672
937133906
268775481
86295786
12832930
943475264
55000370
204413859
410517624
610554751
910523322
184763058
36766357
312239779
5323067
989527632
850525537
300733800
463510052
792311975
27412515
836450495
69499221
922635409
442378776
23127791
828265731
285144840
893414288
317811233
307885226
278107313
107461491
576660707
216919451
120294421
372652324
271919821
177224632
783169948
882474573
87747954
967933006
771757282
252504086
973256074
613801267
103029623
126506226
77311319
895341599
153918741
766278166
817357172
76554151
61173295
693001315
757336234
346318135
586415604
75147467
654203361
864522917
35125310
83380421
81442368
7936084
456032745
205878541
185160716
91719045
88353114
125425023
59652052
712626749
377929109
885424478
326428016
480958732
11930704
256255687
228816683
18365797
22533853
898690208
947436300
83707148
591691523
704772535
282541635
30623479
632436354
936744997
747662748
520078017
872641770
681621468
528014101
181190867
887500010
713174817
272909912
828369476
838599840
185078316
540996225
216528949
70502794
719940593
550004034
934949850
976196280
778820717
805832000
998730134
530027277
753268300
934953634
121718801
310557187
217495270
4858632
795509894
6756619
752521381
315587911
879398389
286659201
843602012
60589256
174159211
409293181
186015520
2528688
247893022
371093837
396041265
316938323
294112983
115981859
866942357
81579186
944694491
498279427
887411186
795940977
28306704
493195838
730894612
2541857
803753026
800906234
7400490
451779272
807662853
612438223
767367183
539577594
899097424
463485547
452683202
925772988
872778728
638698722
780818028
973188102
9792559
29375645
290126426
156421895
145357504
9585135
238001081
942568348
507864562
125412267
738509325
536171267
618608105
321920289
391229476
274877483
122826523
251146318
726656755
783005728
863584541
346540290
175099674
615198318
662542189
480299228
393487658
387837270
118997951
174305686
361025372
981306862
203681331
503668150
137728757
201555188
513253286
228246190
144123536
21117848
353658457
735149213
409805467
824782915
909585855
801034944
99660398
884928730
52181262
678833506
520450811
768282156
877890148
695550485
235996826
540432338
28366066
629484484
928269608
147364017
803790170
141811332
981187231
859987853
645479483
971432341
61543041
11249121
52194883
58182929
32366969
405853341
645848495
442172437
83152608
407950702
95723733
35329358
292879432
147904995
714162864
813330243
916187151
444569365
361397081
4700329
985001703
389763147
634184813
765787663
389643516
290491335
760115347
223347099
150479189
258111182
47295792
64538582
269360303
99490676
975237864
301727273
357860369
473602711
596416062
441012977
881553413
692139795
476342335
26949197
840044790
43021552
840279441
608748294
487590917
54192874
613448623
325108972
296472373
100149789
90896635
686115889
390641124
703528334
761979340
541120313
961639517
809275133
458175248
230999820
761282161
433413112
385243445
119142530
907015823
981659507
560155507
641085588
673799302
36497842
668034785
366360445
79519394
360830578
827625091
419626663
415023452
293590066
744735635
711495825
393739855
688148622
250128066
784380980
391676957
12107407
178017645
205832826
673898892
636192893
436832646
287697405
69606005
822076092
406839935
829138180
656251951
819511794
322740120
182567606
708525988
990774906
548928051
640561735
351605484
229069494
60188398
619145289
522659560
804924034
183157466
916399416
345589008
433285533
700780396
737265965
297909292
878798041
943098791
824324536
367507287
232447790
112021941
289629644
907040234
371378228
118767825
563292185
190890022
294024297
745859791
899416010
284799203
147304194
392494097
488921040
376373688
452682496
108066329
899033249
110122882
291223795
667949017
455711890
577025680
221245765
45494208
874934972
100043806
841109351
551775860
320067445
73557141
663797801
609697090
833113727
35176029
580981267
248922265
78582403
875005564
994782056
830514766
12321120
994602603
223008863
501242160
223492643
528207711
609308489
122525892
638330593
753048636
642991261
946558836
330074317
864237026
992053044
57525641
816797185
685678747
609301502
136864630
611752241
125615655
746561720
444865968
13308037
180059339
693788233
91890440
55064904
541086642
774921558
67386024
388205597
997930422
568628184
611698240
378654485
30453025
586740485
16985079
783501661
229731746
816060267
966092330
93968773
660629663
23617972
763282310
346308410
485435826
900146940
958060651
463567833
499225013
255442972
476875870
679284352
801747557
421282663
586865608
195350551
48720573
654251632
583556148
46650995
75396168
195254389
277821833
105849193
781994874
147323264
741867207
864242972
963383531
560475889
810728097
624013194
436610213
574010407
822837956
922046039
326673700
633414960
238130225
678415065
888857932
715006095
210215769
543121841
988805110
797081378
738472393
37525684
303849362
322028541
936693031
379245531
369799282
214514864
337611076
4310508
361838128
931994635
868553481
177738011
492470525
679281578
801751205
929080738
105808338
477105514
703643130
284998390
110520474
941773355
963413455
851894758
509295802
173629224
395016599
350617265
970710602
133488992
388142949
127076317
308033886
177352332
506321848
677833168
391867197
696449276
682143677
606221677
628443912
403213510
783959689
973430789
82495088
438227246
755027879
40819778
915332760
311187361
325818168
25853234
105477068
141747975
730264344
614772871
315377200
125280944
965390136
138604154
111286288
206049437
265680471
271836526
383401769
624518671
802186047
627785318
320967948
336846076
234006996
801928212
740059586
17966685
775359001
675071026
308710283
382903232
715890805
224043044
694090594
894225325
102412630
799567662
35973301
832676975
266856885
203866853
810474271
84763373
342471007
774276911
290812810
460667831
898629790
526730932
85186502
700815837
154516250
258670802
37661913
241039598
60599014
630237851
111522635
688474367
305308877
420232919
71377600
873716034
644275963
765468194
767941360
599204945
417552208
656431013
284398272
684409094
860297866
94872543
769172467
55285225
721665807
59985278
515953056
472811949
439232562
601139559
26144138
593748812
859810361
63806051
834788411
772925728
546560254
946311046
461400095
851869131
219060317
385294047
578101518
863336280
3278593
198559230
315057578
420830802
854990243
599455850
105239896
715288109
546844746
874412363
770573334
121026905
786913993
139042743
593838854
78662907
740182302
619982992
672411720
452509015
536305395
359716483
77951095
82865649
158543881
539351191
787251132
377604199
924645238
365352650
93456831
927923832
563911880
408514409
201270986
271418475
7970260
306510882
986706584
407331358
33439597
609796271
528358263
672869943
748839014
122197117
751532850
341537668
742180109
276460922
646563035
131001856
636177405
724514131
213867505
647237639
116381674
1118637
24841838
41026912
218987640
970815021
821467096
635415872
231845783
22738082
906834348
92332395
181765316
746057284
499663753
67721266
208369907
28022016
740591209
957208921
2735485
492124059
151262941
744915594
768584982
797825977
875917450
257278739
374856460
942301307
904516378
491238134
795936296
781874568
384781398
14923936
605205942
58764847
502856161
837051725
81502929
409690509
929384120
115784598
8264145
429047873
183505864
216634053
309586241
924097073
26359326
312321726
268737484
177622268
57237320
889838818
827964597
785671122
147117558
202821057
580488781
904150288
694059191
376425077
538541209
78840589
243865366
143747151
137605436
746721527
833315228
71624718
8928388
762699348
39925668
17192533
44263573
75947884
233826586
353849814
44957
260185913
666171540
121298793
290324533
575925212
11137612
118289130
214112686
10771522
173626539
794601467
767438162
867685730
23542896
158495723
799042671
119924614
154759226
789164460
866646141
988074454
713305530
728090881
603290154
605747550
745283415
500070079
681695434
831626353
853919893
534256743
91812266
372607785
655555536
234653151
801049349
519209500
352942281
15162035
382497374
526568820
662279854
2451889
246770902
538339103
13463964
898329926
658263717
168223191
540010738
377426211
8813997
105832620
105517092
464620504
711580170
703316859
964690583
393275604
534943213
671126829
927532347
479271831
43734614
435604235
713924983
697300316
807330088
919383616
564978703
42343814
298468789
79774910
44795703
545239691
618114013
58259668
296085969
276377730
78999211
836096707
653803941
87813208
941929327
611837386
552433712
653509497
315154245
369640648
899301453
702613810
40767477
679350152
34401994
937018443
114954388
748326977
634318759
774800828
520226945
51813815
817144642
818695734
131588725
861940346
216451778
749702738
772716366
512537747
26080468
851715577
348634455
532400762
939528785
143080134
144238148
344478850
796589632
311908745
714119498
548407437
14522556
607403327
227757590
48924550
544421770
195228330
649767879
31256882
970029158
22511176
83070697
639690152
841206911
214659422
354146850
57658689
964362160
126863216
570196436
842958980
978578793
771347243
227876094
770623931
914427378
224630594
967619133
563533362
389055692
534254983
111940799
256094600
141658310
192214741
157535502
538596432
387443071
807303381
569853314
209988581
829814557
505440363
849678734
523537820
720099785
56341936
581196509
536978297
183205153
3909298
232453630
14300298
775256541
312846076
637440581
542200271
537476671
605059714
105733633
926532363
139314697
70190785
35143315
133489359
262405526
192678817
672085792
649848598
999982198
94455458
712353531
682313107
599895822
414548617
58367280
172511959
470890554
639563789
562006609
654095707
495989439
794460239
520912357
123762333
107306315
158352939
665962604
497299338
615929005
771696238
276348053
607760055
841887023
311491368
741249414
104292549
504170185
265851558
606657499
356668735
212823369
171527383
891498195
812719191
586076000
949865475
837747502
56966554
441945616
399754111
563578613
937935056
46730702
84490971
61697389
6553370
95360262
727659993
356369060
711289267
351872583
632717114
319049322
46275958
796724834
912815089
3084860
153411372
31182999
462258711
510080107
244006368
633786094
254094654
56725559
219862095
203960129
746989414
129345001
645905746
146743525
692923615
436357154
45990580
777414586
498054543
52543950
872774848
78230888
261429362
436580467
282619824
894146476
755629790
328895782
543387663
520961231
184496994
696799035
552144230
646755706
59395494
796150599
280541800
313490149
705392510
352920247
517450278
452381924
482265249
15872376
451641802
175188864
452229530
350148734
805119802
802800425
255209036
530411002
881031314
516638398
966991469
16167490
263301227
575137611
345063272
806688890
96098842
529560267
503487925
648243073
28832325
562883419
296910024
309374125
876373568
2302534
662294373
246340199
307200811
144559622
114728927
758842613
172264838
566958458
108991347
977384640
222275235
216716735
360311994
103306549
733355133
327303463
119474039
996656360
902441075
317053664
803345250
851056269
699130283
159349527
351815694
727962608
574749299
648725718
37336733
303639219
651028253
552147458
549979418
958229064
549223432
664708346
569588029
574004622
84183156
531095728
403905614
306458391
747812463
764217608
262281293
333683948
91521072
234271684
330340309
846478499
403841700
986201911
550051120
102971983
145551439
901866815
830934591
572817090
550592533
720787677
876456309
54137138
125451487
278952080
864882554
527191272
943660426
286986935
101195894
880359934
818082663
505101509
39334677
418411478
121835469
301615970
752095427
65872893
388404007
934952088
912351392
792245707
921153999
314918865
895217691
919221790
216785680
578668634
344555232
619894565
151972663
221011542
674031704
129940503
499963622
391430610
657131775
296140400
678417546
758327669
29016686
349016561
115945530
68351363
767428040
237781000
369967334
372039819
303653893
758371341
159508259
68521638
403133400
80662258
383440503
150867443
852400401
452742535
729536078
49471985
72637100
734025093
270483527
599185156
863965596
622963501
990615767
521097371
919103901
669033313
131941393
948120587
18049874
100403275
16471951
637994266
338184275
238955637
862550437
494354521
849843330
22058696
562876159
252976730
955237307
798833014
403844174
660154060
251575549
985896604
709626045
176729001
719921697
980109573
775914158
436403646
455589426
766529925
957501017
227209680
288079590
941958762
27846619
158645816
42362038
44318570
649156435
233062665
135790559
511706872
727417186
985633889
386281921
142809697
91126972
341519228
941642711
347487498
1673288
45734612
333384102
563815685
222463614
905822151
396441610
998377772
342225797
852031037
617424049
152243167
79240717
905503639
94201929
107087336
916665807
989080319
3922259
565822242
222142985
139712818
930045467
949560171
977863060
316327388
92369869
921506384
510362968
886528932
268993882
364552608
932263545
454894336
928368293
154727159
360716487
324809904
5621283
555458637
29357293
623045332
707701804
108598010
381065323
654420085
68201698
297731130
496016757
72123957
716069725
718159742
64353128
646115192
520236265
894732540
814958932
465122486
816238924
325321900
204167771
937749158
689874508
136431316
392643494
470759153
143674827
605876333
795569057
149296110
161334970
824926350
772341442
721553126
786040712
153406765
228489564
854242411
303654247
724506321
926366368
19723972
295182415
843235848
518355516
815418680
737968388
333314448
133057519
406723664
511152700
337225290
196989174
53543560
326172958
589632668
524302714
469847785
48025354
172388123
619143895
209360324
997314474
391485337
930913451
635871538
397408454
11919367
490113949
701062701
736425688
268996670
720786674
31608103
112232518
91658542
699543135
702717259
424972991
832600654
961957275
936125691
22342296
158946450
989669252
348515254
601095470
366488318
818363039
649120824
538876441
290023286
858481149
388707267
681508623
641910952
24578806
78917077
653830319
367209107
632496131
242772359
636205777
205799157
274380462
600954648
297457699
973923597
156188259
722430690
659040604
118145534
511072734
533899252
129608336
353258338
882414507
730703807
719746656
553293898
232340983
111139449
843317185
90822132
499846717
377342160
585249436
524425523
308775590
91596107
891634630
941271721
334368466
380356760
147070878
461265280
833827760
297044929
287705230
990016019
19475620
946745834
960677905
383064706
333161438
942802594
588839396
68092297
526022753
161102404
621386196
758363736
272241853
317219733
701702221
772088570
547078245
139468009
149030445
855853835
231064117
40665076
649641908
417948935
273538188
649229138
879214216
107365948
946274068
166919446
949898319
818266040
966181632
763092576
53847098
299343070
558411522
642686494
367435368
84434275
803788898
841337916
842798012
76030751
11074001
397016585
700635674
558152246
536484594
849666119
266522434
767548711
742847547
916164342
38013999
16385735
417909833
917228215
976268035
216700253
84147661
778682706
887482645
902845645
394291635
941329743
54705067
952703157
436532589
422140435
889653785
92837839
115994703
584968149
21384942
127068704
981984734
722020616
685220951
518469328
424203088
951743385
138534392
167050635
720424079
176548391
35952723
138333912
93776606
864737110
207550517
30440619
495936169
95033162
785802616
890227804
888879257
840507683
695447313
177928198
115164471
437617450
123282389
231159174
22585599
144667332
358227879
4570333
719204300
43448830
375556014
143407388
995192215
366606758
162974376
568132646
543155149
198927099
558982911
489448107
63664209
766533428
372405078
412116730
714082943
10724046
154860886
455478552
851231729
850308200
485923103
966396200
140442002
609205492
197555375
163027602
753872824
555783254
20114287
325593477
451748436
248186653
469000865
299457003
614793411
631975241
867589649
10464912
683418692
426572560
499913019
599599254
45622341
724834449
11715984
612221636
735558495
166576871
67700188
586790225
869401423
406139643
405702777
9843425
15345136
603258152
25387379
621734312
11557758
45501667
947327789
463306194
293688320
268845007
762763197
908481732
900820248
482869199
918946644
436755293
909441759
271376016
36354547
807580452
996210465
48070531
419802088
584285313
67163754
340018629
23591890
936565177
746158272
429294667
798924955
614019760
32552820
824312334
235754073
896626930
869814001
35598214
212449477
16018674
304443221
975212674
777016758
57779822
310598225
548479754
494535115
72556337
819855770
530889662
880136789
668582588
431476545
152455230
105384253
351156652
492473859
128976143
140238181
91148483
558270810
939163136
705168244
443339982
763475471
793438669
339966913
485805824
829036883
552416390
354340850
133480105
380145416
131357608
191259927
690743642
679837363
685795042
763299979
352209485
69201056
495953120
873308425
353193953
648408350
978692678
704350605
140882209
107668821
844588787
84547045
665939632
783751923
642231641
109279614
399743746
435670310
301762879
738065923
117223545
706695621
92406773
250703650
86841038
76280734
294479929
630101032
756118097
980274971
245917363
960843934
901992379
741870483
834152360
255186333
242795186
665361390
959536938
236193747
773030212
656642077
320740792
291486196
292910353
962972433
253282162
692654099
251159095
407561394
283236374
368382641
114257015
375643148
471602643
53614405
451923882
766082573
536231789
60558331
598873896
782149152
21402265
500866276
376535988
708070977
608568961
619331174
225948720
420622251
855524921
998978932
77264329
28782066
142981480
370174682
844270851
248779994
915345133
95429947
656341388
198581508
316328940
770598404
426741008
787931583
676729161
878664890
406530508
212960951
791739573
5404405
847626455
665658190
358787033
76678795
226245520
967355994
696009969
452194240
387978245
404051243
303689524
317758926
285349661
446671004
687933608
129620512
695450998
455795094
77566811
204308739
654376602
246412103
974907143
81117610
34343687
504152656
812298852
293390547
717113607
456554777
298794952
417256415
122212967
657581985
493935210
348458487
477454331
42461532
800652727
865432577
446512775
104342251
35707855
731862436
403529607
723641464
713999300
951496958
31952910
791566112
155805697
686329512
37978215
983229192
619963474
924838254
487381848
284778678
70745154
57011808
741333455
369540106
474268223
716062774
879638444
968203433
64521262
357092775
10664965
717690341
75041704
309694092
674548945
110749560
894072880
930594904
686907376
608072181
882091862
718860286
252154645
890413911
257706150
142649212
873643103
877669624
920003819
213541304
14964654
990748973
123069464
608814461
212805431
597337687
324877235
92443875
418057472
241914849
302053003
281238790
812121543
377094707
443449234
339186840
340360619
337522115
269781744
27267995
798110648
4389959
746128281
50265293
894803870
3834431
45430857
620963326
734020407
965434676
687020982
601501413
808700001
810090446
210315874
21505433
259944485
387709462
113949308
678001957
629624311
268518663
811757099
294262206
645613371
255206334
633449046
985973990
445244801
903230791
865758338
243355449
760137102
464402971
146137094
507457324
320753755
44084303
128420650
54774162
9518980
667957984
508791928
670735333
478048430
719107802
692240766
737992915
106817264
658706427
268511225
588957928
927225090
80268324
883220134
425354813
187991010
369185533
263845156
633235811
124932676
129603494
729107612
885069778
446522817
875244706
392527102
767276572
919329010
373464105
674567087
781364342
41422089
183359015
304616027
371986872
754983169
996856794
962496139
714316786
508079573
83523716
155791066
287821015
16308393
39011200
565692181
204299403
260713085
829537337
690051567
385645761
811657183
419159179
270715539
110696352
146920238
515758994
877972925
918765600
889223099
552540012
552646294
783161540
588415379
857262321
7664764
343398548
706635467
970160904
57715334
67231392
53684620
66022752
355052408
69993013
105033953
920744589
126808769
218263390
602798278
816860336
603909152
266971813
88535867
874624691
377668165
87972457
242900037
108157442
6738057
132123136
660697454
559384351
767801029
101629185
269163025
627982145
445027734
975798492
450659401
355259420
43029885
356860374
421282173
250598645
279369739
378832478
23859586
406178508
597095868
626657864
75555196
53521372
746146029
16607416
928146064
123814194
104579873
23562453
84487989
111317931
8201942
745185443
523218634
776002971
846814629
792381659
256501468
144358715
768180152
707160870
352134487
663726389
64021244
773416660
914325034
343390983
4765490
938184620
602085844
454377711
417358836
677641040
507899083
163504865
694248456
288561499
139835411
798828330
312123953
224323400
762662613
320325895
822025196
285881247
96328866
521356177
78262907
205346686
665714892
698959411
912507556
17849379
215202152
976528800
643782392
129527186
172436136
501064234
67711806
774521980
955441945
337586994
304679372
463341029
501091859
851444181
751902528
493443622
502788863
64026481
717767023
265451476
236868728
392308571
403849075
185713946
913664748
334628334
391060633
431895992
33587745
303568189
302261723
101306249
132613342
946044115
230833435
157565830
299624702
151061593
932087810
255066647
488648587
89283534
570924028
842256798
940727715
175342909
335700421
296032930
91885742
905983796
561484406
328754471
298292367
965333482
514468417
64473467
152478168
905529050
496369459
38582266
61613592
798631182
139888515
194226934
597191650
370721951
351792764
896816352
374299896
136396926
4399351
862948484
78196812
575323380
557721634
18924528
750666289
893422055
167473810
842552031
651922203
728958217
171306502
950214570
546808051
685774920
14688037
699286219
443820322
363573848
737868485
505433914
162205031
877757001
699660848
759396681
100995304
903969964
508729385
475295200
40366890
513128736
190760036
118563703
88452116
748481671
990004583
839118405
494420078
9994745
534186789
146342282
738952962
705493291
949073204
138277365
243784563
816277594
690079937
687604886
32367794
280464774
45555152
194572825
10738127
745216001
806485858
111733431
501702317
315215243
439544984
394585560
828343980
630305020
365665615
769312448
231303043
208186550
460947206
578239474
218181295
995133995
577098108
957134258
553143638
378687664
947927975
796928202
47481610
638007912
337049440
79849405
918472687
382604592
274422230
929210814
980336945
80908089
893460598
482039263
248639684
333005582
876624823
929500016
815826954
94806790
698812465
47129998
302993340
12276023
477885824
521174635
7410018
54983932
330825245
560553656
433671596
278753221
209998210
481153207
769277485
399564002
561002612
540266524
782168595
687941194
321993691
615021892
621365635
215454289
97061155
870005320
400976223
826202330
652021688
216803177
921009120
203350505
116449527
76518812
215626528
594335351
597693448
223036546
501835635
928518693
636106555
935507232
59788266
846104765
269176791
829065752
98185120
682695755
369332276
880353715
370636949
691325967
347891959
992002585
759296608
297469467
714524257
160272831
123671797
219062297
229592361
897197270
422412803
346041888
973716082
638039331
792893592
423925882
861075878
294729227
352444576
349698785
82752811
412232842
48319902
204445954
93814946
146505022
887141709
463147223
26858737
110295011
6989542
227267049
102297596
766286151
524736516
669338205
779075334
500924665
888400502
8667695
250638287
163329657
207225936
76870722
801368989
119528
500796604
514961219
147365107
853241180
864660004
230117919
117990375
912979906
434563873
211805321
59484929
174221935
527468896
938860018
284516946
534458439
166127067
239330894
153260942
690863583
908669099
932336276
44304601
649585953
793520324
294942888
812915611
746260
371813610
466800952
865788
872610215
981762171
747247
578367747
846422175
230865166
696358122
611918433
517945392
760679796
671403362
692167327
288148692
462779733
976684273
675123483
628906800
216015167
828384425
172286736
977200618
613237054
216591337
479302923
259273730
511534225
144734886
260019990
883347836
611535838
113402130
608474403
593298009
114149377
186842150
292236536
197530896
735716625
904154970
715476288
496396421
428074684
407643615
637061465
890854417
236844240
312184949
372277570
452859407
993085726
397080658
282576377
458839132
613671995
761879300
718112862
977722572
906614187
978132852
713586760
518150025
944051334
322061163
963964387
58200712
361419666
108717275
108247960
97136291
12872245
823724248
446049064
293463282
83884215
83110529
36834051
320728455
247811830
261627973
773587862
240897557
658708631
56164239
699736689
124896978
670559891
270365904
102619551
577174078
101015108
816206311
947840456
45066443
990783827
911804843
955783507
352203493
20522118
64031467
301856136
885910716
887755715
747905200
31890350
971639930
831015729
68724401
144884737
78827560
182868727
918472599
172241469
841577358
827153190
724494510
966474337
350229433
994860414
69093888
927403512
95875523
737816551
727760320
140941966
581116730
492081515
949241825
933320223
365119985
13273292
87692711
103547053
753545359
835597911
135437403
577701641
519129993
56678157
722586378
450473905
239546884
493575329
622715374
81124242
173244871
199726236
900114931
523474304
194586651
821725171
303394168
142978526
412058075
31154488
136436844
993174805
375752355
85678669
779011381
740872341
951468313
866704092
844419394
557530024
702302004
979856798
135231665
73948349
889051307
710334395
524422254
128598191
56426076
147137628
62238785
82187299
199380216
814870069
605661603
393966867
636595240
761572124
536945393
48653315
645242964
673382237
894344473
20995320
611577258
673355854
761867661
563045571
392576298
458803407
120575595
94878302
291176557
108323612
21343003
180227864
671174359
545765257
161342407
580116787
545419237
76097545
662304086
744799454
890967614
120482042
138766321
380079206
882054166
528228067
281248874
527297130
54126656
28109699
400808802
665703915
701465553
15192815
81265838
94041851
473996223
54357786
41436506
765172780
15197750
62779509
945400645
538888462
461061119
959259404
119005249
6480356
35356949
781309336
751279810
778840915
901791378
742562484
11436474
636361896
123306903
145201700
16175378
29949911
173311399
416984181
695653826
874776952
432176996
629436017
821335155
906173219
683793803
715288013
671346000
551507905
630583875
469262997
90396367
91644994
281038753
61917969
950641702
168912055
843227305
554437865
947752970
597535035
149516701
811705796
86413283
272823604
956907496
102588661
302773515
130218895
519572842
850943694
857512199
951749839
480379711
531363707
857923058
16689866
99168072
381785410
568197771
729751947
703564759
511110491
673913293
984603513
573028460
477071348
153515568
268772117
31509213
953784890
866307152
181025914
765490687
952720435
306365870
574914535
55309096
609139385
705133431
427398291
312599431
415161982
379148130
792979142
946525689
89587540
662185360
45693762
323889303
82899484
627962061
27454062
594009975
154391707
12057575
167038435
631463055
18089495
435810552
662972268
971874386
154634056
696514534
589881425
959870843
2880404
17312312
867696291
464536141
722445743
295094582
777135573
137607726
526759064
422631067
936649767
616346605
84816428
982343529
940235908
167715912
462821943
820206322
761725887
617213650
684780250
781280674
248676705
702869745
69607578
764165325
527260483
224241634
460679859
969658260
36628829
316076615
986970573
904325120
780612756
561932668
51936055
557748329
552056746
578695119
980379397
488706514
47558076
917712177
323566395
987793984
85428089
786388338
660516659
699670328
256118340
345296909
333467354
504795045
900683006
403074932
121476722
280459842
627316566
582156581
250118102
663945395
898233196
89605027
420786867
531362305
651537696
472722922
89110634
203594442
51418042
922006383
544817308
98976118
692234912
868383704
939286455
630179353
507288394
599803114
182366033
763406735
797616375
515833387
120718132
698299381
918908319
242194855
978759223
398741237
676867788
81393678
62686632
427617337
170998705
335989852
958979642
822536401
808712774
900606628
878647196
860130816
675129364
423464504
811623287
367364276
144364560
750909742
997543630
504169307
203229208
32426015
120092394
845583
548259403
240810526
551661316
467167722
335521733
382936892
865908960
12389522
316846922
781111944
440006859
487845627
117101796
251502853
162898381
778330923
152109481
41545577
490978091
827238845
317526433
302601378
47119474
314407346
906027472
897179456
818576653
109256680
929605471
938669047
962618615
477864874
31995925
366796284
797548949
367517659
602249528
515974261
379907181
919096450
149602557
672430392
259458429
119220706
923933245
422356810
897551629
76042726
316418739
388529720
755797924
486461525
543647451
655433750
800868871
449674923
552613206
619445524
411447956
334735029
410630923
226582923
812599904
442626848
445895559
462665205
810144507
48145087
978639466
42568040
967241537
128242023
714998432
79216319
247462729
638931677
501573129
145014358
567490756
670508221
386060431
175805032
156969746
929707882
831238782
957838617
231899157
236368340
429800493
495863465
571103369
840431416
722446389
236219625
135574616
20858300
698884830
945719124
69003388
530040648
988287164
888761277
658282672
703285597
967977596
758261753
194733626
322067078
755792464
614740734
992575299
141852895
790545766
2061397
924077129
474300900
959900014
8492638
563185592
242216859
504356104
134288962
935164627
79318845
223024939
70739243
100177145
774426122
16458367
21696885
304466770
857261884
910458163
815265794
413063833
878435759
573527548
607797459
53019189
181836364
75054546
45594488
176205611
865600312
47655885
100282740
192417565
860072251
961291730
755603157
102289110
318164186
742408471
889970089
397483031
817949763
960709333
350176529
592375885
829684052
371873414
749359007
539462288
282331577
564624802
952526121
13283689
990668702
412839933
66302878
172505066
487894479
111897367
348710677
206011143
12069604
301509769
398428708
872141856
115317851
6548218
826947318
433482038
601473041
569433760
830965069
419422804
382659445
33657950
864315041
64859849
405531365
613674049
604322138
687862942
30815203
556848259
553662983
21483905
969688192
619965862
46505323
310099023
584379581
247732352
516110167
448965537
549242121
914538875
173623745
664559972
773603445
571064
98042010
375076487
422521176
781523432
647015643
805180621
815181382
511330685
870040470
73229099
977521086
474362608
761092042
8336289
883727220
167271377
882336546
705931764
787237239
781358221
16030788
224133172
29090573
532140955
673098710
430849046
299196182
846722455
95409018
72799628
699809871
45967381
300392467
122331047
680007165
947408110
780028020
347704899
311255147
650068491
420933999
141292585
976947451
34542393
2145226
860674671
201813770
884481772
419122788
841567362
518356345
435153576
65700534
547446918
819810883
591315596
978295964
119007065
290554404
926221335
44323045
842880627
824705068
197231864
817728027
357228585
997156327
597756047
557449836
160927826
100340890
978383835
302220412
77288342
865442580
304365638
790479365
67256351
41363763
62118505
761340065
559720108
497272081
679556951
107167027
169599316
123388900
937979343
141122734
413943304
716717030
37962131
109340283
393938450
235193996
927068310
603683387
84866675
377340710
161133224
245794501
477681600
992033411
548014913
407486294
857475992
852380552
50482012
777248695
893744315
112600517
391105112
453464423
462388951
70662063
413147802
631988267
194050963
203643498
773111001
460510619
772876880
811073133
569850903
19331683
46267129
496919213
623015070
131133804
874259923
784148294
229444657
204457876
628698058
777459571
464460522
338690402
629840123
514942534
115939097
376100790
480059404
359560561
829565213
942448355
430222624
95229368
574436622
476789940
151389218
200063976
937300559
924266098
11137109
507151462
943597781
909920590
856587028
566612852
893570746
583363303
203277498
123015403
787821179
831975556
900474974
104798054
23182310
382831449
619740588
139121407
758932239
99799992
351198320
441013805
894764699
781420945
388759525
321717674
110727237
540148743
521781650
48027796
464414841
532918759
407695611
260528975
295355701
264282639
827141827
188926447
847645942
882935677
164458202
487983474
567427586
64933177
592781528
590609896
300280978
65038468
582247656
911729570
17354813
933445976
205259727
912119512
567383273
594019252
86353538
678110510
134167995
608135188
726138307
451099188
141053947
133833918
711628163
288926000
250632909
391286342
477852447
950795203
274222020
642310650
291295029
841649606
559760179
884076557
284775854
712557509
801631378
867023510
624287079
818986191
800469487
829546806
583622055
220369112
276082410
669975594
898479623
410250405
130627134
477134282
861349594
124197434
463484552
425494109
413123434
714117461
816780452
890975882
517429016
91002472
385802884
808724046
785168430
798079415
545316955
69944284
510636924
346948333
789484147
987440356
18450876
442469986
669503514
454589284
662839098
945585925
124564878
561318721
208352682
107708364
38453003
69702276
231905798
354453907
347712738
645029233
68571368
164493190
388521467
438516737
108012014
774324351
247240783
745696796
424920118
792557738
668157432
935557042
992022424
457641579
775513750
10473300
900111565
445017265
317578936
415467016
243119542
294660166
976785737
451472224
402368531
867755093
373690853
634274329
74725352
721403591
279303562
143296721
885896781
667825029
434329810
846425147
294665732
681570593
592121943
719585850
326644683
112795727
507659245
171183459
570437307
135689347
34173112
323065224
580706612
351752048
738532240
823826154
646412215
567834330
127814731
48780746
288105775
501505584
683055075
362831127
222909175
814874990
358644200
961322308
335216371
792974010
807747455
629882104
327060955
252385750
201984306
506221991
365181477
562159903
677405450
788135136
697849251
711578562
111200361
131072215
63330611
702248953
954898370
709742826
122599635
82713101
611039924
263221762
436735037
146611351
626052890
659644212
961486341
837213442
473482872
296702713
482703805
133746679
779101169
809764760
386132429
981085475
168503103
603830258
395761731
845908554
391965395
93610982
557487116
355682108
224683197
473334079
910447413
32097919
35593257
33047049
967327372
646633181
148785163
404062409
793244533
774838053
916222973
754730874
464567848
389705845
903949939
947271653
523452524
683051108
609552765
762101305
516652936
778055869
365931564
912414667
623964423
610413311
858542001
33967891
966095419
83225198
507301971
729059184
967839470
542895228
614622585
935166842
42044762
763407749
191745604
835289295
390762154
107968577
442536521
855330002
350190775
346486461
802601655
726159651
882053921
264670773
488260957
251223209
42726642
706708873
16154228
519207417
317122184
874696229
553175308
135733955
810437780
912993631
864793139
778277250
308405212
331932077
565960444
350449974
95339826
610222400
185739269
486101980
570707330
628275790
193948335
920898105
827278603
996549990
499574108
709332525
113737115
987835065
960555734
156463757
547060290
976709963
675671174
864182474
703922544
81362835
852432781
514360324
994356466
569742273
145153926
155278030
901674350
563630723
505728004
997014176
173853123
691467273
335632508
744560453
172259416
529580843
517974910
999538019
378647186
17549019
561386896
492384301
857900436
374458983
501364411
257477079
203685298
29551937
121659553
907607842
110914772
826608687
274484519
957787591
396350960
272154797
113065621
150541662
835785520
618793626
72190
9638644
162777251
335704698
606715449
187553019
717801894
977206712
39607391
96449080
847272083
600994287
441349733
557688871
827969622
942714144
815165950
31654920
972266082
789341856
791779115
935697206
615950543
918779986
893484797
864817855
190934783
859066771
15359517
26720304
330376749
15431707
888875300
493154000
203652757
348107101
680707020
921454651
177830165
720314411
870420083
25102248
173825050
164286169
582791120
1794673
107000313
250473422
885965945
931782747
39815278
530261412
719996306
508282173
301557750
465997455
373100028
492492534
325064226
240975897
371729190
655440975
256407604
113120842
1111328
460060362
313744295
534334700
234031365
491574461
107165463
104451449
516676709
280990513
268737618
951984181
135301538
228254283
202457604
873783836
12553383
94789234
256561600
732549689
603071408
558119351
51063496
976171436
50611885
376127723
69663686
274857427
884085050
326071290
240494621
885196378
638648004
554238916
272047430
872679370
45813377
379212893
977130819
415006439
660203407
98384789
366990620
648021297
179155424
421964576
521805133
191708807
516753811
778366734
776774848
119825219
189002437
827838345
948513007
92130674
56482420
18176693
366988101
940567470
196764336
607482722
678280201
835412340
14237990
950327631
708091710
60051368
329540525
537738881
475057807
842260284
488640022
694564779
490281581
667795447
116529356
864603067
859504254
633283167
495486153
488795455
605624738
684488590
316633800
554137745
776619264
373116220
424830791
143607365
166200042
621595127
603606439
844480243
457007467
617844429
794807875
17615530
530412149
976864752
407870763
5469956
819125036
896510786
552551088
161922969
564306233
669080444
26526036
276326839
154879963
374528541
765122294
760504701
59017131
934272446
167158798
835636395
159905018
591989589
831760112
326105061
66101068
287882903
170585304
523108536
758243685
817909531
393240418
288655834
794774283
801111181
146642143
466415671
697621967
699193231
480854993
114444552
220790027
359897381
243287744
228186342
734425923
8410038
988691043
793443054
795198837
8366193
481595802
955103855
452872135
165872266
281208916
518973203
306271522
304310573
42081739
64515207
122220104
287838509
205687393
769510740
88949691
352329536
88442763
639088010
904039119
569297756
753532563
124829146
929195138
996820307
205531840
663621061
857746697
46739235
309580467
505461886
55105429
643692621
460565742
507977564
809564888
594291010
26950767
115836410
898601583
921548859
32867969
20821688
61903720
238555362
642848780
150853411
443401251
731291543
789941422
347440370
300589300
395990337
324785869
82300790
245326996
530317709
745921851
955590045
577056945
908018670
461051932
484678726
551711292
774134026
992656290
213792532
368425036
872123409
182145294
119542972
646188620
67529615
140364660
708092341
306084977
635729792
711462104
749486228
367021335
353919878
949442951
520126987
749910215
126745172
602427777
847753563
657062881
200865980
803343609
86636178
108884651
116911893
571314904
513112295
891045919
416487546
726904827
111987307
141127308
761566473
231530279
639832280
829096088
224411291
200440973
135181065
860141083
911903078
737183646
79678771
265822956
539142949
599805758
868249524
665888121
54749888
716003087
175467354
255615868
371863048
262103533
364500519
341291293
685934789
877612814
84853564
102422336
457033993
196840872
96065996
71116818
280887503
735898276
900212906
505298795
936339250
887910324
217956230
700758680
477610322
150151353
966581636
16753271
749957112
687347512
682641392
804707000
255866952
858108746
60322868
627730000
972728631
277339740
969021294
658663421
7468906
53874858
613602109
317019252
103232082
562184457
388136070
384119586
150599085
288348977
741934733
86938335
28775653
959890963
640213367
506385975
110042317
459311356
523139246
712515781
146658868
58296990
369739133
402525820
768922088
282578353
882772173
741650720
412434445
704309819
252830493
419903352
610701029
718948954
736922604
713933112
281133411
125058674
950569050
431732496
265924003
692503783
371187184
294699656
504911098
11400551
801085631
467469767
323228259
176741229
32501900
469887128
87554571
254757385
724929300
856476660
537335739
607701473
450643732
949770184
164527644
703474225
222189888
775228674
274939531
811628844
341678138
556072942
789203871
292247188
840321790
55127874
837267323
64025326
202343883
194694773
75425878
855945866
662164541
251170489
32687096
547182793
721057617
120241667
801940179
298503270
829234679
191792270
906204743
279878411
141562454
70732388
835868988
216268695
698477414
110808519
27897539
40155552
519397813
669617762
184919092
359719604
577261989
22186415
423744930
779605872
216881188
351687160
488068090
731562081
602857650
373271538
278744875
176431619
346029558
80685054
474934889
175264237
124993676
233655985
307659001
119072482
156904725
143527989
335341177
855382139
106852861
215755069
748054043
626250674
885372831
932973135
985970278
315151172
955159550
262231561
94757044
24557090
466435073
435341487
756119172
69292723
808613025
887380399
98240695
154642583
820581805
425691936
182423173
945575481
659347921
490082174
64647963
668768998
633610163
252505493
376667489
740463024
468260562
124721532
219230051
206149745
57694667
57716681
521300918
865370569
319948242
468574314
742444012
786383316
903915801
351079536
708192391
565045179
238459935
658949438
719687762
59041740
84641375
902110935
857133573
596505648
244709461
921781536
265274647
878319625
26803381
641942136
471299001
495063943
619180021
690529052
553730041
529391040
748245734
75030959
247277962
920710328
396121625
989721974
559609996
152553779
340801510
120318740
717598958
431777797
779268178
289803072
343335889
863909553
44430360
200469462
312931554
289139821
974767350
578206201
19975798
1570732
72664689
343791152
349151027
691844710
34320204
902881068
73752103
635082290
830428379
321030065
408308971
79066357
310752039
967918967
231620136
504069901
88237707
801735446
935847698
867505886
91538518
279183587
583931791
988485230
332169401
896863345
130141404
306936751
327585898
150117202
161023835
252766940
493908354
510174863
944611650
380744911
413055931
18363753
868343553
96000663
191910170
276652524
175067020
502662209
97087844
406687156
6732110
185325551
60938954
795096160
905347789
4993824
74279747
341795933
993479055
258965500
91175630
123620459
565902252
418761529
126254013
726926087
671528469
620162368
89617302
468656471
853423631
502673234
339536577
721767184
598673897
531446747
850936061
773740917
886625309
948023905
32944425
745873771
133349456
93883379
540969932
891213598
98877203
467766031
233009531
92356258
726731532
324185161
68493069
145150136
595463042
194747083
724592575
119507863
667425803
814209878
588164335
520849434
169399464
780217264
95132970
768073361
164180363
946069031
394330630
50805672
746609288
279791407
796679444
732475097
373674786
190165728
623688695
325068341
510448111
709214578
269940952
89695995
33399739
338434021
234846131
481379134
385697456
959438707
600886997
53123259
626164937
41567684
426489045
795564401
821784948
521622016
416154114
985965312
320207399
810484744
36770984
66816688
90276151
685966780
651808137
316467289
728648860
128013184
641535630
239096972
837227762
911476582
328792967
723143853
102426956
416155451
204522987
488124412
228110510
805409985
393764024
854275447
846977669
820253069
649839848
521278970
194391437
65993962
507244282
514598837
728995058
396531618
433931877
671787561
935014751
85740014
840771202
663663611
66269550
334823184
755276935
903497312
98816119
84069903
626641165
201243075
352741706
683680505
541883839
580852216
341606842
935647863
435127663
41100863
755900933
937483863
562379833
950292370
855994177
69624115
317407559
437505587
318672086
603855788
109293148
106203189
542112154
802580702
769866800
608381704
137403886
377660088
511879016
236220005
314246343
991036534
289979432
666988049
674717039
831863272
247840265
16323881
767511135
535484280
57424744
375928420
472968143
472320930
178737143
181478672
394461397
348661054
618984259
713133483
952516843
580793759
819336672
494628997
383374461
441719825
103010702
373294699
819379913
467406070
609514705
133626256
310958956
899494137
653130657
985675995
583873761
900970922
854516228
203901249
288971554
764457325
579829669
761939697
89294607
611083164
943418369
483756004
959744219
414918980
49405840
912261062
995712739
868742512
259406411
231603552
162978689
214933465
604898251
834874954
534855888
66929308
821017562
845814844
966423446
474148219
684007192
402813559
227635493
391039772
606714808
516607047
8013449
39060830
131063096
97308056
650143994
926997817
581064061
609888213
341916797
630469901
374665627
190145888
351728765
486588391
421749440
514707455
701521856
26647692
202098761
88894096
93577000
23116324
934708941
912516798
349780895
618716133
315330358
577416389
9755905
922045166
946539788
17769355
961105996
77602885
115077411
463766343
857117054
548657824
73654556
51550204
179127725
300836536
241696092
530856491
787424927
663445533
898080298
341463135
690093225
100179059
430357232
636186577
123295383
217582525
548703376
325592631
836298658
716550086
903009020
698570915
491111604
702065160
568856622
304733953
632184397
536450386
768500296
489301452
85108210
694671204
540851656
116752288
995507740
782547748
500125131
635449019
298509633
398205429
829428507
988602858
350900840
112302091
477305788
326712576
329884616
26009164
652305207
18699626
595075602
407830579
717270541
86187206
109895739
138643516
390921159
742080137
527610254
11937807
83897941
465234816
706609012
477265949
581987104
554633104
112330049
82112235
42598476
410839683
332834016
872026983
251958893
683734857
984329074
729264681
10447433
314213690
607790197
515268992
332913316
202865799
923099571
902700209
141569358
32995310
41343725
532490517
627591799
421470331
544428325
564006092
886705148
103553689
41272041
321208604
658186793
153602091
255837192
700785269
564441774
588671208
572812252
816400667
124922417
409657678
398181701
987886202
723871368
5971898
503155194
909301036
61354050
278771117
812001246
202923408
164282780
705861323
735413925
791874579
127331655
132358602
208397024
866553155
235912291
249669065
187761759
894099085
255787508
443598951
447400706
820229282
884786512
20212959
489146302
9708929
282386989
887328003
850111484
6258358
745816253
205783030
768075746
807170303
484554148
432593344
10093711
648836928
138454668
598023989
293227859
118302675
730382591
501624883
837372182
818811235
751293949
25133941
565426672
7081457
321249245
12827378
679827092
58552109
885556689
21489746
68261038
167943679
761334101
770888874
26718389
507150354
976671905
794794135
166837010
461226053
79903832
176930721
110062981
70874852
774954710
255807192
41693879
357853654
757432076
879066061
29181241
361242377
756716354
594607913
220840186
77965599
607435291
900667278
136517708
345508333
774673376
57295099
513452012
536007477
680700325
392686753
895674184
657372230
39997240
62511194
971114635
119901072
91958267
933693968
190775924
866912978
189501161
232469803
77282984
946933237
111535864
106464225
160691966
868252219
701072138
381532152
798734170
161023781
134715783
787768231
506532114
909389159
697579682
872500478
297912989
230796359
265187231
193587173
888168590
305184472
108614719
711799577
425085544
200572986
645493546
615861469
67485964
687511059
848331272
997285300
486960648
812383489
103749525
647652614
533152060
657338015
29184766
184402582
670878149
163900549
972170813
29926615
73289709
522266847
902427094
223719050
753063207
20130677
417306223
493748149
325315149
525920942
58064078
602917046
726493928
703557624
71294867
646496245
243585035
919626139
496297897
730545683
584525980
452563775
378198297
117678040
109901790
259899416
302080623
633296291
423799965
126767788
663222907
349606026
501550988
565650001
573325076
107130547
585780678
843147651
600878696
763612180
221584945
658942774
366529226
948078874
215016751
437824093
447091471
458601786
209966584
943389368
41663822
794492565
248469495
419862119
764686957
210887638
679761535
66767580
844183929
956077853
46051721
507406836
158200231
547602709
925573189
731525308
654733256
363870220
427189311
108128304
127482400
648774257
619587430
346527978
449369483
834604181
784352071
896460954
145722320
846835007
692366674
187386142
493843924
940836170
459764613
258530882
4240160
139526149
177814814
848424089
948120354
76382887
208347278
106320585
623985596
133920467
690362245
131235204
497790687
117551557
91879860
477789439
766325814
711467291
824317417
68211649
398587824
461185840
964672603
544310144
308020848
509555629
584212638
801864772
302908151
43977252
912912006
307148311
36019753
90726821
8088753
984140107
19626060
216436031
942977044
643611657
350356498
633339290
627363213
700663538
603407199
719243074
178452977
222249365
430710365
2770395
290461014
829298189
316472587
107649969
226124686
624493435
617205598
810337324
278874560
772630102
706830928
44302918
79778413
742850681
135029739
87867166
579507140
7172152
156819549
375000537
650783809
507176048
8339827
130663374
60355938
464263378
849906448
238808915
686512743
133133165
94095662
976973757
962431355
410568250
84623726
41072393
887578037
554345676
703926069
18968949
326975778
410756998
63271868
259270544
6124031
50817959
199654062
438147524
57990111
356473612
813148061
708773920
716166012
674004240
839437295
776521950
138267618
541860095
15330865
824780361
674993261
961942880
654270470
489940968
225027482
738894196
531013361
112605519
145756224
87455782
131574469
472732003
498212780
194846337
584518899
356853164
245664296
784172961
795000688
303654408
993162925
608148749
864944680
709328937
134669341
556898327
338367239
272936959
98758423
206214457
950233672
773751684
168157337
604504142
116209004
393184819
195914690
647222365
358306690
341670914
734678147
489881159
666919269
85407280
537243848
251438168
442260444
782908145
888127482
89777484
939078905
881290407
697926233
804023585
443135697
832595574
213438265
781502936
958048885
312196688
987717393
908282557
938464724
8391082
365303051
54673728
254092253
413734093
554412445
612398944
755405007
141606944
102280103
274840629
227014224
492040304
526278797
521791020
127464801
266922631
611568504
66543706
729391
162011089
723083643
443865088
994606663
936521908
77884376
805171900
101234948
918118122
565970809
39699672
926509204
931273860
94373400
33117810
197524305
501302197
645516754
952929313
642909142
600313209
80286294
869923366
92353513
606565091
244230739
219818314
873487723
855799243
138878372
874217114
17810333
861962016
170598554
864933348
798483924
100999282
670105249
899718873
19117404
88592410
791934897
798142961
19866271
738824650
831260771
69906928
240126847
476777525
22836241
883035989
77090734
103122535
605475708
21960600
562203979
849706447
94295266
288208054
558022042
233173639
14941520
575832375
95135655
38056426
293282076
746135931
139055708
963387325
498371156
158173113
51979735
290306054
956316074
924362358
29130704
640093197
994269287
121773903
116870722
869621880
857326245
46477808
825260768
315318305
920954760
239981099
17541104
15250027
380705505
575563146
248423666
395647025
3911874
196075673
433703451
297193950
942211604
572759159
113097627
440582761
583448624
17593714
583405167
392281050
941956073
465052223
32374247
788741712
586826126
1761321
510879944
296668723
900755482
188657064
611987028
821710242
281154515
629528132
689476621
661860020
205091279
937900287
57507045
209003153
133975960
343726848
506197103
928703917
769002360
619294730
221803030
352450984
636888444
805208197
744732035
431360869
270260420
629622634
72618933
709602898
631383956
436015230
6271622
384655790
624672294
618258650
58882384
905826810
100303135
748359006
420203182
305394414
538775645
330226580
366913919
525267958
673953428
873111022
453971875
295472140
344922104
675774905
647923125
834326900
333499454
245171512
118204122
603759874
874794146
190823055
165879124
358694454
626838285
172150746
743350244
104026932
642925749
802232629
862370094
743228884
403107987
282573276
48623298
941883632
612799856
268053569
467151590
139269637
141164591
773639817
434741777
338603047
301931074
935181254
25446299
635430528
32869118
143650421
91706754
907663265
334473477
257585879
118874071
813828114
429736625
714740668
917855046
72662374
369489649
632741492
668407610
772597636
915314769
569547260
714481268
380630977
837600829
34149211
372416966
831281772
807789028
807158744
22401171
109720103
594856350
47847471
597666983
627725469
191497892
689373738
387905086
525971369
946959617
506779157
192315836
229212594
74036177
110170882
154391321
443525826
595428727
822798931
216123462
363259848
392346192
783121083
743890825
82463373
817270294
116307792
913745146
477575674
775982888
936146317
439812129
223355590
983993788
37479113
851081059
175491681
579369203
238986145
553979402
526328820
598281655
746295238
755541414
672317832
708982473
909932735
115843659
304411200
585248019
184483473
667671048
977594211
967604556
264078225
60057584
637391202
232902369
826319082
114966877
861401609
762465400
407295358
84757200
598975540
297290823
935838259
774467221
876660026
27340757
180962976
255505198
625622412
927258214
863562965
150456596
636240687
626012052
266300255
793168239
211260071
450783729
313355639
41370634
270904637
577433865
953944571
908295840
662852586
780263653
875779069
524254196
395245405
135590779
461527748
994220946
432881603
249882359
621204519
162057981
277223116
802167495
270079532
755361880
581942062
133642497
905818477
70699101
759654549
24635084
863867341
823430973
475418813
177222980
864801607
746323451
607173197
671262530
507135643
270025784
304042536
382914712
646796332
699287941
518505491
108324080
546025239
803903446
358206439
19746111
965961428
487945908
674429958
88557312
243307788
256372020
222199809
1642617
327071122
834370710
26277702
43454815
657801683
501696515
220677795
375119643
100536318
827850993
46382173
607671961
950393129
202941061
843103025
597189461
902229003
214124869
558029893
300770594
18028315
916236332
173033057
836506095
256698592
847463016
925063407
500006381
103835036
147263216
501648998
283422510
834150279
527926700
326877325
344468314
882139568
400071473
719587957
982675886
80438818
618486483
442864200
30831947
821427544
138483577
480537760
576172899
352608446
38567653
729459846
370636762
807320337
902492903
59659209
64018930
749955919
984722617
416541663
706307308
984502185
918190661
842246170
818652464
298633714
21639848
15637131
33289634
421711321
735225088
15965520
502150139
206227923
311346072
532982086
880171820
449829650
13519846
308861071
802438096
904603851
38320917
25591210
711924188
940813821
85250420
628459470
543286092
69973037
45001133
102109752
906991574
815708147
944355923
578160391
114341861
965995771
593797522
147847
240223444
181538962
16113367
742373583
387766886
179975792
127872021
120455058
482321794
141391867
429316129
137276242
898512070
467637047
162867453
462952610
260967220
100634225
91412081
656769664
23123614
136413214
758879417
930115188
804637713
555751692
508275579
771495926
374263815
102073101
771643773
614487259
136128416
640273493
209377194
523895302
820249285
337249215
644350360
155087431
331157434
73666489
292363673
229669504
393819888
455231126
692622114
507303460
555865351
636550547
164073125
578988965
625480114
775468894
361620506
430117827
183736938
869896085
54130106
558000753
824485539
825773879
25004364
960613955
466047372
234381558
337025609
138813009
571630773
833892321
293900440
902788207
760075162
586264114
984974063
6411403
894011592
530112529
513714863
302393296
166663077
677787988
881382261
792143191
305773234
95519119
74777370
489510172
965415205
128907476
47510925
642417096
954681356
925031641
455547403
273245080
11929551
645089364
264574442
583560324
478981685
558474882
338864883
91573199
997255348
176355298
97984602
891266941
706467828
611699466
46176589
873130905
142003806
927558850
517790448
447777041
23077970
445084170
937287213
841009527
573991647
837314491
335942975
381189355
762346132
644006730
506950787
774275684
289096094
771525229
210352360
620594131
182516464
401733596
712167330
179771812
578088894
810151933
923555105
284556722
421851399
969731694
10203979
563855205
749806897
380510779
11632246
625401219
825594950
801435812
318927098
252102949
638750303
654870073
633292304
253612787
151393155
140243091
880404823
440489249
764284673
90757184
61083380
946801137
345007132
625767062
126572949
923096026
435918995
902644407
60169101
710286746
872376101
70373080
126658304
474699350
450883860
138290550
100100569
128995162
792242714
419027667
381098111
283509369
926414092
14390415
537122157
77807247
7149858
270043332
370812848
623950883
213316868
284412580
570752020
558324000
910179643
549841322
481420027
198614990
305002081
541589128
908901737
29894534
464478560
35560041
504593885
915362420
26366943
604694454
44357582
818609658
876238474
277972045
102119027
802652566
144878812
491757536
732976166
4545023
761800869
103789014
628495906
975117737
388201595
51764279
385958090
150897590
601605601
867378117
349512580
906607682
261483597
258414317
936502216
725962157
146490710
293612453
493840930
172857654
898306908
390714864
843983664
627061734
668686910
798619043
282230652
813565722
142892932
15206818
818110745
904693801
118995833
299123004
732327890
359713780
350887283
118285980
510611370
952492884
838180449
860123950
711616918
952180398
971054620
500635486
530658908
117545330
794247940
24499838
142919336
545071200
267731054
986903000
24649286
788934316
785522044
306879938
455016391
928414976
322086757
125643488
685625129
293598942
424766492
270469371
505829074
775653775
241271704
16440444
580663011
931968505
729080746
144796281
884148904
552651718
645431768
267324164
670197049
292196060
144340354
813116385
689783612
412071408
652535738
714432898
53522077
290574134
21312836
508538468
71505462
195915945
634181956
757130591
489514887
58948449
880116314
995343961
834602224
121388018
864300757
267781588
905872876
445897856
412577869
642538132
998549574
58009637
909862296
521262975
202722049
54202650
186895713
892505661
318790410
839431451
459454911
372312487
130005585
480767748
880850955
54027399
676683693
515032912
811157990
18714933
426497713
543790656
866575246
113616289
517695027
583392356
381397877
423567903
29290212
793975747
66106035
880356138
704501736
828484683
254135466
907223786
882687333
293547531
652245799
53994095
132978982
111700711
426306583
115500919
444984811
307157538
22044670
974184856
674706802
833202660
992899789
101204515
229509668
711991388
214820805
747204695
295383744
596218682
23288950
177190308
242710781
89394985
910062798
947212518
770396020
16714616
706952656
505599705
310262147
211714807
559593801
295757481
175931870
985900384
263774752
620916681
145574274
285819422
447617890
820281077
119022082
293034031
921485592
201048103
5025419
988822749
948252798
152925515
437557784
971541749
330115823
680268565
913453086
92694974
627481083
683849107
109409590
186950091
41965164
419671738
398664899
601558965
715429219
574596769
587459349
979203972
48029803
733033624
265023394
495647693
405831053
236561829
788681724
179832997
437609932
793707144
168655747
238379082
946632659
606213531
209920831
129264835
138998448
123373918
221959809
766479532
659739377
331369399
953429623
701704541
751041137
204610874
155779859
318986709
779207644
743239208
298190681
827237447
328789184
415730427
322885140
734620237
652292256
111566864
914453235
942418540
757790360
935625334
180797623
556939372
394355217
243234806
538720559
533353665
219125076
760680368
152349549
878864453
944566119
105779173
433085347
548123609
162906399
588865206
867110318
942114043
184620766
17817351
769351490
365926303
433547778
944752982
100546540
85840035
908836199
867516127
880774927
519142911
655657813
61572550
76082283
50013030
157323709
467319194
583366696
376448785
80515914
735716245
107829591
25082034
694011770
540914938
573205643
856918170
982296496
292832313
651548565
19433614
310649664
273416408
385359917
744197442
218169390
338422810
682553829
127005589
58455289
563328757
498664853
714113103
477417659
427263488
764126133
634741368
894582683
200009181
11190154
975098597
788241779
119019745
180631
334769901
512451035
425902626
44204423
347263883
718734939
695752989
366697497
29384603
969169397
752057415
626098398
39855139
90480225
308652227
19377081
148935514
724497336
518041934
863048617
54431348
945305422
479691103
689172716
839888105
532216636
552879222
667503055
320458415
524415319
520200038
655228317
889382706
946102665
699432740
236646589
517353956
247702081
603344087
399254912
216871478
207917854
25353310
256726618
298398079
186521889
276103699
299849945
911019226
794145633
15414915
965450574
591967407
495106018
507139642
284371865
27322654
912535217
951874920
200297422
289466888
472074958
708042091
178849595
270693975
259991183
268012536
640564284
507693265
871356623
39819196
724564743
79274477
917688858
833807713
230188908
956727099
109911412
530038854
720262677
756573397
545453769
538229603
201057157
893076139
45369246
485429022
772915145
810420815
437303942
973212567
99887703
761895252
533771010
131253650
32589228
793762194
399266187
525669864
301455459
123139162
418005412
878536554
54929992
188210622
712344268
285118900
144937721
674772032
667674106
865200399
283861782
65644227
255946354
484918939
958720366
153831952
970347961
731635512
964252767
260168255
557364431
64140471
22063507
91135442
47910473
907169087
737413988
447176660
285355303
38869447
570315823
703360715
769922353
625245815
891571337
334782973
910364715
36509059
9555006
430555174
754225810
145933140
496199401
10172164
483368431
454919768
16520469
306232744
39071632
980773236
566400999
448952415
897430059
440980858
392604209
945340533
200666298
130018197
392517193
486021601
21403996
962833016
41898669
791326350
440595183
933470006
126109323
203476251
822495417
988180681
634031425
429237579
986630173
130230826
291926096
469998604
437666946
308446565
776231348
476738578
289219801
195148699
925690994
39166213
488645910
170811555
984506746
689312208
300829753
229540291
27850161
174750101
44889660
69748830
966076451
485484843
3218837
944702127
688961094
678230606
785399160
322992519
107468186
624545686
305739698
399394282
94544290
743406644
707840847
723291991
72661575
849577000
770957042
998352569
888743213
259602952
21680476
873249959
801431512
322510229
102790251
829281674
497260331
196263
751546856
315853134
485681106
607282045
113071613
174642201
285512652
750987126
350151072
245497190
375532812
655890770
644891472
322593454
399297415
205248671
898401797
471958990
54825671
669358840
322827911
796085237
781478144
344508387
521851548
582909657
519534969
477158151
264707683
16795300
477354414
16254539
185164786
963035521
476052937
150752752
137677722
761565589
901739878
340345146
7062779
129789042
996235917
504470603
452382496
248049684
562235626
203300646
720008674
469577649
872659486
895352937
265662886
506653982
92377676
787514435
89563639
611912645
117188938
206787674
481224297
594543353
75558566
666389084
557578874
551611503
817141836
547772948
165693444
571398066
888118094
25272575
701187108
736870363
382259530
6085956
984920047
944495156
209386602
557445073
414072805
82046088
452798010
532252044
441216423
545175687
172282831
383296414
9604684
289471769
590084089
490828982
884015122
518159007
9734418
294110348
69770510
826876254
841883296
87980306
250790672
582517743
113252881
951977780
171904458
348028763
958063736
156824506
292523919
167450339
714269579
559113076
102012779
19583942
91365120
543229202
417275981
263647951
926525617
426880665
553119721
369126058
917709647
289651195
887285065
927444065
583761544
809571927
606836671
278161192
750068585
857627343
860678935
715837818
809605123
32583394
63866581
620185212
41924252
208906852
787635551
608710183
768019928
742164682
628294125
859385049
137910237
45570106
975549352
64435854
324967124
381185425
286078264
242676771
670836621
25879681
22637189
254598165
687967960
629473860
532759357
438036545
487101204
245954645
6390715
149222679
131054391
70257296
769407891
25494995
279164148
409559794
634205178
47184076
4240829
115015656
759085477
142151066
13102114
587151182
59103272
338069238
968336607
345181536
580746010
639173228
223577569
603383199
746287745
911545529
85373411
131563455
202098426
572474615
377518100
208489141
574213647
361088843
278746437
196137890
386583838
410426937
605697685
20789016
310127365
609938514
135804672
69212843
752089580
148906787
508880377
811192852
486976025
477216984
8890740
920238387
968906565
232468309
376137938
715194310
144013838
461511350
846757765
198628616
33985965
76792217
407117757
460715964
437881060
685864194
656853855
824464898
96291131
115067892
697770267
258934848
725006406
833574939
180664043
329612338
834998078
689544420
993321542
174490456
19277757
2212282
94728843
988184322
87196943
470866782
555894984
83727133
932378132
255169102
282355749
818880449
331961319
689473506
132112766
622358732
227854052
788966621
299339982
176661535
904034513
997110249
435596383
481557271
683201541
616260427
811169609
518199619
158321199
657007503
692690075
177598956
511736137
639935271
165783278
598933080
110802053
721678263
535176565
895696537
976847365
817532314
567093338
161325036
359522172
699206104
783683768
439892576
340689077
83023751
616554111
244723590
932650352
904666846
726280861
615851893
373443625
389966822
986567865
531764825
46974325
531774292
709363781
411226814
171709563
875147060
10159894
135027968
449341675
397852811
883240857
278705392
67901477
302850548
292546780
427423649
2056652
76230549
867316225
195262082
11770652
336386688
439985672
796937356
93569887
18782886
265305602
467013512
261266060
251873467
998778337
160756738
783647759
708142119
571983552
807873675
435805531
434659799
942901643
737663558
832512610
678658853
16368950
900414088
981509401
161432082
180354089
836082405
90178983
47670315
31344487
101949635
236573355
323846512
751403344
330143242
342629398
16708946
797156755
603895458
121098765
648451444
764652196
904746524
209109915
189152101
565136551
644915446
623811900
360554547
235095356
456324510
39213400
103980658
209254950
20722801
265412741
389609040
709321558
355591724
289795707
740666046
310057712
526369062
64512558
61461056
709028657
259658308
78170002
358701764
716070118
51785119
7153208
333238667
956531643
216263124
522390768
374184547
713694922
146202668
734739094
948790279
455043530
773952494
52770937
664298481
647191647
318183678
53907521
209029557
673775403
343703228
949695603
983833115
722588642
866724513
897810523
431617299
978899173
828496877
790319063
694969292
880281996
649988624
28207959
689329991
866251748
403115079
63514538
432463022
549317747
798253632
381253301
4361277
424722478
286540591
521176110
924430477
604724269
575083631
133460035
131016024
771303211
935671990
967365491
493891854
654912856
865176014
778025505
633812029
546189243
420860921
181297673
426471239
70849545
62021984
115801231
789617645
465137063
31832121
222080667
866971162
682602106
455850321
723848792
107324584
742390912
245024902
884271414
199631533
672624886
17731449
330647558
443928097
805919791
150529401
790336303
460832647
15705416
568361809
947161029
414411011
989222730
128458702
840882251
912588627
42997039
809199834
702206272
360650454
693548307
776803291
227621617
376150413
232653612
951470409
335991350
975044524
49011663
72779116
27192410
721636549
90510565
357839968
18080999
748946708
508369369
808417302
62295708
376591137
229295463
9456737
791002149
71034545
990431791
484400752
983623172
33428830
146116938
538345796
246595637
839665245
167665440
474217254
68332011
400319052
278204015
256839713
227879929
179732030
329618829
255072339
901368580
272645746
465428659
771965931
21592454
973798028
432899585
83888162
202905518
662195049
93344899
846424019
585745946
936293043
183341123
421885471
822238225
329458061
960231267
68833862
21639658
127896707
395567468
89971669
380732112
673771483
199327734
461128393
853503514
528946563
716200732
607388446
801592309
34145743
231870729
823184764
7943771
664770314
759589278
63365641
179481715
705450530
909789660
765227662
641743573
93130783
187113133
316498150
275105196
999860752
385332013
149261207
980273812
780899481
91749228
213522276
307187317
291076963
674650669
13207183
820023526
243367753
473111981
621615836
277513496
704982710
297316952
137973619
369753024
56906230
201339261
549234740
614873112
963645273
166978754
109133037
909292409
354091887
425631188
36913957
206468991
810963201
186175164
186742803
444379034
277924393
400265079
604082703
569001356
74915748
617289886
389024882
170799853
90401867
863157070
448313349
647900929
12990374
586286969
17653954
69896605
787626230
419405046
537286069
603787855
586383800
646419107
513080264
792992039
72050295
549994222
999461030
735529848
736169386
38720186
32425234
14093779
438985265
636507938
435611487
366417366
106314176
824636370
537217219
49232396
540309792
985530569
697133325
553300167
424333890
567303631
475713124
64476472
986708677
12999193
668264327
425608829
659418300
33860944
71117220
583984947
583855166
70578251
319514795
172540904
109298437
351940030
39151036
400800054
988447968
474762523
767217420
94762144
151915245
156950992
143994540
692225038
994997913
693644218
98041557
419331803
260947849
573754681
483808275
100172879
586753874
4588954
378298060
98688527
38449898
449415281
682673474
622305064
519993532
854704622
647362321
481808321
59161004
686513357
882608375
47608972
13792232
502342148
994887468
18223830
659293140
991398361
710448868
506807405
537558931
808490425
926139208
798506780
234761458
262463835
751196011
821515332
267052789
129494072
772720211
305502688
578909353
307910038
780324104
951419237
162614660
427686425
433227558
221775664
966716134
168352285
121900988
980508367
670694433
969304808
998732197
182503925
813219521
561697417
689311330
350778452
222704194
467966890
1801585
457465652
730430725
752997596
131497336
849999867
735008020
904217548
8018907
166433725
64643938
788343011
117852962
227258598
68545789
403596872
301550614
35261923
571949158
423451602
868286642
242643591
245272762
719535191
425147517
58492284
133748960
114458847
261787088
356453154
434942090
263588673
666435158
17889167
869102622
797932495
867889034
604110642
554666395
875907941
770544368
619310333
664250953
740913682
699085283
732796742
144510555
635897
620575017
716459713
276603851
488861660
811619656
521876613
60913203
89283525
580368897
194662164
56258725
842155986
551115318
491200815
958261011
70066829
509089982
827363633
867999324
376979017
283990628
275182071
105403310
907051348
747008756
769654263
647965030
446094039
354967357
644991937
299246288
975542375
213968002
575850139
316920387
25587659
97726752
377833590
114871184
530612002
572495754
171129909
225284340
976127425
662330724
183545351
46194254
23937059
863425337
766709930
400916076
147415965
41892001
506319386
906983665
641417109
128490002
407465047
87511148
335973711
52456985
239273788
164032438
266424987
815123927
480952825
144528998
912850679
711302768
259400183
295979033
136314874
283046444
521263373
112442299
945377169
704808725
11152905
969314228
420750414
777862835
222746656
420682731
672271188
581582394
327666396
313688297
710072396
735131443
253715797
46046108
640104780
492989585
62594898
906529768
160629864
543547724
51058766
73480544
107366844
162975301
221975929
243681718
446021746
743239303
356124018
243915267
300564380
367276923
65745847
721314794
145139759
141008855
141997525
669927299
722591249
322180273
983615597
285179998
57311716
89847746
183742458
549932849
435353684
246337356
308978969
595983548
789885080
212554087
521980444
897251924
375529389
743956374
140933643
674067487
487195677
349574013
917982754
787760057
569367288
836244953
361591203
567023399
977253808
503588728
236950699
699845057
825769001
73082648
985025055
735597069
15446746
21283865
138046270
450800430
267621222
447025239
46783979
57506302
659579327
568764423
807274579
35108716
165237149
800724574
561692555
652432826
2814939
332191661
292709235
572182227
168436614
654300438
139205627
145690422
10405518
228672678
698051831
688690871
154271678
535593239
276804293
169718424
556877104
414850563
620518855
824498326
861875803
667302834
734520981
521455130
88583609
394311912
409080198
253820759
47552838
970772753
758769937
50367777
155480766
51479173
475066356
323917380
558295963
466788335
322124154
421217834
547977365
872692337
109908705
702249043
260801928
386712998
871967468
817679033
801563562
492486323
494693711
515955717
12305509
81731044
37410847
100889118
328559308
299007397
207226229
376112146
122296502
965996167
278996275
277777268
869991692
606578984
454211000
280804007
73367319
776335154
702021841
473861037
501543843
664446899
176110080
762345772
51159897
48077548
432541157
705239811
393080223
927234868
73711880
257902084
861482265
111122727
211307555
190041573
262646476
418533784
418670072
237459330
237046303
697666347
515236598
959554347
156761683
969447598
92874707
82645355
598299104
794896548
556506392
99842948
311859799
732616472
714705072
215536049
633210373
147246229
920775860
878806948
926997449
994487741
136709033
788479714
958126820
348016588
831037640
73289649
619066724
249707712
310748979
856113028
799890411
678501930
668183727
956652095
500465880
761058434
39297450
98764985
408471335
595803842
51124285
720331134
180936666
618345709
935867183
666663391
765591938
709159396
545470340
545105739
556163489
534695725
186101806
366806661
882712313
17139446
440096310
354295389
119363510
603361642
62924769
919253921
281863572
731108497
875906016
782329452
492166931
767719818
733610789
900638266
216040012
637251426
473485753
396976679
108113487
409352936
63640070
873705425
118512332
461626762
271327517
527192173
996322487
457429323
893998835
731551152
474568769
186611497
85846542
593932279
789973139
1287663
365702552
71836711
732396160
94124921
706682516
77079444
861844739
292809657
977717710
77884752
782577436
303719815
327377783
890690923
713072752
243534205
616912701
684101436
705160968
888240218
63809962
553999807
345669541
957808797
138067312
672754662
144420294
76430206
119203293
934393434
77717869
484905845
858746497
810114030
579030766
417945365
887193474
440875506
563271375
717427536
371276610
345848811
21147352
698654393
89056086
586736456
942188598
705968787
123354244
499865918
594209005
187164206
53865726
792394898
144973003
44449390
465149560
141909650
120879596
584352853
928819436
51113817
69258699
640082285
713744199
500805817
58027651
453454025
941681323
473815378
23397914
165474285
819664189
44545266
864128678
908720275
483798074
806317277
467205415
459668670
158699547
61414420
646832877
65081625
706325671
644322232
109531015
23991583
638748234
82926963
608344437
567567670
134040781
530119488
60166308
700301332
30925305
118193959
153755358
825122981
444525689
177153272
990597266
116706230
74214890
707242297
25426505
410529316
366075926
345148272
870197986
524775473
259079045
369547215
589857099
965404716
13869448
699388114
989396299
505134034
634831430
450257088
72701705
621388563
980376576
132868013
321689895
863818234
103578324
327961605
541457567
400620365
505114877
384571185
517326595
431846119
91813482
395269452
842375435
310405760
740417725
712573422
835181234
999496770
82120637
425038333
964901486
948506437
976942799
806814137
306156824
611774229
257071226
231374881
85679144
89964154
216759246
407369040
806298740
172853922
735330645
200272659
573474287
92961875
584843845
90800882
524807994
529173679
486070334
219699782
839579440
79004411
932273204
527277026
78501181
866910193
952315359
895919019
667932983
781774510
702733157
974089807
246065092
812320735
57981040
331744236
902284889
274740286
739113276
561099982
447594208
326960274
761372641
21068495
272438501
198732838
111869377
797246495
727906518
450456063
16946277
420002310
529460475
801735833
947279336
460478008
521162379
752111047
356397028
41611714
386401909
911646537
868217873
632467001
723967272
926198913
964211238
478768513
200939199
555840866
39868495
648533407
882801140
653757489
522118254
7755993
852490327
486503983
805002489
432913197
936960046
674465118
852915507
318936873
328717304
652711195
779414882
702396035
257338594
988328262
744007749
643740504
899974799
464741974
128723857
476458423
390940887
92935095
807743288
444396438
648775962
700128136
92929845
384093454
353885625
467564451
391849448
58892304
954068434
49368289
491805502
743544832
576349759
197237361
62481706
905067063
849948557
694412940
459979450
959803503
535257554
56503551
456060359
287748705
521245525
584784217
764207128
912186412
677719312
424466768
209099202
179011626
124594904
154545399
415621433
330996881
622109850
807470881
389889186
576178284
709355522
881694688
172239469
285705281
78932049
87237527
43288697
781396958
781650467
503268147
741200462
169424373
559771699
49777173
457173078
81017224
634561390
73896558
845719989
164797055
498363326
54819191
343808681
622958231
61880943
759430114
953955112
683990793
419417347
196360650
112685430
128772869
78055338
284924899
266994503
9503740
372162426
162799552
790900698
6329245
666067699
384617512
175753618
78355750
434394686
632926696
11889327
68956076
706823254
710125668
233753131
205186580
617461211
430078165
680661163
679342154
42024631
487132628
363332948
461441979
683493278
476018378
442731200
761548617
760943277
562242055
771052357
133105703
725041607
414469407
139434948
243625659
799086920
167704918
321981409
233481606
800631614
186387088
154954034
507454868
896512756
388707166
565157800
513973968
818785331
245818964
45832474
860809962
732951592
409165422
174768293
268961222
737700152
470015846
30509839
351159781
32257901
654078548
336781836
757299509
68547956
328733136
925168
720151228
496438054
175422929
953632834
297069668
361810018
108586868
657040888
110839126
349810386
222198689
624813094
21112069
320534005
670645569
734438384
53485597
932327343
909206677
174963171
670027496
231738875
57989363
21187277
263996777
712067911
210485466
873812638
633132219
539218602
727254158
205799799
35656657
902677087
11948985
185242677
117003457
120535854
842283566
227842584
322862592
64482255
705172030
196491014
237532612
228333951
930929398
143534561
160661295
692652427
318497732
683205143
924391303
376487095
556908772
40904432
88555007
767394238
914717070
574203578
306612841
641971228
780003378
194785850
397164667
791952363
380028527
366684477
765004569
222312093
594527061
940383514
139310700
152215443
136874528
376843312
380549395
67803926
520377873
541210690
612972705
838875606
76932185
537364008
67879053
633840957
578268440
8950412
401235196
345501862
583153991
560364389
987473090
215673721
755150239
237154110
860142436
135178766
603838587
477663358
210007212
50882000
418046872
349317912
203097443
407437752
578677577
583646838
327758030
99055450
977373880
940730735
790447408
54306065
330611096
858326462
688147023
908879536
867276874
941898571
106897751
302947217
502262960
94370841
371137290
109929551
184041303
231279727
245108317
640396242
708943085
455115529
691278242
979506309
656949794
746892038
386944061
235627371
183055228
714702091
187199173
160429109
507949178
830162934
67251526
838560274
541005748
755398549
599956163
260798974
549813472
706853914
563746192
52076432
653741107
934883482
14522335
837782411
18679561
259630653
330695005
580138998
567262534
21973248
559645307
224212328
621381638
799105720
312356051
804436866
366324163
499555225
964865975
874273342
182234511
32117502
712833616
723240259
640032403
165306131
984039233
42362228
872160045
400301777
94438660
525901153
187701612
108960996
216199916
206381173
221108001
546894921
786520172
788370535
421384521
198681831
865099216
42766159
997787552
177455267
699719378
216628067
529526844
517101705
90901409
711761355
401735559
656251378
435001614
41767963
821557509
271557200
84130191
693717555
671858977
31085203
72135060
859560589
992562551
140851328
65941763
66186904
687746249
704978287
707073792
961647123
756176470
572173008
856929634
606480374
602144627
556649012
823108442
131671472
73750718
914009851
843432827
328002629
422777581
130950794
222286944
244335091
402507994
158933487
790568998
74366971
42535043
862704058
786443913
35097594
3555386
704902028
953800851
543817987
262396667
660874643
357981462
18573137
85564003
214911097
625053512
687708630
624076461
300678306
671896454
550343531
67204509
367845634
878346161
489982091
498796428
100633105
734317182
753820774
259566593
377402532
680704097
302101636
92622942
467148010
189715582
96178328
24566390
143516433
492512667
286963057
656907428
850494130
305536195
594987783
917921579
783106059
135212766
541998040
83784365
807109220
92341572
150988874
174954854
823204085
640970965
526267634
923837190
227804499
280088408
35920135
605207031
960792506
190538123
697829973
280456868
380253706
646524653
305023259
376286491
991553673
591986316
885710272
694564155
750038863
480698055
612485734
533144922
615910821
7000126
469445639
275536394
951858050
620434514
450491248
775062135
113921831
976758883
551415678
194242683
109363643
439852165
799449714
922672501
630390289
349796040
55645722
10643995
848837045
360668981
239446838
840390718
805171649
125157110
387471225
555210513
458371518
999956959
940871787
926798691
859473438
410317427
202335085
811331488
883268293
505342686
438909976
997190124
334617921
842842006
43949159
443981564
282694171
843398874
219170418
913084460
45711266
274816140
776244807
894548311
635485121
868207998
587455382
293173122
845881460
974926607
848383635
156769330
827399919
641771775
83568022
539389709
52089202
138419459
203237549
787873847
643762145
642147525
637580323
978380066
337505883
681529483
274877983
620200055
377444709
494048401
385800867
423155975
768864541
14562027
170220638
256866014
882770025
610192372
550039136
581167837
437635332
250939124
737937168
117551603
892710899
821505190
656941312
797316453
959924649
860178861
585190300
456203147
354842739
75286975
434583213
692348622
756816458
709461196
165065029
134261167
56025949
550865897
409933494
824890490
417944276
580154133
81756504
153230653
42862857
631795641
734398490
480498189
882734765
472335658
598049792
627962016
146357200
254991104
425278469
958798202
115169966
862985121
415001349
322529057
938272096
702100914
14877679
695088555
264078463
179942709
681866074
320104412
583324958
91799569
144994903
1269234
524470054
79267759
154499887
567332911
711063400
888898377
47831101
446314517
213750388
645880893
74276533
212623940
753388350
352071354
171422142
721074668
67572827
438939843
43603725
5844924
141040758
58481404
553449831
405119221
90940465
235315905
725223633
674265423
179631826
722734888
528051009
704101880
802002648
682550896
271434792
365582400
423965626
171782245
811896918
490232366
817663138
738689803
702856306
423567840
943277510
874278449
144642508
10850337
165734644
40762585
16695261
306775402
99243990
422661444
564410975
42700807
657977350
142150961
569482583
837609176
864885849
97533592
394227409
666888497
632600841
665662201
32470898
56566467
837444446
696884168
399315185
507623936
288090323
102171491
931191777
83884185
828966292
928350637
94734523
994700937
969113223
963946136
153992691
920873565
386607581
718403667
963574372
897101283
860554628
385573307
587226811
725440477
483106900
981454220
244845327
115707741
499632773
129832577
24790560
189593571
679233097
276622097
697217508
967323420
378793588
480925637
51207606
60276233
261792626
998458481
54977170
230905849
962404617
208969861
4295766
201528550
927373528
967870139
98629833
640444508
205959798
538372997
218401338
689066698
519827217
463246665
657290791
19459991
445595594
534597703
61569914
124828691
811219800
758787422
944668463
42529741
92229411
848392421
102805974
354022038
846850902
10299496
437444239
661771872
219269357
441740006
715816774
999159238
262126497
666962960
639603746
468086295
205335957
858005084
9669346
577679526
173768101
666960137
449655869
619363695
54074193
511225784
596708738
717810345
122529558
541377202
760340086
214758970
242285975
715662412
421297360
89136878
725961908
858741599
603425102
945231266
300481605
171758228
796906856
562608102
838721188
289026954
30694398
44057145
147032039
40363744
474253024
173316492
559840233
923908893
645196540
466430778
435134677
241905278
184241124
557664236
635798832
797097562
624939558
878084808
512759975
46236918
819738038
91238235
904978517
275679492
36469501
57976475
447437720
685892709
473100929
286158909
974919664
356311679
182732406
974468055
249191775
656985430
300899
809032009
433410676
645497439
127979139
868545353
887402718
312220263
278725941
375717902
109317826
903665499
253802710
474594153
802418769
73540748
565832388
559913639
201736592
454818242
617890114
649174313
140710951
90991043
935333222
968146967
299819075
970581980
942615022
549010850
480083763
942915922
210559211
913494439
440929713
338538351
634556144
180848783
650758614
913282086
556566686
612592792
669463937
810369396
939703297
324399059
736426497
358052038
884312698
938163089
812870280
354719164
439853754
806097583
298226559
227703328
626760903
598045634
198285309
421892277
147056485
678369072
217324551
357615696
444379863
658254265
696154047
78936007
839103048
199429014
844734445
395669734
664538158
366714735
58555483
604241456
691113794
647498332
962293494
575426492
438177773
627680126
930145656
878031528
286294061
80888567
105734856
913054964
678934202
156536517
187463594
825990687
834905589
404788145
36122735
131801804
63042410
584793135
210737812
902145459
784222149
55472257
150331545
301276659
274703344
61403380
905518115
965817138
708901712
720327961
393759982
147079486
200524439
176421990
25111014
339334853
257310558
983362222
104906169
936244760
139898740
292369763
614751799
827320681
697157909
650874534
959122486
760200319
88184021
22376650
514862130
872406170
77848907
517710028
26199182
205068604
579113408
931717297
170885742
288015121
504561611
564645725
287610959
557602402
741067715
165238325
896937255
998378273
148600547
1843425
787139385
141015639
294213188
401891184
968336321
991371097
905282071
927458807
604087769
993466092
949835457
971466251
718388615
880200716
489176279
744587797
85269320
68289688
528821446
108671415
208821161
33383057
525833492
496432120
443501812
119417559
661670445
340439067
117795833
662787344
194798844
757451570
803802984
489012033
11859107
772139305
332899482
917141178
552114464
789503603
910607270
354466273
760969855
481512237
87183341
102662486
226100034
24969014
23468526
754921481
133640429
84806039
640820890
511990273
581238159
84322702
631407832
95424956
277278122
601720017
758212301
472076966
359171588
414531637
813605351
371030695
39187294
146504834
140688225
591301758
788524789
51295495
798284383
402010996
385324085
885467724
504673483
611424119
762953090
380658361
218861952
749109871
465464401
712199195
261100144
46702560
649038249
892507977
994643869
926316371
346744346
605372522
250909690
705915934
19904159
64515041
929462981
59091453
63536227
70151206
502909563
704577369
973963054
301193946
106588365
359287139
39178022
463778200
823227610
802131113
844436562
42089563
403757336
309900963
606805110
664857481
209119875
255843359
409881810
56280096
34676083
756626156
661652618
138102125
315058443
681556777
55133518
97037776
593164582
118669746
167188983
96074145
675763467
141152037
249784443
782351832
352955528
288962466
98646385
28699490
943609931
943082947
70789053
347367267
105500262
530110515
864741100
314620137
785953875
127139262
370900234
673146310
883765419
32552852
811248435
51340214
566625982
866381953
148377990
12306916
837568051
168083325
108381062
513331518
161751714
358165505
148199703
514707242
499644323
246846088
543406733
443254254
42445387
466712138
643137874
147945649
996822654
507878974
462565786
635292881
635018237
685982372
160955543
371300008
571051577
972203978
275156574
137677559
838585931
423534564
2500827
528670335
591617890
110881889
42001853
753369604
321563747
42717908
120593199
821208070
142080348
516516284
116978677
184525735
983228422
760116551
332471384
832567428
120511877
795037171
320376661
755530114
333535895
481332204
979346474
904587472
306052534
254503048
894781383
144638466
530553965
897282211
525825153
122171855
8164100
420343358
728057811
182244199
463061267
701167362
3452270
605141615
217683646
120430947
789667351
53428421
880547498
122138735
738512201
1059375
769692258
58888863
609105842
103228154
392737419
440968668
860331978
698789954
695471717
755113362
695944772
78542034
504911925
74286277
53230241
365592377
494629635
781288052
547836577
957690902
334971767
551288847
415348870
552655413
524236146
57532573
458600186
257299996
32187660
197112388
110875723
654396271
108517603
719981565
610140777
353771374
13466586
470472755
52561328
708938303
78102469
601022452
787480337
583014394
675308729
840710578
948606772
22454717
474514982
348959701
980145619
809486749
900248548
248010841
214658515
277001046
158059766
673258701
534301042
190247427
722887441
645176765
844643698
831405044
217674683
307300827
37692771
231141269
777773582
90254099
940079572
708392404
543792904
580076261
143923150
71617985
273303191
92529922
94072702
600334525
294005975
926734674
262337627
46770875
27261867
476996142
323771921
185321634
2771195
858072963
375569061
725658637
503249729
72729111
409580033
720924412
380029938
447272804
952065681
10319872
390043256
744661605
718712276
786352512
177254218
862635427
857970497
303073761
807681701
804559552
903408286
101687677
731294226
165745913
974904
758556093
495258407
324746826
943877727
498029603
182819789
171963140
76204592
538585870
97208603
338300977
112026634
477238541
785573782
64092315
340074766
28133390
661270272
58787042
814485902
691040842
773938821
524972751
994114603
434136875
182048655
897522890
388340904
913342881
915785155
389315808
524415327
411043563
714062634
320809406
761589518
749398776
345288899
837794110
287984646
442497502
28611439
400011281
919736044
814185221
316619948
112327162
694834963
830406573
23630556
361837217
521447415
797569378
886809969
368078371
84222605
68858624
118117613
325079861
834717858
33902768
714395669
211649537
297462683
280974656
384975295
59052201
30373432
730264194
749362663
170874430
172761697
777974103
423402063
945014093
444675676
740022012
57341255
139510640
422944937
80971811
501347857
944392352
731057541
240674178
164987075
815280146
162049155
283104688
140360007
849283365
317007457
707272029
60932902
614470140
840763037
298424549
526038694
723652821
28688744
275401357
894527251
53966793
53375460
170445667
998980886
350567489
910467679
56322141
490078129
185928968
989810304
843942338
130321320
720867846
84616517
147824748
388664344
99182024
430929436
381540704
948465389
747936893
941329085
861914643
214923386
782092122
12855544
740962080
358261295
41544288
868879789
105304898
95511081
774771602
275750565
94491967
125339091
38734596
3330460
467933572
224663564
845657117
311875910
207501237
419041315
249008779
355325985
807705659
200707155
786255421
41762715
1688896
386708667
983091800
863603539
601632053
617700274
876459084
195110485
975961569
770519724
63990274
81266468
866030806
691278228
209533385
813039125
816617319
248267982
668885938
137067243
472931546
367059407
448943154
680432783
786100722
550468285
35758768
446322733
751175441
822014190
488085449
752864337
61239209
323693601
468984229
662871262
793910228
197959665
710498099
622388149
968479389
627004725
556170969
687026547
318282954
765704355
352582025
987416625
13972337
21467963
124483869
486903883
241043722
425943375
19853019
27144444
976411660
55611787
473467177
727587101
730142329
814068978
332967791
791381538
137762580
801952020
306769152
784189160
999911685
17267251
406577309
968391074
644271977
962748279
507933974
815071283
580968986
860515999
802487908
594941323
734500314
779488129
934361558
975544036
205431504
954214577
2688480
34359517
9826365
328672009
761946618
592485046
142740988
94914409
383866585
133019920
749382781
690635737
769725432
749294466
560419341
28819093
570201893
57207670
991567372
78135867
872278953
425052710
791168218
527283213
19994033
525668532
306771343
806871944
353728920
364719199
761086521
208933752
399078716
623429238
537605761
13541687
68430637
532863101
108456096
452297222
518399373
710355230
995449311
140641157
312166048
555868652
169460251
882367941
613076322
13543975
813020160
337871627
438596686
456704730
865154841
311107071
982373262
24442536
117979015
188618534
389161735
731581889
397552286
788240452
207527479
935158048
801782139
275958116
320537501
762754587
728255338
691453227
473109817
576221002
832094384
785275866
132089654
1554635
520160159
597682329
15098611
185696672
935553956
453695297
642401402
653225149
764802368
477291017
677667685
735297736
665909551
66829421
466879625
63461838
855069873
674407104
851136238
509368364
950365221
24190091
272122951
531136911
715643318
597749121
107357913
400254055
235541339
91963920
401808690
755701498
542162601
269423653
793914522
330232909
723118950
288832277
983458059
340437671
766123294
513642096
75735407
284549197
580471517
395131384
200527387
288057742
922054840
904179977
797426106
724936413
928370069
922065410
108589677
496529739
519814531
68463942
896783794
755355870
12944214
151108837
363573720
555106815
420532490
10004595
737856077
996167793
298836872
573830488
189121816
64960166
87472584
117373575
202025715
520460454
512504959
255069455
808518196
287076151
159249432
458460655
12012565
940135853
233042417
120602242
289181945
752856948
189066184
38482091
360729170
202010399
189590928
576819242
609633566
462639771
586823837
347489643
458807564
885660709
921320131
647929380
803137227
861309068
765302955
5162943
381769522
130324266
112748750
42804070
417400417
271998182
353781077
281929334
64650388
586823494
402531576
353832333
192196794
444114113
392314424
552925964
646124512
581905353
129745207
108274430
44545124
569085396
455764074
355869040
454746106
229600557
856314772
110399685
90909625
474134079
115562628
325195499
604458345
80827730
220515922
874375114
352825913
574296999
156304449
417476301
161120494
411352377
771308634
353317288
855466490
16139410
758759605
354107354
598044763
741021164
462381785
495106239
310106560
918145859
703491631
617369018
262768
559806403
727768704
943688746
33940482
695847684
121400597
490915179
776675415
341916519
217806646
129501328
916213519
374111095
399493981
77334013
785463472
23318967
283167653
493446315
39458377
41927258
847553669
490019493
635464774
309935454
985125732
945571335
80597665
541133716
415456705
80860434
100940119
143225409
877065532
987396954
839073094
998466129
330828485
468264861
340382649
548635131
450282541
109112520
775262578
849776522
38962885
413242403
725611841
322130538
906688718
765070218
216574149
754242387
107606063
852038923
916694194
92731796
650126610
997291859
486381864
65583316
930668645
439838335
61325077
660250529
279751641
752914523
658716659
610580127
221179384
851615660
11731610
671461925
960728180
786994189
373754799
999691065
52752944
99366640
174337955
959441662
716953211
390912104
566200401
824559274
95467380
482894595
769807422
598110342
332702807
108705638
516210010
115887804
548543974
577535088
776138334
828295615
182965963
287371345
291392094
404145348
138987005
303123705
928123625
952231537
942634246
154394777
951922602
995387190
106277769
126260557
954828852
823230980
369689014
373545605
500306607
317672746
856440201
122630381
915783088
41659360
231336020
431993099
10063516
779879994
862044539
786201850
460691961
45010502
926089547
752084056
301672202
917592904
55207761
229795828
869824441
850358359
384190605
674263395
845745549
490468374
653040305
653090753
166215707
875245671
26636358
519038666
192918417
735592911
641669047
108701505
629768623
725521419
393210956
639832140
357917765
107771847
278550342
818609727
152782350
204639890
570693783
454454552
122232794
478417896
536766732
844573588
181292607
920957337
371353335
27038156
263942064
876909992
532645261
282674123
752155663
411797971
801712789
797590432
999907235
295898188
758808290
629675858
21419608
4535598
122024350
379337373
112307446
400574693
50463452
265089796
605214583
621157235
572060700
579963729
952091483
108827433
277053669
133384090
882301122
500923357
12938598
146243186
377833349
398100211
281433661
982505365
809898183
83146450
780095797
662321770
379044639
391420439
144513980
252980599
395956038
266538331
632317972
508263484
667113024
682781425
773353280
124843959
156455012
197930332
704807688
108546496
306757765
834377710
94446938
41575240
335301067
107385537
40334778
565650768
358002100
321768440
548156133
20416635
404914890
180768283
682738405
636475881
572188722
827252386
889456480
968144760
93790717
374290805
328924596
760903741
57072230
102277876
885747700
66043594
152724561
443071740
27106442
459482326
129965802
121553381
501057566
465266869
81455270
541392345
30917638
291973722
863160785
431590123
312390358
120592027
464874758
995128763
757067909
37063481
822381149
499040741
857724593
768688218
873331546
39165542
382108311
782920128
141443418
120372363
848963723
146684331
563444104
728586517
606166658
693409906
702656250
959740576
11193128
636627872
353649273
894627118
928601595
69326410
178733593
240991953
189918438
643608352
88637068
799502699
533188185
911018218
298543440
243429130
532222788
24391339
282594672
914331100
807311467
276554443
34703463
508791542
423238774
450663919
237378060
29405432
144073826
940034310
841662361
7783306
429178535
195311634
902410424
357780130
264638045
81144017
451288435
307072835
577268721
539925503
106575534
110456906
303460073
257635326
353886037
835682862
282026665
636480709
750013962
89338133
913035152
637233777
598129675
188790279
87897697
688024087
70712063
84487875
480574750
912374424
92271181
909753285
107686059
847197957
120049767
224840456
780858326
571338202
531913291
210643400
111263705
491005177
321100306
414723779
748640503
527502695
102922993
30667169
16499757
852936955
120005302
929534909
342687084
570651329
118325188
430584781
111191769
41553604
367589008
591766519
953928028
312376541
501519804
914130439
12090850
621569571
138970895
792949177
45424125
523400538
3592577
156687830
14405715
177209235
423927961
615562571
704711931
526850954
646229740
721211688
232304261
618751394
503262949
574991346
41919075
474104490
5576127
153110844
515658094
225681488
744877363
322102474
538058029
98913519
236232914
550148880
572999442
227720161
195614409
618423567
603637052
51723338
775111398
470559119
228932573
51555711
86121690
786160856
578406666
584867782
359888896
810710927
56135528
863151846
385702273
98054604
189772688
243794753
103681800
557947134
469476241
848559164
880049608
7534270
799989035
116282522
410199502
372988478
196519036
605813911
991412045
800156088
657537249
619039795
123231559
886469823
670595507
209353250
525147031
101518525
794221032
885035928
912229452
850356561
600704126
150448078
800927517
790476814
394242831
904609317
200940300
716235424
605684833
80989908
576286046
405673869
49788783
986485549
631178699
98824171
592299460
475107096
898980259
102353062
94146892
22211818
988822885
617258751
84081420
366486268
718777276
730818805
251522196
483523080
433691718
852226322
633971158
234619235
495219488
28213989
139228552
696159788
596965765
597429738
629666049
173251812
3103607
679454832
12253713
486798658
778279003
604553173
961905754
529775614
706906235
908568998
404503784
548245472
378344101
341101557
914731741
97121377
71920362
18770289
433160810
505612080
723512964
67131968
592747667
71248804
947862310
584492571
767408593
544828075
181922309
249590994
570596239
37542268
929045826
582849952
524340926
559841181
39919478
338763033
942133147
746825713
247332031
199153283
147587538
625676133
540254840
914835631
575313862
612175202
933605920
8474672
970303634
509635236
928122993
563051301
580884041
875985303
60225
200808986
273329730
181982534
450399980
843925970
72041155
231962158
279292274
596382081
791803339
319211752
935145114
586452838
66037466
34993498
785606121
66141356
513185983
325860962
980976987
88499845
790552516
767099259
949490870
760856151
129250848
730130215
176423804
710134889
458631870
176484029
910943875
731961600
210982916
361343855
428403922
283024071
593306013
707696197
879406152
237625704
26907949
667067619
824078542
945461767
554577469
462201015
864119475
67763452
788061977
697612814
8779649
431130846
317228426
810786871
44503349
446479274
540917086
220927153
156614163
999548956
249927535
67558038
584026909
460910451
281418245
864947183
743934522
727240610
425159732
475857026
964866314
304584034
142924645
641461208
102562153
550018466
103662223
966681629
617781918
744240553
664294443
479077920
27887751
981522869
289864791
72391100
280518495
683298230
293318253
437132658
535363538
543245788
357207048
119390447
4156239
491141645
836853983
600607113
218382255
262013715
76464140
35764921
566597749
71905137
529742481
669159903
621923604
485921057
488357884
92221874
82677962
5168679
571299794
110565713
986691549
713680938
182956813
119726396
396979168
476275066
556859055
932342706
872037207
766582455
904249506
728709798
257724101
593619841
329316912
328622708
855633556
258297404
364387630
274747658
330202541
894130111
796423913
804642497
232567520
284781797
896864372
315245482
289950476
320680518
425811195
129158377
34361456
608768008
248884774
283856976
85043075
658260181
68716035
809596634
424842636
825481893
538306432
535083089
419101734
720139696
863705798
127251642
978437100
80609780
254515652
161155994
974739891
50939565
965798491
59823764
188237714
715179215
375069246
478188191
35859734
800880442
459862920
922737542
409648450
708747694
59110871
347207877
219524227
127826906
9320863
644366864
805825151
547627296
31966305
77443237
120283344
895672103
204694879
98720445
976281883
459210532
259876439
803538127
362666449
78191282
863361891
550904164
793370498
238431137
29092355
681746584
39311579
341471627
457000478
301476382
50219322
516111349
501200611
122259901
496454607
510521475
766626765
154796110
58148771
798593071
232239347
30948467
546781526
436934227
129668912
523063410
748661111
242061703
179117889
111327560
320252986
42479780
662231724
113623484
133427269
543840431
795370068
25255201
885312059
104886898
326731583
788047733
620998248
827932194
910307634
969969207
190970021
529450752
124765318
101635144
180560175
357004665
132583612
727341701
646455244
262252524
102921463
395116355
504314228
282039352
358960268
824567214
177035484
21191992
790707050
310462754
417548776
438593470
335717955
155377187
543480368
662449538
795941272
16994968
342898084
558765258
986964176
533868106
88216010
111729494
635503250
121292537
321250511
768086862
701150591
967705756
882855739
804072054
215338463
239686319
938627759
574298731
64253533
115663243
448007076
707476935
426125997
718072204
146070405
761843952
873449391
689550773
276809842
521907015
706545742
472224279
80672273
546026270
6092385
21404636
510272116
494111987
142697173
831522627
114715202
696364116
651744735
997570941
352952523
719599551
89773612
291580282
146414634
6543497
259759877
594421710
714020432
685885875
165010266
860090837
300246179
38459657
402157962
429572374
412883024
961220056
901796653
493555298
507246326
760405390
367476286
17518442
107033729
362689811
701557422
221748931
59053928
205818509
71836224
412006451
925418060
161609836
556103085
71832695
168153333
815862962
518770757
882173765
354265189
683781024
594780954
654511369
574757033
849455269
84083743
987640058
810675325
838396748
333711708
170438004
598802138
701187994
40472798
705835867
63877805
594546572
780101151
975448085
800365082
851937375
239970888
578299494
866063564
796073973
502648541
34216897
611936936
873935651
768907015
966202125
410233027
216204321
473229846
984990060
65659590
409829941
825146470
728851268
100743041
11374530
751805624
699545179
565078876
792278422
257897399
481473034
239341347
37998550
456921119
39706429
742452277
696892008
470522275
461032193
345482333
825687169
347765443
957419269
699622820
116672458
776137747
109855847
185393131
101883945
947362259
103569074
364230239
625025082
684936694
464973280
488915964
436742318
17034812
53994841
81537092
274932211
535467875
320878439
165447113
844905346
213101220
760415742
394313706
536139848
221447936
739796040
361827017
569213379
549731661
913966189
538402189
178385760
876338388
576311672
280269706
676216999
679880746
644499945
153758433
217333792
109473225
642674398
654076110
126508037
696669239
588129555
253956600
84653466
909007994
271920065
929558812
974625567
32335808
176388871
510765415
106300096
916184911
725108784
675513475
465916572
639074973
66432016
644302333
367929713
642743688
777088391
44146712
175140787
274104688
197905146
392474579
236094265
840579544
899067042
215118655
389765135
487196597
469075255
326934953
248720943
740995321
109010117
75862862
625847481
285398988
586628277
732147577
201583899
164253413
260177404
520016824
803328386
326609420
16835509
23774451
821869460
793923900
67921164
997010247
68028588
118342662
242001179
304122853
958922206
141068221
519241508
201203693
480781170
840833116
528138646
582018465
434344789
637148763
657881328
60192270
922547752
97025957
792339847
976648003
261279371
52517251
496664827
64607757
231643023
513500336
88382209
53512483
159940588
8819725
903039083
227969176
127162387
997556614
384608382
938600945
991141187
903849890
139804638
324438709
597199358
520459636
906457174
31544147
10124751
564338502
91736417
785188855
661364460
736592616
761836859
922643831
641626219
111018038
839767940
725785594
477034727
780666501
631814430
636975315
642002578
387369865
864944492
769164965
384926479
102069226
560282262
228584018
5919116
552603252
553022727
455634827
73062888
459479901
487178974
935703992
876334756
431431744
720892847
390215568
20540712
335246058
165375751
514683284
298780449
5143691
240468878
775815176
638326545
872283308
412790491
132845475
112169525
130251335
902010441
497096004
232320561
314809055
725680022
90756030
867412308
131219101
546390857
792991548
590699003
886086183
728695540
319550111
170034279
302104740
709765679
190574992
489867150
875141430
705258276
788647599
732801473
798243506
564462775
223644370
523043167
829769619
356489846
635212692
960020954
111016639
132308697
44857868
425825694
710505071
135613898
293238002
841724173
534521107
86229551
284939528
273123642
667441443
604489639
443157922
822062535
166771670
633732914
311929686
41913100
191507542
100577285
774714573
989751048
517556413
998358944
365310567
199842384
207365142
523260
12379690
318381781
985348309
57237558
744207475
548369732
45367808
37445478
242610257
432405267
976191381
527549785
705528910
496149176
984555776
148686832
170728064
151327446
634936098
482657750
45756898
826443640
435751387
820471472
668711040
805824152
671346768
34021608
5666536
878711910
887061220
18046227
49610043
872409529
75283785
793817518
273295613
973167946
683779348
515905871
405573213
512487081
43455656
111102123
8636258
880527785
112305307
31880674
31855231
747241405
514538424
77612130
426201397
802806163
750599954
947428790
608630316
274463074
833966750
466813204
5691336
721027970
484859431
55301379
445953851
412659569
849118897
719249464
238343867
385414598
87671687
643917080
897901679
131127344
607535556
759054289
864171481
572357215
790934963
748543064
172114973
157989739
678671546
598316370
960795903
281787852
398261512
421942571
556250926
232228262
888755775
414458614
805772584
226131559
469759993
104242787
638791128
171395243
823492252
877134995
556809841
911163939
373568427
307227872
894807635
833620335
66282162
611495468
405977551
857217125
360038533
578092524
15206865
38710079
28925246
828519120
173014284
427186759
250461691
729265210
511931373
139217466
143723825
317703958
217865377
466000170
421946745
856656505
489911765
97955349
586307852
46721606
861635641
812392632
206465831
608959628
646012967
272747993
220455097
904506870
982481470
433009982
335115746
850204687
324236413
364040993
678723807
497250697
643744104
781701850
79032260
155675477
773435669
75272437
325895787
991301046
541272607
747842533
700473904
31184373
698314234
139298108
930422331
559949875
951690740
136888162
21425856
450220060
262152507
241880953
354726930
97150330
674890935
689842677
947355017
999127348
906400022
478595177
348894398
550144126
260297027
427926658
558335955
33732696
503199095
884231743
877550095
44471702
484590628
578023999
928172427
182904862
717322107
711111111
595371090
521529200
700515625
616796946
971749260
815184485
858677899
178992542
912334815
386085186
868835219
859689832
237728886
627751593
190801361
586623284
30412071
451098389
14549942
588748027
337347437
370265389
472979770
67413884
267253444
957570398
645437883
47942223
992991612
215276343
759053334
588362702
736805543
312085312
57676000
561071155
127269797
916353899
740063697
892120964
154955437
461415269
604327148
245200676
89166862
795128510
831823960
119578934
98743251
698890255
708326961
436090688
69155644
33823083
503504573
188925440
843909833
1458808
236867664
836901445
69251503
995920998
277780500
806057046
160522662
335456500
219644553
140308811
104326752
959708251
32429775
111798541
421123520
489273276
356999217
362806734
284401786
41339530
482385668
383145037
740229785
43228981
671752077
661901781
77052064
27773002
850827222
773478249
29231811
87694886
462896047
98483314
936132236
740676547
757056713
949171251
928649399
976701266
89480062
32976151
936409517
974426190
144774693
210049389
316215818
354290262
572856124
600617604
395629792
907758144
836278993
135859577
950987126
508031070
650277711
880555542
535804073
353621285
506550144
417552236
293832523
969446191
516035550
82481111
562639090
125608615
31652362
491288489
102309882
973648777
376780993
891235751
800591319
374072038
101285141
116807137
728362300
526657617
569941093
123992093
286932113
258736438
112368022
90435591
766767508
615162085
970991134
155087933
821299722
330057630
572640169
115132245
299503821
941192072
50129709
862142911
66800687
934298423
205947752
21626921
760463552
435245097
912862673
413571223
809317135
866664166
382894712
390195788
245838135
952835805
366704233
532770248
64088595
331588607
623205840
830856104
799267045
446713326
838460389
620566767
776770956
263616911
588215365
76274777
204808983
490861426
790934040
124126022
425159849
849398144
145752944
38139754
284643242
58615617
451710977
946476729
925279783
834605690
189188869
23634270
639957847
555893102
556404518
704046443
739998062
179610358
387418899
539265107
626323684
225879288
12348226
255610992
489496199
453079943
184402121
546821534
943941369
975336161
670947557
221617571
677250658
816700501
259757325
961893900
875316118
711468302
760886981
653112253
546073992
950075851
676746523
38548192
358485305
85667393
742594635
98483367
265277752
130013534
490264826
744117788
208409174
502613053
999728781
697905374
955692996
184130902
97243260
752150718
11983416
768190817
973768289
689234074
584891318
233525614
503644326
312723788
944993916
117047659
818352393
343584261
67123510
347615268
382132453
425608816
433282662
124727088
376608535
698560414
107256974
866873362
295194554
315666148
222002767
294923335
866087874
30212115
331570590
963331135
782362833
343554006
731521952
756131122
885304432
168929623
842173088
241465110
334169763
639683357
358512769
152522157
983267618
425636280
500137425
217916423
703761448
933420087
195159863
80369983
484496853
154933189
947243345
779691408
470599337
21762464
927131095
189203564
51974580
258701685
152534699
834337413
454772043
736573003
442984888
340076475
905502626
285157976
581541585
92188742
924841333
940054355
244710899
760625303
218206987
597364676
831058078
921968435
383301116
26217941
854854770
867797969
33667482
654614468
500005729
504266820
676376932
279653177
693470384
728351512
538354862
698521435
562688926
993126906
435094438
5673814
185719733
193113417
143348142
619777671
285302159
920705828
412348378
382529410
533847483
630555365
979894086
364905562
405040152
363195202
243639855
112411274
83509524
277307338
767025742
436031605
634090510
443402675
715684782
180077246
24270539
106555997
878598681
586959465
99682903
166209471
445149631
137918988
359322888
441014126
757696659
497141399
361719954
22561389
879670809
895567437
653116754
859564896
112989351
910673258
75276450
209145559
23084533
11302326
486452897
790110275
447333932
120543407
86029302
163018714
153137005
110299842
269574711
31735686
549775659
221773966
197945157
994925291
212209307
409784398
288455769
969905966
906925797
650175723
992467356
786596607
398259512
498100462
498677855
363765216
261290073
426470657
572910775
284374606
437772984
59363672
927001233
885106916
32423431
13030536
48125630
38076788
975846730
170216694
69812474
525622389
244507012
120273983
373064032
456716319
530058381
661519801
279138638
436984179
164211876
124122346
76097138
414987741
622222808
427291345
778752957
883512881
853762002
351663732
20403839
291534986
263543756
947405073
29158254
148483539
812951961
77283885
186560327
641315043
100016931
108889153
19453784
344523943
229163136
392517817
801240263
759221518
906553970
80378901
48722049
70765847
57017599
124819187
338269940
679240407
552110532
117022897
415269641
258388886
321202981
288189832
549923873
584746737
88111257
579082127
585746628
901063218
508882364
772306955
394894613
461415647
881196108
414348398
805939591
110359244
806866215
459696206
722097114
565936537
392591459
770819163
489218736
449609058
895638350
827488676
981365817
300265234
944511573
249151810
558654121
118230906
537341643
961094346
702977643
625452900
392692825
141240623
379032471
901575190
913547578
773927084
215507189
647260038
188275482
21446780
610135635
847658049
333659338
184749101
413594587
578767149
955568265
902813323
28376207
703722967
582818352
862258377
3988202
379846277
111410187
415158675
498077184
648751830
228769373
53571179
126721083
621462198
194811803
505753554
375553740
108359381
279680638
591060930
608135772
320472473
465024062
70787759
168130522
798683401
255536860
434241461
229966902
63621477
189571137
110859462
767344445
772389489
973117839
623848999
152235766
84528026
39007674
650312950
585796209
120293399
703884130
712517292
741755597
898695933
70787198
117309338
859571666
350467836
708370268
320223790
670940309
25910682
243527901
691587184
824594083
499064762
125828645
54560986
562686239
315399782
17936800
182547036
87789271
991054639
806396035
92541390
928099017
697920061
595370692
366411578
818213460
151771174
78928870
559969058
50467107
2232420
529794748
762555126
352700257
90681368
935295268
876156918
116592050
178823170
567744102
941186134
530404284
546089100
848263472
93090523
861488882
866200272
128153912
801794506
709771263
934549947
746852248
637870280
632470009
342222940
4281859
303199821
493994115
935727081
863168879
396977574
937959502
245479979
12049052
143176111
336161347
947344321
19333029
452753398
978683843
439593484
246455884
509088127
985682584
94719356
454695002
699687818
813435980
582848914
353998676
375723595
369915214
100850924
13593875
2385223
295590217
870392086
158101396
642100684
658635520
21270276
39078258
449111374
119266607
903643663
444803837
455427955
703504336
316653218
908181353
682188179
756246702
154637237
43792658
594445638
101872945
351004012
146649809
767825277
933852927
353164837
143548872
156284493
306532114
9659099
11186068
602122331
732567538
169287464
96739367
243719410
43074092
135817625
692830784
162340700
891977640
137634621
617768655
595481976
306804191
525950008
130186507
63050894
533103597
26495517
510012884
634976542
377499530
509179045
255318171
163868809
862343883
398867043
320153302
168875997
261042494
331339370
623514680
993610032
500626834
720254047
237329442
543700927
708588024
782676578
706041627
600565665
772827551
323810282
48563993
79631743
702276642
31266853
995198989
235380239
57762370
357728225
722873133
435261900
866907271
978191304
599130709
729251154
229574699
919284011
750643503
490617193
250623381
374158183
484227226
751250216
94412230
574073020
147467495
655516606
356749599
853509122
108598623
129577150
29835756
157162617
61725245
732112398
188429470
56924234
967492637
246191840
267168812
542882122
681453741
134076083
521073426
133100802
715843589
750648125
52384814
466487092
93781670
155524547
693161627
578008896
906774763
640090209
4598269
54242258
295606815
361347868
760267732
404205439
343441370
790103488
413884408
257682968
522215886
602313878
167123554
342224875
701022070
434292366
885106997
234992163
568368449
258696775
368092966
136728390
861861252
420477780
603215482
955642923
576002327
148893461
386168171
335293443
788983670
390766440
242052053
84590486
752114308
2319786
341312277
948072031
644939626
755196685
205754999
19671865
210026915
372878553
361896740
911048985
807170920
99520090
146041149
228055721
210733217
366650467
364784112
72594470
787128247
820515946
28237393
215646926
969409408
266921916
403456721
758393078
657688357
645508775
695499916
262319017
500344913
889328545
210391048
145284539
497041582
268662399
17472756
707068497
641540953
379369497
470633835
301228225
331405939
469191336
381800298
542139156
835841803
746584410
614733626
475486402
419616709
495487371
543649680
389026117
762409288
947106402
999935547
272613997
445131529
547951816
534933014
945476442
437280361
745324063
943277333
934321944
13986462
960750090
493906793
508043767
192635939
817056980
661788344
524041878
138764668
43588643
66181034
974606471
642689405
533431013
302609225
62306114
881434736
846258906
303848583
496360376
645881660
303784131
768974373
91013189
851735947
303907388
889005983
141532660
901747803
684799668
928370956
768250617
498066110
274794102
128810737
690702049
91851082
790599081
67260279
230615751
834187724
985957666
57738574
329393482
371905031
212864152
391699596
253339767
59123058
695548180
749700144
557521070
851848663
371190869
648534259
556100962
675098257
390056594
697633622
429362412
74856262
478520931
197613030
572922373
753315033
326423767
116140774
845166115
117022848
35917406
928298218
803726925
21875072
986036793
133120407
393780103
51417297
377336355
499636222
110540355
925400887
101852718
520577777
777249550
473043588
21628388
185866864
658197
411684982
883500487
430020610
486541244
214537770
627633640
911979969
967852803
806573759
28120744
665535270
776112959
64038150
593833489
432356236
938429574
432386634
417992995
184726029
483803931
795329351
684362251
446860638
573246590
786214970
967438415
203012493
259258558
989066803
388879357
259916755
253268137
124896196
689937365
739809381
339433966
170087357
504305703
307286769
976661116
384942799
972822040
605290428
301497301
419171881
37646664
239926875
704074867
455639660
424652904
40395150
103485363
109015155
487255788
676731953
747746477
307210555
879744446
7005035
148793710
121140156
119438143
402061847
246036352
661891860
994387580
585470319
831979218
498693283
892757088
661156686
883636082
718095480
118963466
37649735
989783713
156610131
277576610
693858580
464766143
554745866
734253730
568251506
516277374
74025870
97499811
264023851
233752777
829760610
123545239
382546487
950900766
95499734
637124686
196937118
757391594
631512267
782407437
441887164
982721902
527680878
103043851
718874337
98292710
74523669
756524072
88076424
231133800
34100683
634451356
695899943
441362901
221221439
116667801
957640275
147763661
66683965
74180479
381516439
896444575
197725718
764062926
847345341
293225452
253703965
896798811
50617046
885216232
531722601
345020563
720454486
59403479
300580766
439328823
10212541
375104435
48369248
950805317
606238236
82469931
437773026
154654531
376349184
658994465
123838685
333989460
806758126
190522650
408169939
40790917
86967225
458412009
804853844
786828918
751637461
58557809
683627729
654770859
796290393
67866682
999791422
369261231
127270161
152888540
808590055
989999055
527992976
856959303
940804372
134231212
791945586
231093750
141402095
20811122
890088215
265240780
354800582
549362694
455763430
615486873
590153611
395247007
73898882
247523807
182075925
678052695
158597968
718220007
185339907
807404713
786086689
37647681
176665945
765873203
190536222
837772352
755872258
718529198
547248007
549192982
705276762
191709945
780286733
846678857
212521067
522891300
964435990
567321650
924770346
272715772
35324875
367440310
667962780
109223758
614964117
850038705
787276453
626078438
420775064
972616360
433483151
206861754
10264042
462665448
972734957
53316616
300437800
581123567
771845814
847685807
982832901
477122576
39395752
615635986
176317785
104433172
138527287
140753775
671754822
915813985
265985900
707079697
283254295
933948680
668819807
750734765
636503737
308612613
376813203
57278802
133745325
662812706
116656908
144009367
125478155
89391865
49842335
278432307
523031784
821688149
126118115
358381037
151327077
18030219
974017024
327644863
122463391
965060663
320914990
646734565
880874648
586900890
206330615
16645296
373365922
875150422
767380061
9869660
36279387
996709616
67148462
170024713
659522322
36321722
166550432
637516829
125713587
216392768
915949137
501261723
38080917
894583604
859642760
189407995
765130175
686176136
369569210
740109919
651236799
690484200
239360836
384627800
129901443
445691451
253789448
503267365
173358226
21169509
365653377
209637613
870395477
285318191
379662326
382434151
321639913
546212759
19950981
299869852
762605527
935900118
801131575
653202796
683000074
513290688
842610791
448130249
51983176
64696353
40756520
703219976
755180554
280117357
940364128
737598349
725808808
194153576
93382066
751683386
67839437
459035444
961321000
938234914
744353635
193499678
173185417
65993549
592228789
193136398
365863401
207350668
981552868
19511329
860553465
664552942
385318369
555680608
965199544
437301545
620376962
5956064
140521521
228073868
286073421
933402001
965672217
864398582
127555577
59054283
616081968
47911366
518089727
429919320
838662632
114959715
475935351
11848050
180953264
68164140
57500800
399333017
275514809
39053669
418844346
136068274
556122963
804162715
544265234
521322507
93980613
164642196
379794924
87018486
392716064
665868345
20420488
210904633
382783279
492417
269958917
998865248
48403784
640564996
281300920
739582768
755524711
757236271
751430818
936477975
677916764
808931619
188327345
953431573
700501640
607171691
942016199
256624603
263850759
338797785
630463463
357831372
503439982
10258387
444849858
748672398
528643084
317786698
959577032
911426364
318279116
82052301
762807964
219199252
722617297
44108884
958782020
478142009
653861508
562729191
267136336
184294624
224177162
455463681
137726197
924678802
915151725
932258748
33819757
31518836
123572885
664283220
389350208
627012867
527057959
686716418
228201618
55701044
4503117
187778650
967127408
175298585
269830951
582451724
394497837
992448248
479076960
205796209
323106609
132938468
621041752
442759298
169749444
845218914
898222979
159991993
622414068
665891056
92250741
508750178
697409892
68339979
25549750
86760100
695352846
552607710
625992871
923554464
608308754
630495988
963849466
427952514
805794573
86196769
10404238
52808762
78645018
341997550
111121323
254267979
327452371
732163076
697027277
497201815
429898342
447766609
657193809
52312411
113657665
601960902
413578941
663583910
670300881
439128691
602860362
218170080
991736401
228853233
141724544
452561507
711865573
958090363
880514021
370176498
44287132
743434611
422985260
975448502
85432162
534106584
82232834
265400885
118786012
779260111
762602700
548684354
79543072
419796509
453513117
45717090
21757412
867092058
709301000
544574645
306220750
164677714
762744725
150473503
393530948
756985622
603035011
105396521
715075985
336065384
328089372
611879469
79499996
751074632
587327972
17448510
137697568
669560806
135365747
256483580
301337269
897968447
805167935
233396694
170281309
111197404
279113784
44555073
978289463
840931136
589129718
137026565
5608850
351874444
287500068
251656150
108860066
890535079
209569024
676452403
226600464
537658396
140848224
158616812
141249380
728176196
28581674
278946949
250253354
163947421
387946881
404106976
61915868
45631168
637503670
84713529
156828573
916617454
129268602
135118036
610064942
718398321
272144601
615673792
70272765
559644669
867329943
31649183
302696101
76898967
560617938
529296565
467073715
701466162
540429729
608323095
282158711
569011403
887270044
384928417
585475176
127733278
789035393
499907396
173364446
426539063
584620926
330193019
195672869
713889528
465311055
805737811
432287849
589972008
273927956
355076966
2133030
993774251
239242501
304829131
923189570
652376791
834125696
390263285
206359306
227071777
998586380
488518017
796083180
738372777
873446434
234074708
866106055
514998180
733982104
39470501
941537243
318603030
222179873
989726465
32492559
687490928
647980628
317296760
129979289
921908584
524890079
132112319
768199187
764132580
436941450
691388757
269025724
123583498
934168394
475385030
350655275
785271127
963903047
146738455
376160256
689865833
233329515
94782663
57380365
967311619
134253164
998917609
138431002
208949389
841160426
23439913
896440318
489141054
340736673
26419607
263565991
865626752
11048278
31765178
482275685
447989728
575670288
751301409
571573226
362355034
79202791
922228501
147626161
43105838
921483308
523786417
585488023
154812823
618569080
642868389
122124442
605338597
494302350
113071796
814287986
187979128
136511709
563244656
677120182
477248383
442180615
793202525
195391487
453228893
677484056
530183524
901218621
105670696
134001285
325308199
468025730
213204076
247536700
615651892
108826266
21536360
991954661
694314290
176349183
463040094
189699031
150989978
68378691
536517733
264061774
735183029
724496861
400573484
150944038
254133395
730338219
445641005
47335921
925729706
898869899
724819977
308429583
652604872
830490673
442430868
977913072
151032755
655634945
77966124
766684647
764461211
99502485
611155661
311291853
128368020
74195755
500990884
279357998
995090798
37508617
395936125
582790179
614521830
796509609
733734217
868655226
379364180
31891575
915991147
157610238
930761474
493327476
466039821
435882698
176334501
908470690
266312122
327367256
564105635
196794599
946568256
181083198
296297084
557723917
492375052
424665104
484436024
993365936
556539455
479526822
883390906
952475580
62317001
350429088
601501541
648567571
219084314
980865721
680459146
987591813
138475959
463736972
333435641
604515781
752136022
509770142
365502823
18448145
689653751
929608458
67759096
636222007
110691656
364056180
46462276
455583060
641237636
530898300
301465349
197777091
862941474
37372607
2769023
777774827
387801695
604270564
278858750
606886010
585136285
959317896
446994175
576128597
275571220
780429817
33160730
27707243
142716311
398663553
898671740
832370062
180788363
966430836
321108421
143996371
183003368
367570697
599579432
824241004
750985349
901044781
874534448
613926823
938417388
877303471
244218003
326219083
481574036
523076753
785621445
919226673
334911002
232615621
495355270
610482222
13045438
528516000
490705817
8278101
927179553
241893909
840648164
107967916
60841097
161756585
104480640
96360817
381843635
704060072
920601822
132828984
605104853
647652622
599272160
396038593
524956093
843490163
722257676
859046481
366566916
360395474
778273155
701477918
593011095
126144777
164476493
458572885
507177130
507698662
466850986
286873035
749592572
160015502
247357304
662950021
321772088
351837944
759310839
703615723
55898016
532429013
688961059
513519221
180081635
288233219
909557814
557554080
131723382
484331842
416600562
350806651
844727316
47390069
904800921
290254763
26051198
69277414
748827648
533228328
429492429
68194987
820101364
31601353
228210489
67458668
694551374
402498929
419296612
453862213
106114652
327710980
986291226
647592064
841230201
18889213
935825283
750788015
576443294
920065018
87636209
845560208
123388021
932363526
892950277
28188942
222618289
919001475
949982709
823962290
304746156
231991490
892157277
124847520
263592843
972884118
44822540
958144217
375383048
464119152
264522783
334014052
791830132
103330361
981606116
485576685
122219575
769947752
88881052
551179221
542529122
176517261
396739429
518433495
108880787
142206058
399138789
184015429
913723885
201637850
7977719
218470041
433629340
752651348
195833913
697222183
725535466
240656453
655366401
953434866
704775605
919889184
139965271
349122089
23219545
121571387
834698774
997955472
744035491
923579826
549134693
139080965
100097088
798390474
657514460
61494227
940596532
56653250
245509656
706836770
110807452
106003727
925306811
544436793
858655075
121140725
241658976
436706894
214313530
749541729
390141760
919089136
521947265
530107031
120727577
397683163
504194771
807942704
395638635
100746614
584038882
797289681
92343932
536652322
595680155
749858392
598146550
388793040
659027994
696172558
95629810
769835447
802176286
873452973
166788592
660831361
847110050
408447568
97538255
61423581
10505650
340196368
833029069
532452915
722819751
806272998
930136078
79530874
614215702
178291066
180277489
50770937
975580747
272621421
587423259
423777254
874996165
38086161
812570294
386540512
734258720
760716456
8892311
536435006
486685782
175680903
49782719
186312184
584128471
999837327
100252117
594634121
192550047
785797538
127087037
915369798
592070537
909739467
994900673
58802591
88030533
27694514
109573528
63611280
300315935
696996788
339904887
27828452
735082949
4991533
414368964
321858021
765707990
423261275
858293027
104910124
598942178
760592099
143738660
35587002
760429426
243990778
630221123
952979473
29788316
609824512
720865623
474375205
372080332
715766296
385694149
460110865
743460810
495267677
376238498
896293097
44780817
716143385
924121550
632380119
721134918
338490514
954238140
339359260
761751790
665047520
296785736
213210320
425639619
440524397
248797322
38585397
684515175
879018446
844081222
566819843
341359310
564946845
893711401
713439642
133229494
279405550
26066860
729206656
627189579
254821710
625499754
671970397
970965095
402137656
156866868
544616365
740628170
111105008
736491978
354896312
776152528
33277714
568106633
54308499
473802111
816903955
92893896
10833638
548438753
789491470
430169834
742314416
206954668
323881235
308270410
340184162
455803137
334337270
69390818
82992716
589158980
547406924
607479465
412640427
949544580
764346333
809773145
542689103
875451342
546265123
750101767
504120222
432059189
170724752
410945074
905861301
987628708
356355322
769211291
388583813
145846793
199381125
130898229
352801461
375778712
291684992
545501975
831581849
626022262
467409145
914574566
67697595
14816070
374570383
332854374
816877002
138916717
142627519
212082457
866884411
541408994
962184225
223520985
973468184
132908977
634466059
731845837
973054037
990821382
501057128
214154203
136668175
552954606
197568784
341985988
928733318
489253776
887487963
760315168
967792391
207413460
527406086
35489986
74745882
901976469
220860712
891622885
893409538
363488232
956221694
760293949
904897226
770922271
983814935
730881762
756347601
470797346
462727599
581917990
461618728
816301080
796072193
450803255
369255686
846157330
645305595
150505356
187927458
385309910
910820524
155719849
592723371
290742962
43726187
667469253
45235784
264586900
411608490
938645322
480591484
367830185
551455624
238005062
138752456
387786911
968886825
747616409
858584257
284130776
329534400
172719338
100431856
978122945
476038945
322203894
824280275
121344541
472709251
12207734
506654451
236046127
20443935
99377822
526789090
64170123
619363428
424541226
181273375
30971918
215702900
661864859
251318455
767158524
899869921
242587264
7461787
721273098
990203673
718562397
5403875
172254425
891281735
105835731
150377371
219837032
280555978
827173998
341181573
753265229
691898084
700352377
989311356
712342020
652246551
368616798
629028495
271609979
793158024
662818222
155098250
8860925
177199433
406416705
628535801
77069354
649003969
635997589
650858805
639207643
207076338
656262680
811462068
98358073
614614763
814355791
170711457
895170741
641529790
511893031
500952322
185944226
64761760
490263679
898286246
717008311
858880477
379831093
988618291
504554854
42649315
143716541
513415779
72365100
402649598
141951580
1950807
51653568
630465521
652809612
543377563
837541859
161588644
207355983
788416284
776203407
21711775
959127742
523890501
515757917
323537125
24842823
701702143
388298885
367622854
452504742
105307196
79019684
832335835
946441839
583574538
727501503
942674732
949506669
799866603
197840683
943974601
801817410
249494251
426956475
307143374
792871814
117014686
468732018
227797
905430971
97451778
874455924
717075065
621342279
390213841
893128542
498701454
91915985
133943779
718840661
396937079
91767327
797860345
81789266
38209167
233951235
809290769
833400251
35974256
461673725
31240934
979948857
116007487
133251537
406905332
423150862
778639703
523920019
891882880
631383853
281867342
989334658
505839777
851458759
463193289
748569971
744587301
814411096
693002308
878531080
533251757
89939387
970298407
183628454
171728653
861023926
270096041
833535775
546940530
306070297
147725852
430697816
286019154
263733339
416465706
545440839
539400553
195105409
69360858
283799786
826489262
203744552
125650796
184845392
55203311
588844086
933415363
652306964
255771534
478934023
383354396
789023291
568873410
206169155
825168097
593118415
919709434
95264138
426654190
319166316
401334435
574380042
749864132
539869941
690629734
18846190
85310780
230030287
213951600
7187990
513830073
892957214
63448894
639480870
77802606
118652205
80841308
863734321
623475521
336612842
195184696
859346269
978152485
764058106
65515425
803320582
209692874
837741211
751101072
636347064
156907527
4951859
63243459
759288011
544821800
753873193
778134202
630132581
836419832
992085802
489836923
202766258
737559368
553285818
842247128
667878327
524454375
775604788
384129000
446249
112217630
579313697
859792518
942886467
195888155
777824295
598723401
405581029
615565506
349824473
41928094
624989385
354776332
957687905
384277397
899598132
564077450
14927951
382247065
400497282
7013753
872083989
603263540
597089473
277886159
298027020
264967800
802340534
73631808
649096801
802786783
38365790
80926850
662579302
833768609
276815005
292919949
432492010
682396035
908485456
634832835
576840481
385991193
989609167
534528386
770268590
741723652
98605836
785196541
976487069
351619470
644726646
701087410
807399363
94332472
978973569
105426383
359300272
781314104
31574544
860913425
436617239
922456686
941840275
99196541
608741648
218655281
244632843
41233658
901051316
5634651
528582846
330408149
391625844
370708365
864936535
14410787
112432017
816058723
799607328
941435439
20194545
296850327
642522849
827593908
391182799
474012771
785536644
602999423
107843227
669627540
463912849
544460466
444600578
258269476
496173360
53342226
476924757
740806203
947092237
230492425
746440854
328191435
560900574
138066698
698899800
278353461
152477485
663848170
946928536
804601166
605283609
967123082
101451493
100322810
647233342
345150644
574335581
285286338
948150067
682178808
807430230
264579268
79155627
104547161
522848745
575328987
10405739
852289854
316135190
957497976
82782280
62576044
138205763
496199206
53159094
837105564
627069020
58152932
500953734
573997556
862754098
958753695
393636990
816721943
59076505
893386685
14388939
485928439
31189375
962539006
20623599
838619606
79634627
99779226
943166767
454999724
675108213
953572506
307289578
843759755
763586835
242588210
758852151
901792598
591303769
812011246
738898162
218372789
870164178
92368248
644886697
585434628
51121943
38523688
402156571
962714801
784426725
416545510
301159592
815616100
231600868
174299543
654235706
163751847
274078770
449918825
618751571
801703335
403491332
926041150
645463091
19594519
21145712
256831594
921387117
612449481
68842840
512801632
683338622
791523370
605169880
328225320
229474350
508808176
219265360
631630921
324039329
3692085
900692783
477715273
671824537
132293652
652014816
178576596
148561851
926093586
628495421
767313423
580313274
31986753
545870925
78292717
51581272
567016637
335124311
825484742
31982471
256483504
338286374
715321093
48006874
795972606
896062765
129997577
157297134
115328125
761628498
481336463
971536562
514837634
959051736
495877452
499647638
463582905
674454048
648209489
242192843
302949469
415522912
822506117
187452575
961393837
900798834
91550199
380926827
235923146
917034941
265425650
492406650
107837667
980746743
392929876
903810274
729325861
522927453
61107408
697170338
137072304
394960224
521223253
651909938
206528312
17100705
4073928
670111217
691554753
652283417
912304061
847020574
67806330
587326530
34473149
881716519
488125365
978539701
115159698
576564863
748090994
380585348
68971513
855928662
213848444
314417741
612255288
943174305
689861547
525879048
492860995
826933851
773355624
14084248
331360141
979883937
31184953
335434069
502511506
575256058
987717486
267331919
274792985
908040168
854658450
161782486
642273040
195300167
140322187
609949090
771865030
888413182
990534439
693352895
596858196
56899235
860286988
61629836
852589892
550148535
440025236
345450887
229598738
213380861
212051488
413475231
45781150
95752793
748909300
400809008
671008852
589143139
668140928
945801837
349699659
375315730
107584323
844489051
423132249
100422863
454438142
47513631
841352397
297488933
740866526
290726945
206904520
453669866
352356781
59494412
3818402
792382017
257461651
85933492
858279230
469513139
499408724
904060380
565265933
100834376
157385741
88791137
542493867
825526669
34592974
892193527
53358751
994693649
589198930
476491000
947632864
43637072
524004631
788985261
193642357
117387509
79712206
400546877
571057375
284585339
312557641
427392129
929483709
570019293
365841974
787762939
39532432
865250698
544339672
604798365
818601426
701725413
693589502
361095294
379768434
580698828
105805173
285643537
427908830
695004103
762134537
228058046
591157528
138655520
17043308
637316237
108559381
949271866
37863115
679616756
86373558
202937108
959525238
15857267
772956401
325367212
656136558
812488834
43134262
52992582
269803551
861735688
607234347
815909406
75347334
987002781
249124586
33668859
125162670
677033416
728672963
887297207
905091463
172346843
878469079
774651123
809663080
987028460
576439341
700042547
519161569
515329251
902979656
478686807
383702870
528452409
656570371
39839429
193457595
699704633
945348363
463261147
413956673
552582711
131686905
341820360
392101844
380811491
375489219
517264515
57844908
104162182
257078074
815452723
129025377
135547154
442620198
791204810
975091966
871575891
343763709
494253535
386905143
99259717
825456694
770608013
627712127
482027065
662963794
821169722
34248050
460828510
136947221
300721076
13411221
268634126
642541436
258029417
649445618
18030655
627810284
559806878
974709190
884888359
227775953
103734567
872951865
670396151
747455729
700560183
394488394
91219439
47330071
781393537
190479156
872786765
404517903
818191283
207330183
919998049
491877358
241578233
380826559
628824579
542299309
246754132
897458706
37357097
357299902
546904324
55387753
985110186
106711202
30096943
722514897
187003507
986347862
447983114
857399658
586319944
148543298
104404404
677539383
195873369
885797942
720534891
68660134
142832197
391242527
128506669
62830246
883119885
370084903
296173158
511944464
764900564
395443642
261919522
802257662
752743544
808823846
857645415
737853731
768051400
740258710
312884980
955054907
579122924
760868095
664970917
17959220
909411393
769375322
695498603
957801114
507689616
268549847
878977600
503038165
659792374
7484270
418384763
542912259
230085525
714557921
907373075
994986089
110001564
169292598
797243751
715261460
830632796
507405518
305631543
451200549
100180580
618516524
258771808
531819857
379384619
923742726
549779077
141312364
545634400
97794033
99113478
905840368
366343880
830607430
408878533
26136254
838091700
827263296
421564865
68177225
394337570
328937940
915679667
356855486
350746890
565439770
72116946
181379687
72845289
230264842
632580236
25542221
848781366
891352044
557362078
80682337
667611122
107141156
221994701
65761874
57451541
173624531
971602242
423795421
4231961
232997127
449931675
694840014
912776776
871496540
615533591
159630698
52950832
383729610
516486184
403697723
949169381
441119482
437593762
874531022
671384324
70173998
900073243
372682042
814042394
309951674
453364379
334169869
269609182
675359080
252448095
327060723
701499963
76566690
750856144
558248277
309563817
53304171
105604643
74856945
777317063
721138234
234487643
830267895
104867845
750973827
86481970
906553578
44609662
524075732
781084600
568510338
446766082
533674195
941192381
113324829
696142221
394556760
300011050
965751403
922432193
552459145
145328478
623932156
629025835
748700974
34696785
938589653
802005145
140301428
13446598
431838560
861439663
100450594
114622808
818823860
851424421
201104778
577893790
748550435
577696863
211494742
317060774
24462945
745168937
110769507
990304126
293827511
505326267
290315176
112095266
280274812
842774322
257423745
904206969
324316509
6124719
938903754
115422514
660646217
79205183
128869113
92484777
793161198
81836059
59623937
464501410
933260480
260728716
42395200
534327268
838425579
106406294
851388042
715404876
851575231
962157549
558225355
145402742
320000168
848540531
110014361
600274981
543831205
367438106
356998302
868147715
226079177
148418408
983570229
739241746
80139943
964955694
684242876
725817493
46791753
743866813
42835255
832568586
4595529
85230455
219412206
695537460
44153101
70800248
263458689
895728333
885474149
821684044
893647427
57990669
522740927
3661788
510782002
919088485
223616246
867780304
639752552
302211776
868715065
475839133
41453522
948855008
293311180
725696398
527188854
192619285
322079564
570024109
25187871
179191445
507770917
97116429
874728906
551924018
20433029
990703947
300168703
905907178
664904343
46332483
816414200
40161622
49994271
327196202
959250107
126126870
47492859
599002659
428338646
916207924
74841793
322308520
717579284
220669325
48004919
97284490
413288610
222600835
667308600
290992834
401792280
175079517
388109263
129037538
727003535
408542293
119741485
27172239
166965823
784645828
73504722
983380023
824807451
976015345
163092578
636573910
954658567
210585437
88092922
235513565
979309713
15451067
557822086
549405349
236120392
458343357
646689840
649409002
680944192
313998440
940401836
82736472
341594309
328511100
211774011
68597844
737053393
184031848
948286435
904019216
968677677
874307509
739915592
646001480
702839207
903008170
135091742
510014126
113593607
223184664
745527692
945419672
238635731
303349778
494825021
474756123
761693135
141514861
124165126
295153679
308029653
64566962
377890151
649623962
245594414
442180514
570738159
835164159
626212363
371540946
591699728
447406392
98364808
331615320
93407872
653720367
87139842
81015966
163734493
53249801
304200631
909262185
998669473
542836362
65128315
346010846
17592486
679337802
340042060
141757612
974491481
648071713
58840926
204897985
150212028
156951693
647078499
573466539
992115852
273290862
945007485
436331932
720697254
895888645
767947252
666621478
549609012
855087094
747637445
565859858
908336895
51838076
327638395
759522720
447190790
392766711
105533567
464783276
72104513
445575627
459057240
899112347
946163692
370414519
104010332
96375720
379882564
751088831
522358611
224514768
876896046
319882449
660846701
450109652
215771094
281310305
116731131
617896459
136397400
716884928
183756317
897250647
621239356
511394712
509289720
68430146
756677775
614823287
385729775
681298641
912915266
697303367
580410988
859078958
67717886
536937672
807971031
300116802
140542855
182845994
524631571
17438901
502728443
185478272
467548554
718499538
466788577
436796037
188912349
455702329
6197317
372668666
205469329
479953025
736579730
714759049
400899523
493257506
182098688
786629298
27072499
95013954
336449018
607483487
806609264
256683256
144421159
467096647
556800059
137480366
649942642
81431630
154919268
5187437
119426254
474984174
723686975
586214831
911780211
912599324
894433513
770493880
137784342
99902842
250446905
874364073
667178243
651346428
220137931
701793283
290492079
247210430
649323589
626941097
707210269
308449205
883624353
704147780
775545853
292940764
841628146
278004847
374372394
996547414
283192284
493798648
324047940
859395612
932529832
88344503
624511288
826963345
858838383
762295631
779382539
109285288
489176056
299077134
613148069
561830339
870417
756156500
809040769
502710358
235613949
368767390
811159563
119238302
72915170
439221768
264695419
914543316
717226615
639067813
763607083
852935252
985382814
87655023
712330864
917912646
28515879
189358504
597392343
887354262
951654135
229291234
849155903
293346543
380884720
314820324
855176882
234271489
70976824
516734003
736981847
306590773
885501393
548141410
278345427
810932915
987363179
543040846
577992584
557106146
34625012
194116019
262557750
20007826
134287394
974888614
790436824
162803273
16763471
240345519
50157536
968417606
322153105
899313439
114280502
703037825
66650115
821973736
937309314
137626939
191224092
674291161
296734064
76725485
74948923
575079491
740174753
914828454
970636690
318167337
324450953
5261702
512283356
587008703
877785880
646570750
414413670
520739056
809374024
431177141
613600927
712047912
252111099
935754032
463877703
366391601
638791857
530527818
40881690
428617523
668154757
232105782
102908684
964888821
161347619
30373959
392484664
901522372
945202414
215637706
72206061
122169719
73415760
584489417
709178422
951201640
83576520
123592092
324457048
745466896
554769233
938057975
457514808
806880333
726328359
921392511
25788286
217636568
304436681
66669976
646254091
972591438
298775758
601679127
789996611
460123378
632053087
34997627
214162102
429771853
250635334
286368164
551941572
324051094
870857581
113636346
127769087
806950453
237228439
304742487
552417349
644514024
95316815
862448509
303910709
821645174
636357372
329698996
39281743
940794053
248885324
685535834
765901843
547661083
139731314
408414806
860300813
771784401
443412434
74462915
54072606
546564120
360831079
458530530
870615214
84205013
572166876
850900653
891155466
809395315
155643141
296089168
306425692
250959956
11054029
610336401
72605130
647411402
940035397
964403225
588205455
41437074
502455412
206623651
589098157
642186726
615038457
301915322
266487479
58450891
376378237
320560085
457531363
589725669
779090615
180662930
673930682
203773843
31563583
417602500
13169159
39723076
566208020
172111203
290683032
577262050
782447604
215804515
224673452
574999354
32724092
665395259
616436428
535179504
872018910
58050937
177366230
487057368
359966259
443853709
398024611
736344496
616930146
855555975
178586517
248537113
36218905
852517199
452310957
920298840
122636052
317996468
960021917
688844072
490107671
103221301
118622474
272555275
319025816
343295926
847554629
351749909
8691186
316507409
886929413
733226448
374558346
916811996
72800168
734524605
213182057
470824780
323385454
830112204
178897107
501971971
78649317
67632364
207005523
530960274
987931204
329641575
848956742
800469473
871001999
191580765
903690775
989624474
464136041
75232943
185436752
164207022
426982852
46644290
480714432
166428618
779870739
855272778
83240614
852670907
442313736
148939023
176012039
765699190
979051227
354909146
267671161
57700545
275057862
474676684
441177171
115505419
656834611
142650266
915974892
527836611
334231031
819665667
369977437
650883424
894898611
555414189
815090447
174397815
602058480
148321231
193342785
381929219
856110361
129099751
87116478
298424097
278038775
263128518
64123287
257090002
618037664
184310801
167306899
893095527
511503837
461000423
8600946
168338449
603650689
777092190
548691412
790398072
449274210
918668849
441281497
196689173
474083038
108888296
371086988
76141518
109725879
564429774
310587089
965836240
693529525
397703568
116776690
971568300
660832086
33416329
81174655
131386102
217727130
100997906
876997981
729230968
561998329
738115279
750085769
18165370
515207470
298777181
808563443
964481680
69962382
102361292
13687205
544045420
211249588
384774193
472703291
320975467
801720319
635806732
139328059
347766197
33510300
256104749
171850849
546858738
289521079
253025504
530761193
507248209
354023411
407759174
88995529
916021740
145874454
839081298
934187111
513598276
990374831
595266906
330596308
60337213
697628198
344283513
456898986
908877786
581574058
929602277
82369605
383294378
417925361
221697664
731060575
303952014
477802414
902911424
850810752
767323493
8453281
234088297
127088054
214993044
641847472
68599936
131014784
640238278
907681234
917718247
6352906
750572418
365501505
189465566
810909631
63129703
533749079
120324969
824523841
115323137
49927246
906893446
351133867
320368960
981107463
934710794
624320974
311426229
690138571
327648078
78749722
698591852
561736376
58354128
913584896
56100200
126954064
897116032
696338478
887151651
667350632
555207736
637724069
32852137
744673302
301150052
948498193
130938733
421475022
773022034
98778222
323918620
532431833
449912090
644287580
366055648
237139236
121124906
677481877
927277807
448772985
608747951
478386011
10509361
667102079
244487259
66609561
646572496
141603292
615464391
533724147
661470276
170672127
23964568
546838765
915345429
177630972
347853310
46284162
599105994
120875345
145062384
775540967
505823530
447490826
272344899
871879178
684630063
393469806
401877407
464424222
842242791
10625358
942810234
852752152
530243789
187297493
771878065
176816285
181417137
387342456
563056784
695403765
410530935
587021352
94758883
178392716
764652325
442612193
77193230
216274671
416003890
74771966
991815638
921827420
522262793
116676890
646222950
59409208
510146696
48100357
523833430
352389487
911242067
319160016
57657991
441485857
506457510
829536056
470818494
540390999
69394864
33875279
235794765
479925799
473412983
330553648
658318515
90581660
773165841
735511745
306856332
41686084
810283711
151188322
963513504
185062856
267865212
462252807
96988416
778011908
362869516
620821847
982917747
126627936
939981863
40575738
568113793
298955725
722628146
38932287
839346725
644539362
925323918
927657842
124465161
398736902
110727842
635300028
489318562
883893683
223328125
648691246
925579767
886128189
799879569
741609624
71191045
920261133
56378783
20695814
550789394
271764651
641517661
533707141
398392587
434015876
426799232
966506380
585487954
1943730
857955020
277351031
646483093
635795290
205008873
623464606
34532192
315736715
111280987
376367107
52146750
187125464
25058353
830242870
73253653
677454274
424368846
996961051
450231760
480747629
17656865
1021154
752512280
511690878
387244647
3421220
945706754
814043879
969927600
383711060
668503962
680398972
661062091
167503407
168710615
866070964
790968013
55759159
34324031
754765352
432126266
86470782
941890817
309700972
769230004
15144470
839671598
193598850
864621873
289903358
526862831
882278738
143440864
131891463
246485968
530685512
135312683
44709075
197245743
105240284
428420135
865749705
638155608
89482227
33253112
806866223
808069543
676737478
862625383
842393575
431502830
147268001
781380709
225909999
309485325
403127065
93570822
149156924
596725915
958192695
291576634
123588746
692987786
435017499
107996561
939473754
965703011
243309245
984182829
162948754
201065881
412602965
28698460
839221489
354601544
914467924
498604065
162671087
591205402
213745800
857581014
875224585
213530153
491478075
101134584
523015479
894605140
194705406
672172403
343847407
5414454
963749037
319952505
698402240
251282888
427949067
637875994
216985899
671258312
474575176
232451006
872324193
887178141
113665818
564062034
94296037
28133742
62666099
256967124
471855497
128928251
114548139
347080082
342458405
458542566
300731018
865473884
353147707
495436425
390162639
696995114
500850879
206428028
16947620
51769471
457710917
297413039
689645465
527213168
968671351
16736993
759664174
840995544
903915134
873329992
257573930
998211171
901463735
172756382
107694648
225835584
301684633
74759139
572915666
496659390
533301705
873646684
214649626
738965764
221599461
604812265
288477231
574966692
663756646
157941203
626736163
121467563
455354242
168897981
501197083
424025593
185634974
260861258
117537489
89550109
134191250
375111419
940277632
888171337
547867801
900488632
114006921
702068787
975247771
539438939
198728177
361065829
265601976
413377804
100031593
339717789
870706421
241025176
914684482
534463067
398966379
541420645
508446982
854320621
710318626
9644066
130862566
895953601
123021676
248400055
838020062
109729278
476027827
630814046
850416968
23895628
383819031
816940241
578480767
211583154
208895533
777208945
572648983
474497509
43103101
525196929
814215298
913809522
766222105
581416132
300788942
17704837
122836778
661752276
872025458
685671756
523912694
2888025
434141709
646934370
103804432
124678123
609180001
579832259
608008522
459596969
456244240
991827553
129053562
34725007
203410707
337949095
664450304
628576043
812446604
707553405
6289324
479178255
473879280
772511429
60594387
627184574
790216266
35947517
288936850
514758077
574135626
812849545
517646102
860793687
312300267
621450534
985471811
921480268
53799146
445996685
233593589
510043386
437824238
362647152
544768393
493751297
700596247
61735050
122327340
365559204
769288455
128616664
697253811
95684087
753644446
610364550
722868661
396377064
498828420
864321864
911135141
72964046
529687761
281297595
786274085
841988028
902748130
624262248
615984649
956547276
70258933
702094590
319107014
360599523
64741742
863875407
854350821
617854342
925610457
976678161
835929898
547415265
957811178
533183709
495615704
711455624
143548259
71000718
107832688
494893031
935322582
871484182
420373429
465010343
152781777
206647515
159514723
908046259
830909763
628015724
717109887
753685049
330110315
36216901
114284572
247368409
752608661
968635393
717739103
530735470
797829907
553669001
78150735
608157437
939369062
426282792
172129413
935433674
497283510
132478453
430326705
432606092
3962635
850700135
750132787
9260765
909864002
909647510
917307024
593290117
390179587
634416912
346975166
720289902
523150165
313776091
820174663
275758826
134927836
537913767
806494297
932757743
944099120
737161384
393431532
883468183
15960528
565560945
671418209
513244038
698039399
101744914
945850130
702002034
804961401
548499269
711262799
567341755
310663132
481086176
160631873
700842719
115503088
360123391
273648973
491169605
673899482
93823636
766928432
808827319
484253755
425939081
594101414
428352876
15616817
987532947
164337411
31577346
553093892
835755620
544821384
103649643
790016886
343187867
805651678
447494640
891687136
369430829
14836395
54866620
850517005
27984620
755709339
818536445
388108012
29358312
162222403
62007494
123181949
929150835
723351165
459952056
207606268
317452580
888304932
75739437
157501879
905158695
107316783
710595771
593430667
504654520
814245415
235963906
847842387
472413445
683458546
592045875
694360626
550811293
646912496
397393984
431312266
255138187
68446781
819420278
284496500
230669184
733944124
260194801
12336371
309811642
720146857
219942639
627264222
460968142
295682077
784766101
218643189
255515212
347878224
812073857
760169732
14639991
48037763
460528471
339569788
584012661
52574347
33930415
134823954
552003195
431324399
418652572
807141382
499771180
90589202
944154234
730440365
824533327
56865387
742776736
134344969
777012245
815235728
614125543
90496739
110917805
251407996
309139928
218949369
451802572
121213785
979119102
466442564
21767900
439647573
806012352
605780561
344738272
692459119
593120868
749257819
123783518
11773440
408915554
476071051
102362643
353069788
59027768
779412322
409935176
654320856
766273643
39463773
469556584
232915538
129960512
432990741
336839886
291616792
651940111
788642458
265346930
483575565
107601374
139631182
923223138
913613727
745411744
120477763
458589198
191048964
869735582
434889069
55338756
131167488
910960120
10217751
484237277
822504240
642146425
746688805
476825096
260936420
786152578
798898033
493851958
768629442
84405126
830691844
912762586
736345237
471850655
30625868
72437154
579452029
170257051
995660293
345582108
915668795
968654408
804171307
959234111
690906342
239060376
14572867
822073831
2536848
877306971
158827460
825041088
519453396
905516265
154382536
780389817
544185195
953280569
126758127
165330989
37685696
809966324
78093575
626547285
281816979
108719444
698984440
861269008
278976495
547161085
59367469
47161642
368331845
863538776
6395753
59238187
102599152
873484972
881312018
957652352
603308295
40139478
635209792
122761692
798172095
789592328
755667861
342357290
595389250
734942340
507688279
485591298
544908664
438298207
964654935
679241995
547017651
516155727
393027356
678510498
63316812
452394825
725672140
284165009
315933601
584584245
343403197
271049105
310585569
77231567
81217809
913893865
969887398
716427601
889171909
768059493
358536281
497356122
962933136
953925531
84814814
323137767
292033181
629723479
761435974
109204469
161481826
160969977
625360196
554509182
839480475
541193361
6904007
417668967
825358370
175353960
2253212
21277919
446403065
165355134
98509487
527620874
931765351
68396885
96564827
673453612
688972730
455101109
23326086
504422218
261542992
108140900
827559986
553576174
737864379
588995960
662780643
899346206
749965938
140657191
306371740
441962765
681850552
313275748
859631733
507208923
488629708
714401297
528486842
787549126
879756431
479512681
167686352
664038134
400425918
264251180
337491746
89398649
719352289
360817832
446337219
980895281
468958733
273897205
386987807
59339464
715409518
49768450
811202022
317891808
42941994
117573763
759854573
724792546
283365863
619486306
84517821
771995571
186403956
613004664
412061049
66160387
92517345
579747402
582714874
345459616
843998582
920206620
287374617
563350871
133540805
733711836
396762504
455015890
7609042
783750312
514355354
575534912
686035114
178073729
893426720
728977108
295647492
653281293
453769655
579013355
125283952
538287476
203525278
311687908
3808492
615586328
230364647
948842190
47850082
813079521
294301806
891848664
585802494
581676423
307715887
571859651
167904611
704478391
26875541
28030005
488228703
393747247
603564917
26780170
571820976
496991637
755757278
867468468
2789283
62043285
298998175
128073235
600330762
355039806
292277495
456655606
970626134
375158494
405497796
18476216
40754368
552315954
762841232
626556862
133992377
70557119
50932865
154413341
775035510
77808406
182443346
115780566
471555653
786008264
142560736
43376630
135516253
898318014
763361450
138305536
960361300
914875978
118895123
413208414
269915784
263688970
869864020
93058270
638847465
127878169
964050838
679601833
680194123
726892070
158675047
666702853
649965541
209607912
821116194
277517403
287416318
3559540
393297969
611488323
642084156
388375057
507381305
777600410
139209424
123259108
915905946
99570724
38135086
887317422
365295490
160567222
151006392
87675862
253625492
789853857
68070383
70192682
321972042
748264507
797084752
480647089
267483712
299566645
690255001
941116258
577084048
977671319
797192150
970382018
441675995
439276307
211273427
949057300
69393069
350482851
72316408
985299015
302569927
110451494
725132789
667865417
123535068
876139182
608057632
377160560
518509391
676128015
447353242
840481434
276908874
96954346
173644875
544392586
396520991
863899877
338025196
973605040
694087548
135217347
796503410
135763543
427010006
7776837
84820844
496403075
210776041
9653604
334218442
513345968
972621451
59351232
33727738
96156519
788006766
641785370
325833432
159032509
317913385
773186674
999513943
594822260
722657373
25675171
991731198
119178364
889575048
329756395
945299756
583662596
317490094
594319518
571942492
744500100
454612708
509279688
240903175
665388749
518933292
575121617
31251069
344071095
486989201
64978807
440227615
274995967
706764177
766061047
434028477
24677563
391764073
286058772
472016175
114421446
311733943
316263725
86116163
53825343
646020120
883932271
637487940
963510214
330768142
61946784
560526666
637897202
571226472
801429841
155802303
90159764
229067811
187053372
286747212
716057012
252032180
726974827
843569332
958796357
345552226
130114161
835990272
589832651
416172933
160522799
556770450
580423229
476786525
495402965
634248572
122806645
231851588
124252864
938833212
562619730
186199648
351876230
53033284
757426120
5822424
208835587
700102237
234890235
395888960
986849449
803463599
647921140
566340628
647032931
606717497
911892854
777147092
295224122
354241857
45836378
455746921
911012307
626259607
932533446
406415272
113024531
907856444
638266861
237277396
699206008
53402943
423477044
51082238
106436228
180903165
56904662
315271815
881005402
144311249
711160775
720371203
947774849
211598267
286711831
447324132
818315765
51121037
76987577
113539887
405362894
122823955
421803160
168891554
601599914
354336607
575306826
714624445
114709403
66090039
951901841
813915411
119492983
375378886
864997649
78445563
408798403
774418664
246233730
142320157
918729913
957394506
862691360
866504762
21509125
1919543
166345247
839824890
53040580
243332824
805881129
310919826
366156779
80200642
479811380
967756693
434537249
55118207
534897490
549246652
973724598
486799332
215678415
945733933
714694570
80676064
24179496
123492973
707611080
122929579
265813130
626340994
80324085
128504490
345362108
101833210
130424033
511707355
794174453
35980965
755040179
452571934
346900791
973713310
532772576
826712172
793986355
819826177
734346731
328883846
221589181
560587681
668199530
437267596
506321615
382894100
370460013
383017463
358903425
78071093
505947042
624716555
556928439
438787479
605737397
902290548
393137042
588677782
266514255
39827847
477175099
874070787
344916133
824075890
847784097
877688710
503304414
494286805
550031239
90167497
823170651
771620421
650755179
343886533
208888017
9593146
726780633
579348030
245126961
85684058
509935476
751074004
562916965
66863915
42377835
21170714
821670815
288031229
462364848
88185071
327859076
939539947
814772210
672775210
616132189
515072659
402980272
119436604
9359464
953011511
62120453
685046467
577148284
565391984
28933000
786036302
574985130
608229985
217900684
820112092
546430395
727836160
423702448
109347360
647216428
318596635
983034426
468887243
606627865
445399274
409588666
934486941
237455573
76877228
459778503
853587763
591949888
715275127
825540719
601309352
520802991
887661172
138872172
97951275
305569509
167805172
736503929
880554639
776035158
954404614
553183083
174981905
534757126
829401883
136845618
34489906
147998519
119880044
503377150
754626384
417795671
765482168
541629677
655251244
842359397
853924533
508839007
434309285
569199660
186896078
888134989
90002651
74557251
27007161
40470279
232643112
47328686
776974208
113197751
823363844
583895174
518897187
998345749
971168653
200815422
135191367
5658559
348813941
107587764
361552061
955956677
525383435
127034230
350102707
33151031
969393627
204027240
541990039
256219264
625743252
728886117
144354253
568262256
655959720
23877767
608732535
888602832
71206453
238223095
854316936
747086649
674634622
225730475
597948750
645803275
426545897
585656470
503978186
627876191
693244234
865530248
583832868
71144021
992564478
933935575
104295052
814474457
990479167
498801443
923210073
616222420
80203913
920080678
37001028
736163633
943958445
645733563
477282818
867681250
736473010
184116106
614767899
411107632
262362933
65233002
909427259
688908830
650889472
413405446
169301373
196650058
131452046
753134242
267794079
124016524
539586169
224605483
791007333
382581689
723406927
566733758
998804109
803610840
486814436
35805137
392290825
283289234
534055052
869573643
3486836
123044414
906206101
618254736
534152047
168569034
683487738
296095658
709994217
186893562
709501104
879295590
383543620
840953150
484946184
651337699
817486026
24532354
875943182
461009711
259630395
451866461
27743469
110950856
255477301
367074258
146755993
647768127
502879844
533327397
369858122
506366680
656371811
128580576
124621416
43040210
297149610
660625506
339135869
7143827
847519068
901153325
738955770
83579040
594622828
223901954
734916739
264625206
100950660
463376274
725634918
360581055
915242735
605894739
471531911
23236389
825485349
470804256
523520868
328365193
856648005
893378990
834731874
365536169
21959566
811869642
408576379
171625529
325011501
600228600
31285708
25046921
501381926
770241478
108625962
96004754
846659785
696059053
213146312
947610445
11951679
938781230
160707853
927194415
397192322
484756116
802947156
75194023
955560373
326468024
403559217
664724730
72363366
90807443
30260899
946839285
755193437
291353631
118464814
80204938
891582231
2266874
957768212
245480509
625024705
66394174
194001615
471684490
614969579
407147928
271811287
626921259
198445510
285035492
406632026
595637832
769791609
209579182
670831856
577868334
388563558
926907425
242593064
460926924
17714868
125370316
260282561
625424657
416723947
231263727
558145948
308306178
233530602
515914160
553786688
858555307
434824686
747788303
182756149
49794265
7452583
307083788
529231876
205898094
592119281
935863902
801535926
361910890
145443084
324884134
939779224
386522994
104307911
34888640
847449919
122022779
160258956
107732480
599963789
576982903
191512560
158109737
737805434
425043162
526540249
144108474
136114821
961364935
891896777
171387322
863675552
899349361
478471110
245423781
105247455
70590391
181287683
759299733
285017633
179247120
936700220
77313209
565770114
41008131
112201850
265736385
15547263
124977158
225985218
615511052
701960062
417497778
626137141
292281848
695057292
152677390
436390322
831172113
966558677
180803451
2559435
682750581
80152812
333546897
928174362
37916619
404137289
109462046
649732705
689154922
141225518
438949277
766468132
559511984
479957408
731186334
825248370
348021023
856163492
903749940
963532075
410639906
173764070
442185568
702921754
868821362
594862958
139312076
552509827
413937987
320115528
407585614
96688569
252784692
741132511
24862931
143217664
145269800
986841329
645466721
686941075
980583199
84415998
305925559
540095184
416889758
37111893
217859906
764910782
745791737
121609846
580959209
156431644
147890268
23144778
859353398
16711630
470524088
851181827
569221457
884462076
23813707
976807071
981150645
276598399
570455934
858529928
272332415
568242087
697887610
917799136
107699514
530987161
2215134
413625073
71082345
271621245
303253318
141458603
36532027
49045055
115584801
617491236
57993051
263475069
493152366
769862802
132703051
963676455
621044629
701924508
848138531
644858336
531247931
681805528
773973087
101703866
392851808
46305503
522462305
943255770
964104639
630161819
474242932
818836126
43786892
397841629
90457371
199556562
391816585
979505750
101117969
507401386
449513338
11627373
623392808
942665705
781490175
756095859
906342160
255051156
310536720
606997043
899909492
841784651
141318923
526398931
796004869
386687083
572704434
170983526
329942854
389325426
801145345
656702138
60677904
697448589
54543767
3651627
897005151
298876704
983157377
850639473
806278091
285187067
862266846
282187251
227852772
643757021
38283110
986711284
898808177
348819830
446224679
651234021
43120834
587543602
30149304
691642055
974230686
602853739
862625582
156689892
844695517
663770927
813392030
905373421
213735869
720452149
761541400
110741020
19328854
597215129
813896845
678123297
882402196
676163691
960310548
110254969
172437064
851110010
949482605
923761593
52446193
395707285
427511966
95567027
835767239
457661271
787209082
662514277
60515010
502351016
819204169
757726879
18638296
485112551
515616652
232374165
58081053
277158052
195631537
929926259
874373181
9528383
460565908
609291729
538208426
273392808
572063050
710645491
124502818
521545656
486923436
176949011
769769293
914435403
125032390
605536532
372096674
912241473
120567162
285128036
267108841
939771331
42854915
285747137
277400235
410987919
518121302
187997640
688145971
713752840
117923899
415035504
723281223
578489807
24327233
114006001
851882615
448906636
824651492
828901785
970452292
164091281
5850797
592737937
78526684
130883187
50790821
303139710
895641012
171357983
588267746
15266206
111129315
483639013
301013343
241045902
894626932
819134646
429043542
435289255
532887486
399483793
702841111
108685061
977973600
579684696
222691062
682372567
28591332
899858907
363790704
851559976
63950188
222157853
444297913
142476872
205557393
495088735
298132934
101198405
666446718
886400680
116464611
630092385
222556045
269994307
723654639
969699329
89128953
5214533
257504936
474532791
404698326
960346047
583217852
235188278
540030743
658425266
917560845
421138428
558284173
133867902
272698404
474750713
356025755
569512670
469743937
561583148
64601405
767876871
515297906
583564475
506793903
484278869
66173213
729349948
754273176
789827852
551565629
843402129
795042386
809070565
170451272
52257064
769416612
753669124
287445343
161963708
264610743
57522540
583102136
822894916
191390442
708316892
150161982
547416198
277829562
619905919
108999346
194947319
387782791
624297252
631028147
894576694
108576122
697201360
476442995
715365650
339545564
28008624
411284132
987104302
689595542
581735404
39361367
311528506
187920881
326806710
473492214
452531624
384329250
909110702
127942892
575719693
617427595
278104874
123135891
747773509
898010794
84651589
942720829
138309937
561465194
426265328
32886631
522557668
123466688
361845978
237923318
315528604
242370955
649207450
155149259
931966497
83459207
194510626
96011355
271380088
373833688
569503570
723911712
758162938
331130624
851854604
186398983
948558219
129959479
162051226
548848081
27970273
99219168
344085262
18796562
660684362
770350590
51683193
183242030
746333630
266045524
273681700
61862234
360932831
922889151
69527845
145415680
6348358
264038471
241427035
130244798
637872159
810930605
854156510
248551450
142061230
706011114
287466785
943135801
688486945
449518012
344500234
568973570
548737180
688585496
587770132
61937894
458936086
491969678
245179924
57786068
758015202
518861624
119648303
118948033
294267127
41692500
116880065
153131837
305730972
358307100
283376635
796119483
21754058
137533145
44670933
16331640
696060612
184654071
959467441
237063909
634172083
156484028
806037480
35425615
845069524
393807612
97363509
156521963
885777290
195059785
214308031
496308844
713921409
186472686
467773229
860704889
228165187
584653294
13836726
533896159
942960395
149729714
182531994
964714453
139779211
79719280
981046093
688356175
264373351
793029886
925420085
898545434
949513914
731457565
786487401
647099791
977781529
883850910
803621754
716075172
78910695
17929785
64900368
645348456
204402472
532673598
358569697
432567659
969843244
224922776
818980170
765319991
374652490
1512164
582550796
366948053
81231444
416113241
55304229
345604795
61659480
980724314
96666581
11173394
564698231
883153982
510789537
394996112
619521244
314411291
111071284
550948291
184857429
175971653
48813100
389259901
561161603
407382797
674343912
531004847
632305573
493324082
148841191
859474415
347352598
731391987
226422469
428584043
147505229
134243050
626705190
209164709
114967364
723371772
72854455
532181947
459042106
583643993
927178059
931079703
750571636
890765696
334544346
935429065
66737349
383357446
177205318
480415304
643256596
851549230
11420151
128078521
197389664
12777694
987552937
544742263
744169682
66491758
973326306
891674911
200734808
452547848
953355972
168218524
28435972
26210427
700400471
487478079
462370772
480094882
271074134
65458761
223376930
605618480
887826
142630631
988975927
178093145
623045935
484748875
29642375
486982439
612827396
79548392
499760133
600380333
624290655
243929815
666872091
450133313
988121078
867606899
902681161
941477050
35825423
931117134
820203830
588742246
271111565
135090954
921353481
542185699
200549715
144730411
147804179
53953894
287361043
989296458
232047039
910406978
474045333
114205766
249905769
86872730
193754158
749665903
539769415
818044813
993595718
59157859
120694478
834233149
779281110
23375640
628226551
667622886
954492774
300946733
108881484
78120691
436037688
30234965
620306390
489103755
27481729
768110569
543057649
314842772
609923380
775104688
77766102
83968713
741826807
327671872
23357795
935580965
77337775
415643563
606142131
923449845
327317774
726836609
610199346
106598884
602728601
238425898
774221770
409737727
539372631
883103255
487858418
827926671
765854572
108164808
317030427
793336301
728791730
860088076
108179073
338715110
487709117
38461528
275200175
82052276
218649752
151074323
17633241
148503879
419234238
476291724
71953724
746552012
55644686
534669423
853150896
658373287
773095321
479889019
68111015
164984304
215508626
408485785
992910976
981363198
516650594
162457755
627215852
97958676
875062183
587911277
436673786
215287652
626372805
564390313
297339928
845022557
715464636
167489522
993526436
134698874
643781246
917996513
733767238
551942284
305182288
439434487
62831924
78277609
919323506
130942939
95778265
987348484
391945076
941205593
821228034
908595670
103663348
448443886
6554346
831241884
36355164
295744484
46529536
515244321
860134798
343869465
212783231
428115786
511358987
58826019
415331013
7656585
829338884
1614603
559598870
134521172
441049090
622430794
65315133
212888948
605890085
13609751
200237432
997835161
954815344
21465467
758947184
910995045
322425705
618017882
742236929
211297221
766278719
641282817
579057895
478929869
985152282
791841126
907045655
349027621
703183497
174893020
209200559
532522382
176507624
768799429
519559906
617556714
243746575
584875040
830445663
702153012
598484791
883199447
552504525
405816487
757181266
163968061
316811532
79606972
781985944
911564813
143420545
400781015
552847631
722478440
879710884
390516265
366835918
639272891
592060239
70019416
814165912
801260798
455058150
843189888
422576579
974618056
313262954
666323154
412009448
143708617
220992518
863010591
879424417
773497043
268827079
636605683
937465105
438154963
568729007
571967401
349719777
564665905
972748416
755083760
139660697
852459300
145600025
506496616
344248543
590176616
429032384
10930807
391437414
736606886
854120695
814013993
563741294
167383650
332853499
975750743
163608619
553846017
691277686
43033036
179859413
960104765
532155072
117324518
250776081
953400431
689291919
600495858
518066336
514556687
208095970
657727034
219532339
206212347
16740002
563780882
796388964
298288738
574711690
40342730
34895624
428832385
854356724
598636918
448732387
39726575
426904013
612341007
446088945
118181700
507890395
625948358
930802817
892561819
743272876
34095250
845962251
285081147
634591108
216544939
799637834
842687078
726788325
19170173
48899426
743528327
435467407
697804742
41817065
10179097
738147472
929229041
291527835
445020548
380382312
740260222
484747124
807286325
205117581
930836069
777984377
713007977
409300779
561303547
458086148
5090007
595398797
156564751
290171154
82506258
373109691
942325340
777709688
99898016
814011865
679125466
695942696
249479272
376930208
590276113
112174722
115077681
372021507
403702557
412614581
752403819
143962779
897361705
412206496
349080361
680714126
42707226
914604690
90014905
604010773
372690838
95104912
51925922
529255590
237792418
134432180
754881633
32634110
764658221
707296001
846645975
443783687
255755049
96125248
673230248
846031163
60816322
640824281
70569022
464518879
53438862
822972841
608481658
803316920
235179337
810078371
336547398
277886563
724683061
279078656
734413688
949890252
226699920
786339611
331662194
464492339
773288143
86543827
497126449
390462716
793839828
196288777
834246404
49594878
144930377
359993004
748142393
205746699
817285
818711415
670265578
54256147
494200608
131263588
710089419
729379945
941341960
46636818
859782861
518541373
325715474
594196549
468431625
552415394
233052512
800093819
869424085
858857008
739153998
219066887
249319724
385510179
415355664
936082480
287621409
560286041
296075484
35763802
766032740
149409121
706991569
436298318
56181621
53708529
567561906
766271040
783088474
361420218
812907858
495387687
879961592
991139684
89584237
200909569
396071431
175153101
1003389
265495516
34010109
592673739
484562403
135846186
978183918
899918067
71928666
265805327
312720460
220520503
154085481
78753200
369929624
713593402
367567870
426111245
767301931
935129777
44898638
402906758
149066347
857806496
898294445
29027939
701462533
840395034
229937509
97533964
15548136
83457250
215545832
902074597
676130989
700108236
890437135
506831260
452542655
814882154
772636587
765263116
35402657
779238421
696532668
257848633
492831823
64100539
536476231
112650107
851746668
581374869
515556865
813015
291697717
413851310
29840955
993160250
106762697
112294816
90694214
122310833
48268418
158756399
876901782
724399407
858864635
619855270
83747019
163923642
434737424
856383607
781703110
322656433
488138380
478235779
433021418
980970203
394852670
969497649
93620310
246599338
550872518
461693527
99928705
842570236
875544838
129769660
688246838
982307535
94580828
631457405
957134720
142849246
790213804
686552854
719765006
501594791
158924476
803512025
665518433
593661900
512411984
299737896
768834685
550364
777973675
201856104
834036920
25342697
23870105
780173582
271942035
574742624
241867110
371870740
269829212
969928300
354156753
958076050
804752187
301253933
442049807
614403259
444103180
232263611
153472465
16384538
733858402
312396942
819896563
251893188
906058842
332308548
551631084
527409880
185375264
182121111
729265984
19412184
207463808
753136089
799585767
331922195
180395065
893969229
703792935
302740629
863897529
910466040
113333032
521166068
211719974
555382839
135569327
508339506
787646451
289041792
524724044
374021205
601438734
344620607
478430745
360013929
529445507
30061829
887423809
714820772
64699292
469206145
734232956
124679452
74858586
386335075
456601647
107770004
132820656
12910935
410510633
996718185
923376975
523843665
370400605
135096949
79226505
505969932
495952807
719389308
647528077
20676851
93410513
101483163
217813811
424357611
461497092
747259318
306935792
201437253
462080090
371635085
523159750
48829399
496314537
598018337
287680826
952916185
705788341
420501483
965827120
116298974
269736020
741720447
492658992
640136626
729333749
571885497
146106558
225286556
143791157
646150987
98479760
89718022
747634151
316293571
514075633
61647595
63552889
821011426
263084849
378149332
45162863
786244599
426978731
541477400
236779288
714659557
346909937
795083981
135161040
165253409
763899308
257413413
906973857
256558300
897550039
488823958
680960149
896172949
714110514
824751306
542323937
812590274
914469328
142474440
128883845
428544962
204122035
44953087
102072740
467206884
423102419
147235603
105967836
702597502
688713003
195263476
269773411
888139293
990347458
257450804
53392702
754246766
514864217
812882911
863321418
412414256
154223221
544281567
161103557
868333736
221549225
703427494
533440362
136018553
845901934
514840560
417079867
50023970
412309999
519152607
369747206
835412418
666388210
328231394
390526272
207617566
523494871
660299683
95756859
513842329
917750487
1665913
120605447
432614704
667065177
983926865
697545312
821288398
380724784
858648870
542138486
602274009
414592716
75578849
590808914
113011003
442935761
7888782
15551325
855245760
527041389
385298531
543174530
45945952
713529926
933700802
253563518
89541149
446516837
349320377
603383478
364267325
203502642
576505277
649398381
870567819
412948494
346943694
691856218
793673278
58108916
86511056
248463639
472701632
14606257
839272553
585712635
457542018
699677687
601263960
165304130
79235429
986562492
560995012
125181381
552608770
347212166
378744899
642149919
793729004
728065276
98049749
10512681
931567918
674555026
659911062
654652090
87503520
6854756
199024660
733693150
64963672
285535716
834673141
390181657
300141974
526462046
975894292
757683992
226139734
577158253
775504475
305375163
416237097
336499487
430556544
821362219
683711654
809301443
316028490
329957010
389883071
414078239
340469691
173967341
941149617
380753
828619431
881169489
859751862
27644091
467378991
777231886
165696160
302052132
167413543
465838134
828514178
143307836
76038478
907170264
572982441
851542953
65061779
841735890
40558793
495618323
663098109
724270447
157436118
979126599
54227457
399835541
245721190
247213500
573802883
39387159
247594253
254938666
920556648
107346115
135099110
387935639
737094354
300795270
542504123
904507897
766633404
223534653
900332085
842671882
130704918
325830878
546731188
195766697
20083120
587289981
543901373
683181229
164076780
701337491
514824180
70820589
101173033
613061722
318034089
527492268
652448881
565628342
634947286
573005529
525490810
770046396
813457520
115101516
923358018
355961643
19609413
542507774
579496297
772457851
237696009
562717567
950805081
784427197
758484264
970888202
371717178
154901989
506585783
535793958
856239481
21409964
606614547
809928866
486988038
924648636
189937486
139436920
342793330
824884772
564958801
720800492
447447521
378416322
835902008
223321891
586894317
708027774
765829666
18906966
333001977
3525675
581624533
283807058
787952872
192625150
107211612
12186402
347527139
613797396
400496712
56282972
487723712
7111259
866211838
974711750
784276247
908665676
114148670
979585929
586066801
531623824
700386422
33514322
910040146
388804782
109352565
349450815
96832556
875182231
368357782
429834533
878707906
949982315
566157944
519177130
142607465
673369556
383879884
490134605
287166952
784376596
546417577
774890664
644004207
265145768
602118767
280796806
26327796
568783789
260382736
612394597
100407613
813285510
498425271
862964111
202090292
607777837
212414927
151439201
482960068
580772709
581273734
214184327
383271376
147431678
585877809
525878842
673317587
969757694
868529799
960484539
754134290
267463728
587891556
250654850
532609496
42526675
531451656
558937293
611310464
791834392
23848242
711718078
457636254
522273514
427198541
659726547
130051351
639613468
811165748
465527771
72902529
244955834
679712098
456173906
244903865
118106260
834569100
918221452
87863954
703098899
731222343
694514596
970562627
171630251
945169446
355688476
214156926
476621103
767142121
825467391
120971847
790990363
389701821
578608102
313263877
816900362
90851001
295831580
309030183
754533101
761359352
234449064
999488935
293587802
690622970
96909152
411694062
377708422
867646956
499558016
80807321
451385652
46588965
903886301
623015903
991758411
112091129
689689182
320895866
879233250
367672925
441867714
522739965
757374746
872992168
836003843
426791460
963843169
131835423
588337995
570892622
745711127
822787060
422897909
39298930
365926382
519807062
450992992
743634805
239970370
803067361
676958478
691356022
849656326
433361131
166888278
841414737
545452260
856577460
14826956
277201862
224250385
456694670
799941828
834141483
182203190
488462023
113449295
146046359
472813798
701787291
569455333
71041278
524574351
992353242
110340208
890500733
364676656
413849552
486651890
604647027
216916913
163610369
296003049
66573239
596971500
462891327
760504329
994940113
171985139
775331285
124658327
396235524
84542307
924600155
82893359
266745497
265578530
196342655
265308208
590908681
898129946
834763541
661949959
275220649
679633135
772290167
18237734
44309792
38656071
504889625
648956819
255572985
668499994
797476220
174662576
117987846
112883900
787683257
112927959
284869039
415530894
90102639
681104564
500073201
14702794
763997923
619335050
132797677
960340578
884643258
723706358
710986876
571923151
238172669
986207525
104072639
10462836
4445260
148382431
49118907
509334885
649855602
157208244
30351231
447331822
184387173
855429
560215722
972070430
113783389
845084762
387601325
56402380
378705678
740190878
71105174
995219953
359525929
56419203
808076884
96685539
632641913
519063760
521125043
870814582
357787638
625197682
733793770
362232898
773580113
635429030
724084135
275952067
792637274
754435366
723283889
977024447
755290795
136015964
801611230
721590536
833617078
41728907
777992916
64839108
781919785
701614443
60059061
141445714
610549998
868135945
90647606
243191912
239716058
611772649
114006494
597503696
89486683
700316617
812252946
863066796
335745647
536337081
139018863
980899273
143288799
714819104
810440073
751095946
703351420
612051303
325202835
536968498
653780210
103195751
601807606
288216347
657326546
514383020
282178414
120392897
235035317
372826020
363584809
474751375
837115021
330107655
924771423
926601704
30424272
737024369
642184852
218686271
125877802
633720067
52101897
121682953
201055523
862541970
872778900
904406944
327109625
197981735
293891794
980889835
153693838
895699401
121622534
663536737
262598773
403800948
783929634
497634090
776626968
30795
972385466
466258341
330138450
749673241
392860045
213079075
339213963
35044897
284281698
465091765
521281316
336383595
586774719
722336840
198925565
312069971
626743784
526035190
510051706
920635578
359441377
516261896
668851331
481063912
179798633
931450104
884864860
963728267
281600547
514008181
963759062
106502365
980266522
146413865
856175606
225642920
212009292
195389569
113204169
496290990
512997687
634485486
832674586
99772406
209338678
31600151
264358729
836082462
410151694
774410435
609234392
622109423
143188683
130602076
103173335
322987317
914568532
840554548
139231936
196169079
207079081
955507351
302671444
39861955
101921216
11363403
118021227
166446860
206752972
231225397
662737850
719750659
718227235
495412436
672039417
927565913
379528940
936398146
616164727
642196986
563324933
77915471
264306409
706513617
208517547
219996097
882017286
123086080
913066997
21249222
171771511
120146078
829272925
326959308
12524385
783710493
338322711
130545613
950157353
545075683
214287362
612895204
117342695
932514597
960823992
641898464
860080510
192869284
430812963
328761589
835066270
994137896
406677060
99372680
553167865
615194608
171885129
287701503
590797040
84952126
161467078
615084903
57614556
990740003
942044211
922655293
774450497
280366922
53200906
577124202
677958958
120004620
42535758
795301653
52519217
3359751
289716469
765116079
196229035
720529432
93877668
31295306
567183681
500554729
983184338
120351546
968265689
7585819
260569402
411579081
945054297
422036480
26663984
855185205
412776483
968708196
777840498
39743332
101591470
683557757
616867535
779550428
803562377
659403293
427368433
708597947
515279396
717084903
473714026
711508432
290130687
420108047
595320090
857314368
920662776
431020780
830182267
741444817
291122951
90751669
153023898
236177248
512788149
32204234
91362453
778080984
912430
721719303
817824317
955020253
257793412
287208204
587087033
913872142
799127849
14455467
622470089
314407246
584056722
948700467
878432030
874187409
368808514
326268472
584018130
141987642
757289252
414200397
883432459
48412203
357468418
888972709
137105803
870256567
921176944
80984608
500853903
774605726
655220263
171194572
729625979
913013676
458402776
169229365
679402170
110046978
36201184
154388611
424454224
620257906
103089078
155402606
346961667
324413945
481671078
930979797
466401587
91476682
197696546
202350399
139888885
555164964
91323108
129511040
277937883
865016404
63012000
778791787
639622131
718232263
949986359
221764462
483762291
260905488
390993827
163164461
370952466
427195011
317553072
647923042
899969269
273158503
803325648
99447289
597572448
284996726
30427086
63974035
376473408
80639985
118840786
368878645
488321301
62680247
350906037
766259185
927696651
413918037
397567324
419835134
132150300
200070035
494115949
615912592
313491875
885109776
631593405
684444341
164821140
949146478
184883735
64790409
74821333
988209383
16754050
672393781
125722461
47181137
588884168
502195869
980337474
707724955
723590866
468658775
622921554
74496903
87434312
403134557
488414940
337517988
822969692
473081593
537588024
169601993
88994185
851079899
54711769
573103942
388040593
72049261
374766772
572924328
989356023
449588105
413650064
6110073
121981886
539372525
905807562
710866055
41568395
886145036
271107362
617675613
207320164
894028916
692172517
147270828
149679825
33103809
484788817
972649517
506185402
22376841
142251510
447695939
725973092
49479632
20799882
966530037
974045245
248083006
391970718
963401268
697671112
805620782
822027694
819652998
344993307
727835256
383035405
239078054
466496645
506659119
856753668
526333161
253204387
401442537
673603989
402884213
287062698
158392806
228050082
793248101
33285999
222817945
93460392
611775444
124813929
966776626
578305481
98859174
214859633
970276199
914776795
912530745
628413333
736804489
584700095
973406641
317156097
820251853
65001047
636169094
326910972
774271067
162502255
580115360
28229956
836106245
982999573
315292655
847015403
63566007
108540756
880301403
286383952
54517500
344593199
411197881
21294127
922898680
510057056
88670112
745691232
277350203
853717209
226620917
14154692
290933656
52543910
183827141
111185509
117544958
819996236
290612834
891816025
835014843
870728194
920045982
523637440
706244119
87854989
370652844
769810126
48912097
103470599
56194079
103429597
448063798
319908312
977240076
223478830
829965368
65910188
821686414
107315571
772143749
48307332
973986615
63077406
100851242
10330109
26779267
70912552
682842697
317392101
962728578
517857540
40636647
735290912
41494981
746880766
823145901
264664177
369207245
872057998
220651128
277917676
828003947
668714926
597825988
805244024
744710108
280307709
723670564
566396523
240139632
348330666
467220207
66642600
411408072
568071449
76972709
438187339
638984002
612331758
755579441
454228932
130189298
796216088
42036196
24200631
395613207
717698449
141381160
617336804
442272799
362032288
895254480
270276746
883263566
345596820
928037122
627973675
478420881
504224039
46886550
718560514
852554705
514106757
637719466
116479129
934694558
567208527
554666468
426194912
179540285
162762261
880423844
162245935
811494702
774976392
38962919
59624261
492674841
32860431
676961065
934947640
394892720
424731897
57740739
130672638
770328717
985777861
758646313
101265951
342518252
658049215
819826465
195072957
24672324
310062283
311552086
959366883
877270810
718734907
385561795
56811095
881497168
118501992
71573382
545508222
893478384
110536301
605132483
238669578
143396733
282093548
26133570
390805805
706825445
83874309
521478443
329670515
922168523
132641109
430936466
117203127
790690324
103279283
312276085
815362649
413341566
476344523
627245884
143128728
195079430
12807679
52456175
929092951
983826023
124029557
474601173
729820760
87082211
79733657
968490338
82995296
214343557
847140260
326317453
773685355
783530922
847795896
103355870
558215797
832953357
386808688
675418924
476160034
342604323
987695009
144039035
755945889
316555885
771284919
899074617
511635315
636608950
951530792
293244618
620434974
928076701
767845792
202772086
15158912
700095801
23778776
950670560
766955710
870919036
276988013
540641065
654449958
977300262
496513287
65182107
810253619
735838327
740601032
138930005
78442650
580812393
282969040
686904891
897368278
54253959
438495860
261519946
690862910
242543004
554764564
163814236
170619706
175126708
366586322
38294970
875222509
390365098
988965531
494694572
113800486
118469896
35335637
768250445
95770158
384365277
833432552
758540130
120203604
426549936
897470135
51162607
7362330
32955528
738067498
904730608
87209487
29079711
18766906
630588749
271622715
573531471
794402985
442242421
748658179
13505659
333053744
476397041
256387109
174535627
971091613
370187596
293005523
858943602
138438041
241292034
95825231
824386945
852348516
68545188
103453234
602335003
119707795
110815564
635290531
710291645
868062524
722500019
739371356
886829431
205605120
10994072
460360902
8106
305752845
61535433
866030117
638806589
537932474
122417227
813342216
509024087
492604823
106347740
220484042
483559216
200156126
316309273
160462513
52504642
384854461
263915747
507355997
504562256
227247663
142646529
67370254
95310188
717662900
806741610
982139619
923268020
817735682
295016873
775792478
123488528
356552306
641822596
614811469
894484781
616756175
428153686
256025220
109360998
387017778
476509262
445436566
439690256
792818536
458415431
344711250
30189349
722331179
852067247
534751606
949578842
994713776
602121860
897405382
564893028
261379822
732061353
488161049
79115505
27078226
116469879
55120385
236146885
758292475
522448206
983148018
227565002
950601892
91689590
189442352
190136022
568198853
634878918
629826278
213533741
93294350
974537528
243723090
668141881
679121128
630991048
470237075
526351256
85629260
220158810
91244285
347009083
952220163
431921686
278640940
831814742
548391565
186277677
67961627
159200393
708725883
903625997
386765395
511844128
995315587
576207748
701980150
416030792
63603018
184322781
629564533
9413720
11376661
725803976
677555601
690497789
356795024
309029
69365398
442424285
220467839
160609683
789433368
25204354
592531369
68074308
857019096
140922934
106868337
777497075
152639679
815594220
681123072
539405075
327438348
528955012
115612823
881934851
944985804
179215841
66257632
427066690
188629562
930150645
152870666
718701515
473164787
362182042
719010544
542530185
804606327
791994735
703139868
446556047
817199090
148187589
367146707
674218186
141626875
474015044
304231614
294266555
142125617
985354686
833671630
469563965
366826050
801800805
204015168
311811855
981016646
122789152
738878545
22162560
52939798
744265563
740864076
526104585
106447605
312390972
68634770
763570285
104385708
624290990
62642684
774101150
624994931
429789392
300835688
766621806
756320788
605067302
913404713
898446405
442938341
599592695
220526723
809764391
401393500
424541891
121576246
234926499
547331044
712971143
109605411
600270842
309753058
850469487
978891779
416200664
15376812
900042901
32287301
972278872
376850243
94929985
746380022
1845174
524719377
47215710
620983332
133556518
504799365
534388046
32002923
947737706
133980741
252529646
757502097
387890594
677071538
731594696
475333445
76918934
297082191
584938856
677189776
606835250
287924696
508597907
875552266
303301508
408640808
907839567
128096732
785491051
2769552
874476754
639852577
380005282
774208816
260835909
513561800
131524533
647740307
545564723
79262239
634237401
650610722
689280689
22127995
180198612
273391737
349977792
257117546
570473928
934916648
934307322
29825530
222841344
295421581
905377796
378659204
704062389
665733715
506755936
342069792
668503268
233749042
981922369
48508550
7957859
95274630
414586702
139482392
743014938
960151425
71260984
229768691
463278499
760541673
104413038
643477111
33933410
454390830
900594657
456923690
389307478
687418331
339265573
464665175
982839912
97159721
843324379
539418653
762893437
350080316
881488445
283913057
583829358
715927166
184937959
444303569
663718149
599524661
436302314
259249439
412192438
360079650
489018130
875470938
120621323
593431168
518948049
7071085
47821998
272059059
316511127
289645828
959477390
655776700
754311003
942317303
752936422
597635383
334252308
368346211
800232051
68257106
652259268
236577761
784184272
837197227
680881331
300418773
436721888
969699997
559668212
848914326
329779647
48686342
576901616
302917322
642117510
95849666
162504759
542455860
220425077
331532238
832101689
179902467
987308939
586412692
974736122
592761713
36564427
308988431
961107924
836796478
377245537
465883544
73374240
13946161
303080771
606771923
314364935
592319011
428988272
874033147
293749689
758767919
775235842
870651306
914201593
269869704
819017324
76706352
812325565
39442401
260754942
644427254
71861220
100580233
83356298
46597343
693341946
119920726
208102126
506966222
809233556
585347663
972849766
735124148
451810176
128446889
194412423
766175111
720765900
623400695
492724611
14515590
234684966
120476805
737683248
1402911
390346509
556700572
78109263
202672074
448659325
191380558
699615680
520520545
291960791
782971979
567117888
985302738
755409057
775220014
344785312
417158965
213084029
170151431
4799466
664894206
151114672
51728241
283585669
871880573
675128937
628826632
738912515
762330255
749303437
329112115
763733167
139649947
885812687
694358782
194838373
186988364
885739340
894454054
707508909
177700132
529942385
127143150
15519222
137867794
902363164
212820886
555026759
967963546
382972317
412342577
485374104
534086990
464070819
768959773
258483915
139199756
250302758
849912782
754046363
999606195
179024897
517779530
139256142
917353936
64654665
186610868
104342300
950394005
81064922
811851209
128094137
611007307
938994359
996129711
748875101
693873876
208950598
156418212
514353774
444439267
568760790
999727878
978526257
32831609
621204003
89526524
24547717
871506761
939439306
631110432
871112957
970980555
1406315
862885451
888334491
66060980
49496319
845193143
16454985
983077593
509560705
997065475
446601252
301071416
993195186
47992705
994945292
54662136
204410918
361815418
499101404
625688060
361543296
330144013
511036021
982747300
272186890
388100090
706770413
64142548
19210522
430399722
35123104
20616837
145801526
775973947
86677817
47814197
621167091
103132803
30891791
130727796
952714630
477493043
284315564
798426168
525485749
131777209
853088305
582413019
493592627
204706061
208101079
855135924
387366426
719137100
690399576
659553316
107237190
249686341
723695865
978964064
680086064
758818969
999580902
825887590
387309268
938775071
873701787
8476359
894424226
904593578
991720507
847138856
234602974
128552424
498081377
612605075
260329633
203686034
195018094
753922260
408392095
255635525
461574536
795758521
974772625
4490464
307828190
934526167
254176806
31524055
766006583
934262870
642859376
618103837
760150460
30168644
556878909
486368599
891161356
303819487
243478530
735398215
3474696
478081504
863950639
501556073
90686579
124280272
705242107
138221025
878202533
113634202
393856550
192293421
761909075
221145527
196783886
69737265
8188046
450960692
953777672
774194629
385223562
596637048
244814819
997890374
479322045
801693728
484258973
370483401
105513215
727737503
105881616
108987911
58335359
822348608
463060336
1538290
946628880
168302443
139759315
677347765
134452997
386132217
869641187
748878425
459794096
66425073
671132042
467982142
369902117
624909715
94693124
755125679
74063115
339507943
605532405
553385160
993718023
89791378
776384913
951747590
670045234
734782882
913251854
580896945
557131490
376312190
582435236
356276722
397130986
574710903
886140840
531583983
813359473
608298379
132978760
273153569
527239804
804110803
593652064
897141921
281536870
688345188
504783952
355599985
880369483
110316357
761501498
874087506
52624087
537886411
678351448
575185673
125185645
591603302
156082619
682317135
820431845
591034207
891110210
217562831
18261462
777251050
601663166
831620935
238065781
734641927
104774505
765305585
538752730
550942921
662447506
820289600
91804461
19747810
28405937
972173944
130064167
789907435
698777802
35204606
180310199
377129250
610390280
305495844
821248905
766472899
840329332
641680750
210023458
731439542
711759933
228284920
361206944
313423099
59905856
599272725
48065026
17196713
217094662
439334108
568139634
879542168
112140060
659944095
899289978
140545998
484634391
881870497
782969785
183412193
917075103
815796336
413057795
527465383
121292181
234306700
146454634
814137865
728503802
356478092
398093759
440263735
584763013
759300703
606203187
497185221
211089780
506784565
514381934
428184442
946118674
935037920
160242962
910775086
447498367
912049292
903837436
932132758
793919789
539323574
115544951
563511244
355119910
381119098
90976628
328928443
615425799
89947614
143066308
196445953
298942059
393676419
636709689
883705072
5493474
95429228
233406645
216583254
602213793
747788579
497284048
400848819
535342851
657527010
311623906
982841218
422092654
67977694
914973976
68528795
607301268
883035279
632040040
962421179
116670729
575533020
143865974
732096528
665480634
139448635
928542482
964422693
533125054
417768523
700644117
538618529
513197751
934050762
607718135
115411544
534355693
105002184
368776716
69698544
615045546
680400622
905056114
37138201
748378316
672546442
105666996
208195937
408098073
737707036
23133468
524768803
165756408
166999442
109381683
831237043
158964429
37924165
648176088
692089484
308209040
201336558
83224365
673923143
987903672
690942500
641851040
374775718
648461036
10627756
296990614
263506583
543544730
202046729
153161136
144439398
874593171
258828132
352635335
135207597
849051521
375768803
659976400
14807929
542768246
769358083
698561324
701732675
659798601
199253765
246338511
968007641
400590323
182079228
494447137
241010347
873021729
136298177
615786065
373999117
146925933
912776680
637505700
542987015
114823409
790666836
687426413
841932932
902011321
40061749
977140529
751062842
415830552
489633281
618387123
811115150
258991365
316948448
365364178
918789966
516202213
611702689
739313959
769308888
793781918
86277448
10319235
519319999
222575625
626105301
893319116
222017910
391398333
383341169
765004925
358738094
26524357
304947691
53187378
928535678
345009440
30327908
532114872
613356344
372477541
3018348
424471495
631468906
319966796
789835673
402775224
688685361
254054714
994605536
457994249
900352984
80882984
320829836
272189335
155974962
946935137
18024804
377992872
190849822
401365973
995514150
549587916
280406682
300461841
602775295
61458713
497987633
485619555
593573585
111343977
858097096
596591933
388331824
342082355
769075081
30683849
744857579
457760442
284738564
591979467
768271043
37607900
672862452
89100880
309797236
828837414
888552369
327822040
59346638
79402192
729188013
54860788
628990108
9594695
207838981
84281755
71053408
705826614
569901310
517143346
669686944
427998407
966251631
58018768
770080762
735326713
88702618
367454693
45603507
225957534
959434161
813874551
263565434
484812965
755491783
573362670
166166731
644044152
901184710
78029721
575962696
482889075
132890510
57469157
345000123
193245843
141750912
268569883
751588810
711652223
785713229
421275754
139650630
604481213
331810874
762247744
192324278
420513492
982218789
237927785
646471026
794169302
904318688
910036461
131498619
659810471
335915483
297665350
156370976
237100194
375695072
732333672
719989269
361101934
789802829
64989392
406864129
931553742
186075628
158452939
495722317
971788857
432245045
487889299
428786422
764055920
102653395
621110700
37085764
84872184
859038486
683556791
879041487
615873526
446109604
10540106
128200350
782025087
160721809
284571326
871641633
388933233
869421350
444147255
750035167
511740532
361652999
9415648
295810626
547728627
167868588
791532943
372033837
600113633
279422242
800820259
216685905
382075637
421930960
253771670
319464173
133485798
937328461
51022012
749359324
235954417
61562119
877559674
870495856
74800280
14647352
742137490
463733513
884068703
38801097
66285032
248325587
400454096
75700680
544136213
948182724
96085620
335669156
320216561
696199254
467607750
121036820
912885159
849683387
395484132
19173181
21663912
381486282
956501642
72685925
130845607
44972411
134248044
860921633
915468268
61564676
728085338
510122110
377814541
464670393
548923207
444099573
712995980
949377303
372316605
257132193
750076379
468402226
445317701
70292940
17117832
912925451
43846113
930002991
615125190
291846597
949176173
636789102
673332880
758194167
709475027
656694839
655682931
696239423
370132824
423667551
757804099
98218162
933789661
135618640
415404907
335229220
432234565
128400887
137122875
804551171
238049432
887199255
125469749
683367133
810008547
142587581
596292584
706371012
72590572
63934126
850733962
874283097
700723229
376583194
484993617
410198256
33278033
140676548
106437680
255927209
416860451
716758131
206661724
203166464
704893124
622066631
538395684
989644041
602983871
528034911
646711564
841033303
267750518
772181313
524400437
77759066
914768894
973209373
636646430
839875819
37143500
339896744
566675268
737866729
716479938
51668885
581337
602274323
44861785
959535369
858201533
314238588
528809853
917379609
517405052
86219329
391962592
55800736
75863370
994946463
436352000
722574935
835979767
704102518
347272600
212896556
634377936
262041495
38622281
123540719
101917314
75765781
463437463
521108934
666148862
179917402
425294172
666730200
782191725
322672309
478781921
492909610
636910898
7591774
262805571
154315950
93811103
654768164
62633039
22190826
649714627
498985039
744765761
338210746
55603909
92038361
403623654
689981846
206596208
442245936
813522565
161029874
518011717
276960028
682138809
36676932
309393782
107432981
703407132
91585508
282621642
34705405
437011470
919532540
42297180
699817042
73848491
136108283
207101558
988997882
10815461
856816185
340499273
755581222
47543284
396103182
700135936
451166938
86085028
759248496
893412874
899607593
920278371
263940944
29083974
454933532
300617876
338477756
414882865
856541360
282579616
697504507
891246765
572107439
469553400
933543945
124440833
395918243
922168581
331542391
384916125
932984042
40874928
725415398
541081617
88418212
121518580
93733905
392101503
60119961
852982401
138030729
812243906
625777124
401971673
841327880
933227008
555105901
32321989
200626225
411647261
167417957
898130733
155410379
739525396
220200485
88954324
863966229
616118728
863639257
195508620
1034853
649139652
236383549
578966603
42737621
177318113
553001535
136471526
569419616
465637848
841970279
707450346
277881755
320263756
109422019
971725987
106007116
517044273
4047976
306633342
928691534
23982286
57280427
84101913
763507682
277480912
25572590
627473912
893599640
741728199
675498884
747150845
243384203
911882433
178633800
138638176
89200547
731635335
127626054
511136515
49789536
969596334
218586861
327671291
142376442
180525233
151913630
248383558
697569506
8477959
555016900
478777392
32460245
612297327
415395658
795967927
889778239
293484600
275958191
635894231
887729151
951457076
383045076
131113355
715855861
561678876
122267883
657572760
145830564
249893938
168709276
195620100
72006624
239812489
375807743
214383066
420337722
527721373
315282976
970423580
536199332
870299877
301717325
568659577
335113556
717112983
364627505
77408148
863113935
640585696
713302379
750843086
444559124
948863808
734472793
160414986
363059036
856740677
817987746
508889600
106634615
839213374
557026052
31157591
79025864
932833795
245540657
351879938
460555169
560823633
322303519
996754501
283639862
624020844
417930431
471269771
193650179
782557936
548677919
56764114
275659984
114496650
660123552
720219109
63360458
247112698
733150447
278935847
956369727
403654545
787825447
915520694
242867920
197367852
946678285
174410136
130201647
44735294
526290074
443273168
605558927
848593593
292544022
741715142
325130789
710474453
212984913
371297320
345548741
614179184
280577786
621208725
728675834
940701339
193944186
644552645
40330389
927094633
923488492
996700116
183265531
563830291
764737162
426133451
761198143
711415447
600543587
743916143
756150741
126833661
187189311
214226020
827943607
479733333
955941162
5590748
42724138
21442427
376888069
388272879
635621611
657465855
9481605
216813798
450683546
55942143
713882795
343530287
835553129
489887639
192746755
18818660
53717930
957483917
297468463
667432426
521415716
898012050
263864921
130082809
877362063
451054232
344308830
557822022
783303918
152766344
415929123
826028056
26725124
792817192
214300936
662346735
302799399
76298893
731676885
605999298
132241036
445559680
949529585
820310517
935447319
142276341
839129177
841681602
99760258
136597640
361630380
473692327
887126042
625495301
603775136
617004458
929065885
948083966
27342832
712369803
953366663
443271955
390914212
980091787
88605499
605215148
494954874
243921251
534030393
226631760
849920549
518787781
524707792
799450134
339098299
312671464
794242827
30743828
6869418
746519438
19857821
368499798
220211765
759500215
846511451
823986901
229021025
775577336
624587220
256363858
340463492
430470235
552152165
731377704
410562022
640757665
189109204
905516896
884678916
723139597
984665008
587115817
94443730
509372801
239082303
433542029
822044265
33325131
316802210
828913683
779844569
336660031
49929833
852572686
96160246
896441284
529075939
177697624
524534972
6179511
434061482
717514816
436649746
986213647
301408872
847211768
479487664
490518076
605245017
216682932
66174025
442426377
803798749
160617756
951799178
42881053
446676137
626359795
928722536
763478347
307789830
561083457
100138378
210236015
413656143
48814977
106677299
942732082
79028953
483728624
948911594
513090435
53759792
238077692
351820434
355168665
85289461
683824451
845686741
543050830
900507383
764377119
985477207
556822485
924994875
789792738
452219890
224187364
268668885
233458778
987665712
428975068
794542235
940320442
639211083
60714730
841651771
598404735
3446812
920680724
82133359
804874758
286287511
135893151
42952451
638107946
343578168
980758264
174448749
41781262
376325446
74956132
806158381
214319005
484294969
583669608
856628095
789031211
807856972
125296981
22489989
795522684
406788401
817032224
588359479
45999484
877746954
430011250
644404219
733710119
203208327
579053930
391101229
489495838
567463434
286570032
127603784
911041602
119844648
154568885
952822864
348686446
82041370
611497597
563005452
566336339
195167205
272149899
207883903
3024178
249963232
230373892
651063214
656751633
899922469
91939045
702751118
630185775
521950296
199671689
216412246
725158623
631241972
607513476
67170813
51221758
746599860
47290950
962263360
866444509
201859835
767602577
67647307
283901205
231616526
630652759
850237545
426783732
902802659
58121448
282324262
5282243
141011692
785903828
662033877
40934161
877842874
217301347
523636289
252309522
416973036
740048535
977468145
48215008
200078363
44638958
99436766
946678224
91929908
914216479
665639085
146306096
534335408
733286392
430207301
765951934
216455504
132961198
45252018
119258163
43598998
180092632
124540406
184610691
965996461
639090635
78061204
843839335
856391982
601697493
96148857
125881371
194262381
926133354
26612731
394340744
823288664
126049498
341018968
767734925
892782329
6658053
914041021
279634089
592460798
196764674
898102375
808916302
329725873
943354394
780690817
373324871
123447026
757747575
557935562
941959839
396838211
488513119
638315526
105746545
90210612
586980735
231627916
136989345
365630441
258240648
531330090
41435458
236806498
872349058
809170383
129588827
731523464
575727756
261739268
176500614
772492430
12357995
985416916
102218303
955712389
766107733
328059527
931675768
376371660
885995089
726151959
773209871
227024560
364467486
878956417
169751525
951448221
110584333
306740870
169595015
221341333
838070960
211030473
458147831
562936371
20200856
440253010
146976187
448444964
701992278
323476801
73453746
714350274
308893717
28188402
522579015
927517802
356247929
306771135
303889462
94759370
32923095
929615686
321783931
249906933
661088455
491535456
53871506
624189140
798276326
223466521
845530474
488863639
434496994
303678305
51800010
307214202
743931316
198776197
608175518
298439946
522252998
681629265
865306572
683663067
562334019
240401940
611180869
918581948
547173075
767586683
865857670
432612522
697202369
40157953
535035807
210807176
531693409
588907314
834996317
182486088
664890187
680526791
671349727
99387182
836721448
575666089
259117736
433169116
774442286
867293255
731609063
149211636
401438872
449431987
832874703
963772891
689833927
296571924
734871191
89523355
64158607
453245213
522135877
613877329
493403167
57171685
824684505
25096576
498595351
512197174
60099016
16001890
45240317
583965095
115389072
881961766
159631184
227023161
315130882
786589822
946832768
899256297
935801458
200787992
348688285
621192513
17077235
38522212
770280789
751948426
128045567
686955749
57709991
502697797
153349430
551113158
412385834
978033935
428726087
763497537
342747462
488825103
779499427
387987779
72790199
747404852
269949545
84937735
974428013
437596780
871527558
773777133
336853077
659845368
974565125
538057714
133554234
991642360
429096279
903835023
596107138
409658198
443307124
653817129
912355995
596656554
204930288
177258181
427206842
633656375
940755718
769954304
974997830
572771498
157942083
900304381
320176350
280407981
985242117
147120715
718004761
709286027
920897848
54857838
221647747
747979325
445431905
207718333
739621685
874528184
111553357
188245175
284186382
407376833
842062304
49058730
4033388
46992592
78833263
431240230
533165319
19588982
53710886
360679502
444876832
211652969
260983883
765053182
492060950
98742352
764690249
62582063
660544731
538104449
117439902
882192479
286083774
415388159
89910812
878221811
289916343
53980521
66466986
426619077
313873707
908529290
475677807
317907095
808038235
554511071
601663677
193719906
426616405
655374563
554399408
871493237
867027532
667899644
489062771
211604835
766641996
106269372
274186898
279703080
644373821
244143152
14411911
930457595
659531311
104322723
661195758
801964006
10819597
727662744
228583084
177209656
488708386
556777243
495116751
149262973
111288314
96780428
195499232
390421071
604671343
749898640
114430660
324215227
270314636
456009783
535820062
36956633
562279155
662523313
169176065
206652976
906666465
183587976
989626923
418714129
140427051
650822681
73194487
3763000
231001777
301777571
180972656
572226516
858554815
676089407
721489489
822359481
625386187
916988721
65296905
82573882
519403714
32243917
406789110
789718350
488253701
942609172
679191335
50532856
457648837
848367400
109702185
216831655
31955376
99329108
635545784
24898780
602668142
708740271
28661780
833669919
863034195
209634437
258412787
574105362
885723844
979902277
248981195
363626384
749407350
314278100
446200266
121327416
346522018
852989376
763562119
834775719
648114901
295269806
737824927
105763738
143637207
847527112
175111745
28108935
946856221
810657529
53007715
402040715
371914153
81669496
88226986
87464700
143820285
346639774
661570062
29544129
179058403
910551257
245686865
928465753
77345710
544403484
902309522
423867728
249909212
665871641
111159799
898024113
961141447
848984726
856304204
957295006
549028191
31415949
837920294
348400764
694589831
743444361
750441479
919020336
677630209
838668465
6485036
821450494
185308239
668055098
703510976
364366642
431122707
801714193
145348748
508468417
346117677
47658270
932336145
596026890
566046263
896012296
346567355
379704062
597513375
55387911
189515421
146541566
939320213
879952067
494942330
486426396
475912780
97900161
405446732
6059342
936568626
264448120
827509836
121876866
932503218
383537164
338759860
216142277
37767710
336624960
724610695
383885387
236799582
509463192
832428629
802845845
405475489
31512337
35066260
2988864
86900248
77098033
2046782
26220461
957050100
349505464
365163209
432962880
447405625
770609941
439022222
383974251
35058061
119048411
358367469
820077631
355101927
549643682
36219909
392869637
886268642
613346956
776755025
123068225
122810148
461700006
778430422
380801989
493212343
813496682
236307205
580112592
890594715
238353987
458849405
700161167
587859451
824012615
133124048
35265076
447138908
424662622
271755680
334713322
396227385
482639501
7307305
751329313
32283183
896043566
144198950
918551826
509390522
773470327
894136403
484717023
235170334
672566825
865519012
728382677
338579860
101826218
161011621
81690927
192696557
472377379
781852095
780556009
148906346
767492495
668337437
596045254
44671469
792609469
783274928
440898855
275248971
790582234
44744520
160048506
539142152
188943470
78600332
48532675
962413798
825253087
385766050
50100484
350336265
251285062
630999513
688916125
205627632
792011135
623123404
398324190
116904866
257491851
31396551
265811212
24984346
699733988
861856466
922172168
344859810
497647747
215587375
620108781
140746333
260331895
780157287
679888485
449275365
711273972
580937512
264205515
389043411
966703562
166822351
739379676
70504977
797821865
280812153
276132609
442349352
903935558
674456799
559254218
161427409
705853350
825065430
38928108
258103691
539438248
961100276
602963501
37085995
29204003
75588634
177832328
289535898
855745921
857720814
738811263
419536245
291174678
855533131
808579657
257878241
22355482
400475685
328383218
820177347
681287839
604515827
115043051
585223397
131488979
674297269
599167158
837342329
499362699
638095266
95446020
38800948
451711894
698409521
928403295
480915897
773998155
106235624
770451795
482260429
816472790
361779411
754313026
107647468
69828894
415409035
218042061
92184376
815884721
398941631
764878076
497172560
3457459
879921127
934912309
134946438
554218397
534079467
824805119
906097448
24691086
920251140
797414748
328919332
471177013
725818044
809835230
97691521
684570020
432803377
432468302
353559162
647099140
186781328
313722982
716928034
602190364
384281396
809112411
270591437
783223027
426506839
767763997
639196838
306427966
555192658
626659628
713162715
89272125
451464748
619260164
966479563
224232240
269191264
295398896
547925605
995009308
957750478
645617126
532095680
243070207
78085428
738171194
890169348
117383109
51894177
607097382
572089825
288691925
268726145
842681262
71914952
695232984
462961611
711111791
854177303
18154269
190287771
567340018
959942746
641752519
39116534
926422310
718501111
308307799
74337558
266426717
155833459
32088036
764560195
540445492
127674595
695161976
278616686
17843943
812545085
183027215
477457678
237151262
471719140
746183823
79832524
396150445
293933160
542794135
107262236
626815
413464756
150066359
567966833
373407502
791818879
459599720
152346164
362836342
767907519
79200074
629263059
776257330
111288110
246339607
316702822
91479058
941501583
447835861
109323001
606563020
630863076
586780679
843714282
955098569
185480855
923546806
351249014
331930367
318857293
311027602
332557182
732322049
461093961
900524015
958245903
105429192
212640087
110592068
468265535
980547606
42308494
950044946
609321289
6112957
196384553
926024111
97592015
137886136
226376324
206915016
596965508
857239401
646212048
440679790
664854322
831692903
216742948
16103336
16139622
388116593
179647290
348696804
120438642
493257603
101737171
931200898
598686796
314377259
894309318
919468683
147441217
936617812
869513629
756762506
942730769
918414535
535302970
40322784
908817023
761679294
99754153
505782532
471435047
745966201
798978674
136289369
430175456
15721623
4909057
446315078
256354568
37072699
795011882
229309563
530330303
896749053
160510461
129017099
211126312
54819779
901002134
358567530
843953943
623032115
115330036
786684713
541446650
503149358
679523849
302780026
264828653
779278002
808562558
736263700
525244203
460057584
725069422
955419659
328295559
729978479
254251089
584650128
767051179
49262971
813959691
149897834
946012025
974470152
131431285
9654689
881806283
32433419
220738571
578276578
655465534
188584960
217477643
49428537
691734318
897001493
352208563
956562971
676279495
13287473
545343024
54040051
473345057
122928798
861976062
801640617
852907277
116227152
238807097
472474808
18006475
52766788
622372642
964018500
879753292
753803927
826189542
614075927
638753698
46928113
192352505
146735585
235513073
409830149
196164122
927247392
159347994
400889037
736326715
835627489
414176510
134186091
742183892
740037919
257114889
604159955
394194888
962538519
572903459
633001985
287529679
590909934
685768773
909902322
407444787
418038417
516222601
233634329
32114344
7492652
133078794
76983202
154228237
368591868
486813351
350392359
148355612
646161345
751281396
737198679
334305186
17974258
871384771
76489079
758012177
981016012
533165386
4723418
943554531
106068845
637725403
83600563
549495131
176010529
993502885
956939918
594048946
362241838
43090599
626163291
369734490
176169394
703146493
523962727
544761262
42476196
726871438
545633226
541153893
330669186
282831905
875459079
348643444
6733028
804464510
959171974
987749041
190146248
963895392
783819924
148731445
601620795
867420487
698226577
777631324
713439724
507682847
224196623
928197915
550773447
850359914
150448757
726942841
406022759
674411485
124220455
301015307
253799275
669853681
842169200
584468462
952685586
570144631
933111906
811934967
227125494
744800232
652200360
417271742
708695624
288536636
418519540
162832772
8473476
116746117
792980448
721913200
476945316
17177071
502627467
27718763
720053337
653076225
754661604
126076096
180004062
878882059
279607755
433803337
401252092
121776955
18271799
206454031
691921587
803900058
18388998
919047081
548700290
670589358
188835175
109912267
959125994
607354715
125261391
967599470
576617184
918241839
542029023
53562501
935418911
44656490
933797616
507988600
550249067
540975573
486581049
730253129
272373984
766188804
164056467
673626077
887965760
34844618
880080108
432403699
838744676
898469106
203967132
239961319
421574816
245318659
349873586
233217162
852673375
475134977
53332985
281806911
245893168
447878360
187885764
33828431
345051202
121683381
541817032
895300270
515175306
28398081
625553399
787549290
794586885
642126218
461175367
535068997
676970837
193771827
819989048
515715513
92240933
23956180
755676832
366332101
121791192
958066770
452065616
974464567
285718099
505398601
108787830
531611268
953276961
149189947
565439699
150844515
123389680
107256731
46144785
638564986
135654812
524214537
426114276
782758050
166340755
739805996
170343399
843311592
933577823
990332448
211543458
878335109
866804980
819736642
97183562
988596172
777803413
549249178
815577091
63521512
54647779
776881274
447649132
860441092
926071221
13088832
11285608
49460901
120345563
909946745
688025887
108516728
434161282
966656515
743791130
453018390
706462511
766650881
148846334
492556687
609499681
360389792
370891796
328821014
32642787
468075358
169933538
810446200
17324537
985510630
726484064
924488668
614908256
26649549
637446113
540979477
39738381
501248073
442956730
12600296
263711170
130982617
973633376
697872453
950155484
569940858
3407195
509134348
336591740
152253529
1691035
946091421
512643322
225099183
127428787
545286109
693174541
297362326
208248661
563015430
135389308
787249077
340020451
750297564
813898626
829982916
143793393
853637007
183747341
586750123
718753656
447458511
570249092
692387032
145330964
520404576
114844243
1254511
29538924
451435983
153508041
883746311
250043756
666151363
108845494
377472544
63953824
654536388
674834870
124718837
70068170
810224178
911967914
410088621
413038094
725866541
92587889
556831487
432019900
276335230
143581610
3289908
723793742
713830702
695676941
721641058
86751630
810521184
722895570
968806907
114473519
876403611
852553218
217033627
395071326
813915065
594506171
459025150
468451453
121857393
583743987
538519623
784597923
348228253
801124597
197636017
74094794
893712486
754467504
358631047
170047717
750565466
361920955
893841459
316912520
910114248
467998869
403664151
573151784
190894439
224987410
687625303
67298050
77540628
904658931
314885728
743972045
351681454
773910878
64939850
326055200
210171217
603459474
110653123
558399471
257100423
160805493
485010617
150812909
915272997
696158016
173376978
518354816
58078972
67218437
835267336
820709572
387733659
91447839
393861357
578628098
316435249
934003012
498442501
246492230
691178295
813328229
990464275
42859750
439755460
55404126
221431302
502443029
511379952
332084425
60842500
768480375
492889918
398369470
919293284
260679268
94527486
92670263
779034084
5122810
12405052
466817772
678348735
252655063
558265612
72210092
831283162
874700861
858729456
182242015
121193091
549907752
848086596
111657367
445283854
140358408
19577845
666715156
642801438
530957797
851315933
556160290
151954524
196722204
954529760
71247808
457401472
901573599
16434423
88951908
759212761
881355828
555769680
290077848
134010891
114035292
214804292
817810405
841252506
73533749
852568772
962445597
475957853
700655369
926619316
921241707
841013777
798713513
440473215
336331567
182187662
144305500
892491858
334142186
341027704
699537970
257906347
798429176
453627921
126857122
739897436
65357035
8212950
148183469
355434883
994740194
114735113
570239176
665066951
955987619
643772925
370152076
770949569
119730778
70807445
550085237
893488837
764337574
348798751
186478404
100669142
530986413
330783904
845677352
865128600
671811609
545215322
123034947
322757137
998843244
102408421
62654574
64200279
110621372
63354395
272151514
957877918
178089508
842390690
475461221
134077128
338679967
845613297
905026697
310927097
768937094
307628286
56932286
385791021
656427037
243410690
338976515
39929803
426710947
37170219
757574755
98522556
582385541
733126054
273796045
433745137
835534475
188966971
350461768
798672199
252321366
622613283
609066469
430410875
317520325
84527691
417004355
656200293
782657340
174547404
967127390
404110787
482175690
24059677
642418160
138602728
119986719
981394675
31048883
546697666
18564894
788623638
497736574
453466787
374266044
771532620
739728277
209800519
813015943
90190045
8472719
65337310
565319680
470055540
348264537
882840006
407099583
765268892
391556651
42273276
939816296
358684041
446384063
274508338
235260070
88802223
265627418
355246790
922713250
296676301
901944456
793794496
937816291
399681031
99777635
312082335
23730003
839505912
374399207
836745946
782212310
235388278
754599608
200048342
705443818
955380497
935404700
112543402
573165741
326961351
154816678
365498389
538161745
453717093
640006728
773421815
395035668
905634146
128668605
170265270
54826800
30613062
964059766
992643091
282810445
916353753
157241779
159056800
608376018
531640986
995802746
243104680
767029264
602918707
443153022
472473082
410815556
231074075
437532836
983981298
558035426
592349514
349479687
96197171
46066607
989486415
722135339
293618627
747636914
850803944
463883897
802463714
733933358
280460015
795106805
869260155
196813769
952348584
28316955
805189787
336505922
876636054
48294467
103535186
332071113
343963841
428524621
742886669
575037916
866057457
726867967
985589695
310923324
928864007
934303218
209506283
770866774
656438557
503124911
518503688
359758854
967008808
173483754
946208564
247468824
968590560
815468720
296798945
773455496
696302027
101988732
109961419
572938081
2799551
66012957
905009194
199279744
494537578
500412216
626834013
213111388
79796535
612423708
524034712
8660542
399243278
733540995
779527317
55681836
236665906
150547357
267957042
56191067
324031112
66681958
303659891
145138024
882150678
600458836
771109872
430969058
554963920
733587643
3907139
410279823
799600601
761432686
462075919
146654531
114361254
88909932
359765919
194157789
553849992
883800631
202818332
953093271
469857979
834862001
861291459
706523885
985409358
129248501
762714952
161956822
48446811
918891195
159611198
930597490
371866383
930721071
214082900
926830303
664308714
70506391
189626478
316425667
831939077
651702398
315596551
946300331
593128682
675362470
140458121
146978675
411679454
195792805
100071946
881537433
30654806
813879757
440577670
868580516
795644610
55808975
883053691
844091421
974700170
42664889
627205263
199082906
973385960
841288163
125913209
490211027
911794555
168056040
659153046
596249984
672274790
974749597
395066668
265403472
502628420
388041141
264898499
914307874
583833946
217486797
648361659
467005104
31366554
941455681
188101972
827011164
997264656
71155663
523618938
824481179
966336905
150824201
23564085
792239217
992112365
1993646
134966596
756423272
22566038
794119643
352673256
694840828
768869240
747739924
812760653
124014012
135781065
77659152
38321886
572131363
295145950
539199897
891652819
179028856
333171931
79754792
6040021
182952939
3426807
382175311
7434118
822280064
532999512
883514555
614519282
377628229
738024554
749485878
134051501
613106944
396121873
339241110
160464125
17507466
939497386
973224778
141521478
927794804
50883930
32359717
352442519
198546232
571559614
244095339
377575089
904731545
176366483
236131462
87684485
32309642
618306773
947634955
854589707
3822637
683665863
321625341
233967219
274206769
923627571
220535072
887313713
319749445
559776182
47777838
337256911
351789921
873518968
478778389
279584725
776919251
511138106
632027244
975465483
935214073
728638935
205556924
692461970
905005418
294204738
632662807
789831413
912511511
432814115
496937472
768850501
116479978
818562813
2817720
243203099
594706736
223352792
983033164
914456181
635645327
883327355
104229444
987435248
756846323
435524186
119536325
386281926
946662292
751563569
214263762
734392717
332718857
419820686
426854688
90240627
714025425
59517495
880072040
479053288
344847962
377009512
100420141
313844292
48088677
103237861
557047391
642795414
179107006
392596908
409767947
814752333
275924263
366513744
802187581
885286938
802037930
921723906
271568865
601216574
525803827
485832627
335609292
858522684
758169665
614980332
948763312
324711442
527014179
681351704
803764731
871862142
58361217
904184872
185706434
958966246
859939086
595270178
454278012
39046092
987867086
864045960
853798425
116307701
83076056
508502358
1594639
885113986
282742616
125679856
486330560
661062795
611512483
674456204
372101832
222198501
289436536
173381496
546909943
816450716
854733200
203191026
540829210
765610769
107375899
726535644
724577016
819831337
174322174
31371380
858877429
162189260
895417340
565192206
278496961
978493396
926210916
132607953
716123734
61469884
258287809
54970647
722532679
869800293
729426851
94634511
91998794
18863388
268016007
491425089
687830456
122749208
694616116
81176018
740876329
654508367
807711662
317969697
474339704
982033837
349341078
185733485
996739449
97274770
603442043
127752763
75768167
529652959
260360716
644408253
591122843
518648525
699378900
166171874
240965170
428805752
260806386
185480316
300185492
381338745
676905406
840532300
356604305
371521522
921708318
97480635
26029889
581936332
415450332
352885945
416486521
764791410
391135782
413225971
862066181
994577825
540978734
790350700
376747136
801339450
287275305
967869979
172504327
986654206
134041853
413469498
267976310
247364591
598949814
568161802
628703337
275855220
261210454
985307642
499893094
182918772
935304629
378439335
764855104
203271314
731325280
33857978
968062724
122461062
447083949
682645257
969555239
840579035
325512309
346302375
494434837
612787615
166688706
666939164
451958173
153246912
80408662
719934483
253127855
679358477
140612637
881831192
807730049
401823091
719655187
307623144
584741863
507476168
686062479
202113319
710747482
269904112
235971297
531326559
244881526
535571598
66488168
66953118
376150633
392000478
413255493
870585470
857304445
432460552
390040987
309262618
585707464
470449649
29197101
838835319
2324478
22326090
573182864
810054528
424149181
145354403
970194024
8891044
652830571
508772855
63520715
216094406
778676967
152008365
747420965
876074846
687579963
813909133
943027964
63730597
58425963
208799809
786832419
915730408
641260361
29389758
77509378
79484177
499839408
106706479
918319497
354680238
129032569
344018713
17251118
405698102
341889468
987445142
267105498
994720039
496217998
330626214
63330797
127411317
482634579
810751762
3486163
22730894
624660896
799030479
86461491
683086859
7830289
725810263
451333620
649090650
755200021
528842998
728574828
107555781
488065830
499410677
462236020
469614751
695945742
479487138
875312854
37835210
319448633
142418352
885071601
815666631
325560918
948402399
795594300
808195497
759154161
651596816
830926392
236331409
450627295
769904235
771934621
310973936
348230850
223268241
960064587
955947224
752111239
541155767
63503005
92693421
893082796
378255377
562308173
589028538
710258868
437621027
479380100
29707501
432555731
364451701
697890484
758116650
165370452
493484784
418828499
924524614
145081600
102271243
13372375
448225248
872175479
785306996
759199184
72922681
861091589
571780123
28869905
465719181
965452242
944889263
558412602
858535038
175660992
120720775
300079928
885919860
410858154
779460028
768143713
843413886
996428082
466034197
601530536
161798534
812035334
20359035
938839500
809633286
122630279
952211876
110374886
847322110
590035224
869574071
772761143
303643166
293870546
654147401
769362347
111839141
451553016
327774949
970374179
627214008
301012077
122970460
365650221
711870231
754946840
133793934
555284117
751374922
452344484
9331005
765689809
116896170
882206393
704529309
926529456
857353024
509257537
36904343
557191486
951809114
758994766
329952629
255452280
52865312
984100030
24814627
17220805
288169398
205105928
987594985
915383407
506118005
963081797
133549980
70504589
718028637
119860266
625788706
321919912
424721102
487636064
87609721
541617272
369842457
644655382
468146729
79711833
6429272
357567424
636903319
958238386
116562190
966855948
66207018
21943854
803472331
943537997
39164660
91641729
1160277
879275997
859541488
507278283
842357794
845607820
577782872
412902783
965468087
56087930
587339047
242705541
543723994
527465120
784322814
766082803
24636855
104985895
845794636
31066127
462553319
482697955
841820865
579115509
302070256
908027883
453575715
958058939
704082232
492740375
902217020
705242509
224532724
614274861
65037144
66890518
459882681
642820016
332309654
277867120
551424299
919648701
520572662
95148293
299630174
157411828
713747449
324267029
262397723
559542085
355333156
724951042
894756393
49670373
156582903
49343001
957698256
610158618
7401940
514296840
102898994
909618960
219539349
179948070
376410173
284576494
99354941
836292855
779912862
431664595
966676327
331337161
203829648
339765341
279001807
503459822
497177169
992749256
827726851
759574892
404807693
35576359
484525934
152080438
85246732
641108837
201423439
895461340
103783808
208825379
409758180
59199154
970960692
481813882
239147224
347370865
766390376
338502165
36180072
398819590
770166760
2856400
730156752
826512761
195138093
861674911
182488935
692315263
706940519
10215787
451890155
111748212
898308498
788932442
116345003
983555231
282557631
317768442
731532923
386341439
526593822
141291104
445540593
350070866
475621338
684687818
697441731
94528066
23189983
586138156
493347656
645873096
441510908
76020760
472385857
636649001
937695671
654874792
328964264
644636190
517606931
633370772
608900755
268431782
422303214
725245758
104503365
704860845
43014200
836036288
91202285
422124374
829843744
389259230
772195240
305465082
73947048
322153324
399993148
97137032
908291480
893340805
595526480
202318740
969361565
67912337
838967741
759573589
575303481
20448358
256726131
945426765
653819130
865626886
213858547
76122344
443388996
318361912
633499541
338919549
6914552
577218178
613560275
836758297
966477409
238271868
142223379
892940809
560425192
394732880
842594193
321233024
140590037
438120673
523551764
962467954
358549362
215035857
722041543
786369196
235484215
978767675
731795961
889303345
696910913
798170860
817942041
992816262
116532772
303957935
184252163
123447324
881176113
797812438
812721973
700169874
36084306
807461705
445627036
449025850
54710937
288221229
770258874
195300974
578858255
146326990
10285280
937407617
361362848
732326824
576293165
596847063
563610851
160605478
338666761
113038116
958776338
156608802
105854378
927825462
460566737
142622893
903789139
194259203
940435332
716511112
746945429
976519638
376489169
192572465
278061841
431200106
333310047
48320715
626501080
912168302
47164058
636786361
702092271
261043258
221629537
278385437
857890321
637756740
438990915
49073434
750794856
250283606
205682237
709165587
178109068
518765326
851788480
81898207
713024529
644740164
650925672
312486311
473776155
27414841
505058776
751837996
311131300
838368823
652675063
937632380
603053477
699839121
426935093
305145749
960882379
501080982
436047538
671289053
138837722
875038453
720362487
742148931
125322059
778561076
303830870
155947480
297326403
8135702
90362039
862867284
652875867
593804063
175353595
126652022
473735257
532928724
878490018
784866557
223813899
383681433
575015289
826867377
83520555
1950383
132013126
896919286
355547717
420577016
420724691
494385440
148131821
993603531
89050723
125970233
772164607
392881593
281917713
922007362
401017295
224796104
784874647
53893162
818600168
812744594
33061536
292335425
345673318
911551554
77201982
569487218
147749340
504733623
248870947
83786247
359200358
233400425
980705533
714748076
653977441
253946577
61649868
802109262
100066460
150700591
928079495
872231067
543582184
62513560
646754782
944599479
287309665
284145781
998492642
105909833
96890375
31554178
250761610
295080046
795622085
180479944
864567264
943371425
685213567
113438211
27157672
44413926
199354988
860379557
759162002
853332429
966842486
820811870
655441691
66908946
971512461
436037539
791656366
367610997
498551099
438411148
312210476
785860764
722556929
163219470
891770597
671963656
47290001
142532207
967043702
695428438
175528503
684127318
491316215
860742071
650081881
370990239
905155997
849436869
83886148
516834351
702769298
50728635
190162573
210727342
117637581
14191386
646764881
761810299
381802383
145315980
52737799
546529211
783693097
775294728
709748682
527980046
299774737
609555035
523028606
266818439
304983473
698557109
950945758
796299688
559299180
453543991
19806279
316971529
302980861
103692427
686322232
858266511
154421062
876484805
68993853
124574996
743192543
568275086
886385295
124994926
566107419
939123095
524040490
202316868
566934175
86305524
730296914
866708912
695860559
253325520
986043704
844032
951882630
789505814
649660072
363698162
243049805
669466351
533186044
398547018
773158778
219508276
256813530
780096193
948509434
178323735
904671189
691701977
599115174
643572836
669213256
17738945
435212283
45770098
220055813
854662811
132075622
950352727
573888075
827936181
56194600
559931779
681296565
8077230
201953945
183472989
224291744
445003751
852939340
757477788
843550769
478614470
829502417
952880651
111227015
778011851
131204387
15898204
322230180
582835913
511987393
843959788
600574858
799716028
889729886
820630671
654378839
21805508
770983398
80783267
849741689
827177998
640715046
383554606
687771580
842668992
567027595
764579677
140189095
272483287
374573817
836256216
751097758
204076234
789136868
862324773
834604437
772857607
730739330
9350970
208209872
95243075
853310758
808784730
894959103
743040645
629415401
401854295
617362505
252915151
482637562
319620547
932609502
975868960
703175153
472897434
671054304
270202749
237477111
811243399
542686036
612050929
500015968
146300146
668643515
141669188
861141272
503247953
914526795
444396954
512598923
122736667
539640029
218426033
784037749
287115484
961466678
265969502
541486131
431345536
518884653
24123693
750966083
304010507
852509006
454141236
776907942
523563310
576860337
14385053
187323062
119546374
478952334
687339030
118362872
112202
829008218
979504144
503360155
596051365
276417450
868475430
571304384
816057479
86901463
207858485
955689316
900884494
473827987
497175447
332230030
992712640
373815493
83196113
149239500
78840851
389853701
926147442
602404161
966714039
793048847
642243575
938776765
124517534
182098957
909655989
124629736
11107175
741676486
627989891
459674892
18093936
348981673
883495628
686667768
435883136
91354113
642357084
189283982
565182100
992048883
521514012
410411093
218380728
457226477
559650593
297221579
699596531
338314387
899625741
518826922
131363234
394385668
310120039
255880768
576484626
219776028
380510504
440108153
961452514
861016747
899783046
832062803
209998420
635795026
518730571
498397909
727149140
13604007
687681891
144847592
5652890
61712256
407775037
76549971
518938733
967425630
373771550
71051616
158256369
125913643
589878538
289619604
520299312
899998577
398016724
96783938
119774606
778527229
536892091
933743472
492060328
289191489
618322627
702058749
924986516
137053198
52973010
504652008
3173557
740654901
502015952
861342800
802367157
909790990
937892771
173822243
729732972
311664321
244873859
887989342
437577965
834752398
30125298
957877277
734750975
428142022
907177567
707041933
59185603
296586010
493301758
551245932
585777500
111624385
105821033
363280368
101193936
158794043
720448728
956883845
899448944
222464680
818226645
701816102
132255670
608635768
875638345
714504995
920300090
120512204
602494337
210394407
807780954
632619635
20788036
395048282
60761657
927965603
102090215
119947261
77067965
447908325
523709545
662845465
412049063
629530578
878642185
365759351
788324621
599090913
175159548
687773565
674071946
993386194
242106019
658843968
454538314
970260716
373348963
227354756
943289273
828359652
437749163
751070227
313495639
311053551
146118509
226773649
91535506
100725077
199237262
168603472
401149754
722946807
831448937
665715169
352477385
562607475
31474520
140802006
14214740
59150421
681091923
688286686
52536615
775714295
347130655
359591281
745975011
572995970
586946038
541780636
401355623
24695201
145367216
714851262
188265105
144002077
941624911
279800611
97243506
140862173
448404083
498393261
716325332
132369373
16624782
68802717
694976848
48099303
62121075
709191588
107249724
595729351
397478275
12302691
223959998
597125282
224410324
969935009
170121252
811356362
364231998
423993227
688567916
509599214
138844490
876833021
653601291
932985753
156633632
750844798
926364279
605037716
101754411
495205963
737407089
118379193
416525033
284900289
18994848
331162460
994091877
126244572
926891811
244086504
991063615
3368161
841211786
67990292
973303171
11333039
879346654
190051521
287842618
567914570
699650735
279203460
297263943
353252026
64705566
453897576
104096824
991069845
911451644
58367587
338792160
501375085
176746781
755317193
786275374
195741629
86479654
780367251
174502554
865887817
24453756
18082521
869255979
718181894
86072813
695075502
582031285
965419468
885127023
869873904
385850390
584777758
149077364
683114334
790546136
213782930
137011910
747159313
57369127
900979906
805526900
396161288
402354991
982273681
3994833
41146717
178015311
90474487
821513968
352517865
956362305
698484076
370600386
678134636
269182323
456673200
373210138
851213608
274609020
110853513
721087512
660459410
695631271
722681229
343573744
338693759
936464159
333102006
85853072
846349639
86598264
891379973
95027279
488953255
726170006
99022112
530099972
904185317
189496600
204130293
109219534
998375257
755130721
332336273
676509893
24313044
789009473
902236383
875526653
63618493
13089896
449130517
576594255
561237519
24328098
920168000
899931278
960792258
105786358
985784351
659658249
192384623
729680676
754685528
533854230
308367034
853707640
63954203
65068704
43204240
120600848
174288238
894095849
875731569
506624511
423122094
752560966
148150336
325358477
480603971
64285181
190964725
929734488
640879437
752202244
954062587
413563789
652133523
767371197
371866499
490434226
279545798
564251122
72631254
34231326
98105353
380998288
887938966
14575908
446066992
783659559
987693108
472871583
530271760
715941029
979496094
953393855
468501995
980162783
131268684
949105966
44447964
322233410
731356807
537843753
74435654
537935746
803923894
579085529
157823295
175790394
69519755
437369093
592557868
994667361
324116771
543179573
228182002
64572089
410271833
674248994
848231648
397964941
147120577
231019761
113905971
979133024
184413616
434924318
811812159
315682300
236546637
708776475
637915710
820419796
99136581
564867717
210871894
903060475
143953246
368695189
78850869
65989354
658580634
523925090
60656715
982697405
67104663
141355069
47269494
477376497
815604064
748017495
727857790
815240993
979037256
694280113
646890369
15967224
129204432
311218880
331649524
218267421
19995356
822081587
38687217
119131937
386949304
102075463
22192412
383418902
470770652
953559634
449408256
129351286
330001076
362581324
964565043
397105739
503936393
11834537
726998588
172056809
612368384
454856379
839814155
591405640
1652844
339220876
607372864
130857276
650439757
791538741
201641049
670435113
613620328
92844618
642083402
853085984
194920081
516792166
236504886
518207085
322868152
538429495
500074723
652869228
901010819
464639766
49974968
257463564
328990656
629489908
282036726
941359040
84346287
121850881
385281033
85999132
461071757
845170249
69372760
111511514
636708990
123530162
634462979
102845670
68891132
129062733
955931654
263811214
645854900
44952893
782018299
968723052
583382388
134609375
621592281
336909559
599249141
524083601
446889475
780756149
6089861
728926201
574631542
90436149
850777082
959912575
28951633
164365192
657599176
950840745
128393058
146824519
926887259
615372390
249670189
995778392
744435123
58118196
112105958
390290023
103071089
894124257
211529428
538969829
28733632
833121709
728395740
480499126
209721662
175285215
113771627
215811523
904211417
688403169
158764024
607504851
500832096
40232009
624386395
158431273
843589107
752779454
305255792
770476366
220668196
407442333
618771110
965103319
465560529
730877068
207909695
421147970
477517678
419439123
812634151
358767662
105077184
541029891
839266788
314798846
568831459
953038416
383126721
325559228
493957937
541890746
933064079
994790034
434639107
409966827
5737659
278228214
15262633
310993451
901220933
235930829
718435784
519992043
201034148
36512666
103385464
408943843
310176988
580903142
828382966
122811140
939670804
933460150
516357383
631453945
100775348
85188842
437008713
483902070
410748070
930966650
878309168
196328502
925756684
312948275
606295329
931494343
443692842
621557962
95004146
344913775
857488791
665956283
717422170
911039291
702468949
820807634
172499487
12645937
401710776
882453
987973429
193897933
786858956
504330813
825351878
740150656
442036007
262360591
76569078
852784078
45843593
954878246
901628932
971600278
120342874
360440613
755610973
564035716
981998575
703131472
908949491
692003718
369087755
478888013
455559361
924073056
299695648
628058848
789235345
553922776
481457654
777208775
747820709
120832962
134055940
573172587
860983618
576091947
688049530
937552697
281392377
733893124
892430943
35537661
558009754
12773817
395978274
166137079
429325885
230493201
869268551
190791728
922496919
90872658
669679742
230572633
14945714
969375390
858631481
804181060
375814518
340089135
433906187
123635228
460922097
420478479
549324167
174422068
996570426
237373698
111974765
130479156
971266822
856922060
166016817
381792928
722212230
561995092
547930007
151538115
792488293
417198559
342329844
567501565
508071217
12009586
798074198
375533284
833901328
509222031
32230696
62232198
849311167
466136883
185867426
162749616
886615362
735191594
337171684
735702140
825081644
301662801
718697648
648864818
158584862
884714466
30657746
880797092
299225910
578587753
884851559
944230555
848302664
79697755
364248472
208890234
91707341
14839022
584423518
778125021
524061054
616654214
840357220
225888573
82791097
878740998
388638189
821922811
466448944
578326226
410141303
291530588
879989027
128838952
940395406
38573889
866069770
823569504
771887333
17812032
254673610
509255245
962042587
102976274
588953000
178807412
311866508
533176694
193646434
896290026
163818067
717707488
365460592
4175287
943596061
300768041
735432638
184750603
122690852
201881582
763076829
385348508
345928523
643065856
366703812
138840281
534156098
85289934
962409786
158559783
103101966
217083396
667815028
917660905
172576022
109284381
96468317
484442531
642461075
142631104
233248909
806279142
860338592
598709502
662970782
803934654
899477543
398403420
988685257
874684748
452801354
604278438
112549608
798729877
99860646
331769772
937570159
634016744
417059706
899979945
645092880
372678024
969579693
165424260
142855281
142155715
274708641
91839951
479114598
917169716
234471055
712363508
723448859
94809647
163589362
238935993
751260653
915583257
637339413
592462262
642784357
90140767
49257052
755333965
741386997
149117699
87103737
678957156
783134443
356679795
431453453
280743675
581874171
253549498
446167936
724729453
395705213
720876577
669085756
874819812
638046294
903556811
439699672
214011505
850882810
455805386
452947498
454659816
371388643
942803263
899638430
14173001
885460382
948895483
622023318
626847379
98013182
561643408
158320887
733663977
770839555
442290692
14407653
352713727
695840190
460575589
929959532
91545404
33968518
599045288
818881568
672014812
355118451
111097592
738542669
58517613
566902978
44006519
365693781
790807973
986809782
265332212
657497326
872270165
66744047
132036997
351633896
164757229
693680405
362471136
898421206
317036312
804761828
765345211
669750039
500602019
78437152
452225923
444663775
112405671
51271211
116061695
784420483
258906014
79675639
375479505
169939980
646578617
419486024
535633761
289902942
406295807
800965973
947400269
131082324
867710020
79437266
335232572
884983601
625634023
697703708
635921160
942670335
502465537
401266371
464936727
855583908
479703524
917162650
152764035
592109195
820950214
268825730
229046030
79856228
348501369
604525535
102312560
847596338
24011560
637946322
137499280
282823719
291428647
84899549
266422395
11655020
16853167
601654967
896638621
642487190
299358676
532559781
437673878
654340565
786342505
902610605
509924473
118562381
819773255
662688508
710671576
493239821
784030590
792233958
425612402
132531959
249275846
527924962
832644649
125803758
165871284
970143929
408627477
457299932
907559831
675049872
468954952
776929350
129221191
218109925
271932893
428579867
750669707
709606771
82920432
389528564
612217376
445361257
508090945
284506983
960566117
71278873
777746805
744596707
863512831
55875559
729645018
112788677
583800521
414806019
238592435
749671806
237466301
499736264
59488090
145026132
27302488
380959394
774471834
156523680
599069319
46404727
585103547
202255378
756011498
520540332
591783942
220745226
818417941
99874887
357768562
778984059
171153760
135515367
376097118
34666592
43907278
958258489
999971621
627707799
373064508
91080409
229895957
610530809
590816673
289384047
608073293
618119162
670343441
235061480
774642842
121929113
281466207
212262741
324184491
889994058
732803073
915968434
110739284
403737367
15843321
321024198
35237778
39513434
309055917
411334896
926696378
352963195
222109737
926667999
980670995
595174246
17748408
210566952
58221407
461081434
352467352
518811053
79200596
22810793
753872533
853843438
144739906
35338740
66106179
321440750
777849150
651425605
237409184
741104787
55162972
105768857
62128985
90400750
145282291
371184903
354251998
924495021
724148098
576361736
703679373
557335445
24052334
573944133
767902398
82273741
35025567
120369750
453601146
114226163
995696895
207473679
820585953
992953154
95328772
739208485
166910256
873177922
243150442
404319440
466799061
150829766
362604649
528928047
93746868
360403293
752629302
300515218
284898314
329293752
876876954
988577687
886629198
753445640
415038173
507047948
688235734
450063740
479934050
141836880
416806256
328147297
201826912
89908561
173616803
297155684
681633398
340527059
22849958
924783840
744846499
489649020
928129958
107451149
871093419
21876826
320370794
623722721
174908397
605269108
953016473
51785351
446363148
692162023
657747344
861401321
199209971
345983078
163981413
679144021
340336310
433304021
7291319
542163222
523212583
33424474
839318906
57362333
373951534
714685217
982146174
118798033
56850589
762792484
78765534
927944008
637185663
251652680
404183081
812094060
856921789
209715906
716395763
155801289
901877930
374143107
869718962
101087901
572642537
33700375
632748275
912978848
319520749
492555946
455142070
842733332
525980420
146977329
900095665
899931954
861662546
734758191
871246340
918513135
350067028
802528226
698973495
987252691
54180907
103156576
799346751
763619048
312872482
368258866
771936689
67266764
742401974
641655651
20871018
167560863
527872378
653619293
80539711
847393127
998691591
388198134
542642811
377188363
535175463
295254829
129636670
249354361
882529372
883010
20383848
232596400
655927588
719357343
72365443
562624847
675030271
871712194
178760247
987902753
92487413
950696936
55169518
834889387
444868939
76040536
2450250
825257670
582176181
935506314
525167149
433384124
323704448
67809961
810572487
711396263
215581142
940209157
960750624
98110514
793608519
833650824
183223267
302052460
405524519
255588710
864677307
80554790
979817257
895953907
920973895
72304670
699167195
828659765
759710409
144036135
757216653
614677011
821810157
191909186
550183325
346977306
625293310
726404125
267303619
435865798
437800388
335401113
228591307
251067364
286027980
22199827
84718188
469251247
324252287
342759059
577356309
41445946
423313849
557173566
937399853
196804097
481994588
489083401
25463862
241704997
485635888
782680516
856382009
307446045
974589702
259081686
506939703
452399365
985485812
774243323
888265163
275802552
109644436
116856470
379386269
248188768
991572649
316620809
717440015
168341288
659379869
147312677
209787235
82693718
704486243
999703440
132014167
38997184
488786841
157478030
280702181
974422729
792674898
989600542
134385126
619780952
101198581
641324830
72180317
86684393
268084505
812961832
215003297
230245293
782334655
594389566
478434062
773907304
911010376
48390429
942248593
422906597
195703106
4552180
358116667
752705702
4255620
490130835
791702886
345558814
647608865
72405067
172497895
292800115
914521962
159399374
912581067
15720543
800724204
984761385
954921288
921325061
650239569
22440937
4086706
432574224
616830504
482520768
58997881
380357232
383427550
853762826
803263829
579130656
858315006
13896848
184352710
715086978
504027683
976055596
913162144
4152900
900977016
85660040
296953015
815498978
97575766
209534083
683735873
898299970
46811820
638657161
672141383
697051389
661098098
676228089
982141966
130444954
11265210
41139847
363318538
394692760
747419025
19098719
973823416
458250383
32995568
10692479
25853713
537023251
986748075
939015858
541176152
887725091
877192250
838129167
555740421
974768016
47663250
91992646
725584338
946991422
730649807
397725721
496559164
244264258
73953810
478701130
227225564
85219020
372357329
590544103
332428132
119776354
609642822
158767901
430543089
642638390
169460380
456396802
179661642
156208455
395412660
720837794
896449899
125121262
411483313
304706672
99889278
311662916
396699319
825473616
258654338
127349126
75715689
755213502
224129736
2185852
86430984
451355301
939921224
311304665
41899404
272349357
283597371
504058578
431117258
714140460
146696969
600577638
170537263
178874963
609302445
418466275
899712757
505752344
543587538
163712422
810459017
643476816
475375338
59674688
321466785
734029677
39540166
249698826
341759531
263669903
251884678
280706868
567541556
44322255
592011533
461957312
316671612
875608905
966015890
600305222
589749365
112712859
53399212
612802980
144104174
662701657
31269256
43816931
20970354
574856794
60045706
831429371
70849962
535421044
891104059
244833099
121967073
930644225
494531926
463726605
46830480
746416604
744433473
614372036
790738859
188961358
76329348
959926823
64570263
894861591
560232045
506835981
860090802
613631257
119638961
4194977
128849267
3424569
900528260
149819621
578281363
960573966
981248992
501647678
495995011
724869403
746480777
617962084
508029980
241012703
934205041
407376813
839945660
531154866
21748849
483200871
720116225
950594550
443127695
784686488
697972493
855876092
144038821
558063295
322023702
263677783
414774624
450872969
267102352
315302885
600692590
697900068
128393203
434457934
199547746
624388214
11843689
946028523
94866651
519873669
39557579
29071692
927250482
879503239
412742911
801515684
215220462
132859136
604626586
658348157
770061976
155115431
366740602
914100798
713178726
688764304
30294933
127953351
139637273
297397285
295772588
740329863
995297353
424165791
27304149
47361451
901070358
39147838
845906327
995937009
559021507
885463906
877525053
338788342
617483497
142784316
992820378
832703959
275643452
449963316
343568469
45705429
605078747
710309071
812322579
170773825
251589727
842617512
151243528
391227000
140014797
447016116
984073215
987828503
723698260
11377364
887706306
624768618
50525202
733612633
473221979
462063061
471592891
203263384
800851403
941592740
346047701
646188133
626813052
474207505
96151449
970381521
372429286
701230196
533206944
184751865
872004022
784796671
27369377
23247550
28540023
19900527
322780019
12613238
860245382
46478279
876506954
600468040
523763249
927032156
186597026
849501580
241611569
658189917
52764964
42462973
452299010
251329017
541167458
79112062
725536523
637318908
902009935
97965809
191065456
287733231
135234027
915585830
72529902
15119756
791349733
953586277
887536635
114129752
818715867
600298369
13124383
695222821
200766410
389403984
474771329
387363436
91421916
716382898
898069705
144186880
611362223
350368715
248032250
5046034
281997129
826085125
642364942
184007064
776567286
685946750
471740295
911801313
601532581
396786549
779437422
245398666
202889178
666974057
212044770
21605045
119788779
77685505
569344218
320555189
467089489
44115547
560434977
558511405
613014798
458504682
555214637
76893373
661389750
655763239
81939407
943386879
481848364
576820701
127393944
110932003
262767452
451650591
22733316
716816385
700953493
654687090
962215051
903842671
174177500
174259821
925447717
293966279
251945326
347308287
614521468
571551167
243940187
27472797
130062572
856954985
485977479
537793561
786364710
147367229
46073153
868304118
943270461
527921517
297641171
923180757
638853520
560408623
227347700
514103189
129741360
928301193
21306631
91956411
832143865
195484131
118732584
610107934
489450410
370677910
957416221
103971878
942229077
53872760
131444675
924808001
910827745
469938507
315117915
549708808
469822088
361191068
270529278
265608901
741628937
568170449
188789658
232998810
128579073
416137359
747101999
110836785
196954904
768408630
202793197
29098769
963892762
321525781
491723055
305859524
544720044
301655629
262347755
339465473
355528389
246308782
116789827
118872487
716247289
431907742
668581295
38585730
645615162
939110573
304194631
387244099
359797374
345500642
620242909
340892799
761638001
219861260
451729585
958592905
840786243
654522782
840208027
657195357
828564915
184447434
963054881
373284959
338619415
225402636
712750433
694147805
471711419
829540260
665536644
40475060
113964354
186634291
79060790
759579516
125744864
235771774
999339967
338058590
581272416
472099229
678951390
195426769
691960489
130680975
6536026
385263084
637720109
699260405
42458441
466285024
883707840
5513323
692086336
74843607
83432311
257353121
768991412
407660082
86893381
287044408
448135143
53374087
473678699
379712285
665469955
451939915
468000411
664809922
789998506
49272827
136909151
468949896
97215948
681385993
452147223
103751975
66649077
89867332
655528732
961623871
408668708
391752924
819653546
100755044
466596532
903085857
358108165
88104296
163262292
297517898
375148705
611397435
203408337
848827404
843626072
868878292
300767320
311626484
386204567
90765826
213415663
375630070
412232074
163147964
57016063
864379297
119416291
976181493
806762981
774945023
790321716
215431689
166697948
609975262
168703086
633294480
365577471
526811251
721398776
528839763
676845502
96547481
992753550
880253839
797891238
836379623
749132132
98658558
522459
135336699
41940736
66454474
363483121
306689162
229602438
273015537
23584811
349018729
101713382
830347792
123963753
892035098
898295833
143178053
354526712
66998919
776472533
720104183
446326523
350387661
101460299
123172025
299451495
94213849
3425864
97342733
783109824
605074348
48517643
636148635
592927399
942974731
702603110
956410521
102180245
932205548
81942410
125765056
281224278
183655792
808629200
257704383
75690890
559441385
400882436
430217602
626440305
29871321
2838137
72766828
380258982
104298436
48455205
532226829
51028638
904397421
482085914
686654814
361988122
383119909
175319802
954915521
178610992
877922912
763842394
280791237
810128460
845784804
259072645
943869090
29440596
920218197
201573473
957647838
479659583
602455909
240381792
958616240
632327230
243219930
883899420
865102565
200034718
932354625
397329394
103579708
689268398
879415309
642750875
51256520
115051570
818070677
858688394
293662563
695993589
475047140
574453800
358638401
173348297
686042798
155023844
55305245
606260995
356597317
12953084
938436930
811569579
253334876
897053170
296413161
349071158
633468942
161515726
549105877
418339919
411361473
505201937
107608318
143293134
147952812
11381190
258344704
966023489
870069584
552007267
514533430
345116725
126461068
725688184
518465022
665020218
880712028
573770267
123797565
89825697
439239703
62234496
901395276
692574580
811804018
197808438
41645738
445272961
211840516
443267967
863612880
623201989
948469905
823737550
766495123
948939069
835118741
24839828
767478911
705188325
576847095
134528693
902821402
555824515
860216877
273802776
73361085
740928905
847573044
197158651
830754603
139329099
259393147
584666231
831903679
71197165
782474669
726065770
368986478
994315186
21850089
85115711
470033527
822836346
908853261
236528651
771775416
596488354
113884831
391770679
154193032
690731926
526299372
57014434
99072794
386516250
330817211
172433879
979961507
30906607
369592530
663232462
170235706
481502029
247898694
854655738
405215547
882889715
433237860
774202025
729721253
455087949
711834088
199754781
130440648
473203702
288799784
902216064
69692056
402684615
146503095
223885088
93416541
672802467
133415875
45005687
59318717
464233086
69955919
891796577
347656045
439548449
555029039
517891751
921050479
655444085
225063841
178782378
538333801
658301701
952984403
120571406
113389651
517334844
320326187
96346651
990538546
609125971
998562715
60230602
11810586
145065810
136632043
957743480
670384629
270047918
855265519
582219699
586797356
925221438
474016276
934453401
217286240
881561667
304861504
138336719
537005753
529925346
169635449
927855906
188227047
122619852
48427312
154133050
492471048
221269852
250479701
483009594
830395823
101558768
395756549
694722762
99140930
384904944
504982594
769525560
654952862
212764465
204261611
94266570
137985904
678277887
28719971
355272144
412355906
333581475
346125215
949361659
863506821
515760664
729733917
904250221
490896868
778161230
58383271
983367917
999431082
161379325
318893863
682343257
115454445
567166764
229582371
214595376
952071708
587081317
836637288
459540922
799845783
40898899
553807492
937831687
571693138
582527463
145620183
984049044
768625291
344261750
785927056
484648464
860022414
515660973
388898685
203435634
146338555
299798309
39319903
998285989
313693986
210730119
533145599
429148431
777896883
762727970
643743807
729968592
202325640
332897447
42025866
2171423
373796346
595833359
792519462
945489484
30877174
938139645
782054881
799502465
134917747
567981937
284150930
994940161
936159262
525565967
50892147
82497818
825364276
90212051
933300159
139058262
153458522
466445758
420723046
931355405
81690081
64466853
513840349
284015721
249880653
555866216
138703496
623676999
151699575
931222958
421682836
182576749
721878955
56254069
982079215
856796702
624236006
118746497
704253215
412911620
644312464
755145362
347925790
322193093
697873765
281225950
313767707
851332287
600188060
734490753
635204045
681878141
651473959
149044394
818410214
901354612
704910610
957113710
377547963
709126537
888336668
651747151
891703287
462731975
708001220
726298854
319528677
184753578
697561703
23781892
597665199
194390519
631443607
945590989
516583612
181833724
79333291
682867672
885682364
679521352
269874777
520886409
213915845
921348736
522447155
32326060
675219700
79874118
989439770
905284016
789000655
730292791
557031167
533220294
45541118
117548740
112035500
365069796
302302318
809597203
241368040
899967517
3987723
725327999
845558507
373087687
907161724
924891798
55955359
645360440
456929502
325830137
18763201
670845348
99695225
541210356
703171408
627431278
621084474
545127530
532715294
410085130
127936673
942262813
943305424
173477792
59811553
55340925
391063940
362113872
717454480
632431980
114597741
721442203
210276332
960156248
94529891
117438056
737564399
3001602
615314848
47010253
181348091
634078049
717855601
281043317
175288405
273543361
908474595
796372880
818670892
293706241
58974362
799123917
88485406
854796138
972601709
148296960
762653415
216182001
362927184
480107896
848613982
477524925
54066451
58890314
290197526
1112694
28844722
27761925
4114297
496675922
74772178
37978740
130753971
645144132
319022057
158558728
918687493
80013004
954931608
589874737
226235597
866422322
388998655
314721004
721218461
214116716
463017964
336388228
430298718
825945148
816496124
131429052
155986425
723078928
42835718
446183951
724191622
924196792
326462228
580822271
420872714
253750759
618801012
404143037
898894891
790339421
562701765
817582384
870352426
370149726
259973474
96588023
236572048
648972129
263825379
810306861
715605197
726843343
146695090
145903915
405304843
815707566
129849319
561291269
538786494
25201389
7475220
115494469
949398181
186453801
548833092
222787247
440204560
20150456
626930284
339099451
810489878
189632050
9198187
533358656
559781776
269171661
482463031
648870176
770660142
746288411
459177038
486265340
325648106
458388480
484685607
730952950
274096046
467051279
144760571
665398893
492252668
4752143
780893362
441650850
191205944
182242806
664438097
631410504
202393263
143884734
823026307
12883141
333516784
832224495
546241797
745814912
953912508
28704828
394685088
724572651
627509591
706378478
63354343
953157698
164766958
400556302
536627000
291379357
867607581
681387571
956778250
359860250
538656066
590187964
654027452
729862011
772430770
170981901
213788867
974824033
314866635
36815175
987707174
648383419
721556022
386465323
246714683
527984882
267686504
641399772
105073885
895196095
200294602
168428228
700870145
365061561
568984531
237497145
656440918
289108464
771401068
465735520
648968714
310057135
55923484
155512518
892435498
828354254
326494420
106224365
655694640
641361055
995555892
495918166
142260827
569628266
882383490
388975510
97613149
2586346
30375282
55203386
750298793
83186237
223631615
451168939
448247798
645132498
541182436
957205068
934240962
312583505
422940588
435726029
475156992
331380424
591238547
367592490
12251030
917732967
326333207
667945670
559094023
174405452
163863837
701354850
596550070
898763679
90330360
546679571
901350025
973221995
601882958
504165170
56408232
825514573
955334109
357172382
323163423
349032898
166893802
257404385
661616403
589834390
693130414
136773395
921214814
136885314
356882237
933465844
54618281
535731796
453927867
466228656
710137248
617791704
20099858
159203671
369071735
110430219
705883242
122938112
936168566
307766200
627103282
845093150
985797125
434953744
54781884
308960548
783986642
221675686
418881286
298119397
664026428
112011700
287409144
437757594
101413366
644291381
223739790
156031648
32539529
677667657
622260304
742676778
147975713
642360163
901880449
517047448
605306734
460280043
639985560
393991652
768046244
267088843
91601154
606359721
702042587
146383038
915320270
338545581
220575076
186717908
636664978
884601504
151245960
924074122
174875450
252659327
420881855
398615240
408690975
453421384
76282898
883467631
48614514
224258611
378344146
950494963
741306060
983650880
263291359
233807972
230158884
31337603
500896815
174276390
490213676
55455754
173175780
258050298
394001335
393750856
444768206
30666313
130868712
596014167
807256787
305744162
848673494
228138642
704359403
109880821
681560027
633158653
993348452
730174541
857417264
371692599
533185857
451239676
207859831
796477216
685047649
290535068
680331171
38460816
464811458
23061199
93916571
637987239
281111498
340434258
31738095
725879704
223616924
15123160
321893871
30873711
173383674
23083717
111528706
877743077
132964538
645605085
363418082
126312991
228295978
73351699
350521942
761481835
524591375
558381773
410475403
62155376
848916841
943322926
100616193
166244652
966384126
47049116
804231891
247495624
239999726
688486338
973375328
316133002
703609498
147785552
199523066
876993173
170869269
311051772
607252602
303833808
956656857
970670685
282663151
37469187
44022384
633185093
798951023
421130111
44083218
61942778
335801840
893000060
5265705
288934385
59244712
824166183
188499853
715992955
71661807
428499579
404479293
897553487
744632582
960605144
897855391
944155648
690114669
68724661
107723772
149883623
225074821
916896981
120554308
507737972
954366168
17093044
140923065
605833543
290739508
37522635
667776322
626541348
930522695
525558379
915475733
842283759
202240914
103975586
410793066
126419073
384991517
815272360
23972560
982140451
628393856
774344304
778812451
318508525
695585317
886536223
468392148
920660138
655949556
441462809
280914462
610315725
311072205
274353879
68665620
454328065
311876514
736441942
80869413
94915562
114516673
848861498
789715673
316757587
805353436
200508740
443176660
42861306
868297452
319665573
25001757
496691308
94009877
656330561
667716185
642111546
395383136
136108333
415288036
51332693
430087494
696202498
514164770
593676052
823072729
582830390
48004117
134949243
171788685
981389883
82381157
286305358
682767733
872096831
455579298
340637522
925121923
898755958
383498828
793419375
70937883
261016937
142627035
17464112
917347498
810343220
659575658
165246987
798967905
74863694
216579680
81571752
623582544
730744450
675247804
299171625
166091192
575768273
286637221
337879877
557158156
369018378
624185236
92442242
93631561
79764534
433079764
18753484
831036844
816578592
664689211
754491080
930111881
659832598
771955192
699975732
322692170
284047203
865222719
121660076
211427249
81802399
55748180
687526146
665063201
583512336
986697771
831154393
159280609
273334992
21550623
568955118
494869723
645735859
661397360
588501284
578016745
94477124
459771121
261569941
763572068
976976684
16061021
693683949
636809283
640532566
246176033
959501453
777096121
111398752
933677881
988523370
45717503
841942413
528565868
563297056
425454749
515263640
246967802
437251711
641114984
268518425
6206829
135984707
914254284
667604189
577002344
344787381
614597665
36773465
458873674
378169733
866266501
327451048
924370034
355592136
967983614
170546068
167609942
597596087
134461172
101287823
438635809
180178676
795746589
967201678
743475732
73717690
334981670
990443534
510969401
976096654
111478311
517176230
112081362
25732595
37296771
541600058
223036328
651894436
430889875
681910003
882580521
297156376
9361051
806950556
652748513
829861017
830012976
820358455
279973456
964474148
774162630
718609265
144652824
422425571
685810943
740644909
496143262
20792613
583604795
7112663
849405620
695083107
376805246
814003334
573332054
414102017
355603392
648884735
918512806
786493267
183311090
801093327
936165995
45188493
460560235
441430860
875049510
143089563
114305667
7539318
107563712
888468298
726148583
104732888
163410221
264475879
697894149
659553483
137784844
134015297
666666147
987190464
829098404
43471393
801193798
254946810
310089762
9313542
903831545
81118920
648323161
87142635
882212248
584489157
132331128
195288835
25920017
859896990
338378399
140225685
867436308
298458463
881210335
446101244
403191351
44620556
710577123
101085501
556690392
848361967
87617150
75872891
835552432
916715554
119344284
489262582
24178716
281950398
351092477
780526614
363069319
999415638
720185601
97797919
436421147
705033082
145603106
314857517
417446424
483981505
307599554
137399085
782439968
41326241
583500329
38147672
85946797
294077452
991749525
495153541
142439419
79366675
571026432
830508203
848598581
542887068
172287138
872777297
824837467
523379615
505820263
40423138
375311605
226005865
138221057
811732753
931038947
136340515
126590270
201001723
620322021
434189824
338400808
255278341
475516065
921901137
145942365
413979214
68494941
137691890
909132756
63450713
69574917
332675540
893958916
918173498
875562609
918762406
643467148
552916428
294658373
149287411
593339566
669969979
227809628
584076975
481702732
11364927
720417490
460809354
212366651
193255863
894999178
550767459
301050557
223031595
472668597
446992922
489527161
541163538
584684813
251176269
604614251
654259730
583851810
351089520
424949581
459414419
122368278
68416729
12330847
417026652
70220492
458186765
86996631
298030121
894780092
421215715
309395048
467713934
882025069
521761699
660969798
629540599
72529159
962020355
852572194
397714108
261529629
194615707
938877646
846214442
445791977
396008250
352990525
29643787
599614122
777940106
341574558
721982400
698873187
206421757
139009052
769093679
664608522
78522035
67123800
411904966
499737750
376518849
879618900
381762819
898280548
393105050
11303418
823326059
207641757
716391964
221040167
469171387
911007672
12434166
167902181
209316001
260958768
520892706
238959788
860572890
151349164
580534346
582555290
850222351
786956103
574080695
471832383
304080977
652602730
538956183
715985943
152340481
767991384
448121195
386619652
518788285
841226246
250439423
342114344
48868003
966831387
415670864
518039390
730355411
428105030
685941572
939671412
689063798
59350630
31147552
402153040
63216147
464198250
984708330
913438498
103670705
411305377
237787233
407751682
63908108
776743417
976253977
68764941
397251153
424375173
455384593
916039438
118117771
705824016
110670135
166985774
525171756
526340999
537541517
108043519
954446029
75999441
47714932
496026179
135350071
931378836
898179219
198566218
395577087
735403901
964521069
499247792
146709279
202308302
759515827
63133739
831568071
735769804
131898680
228819225
12661329
587283273
144858663
130779100
145623642
108045150
150281227
670795398
634386149
687822744
778838917
441348530
763822185
679070201
937374709
899172256
610449038
688070280
950254827
858542477
275990534
914775896
210306621
275216165
969600550
969822448
190866256
801168622
558108605
322764936
882504199
570769934
762564561
879879214
554065387
908188203
987924365
704346614
578983601
622310514
392169358
210338871
63659045
8507895
889409072
853550106
907680151
352374462
394136739
710451330
210916939
522643625
477743578
421223561
797859790
447344129
243562361
988726046
101029103
801670966
164007334
983533302
224957253
926571895
715928868
779022640
687276451
703853233
483369254
118776404
178680100
728054964
329115275
94855497
736562859
218524348
800921955
496759362
570898810
47575046
207210693
634332102
570218671
684954271
55555663
220594813
984814752
151634376
61837211
85843855
953305343
225844545
921893509
178262596
4932793
490338730
957285236
692209244
46708315
293170842
810985648
225388415
21225806
140100924
172760264
610305017
211141624
973682220
107064379
634556786
21257266
166791424
268888888
591475938
851745696
176960903
812070751
689076800
328595280
873907963
627437008
134416975
952268860
401846869
312679571
957201653
892185599
122481159
501927249
938893915
268168353
165429250
16798682
141910511
158046526
189558947
752215528
221704502
163241167
859279907
856261288
37014785
26071332
125150177
628490723
730333380
154627432
293077827
271926532
335739064
19502142
899363540
470156039
971771002
301210410
782835610
781489008
45912361
757833121
135932609
984806276
26001474
153878211
1604959
167911985
311924737
191163906
920127513
533629239
206921425
631923773
242406880
243936210
510511457
220073409
872426934
93361189
374700841
18021113
365287721
710439906
37523255
117167614
33112297
861810609
418378024
815947908
495815969
464290385
426297381
484264931
301613014
452298856
638143142
303217973
472727193
950067880
346898231
245371059
336213471
553819656
877294832
578620351
797755866
240322641
798693760
522699152
186200182
25910954
540720265
551487903
588867212
430759872
668655517
621979509
145086834
939549893
290443769
493419155
256356631
716741151
977684086
557969645
21556359
615827229
861187618
494283552
418411461
60602201
739654611
607141284
614421857
469465795
38277988
412177723
709788436
836971748
934876876
895988618
715399054
328113493
299992874
304266266
611389718
821164743
926245776
756476552
760714637
69205897
102412059
17071268
785947048
80096146
427557265
807503407
548439727
141261235
301786960
966851188
201863436
41441571
426508824
816285293
363423719
464786812
80979368
73212155
154274913
15856244
821717126
869673967
196486090
974226352
26456586
807875808
795391095
952702362
416868712
408622084
21908259
519280771
278209704
660371660
451893269
705766969
467875067
332996
847028204
622178379
819700536
48891640
516136303
246209361
717693285
879560022
710996173
798672654
805288529
865271086
667045250
479522007
587461406
863531340
453748359
613917992
523923500
101655807
419136706
793308564
362794243
293561317
165105688
641003948
953932977
616998957
199287269
274324397
617331954
898831826
896502776
289548842
800239818
412639079
535758203
517933104
144715453
99270729
169122110
950003983
817058167
836167360
429525990
404519573
552215053
735790702
18437565
76138553
837446509
290090623
721963470
52757104
583651941
887069158
693761052
537584918
504068115
745564674
811909315
973916421
644396500
560928444
263465264
297152670
973567523
651739819
815085774
118282977
751010548
984207884
920803312
420585068
672891597
202845654
825104641
225106650
938636356
696058559
153761555
628599217
986149182
875725025
681356322
422317475
615310535
227633726
959902394
119378651
973198400
624328061
945811424
470111252
37772857
61793040
767263923
11340381
713532860
434866049
982139710
317059760
271590286
755459374
737644828
944481883
958305028
415265822
22104885
896941385
111324381
175866440
378056954
949989915
904107818
59413276
224823743
519418353
287047003
37242489
491313356
112761755
661570550
289641133
582873008
699343408
351434173
350136931
563200141
64967033
785002980
397856203
382026794
56593266
5831929
119671622
853591501
964136957
387453796
875696386
713594694
351294529
51562827
91651649
153800797
808186997
3581277
378624540
180121702
290628280
415867029
671435059
403390036
77437579
961076192
986263044
629297339
165026717
188916327
45013832
229993751
826435659
295386387
464536897
735545278
301218316
436724871
589136779
265355274
824178668
317349518
978949968
175473197
221428697
923117969
329273994
29615694
926699247
707898534
209737396
69843879
123765563
733688807
473233915
53719495
547281351
312013311
535533186
712308069
353445990
433063371
942301820
179881650
728449758
259355069
915426928
29668075
696079940
357080059
147539701
520258608
674429577
126489669
548248158
895858274
902123991
877522152
777990320
828823238
437937039
987727717
898667117
414218954
573932876
224417385
320454801
121214228
388947048
708504340
833522297
742393039
141567711
628340469
922274689
870017469
887695538
690217969
752201896
436291830
899814380
899741597
956550439
426760310
878747619
357314949
175134936
780871610
87353453
953125257
462211200
525290492
793369326
213394669
792025799
367302202
290328406
112480600
341032782
679275455
673501292
27071431
421668494
815069003
655411900
196459535
537602825
395623790
739193856
142321073
831915621
639008236
42062671
640982412
65768546
920810290
998297361
93419835
554198252
85650814
46545092
868925804
463457659
839914418
82320473
107999810
59732972
225165232
72996762
400765755
904440687
746498055
427837186
178625533
414083410
935765439
375085068
951686235
183905581
114278924
94007309
15821202
605803512
988586332
509319966
524088411
761912974
360133679
617508246
168627578
298300846
516569690
37553382
614274857
209000460
972390207
722274667
268733432
197555439
795271429
522015539
101996126
541769484
949852726
133138011
955852895
738134517
508223079
760055482
922040098
475018355
706579143
790377653
933338220
547681827
152213971
309942983
309594801
512347651
927451229
478222379
663164849
296537271
368292113
277439706
505537731
340682321
999714373
774271163
390754112
647502154
148803055
345266591
41787991
98655781
478404602
997640886
689306650
986627682
610212720
611346748
314162389
169308216
254240753
100016961
716990043
406454725
409959944
879101197
918802376
189927525
209839928
434483577
486464796
578132042
711923283
992002527
918814363
564154008
618790043
162084827
64172514
767593098
507351418
105960505
718765231
985756021
103601391
408071881
824900055
566330464
871934981
139062444
588155032
126175735
91595758
157661427
532630460
501555702
36762624
303949188
691483228
246602553
738432765
177948024
824734595
302872400
22466904
596065310
719542760
641256947
758150137
783715274
408850045
118017908
889675780
127615276
103773929
845793523
388203509
928673984
264640339
112654842
920252780
852795371
238830577
11848538
10456799
623977389
365920593
47219423
927926577
57403821
146338328
518875694
87868197
823589275
674264446
110335101
272170937
393807206
751592048
30321075
30038833
12958445
855335
919714613
140573721
104629264
765508136
381293582
885819600
30148476
493948425
658588732
735460199
585295354
522953623
745916998
209272744
888874216
645652774
989715673
946278037
644507454
361107720
34146234
468096730
35372166
144481336
740267667
281695725
748589736
623105094
311734558
761548182
623960429
231449171
754638255
581106045
849473659
135931838
466925645
732138487
482396615
125514378
467598687
67691969
500984353
66032037
129481065
389858569
564201163
119196739
188652958
208708618
332820811
75315544
529321700
368192977
72313232
122105719
649888702
820902969
745210814
961623260
434967503
221687595
45588783
189605758
802793641
895062443
178053948
122235638
479717282
512966915
100266368
947315969
433175237
601250721
865864359
562656302
843625642
430065522
534369393
32278600
491290492
867190204
960110497
20612192
87899534
32423729
142717912
590304588
705843050
740445078
404444201
140810553
962132673
450032984
182932664
617442666
197611779
213502964
592194657
677329062
726469880
692461025
477161383
159645117
146228099
195542094
574817771
989853741
625607617
109187165
874648694
116898109
828893721
687275543
990026654
769309607
572215624
132744566
359614196
130575027
725705996
764058397
123901932
540355021
66607733
306834596
10314040
116735865
520337561
602508697
794064927
99323793
147486074
123742662
258968910
293714173
319284757
833786681
136084267
797408726
795490198
863249313
766823187
476900272
550524856
756849841
98726231
122740480
742110759
458340427
105831859
320333107
74915176
229733792
860688129
141522910
536568388
871002169
110775127
909422301
473510866
904840054
8746094
620996940
881099068
120231356
767227466
52900177
954018038
903311733
850308903
602024588
619077398
617132091
931441212
22118606
226498284
30167444
144859086
821125396
341024223
103207298
141458503
415939400
332941090
2146632
409978662
869509478
725665153
520753789
631448132
51692371
278110195
640194226
672689312
11725615
760425583
292433130
64625793
566959973
48261215
914934696
21500913
667338613
384583139
952942126
689457219
611081424
835625922
686832657
284723172
176650145
790039955
426181675
445105897
122981045
280844660
855084559
845006876
6509813
228354700
476455008
58202185
358981247
969165586
583407849
370706863
582107521
875840979
435332656
1583846
924102194
350267352
23084760
443957159
734850492
828543238
133414378
198448268
664169160
820247035
483171440
693335657
462803343
761869467
138441555
585784388
42714127
846042466
283307616
901740293
74397167
759762624
812458830
285894766
581444563
248383031
656601629
163552084
976740362
91934285
165135931
753358908
294717990
40737043
197316067
29568482
869280281
183246797
80533102
385965793
3493832
416220894
79301450
318813527
178090361
70259357
904597916
73320841
916301824
40421884
827577486
843215343
800184509
492552668
129110109
234145424
740935699
785711739
397697508
570192413
730162376
415349791
323551321
24880366
456086834
373383740
906965200
325367115
556630537
987498302
711332908
412640721
256235548
643150711
731454249
434325910
713410068
488568517
360163103
629711892
528990401
187740589
325443587
181691262
680293257
454553697
415836686
273745308
92781788
813534195
843937721
822944164
81400338
20005394
700340883
537487173
393389134
607306083
862854288
950019671
447320738
426703549
215176744
703556286
69854260
946630993
990398548
635780680
435199510
350561651
118008925
964189912
390818592
443452512
145881174
71111849
898006209
414234213
197373509
843304349
80284760
893827582
518764866
161685098
913832976
219105749
699172271
159738462
678928184
414542912
962274485
126248922
841246461
177451230
682321561
763617073
124082223
525236461
251914105
411798086
875798113
369923030
228504350
119133057
813375543
226901876
42761259
563898104
641136089
240134768
407202454
721420849
133962351
925967320
883105948
900311679
997589421
434794571
912566494
676517605
849337483
874840979
655282880
543100296
904808561
190120793
159233721
881407137
715357254
411147827
145721575
443671719
781070857
374225925
562804777
594446400
453644153
605566036
10860857
94780243
698217156
418063311
668717444
684695859
196546983
404339744
437523891
46652756
839134316
350090385
723170361
540988151
77447716
230969593
84088448
982256278
273606738
243322169
716179767
988963993
654469996
861901342
285152064
288057206
88643619
700473193
882503606
542287772
158555581
893364463
489584367
856772738
163944126
10818164
541468597
213007461
415157908
978992488
259660217
106808576
181599225
982830579
647796728
111563294
66316524
584401528
93819572
339923263
827723697
662515691
181403608
334710046
524417033
319072024
622767252
613060652
19545218
357787210
7864776
178100799
103668026
497449144
34873537
120128504
508267308
428858487
333135966
923425216
260367327
592796183
882750145
294482905
428143114
383063225
406046199
494459639
967464753
352382123
686899254
647704802
14897814
868302862
982414848
391831199
39891238
457698452
4891851
59436456
668002015
12756627
90053608
771670041
362722123
124927145
891798545
870989431
406301984
77450863
646931000
519185664
670247047
529681145
813668569
98390161
912744370
219714768
445366152
732725475
572096891
132265406
380430277
439511057
853084620
215361478
831342256
892975859
525576282
688750459
952412315
193578297
554023438
42465923
817764690
916745562
19909421
562079588
787734993
278727757
639530451
287182345
797913421
309777498
816863490
464098342
260684012
582124212
683813110
706050164
167366039
108426353
838315571
547796317
547937410
543916543
615674147
231796018
436892402
141250429
920546477
241821070
187345079
474569916
136803345
5109769
243831830
9229118
567189357
31566823
140473228
59236161
171265521
938386649
369013659
988129011
255001344
629697671
422769576
938814454
188264188
590135615
899757160
26579759
990448284
300210922
423012654
606122431
532006941
859905057
599889213
452553418
954242479
787234292
779639686
91045824
792344061
23471516
952791295
212049771
907554692
93264523
271285932
78820213
884167524
492815943
919465576
139168868
122513615
194751504
930499675
163294155
784887120
830256835
42390266
627851756
130467757
465402920
86490540
514991050
177824329
686379753
967544469
132066808
473614045
599700507
75628985
118474458
623172024
28420280
183040581
383243068
974201155
454326513
462063281
858368679
947142457
234045209
850053900
922172424
428796714
780553575
85466579
66200186
463326762
127856845
694051942
446310871
445776117
780542482
961301922
623600447
466922235
781362743
755667255
793052632
233579602
683812592
911527091
856751626
564749224
94567672
92511046
538950379
401410538
554574327
249835411
201069347
788619537
99889311
975758123
69932603
732959238
913741054
136132789
48802352
894114251
830184731
347629575
339890368
610727214
161447849
963490815
930165801
942810592
571674423
723218434
28906547
108003367
487261877
885658173
672752592
434345901
978169220
64219323
688272791
385259899
314054734
889342138
26395788
266460397
717616613
96328391
851935987
631357667
232461180
900738339
377988270
62645912
100884267
717878639
525889478
262332116
533885806
308571631
57659061
958076581
31790065
86565608
66079949
371568294
972223781
738832541
658430548
802909353
803051864
346703339
40685605
969622951
88561830
67081393
88599700
806178443
15926137
940535688
290052463
100903669
693790379
668040733
16065933
794674646
238435724
541955411
57006763
624837883
850527043
114665824
582914464
734833460
201231432
501510765
958918107
25971565
92859658
617348655
681397271
895911523
816568346
722082876
718050826
905130176
641680621
806650526
563824972
510123110
747186214
706393787
611026780
293492946
226950872
627092713
88167592
465386597
21564477
145174355
90224480
872091520
112356531
525655296
459441332
166104315
27166062
270875791
192075881
120025720
888224446
873473152
868453595
557309145
448072380
439020773
314955673
942269353
245671300
878780645
452392464
845373866
437690784
63419244
138866812
664641657
543028309
79550757
130028254
564592786
77241464
72769086
289200658
189597996
450940734
748641991
355702311
330623148
19517782
400294544
303165221
760258581
126284048
24135168
170084078
574356428
463155942
485039751
369142134
561343594
216336749
821534598
406717460
654027533
737470194
398100625
318669190
133014855
477651382
301213796
697607642
554892846
226499234
986808300
744490842
529956321
587966643
952709506
860579469
460000778
353004050
16261042
72775711
479288099
40396211
242859789
906160879
356068505
727899540
275303013
917412099
944236289
949353963
176645911
598263823
539340509
574746536
769449365
672355365
52397918
70663162
369963007
459807117
149678748
209287659
56814311
679635069
797254303
9523817
392730891
257255081
215044220
261508285
330030792
694332319
154420848
572890581
453009550
510489353
153306473
728312564
280417804
97542763
530182879
309580068
548322938
69523389
884326604
317772303
741878754
789240875
240951817
964358113
101564344
243146918
173645772
158378655
922781987
970900075
167902473
168029230
80671508
382946693
429537516
263218652
929795364
583958364
836109233
382804914
946964070
989415707
963633830
79898226
939474822
493816710
389478294
487797760
415856451
126321251
658086415
10251557
915562126
899038233
974609670
17126470
142185151
771794
28021477
917483490
971671870
195923950
938029073
904859730
431386995
220082941
168078383
361182359
804041305
856703968
596503626
603521727
698636027
560137456
683419954
638110849
906470518
72898248
978424961
322326969
199219499
636511377
332578526
967297977
388065962
159704548
836940799
382767465
160476343
864962277
152767307
132148213
60886227
90796380
889524295
344789575
163395673
57602678
705971934
967436979
766822999
154991912
423475058
465459026
715129369
106895012
956086228
474116239
32309613
934511189
796443209
231529112
423538918
981538087
51343442
664121232
141242636
888284241
46888697
301718979
753246518
52172357
286383544
666649098
995485089
28424191
11438673
158880763
86026870
569926959
978834094
705366221
724918872
402309152
23341599
292564593
361720517
979427827
766680832
394030130
766455369
415640393
625559242
42510639
249694833
676902684
706631872
390937469
417703278
606036921
545172800
23466148
658209278
831556344
690115246
506210720
859980535
554070271
665091483
798523757
976513583
496441929
356406330
553948807
898751081
379747930
846513400
112987950
359175757
465710584
507018080
125631126
733867330
132577323
20658118
983562163
661996359
727289990
227015984
79699637
333326911
772188784
103165786
844052542
456261480
645797384
350263262
168758367
52384008
867871097
967282125
28897591
364313026
176204807
435362750
115580459
555952737
134392502
228568410
915128495
600103086
735586490
893275973
186486768
720680165
913934091
170048931
235192877
493740433
397064915
167408866
827067345
21770051
123091004
523636239
478031531
621404741
873899501
646789899
673788749
594286950
466588376
555202692
958599976
642793183
990565442
926696787
198745921
124957944
7781549
966390768
577577382
743368040
712183093
764064151
316564557
478633537
786629434
404273786
972373970
36210702
571682653
651957667
57980753
547290009
175593906
536012285
168694750
902009759
182802184
694999851
496296709
649390560
102718895
307413037
144700095
93284337
86626177
343446016
70758633
94407726
162353136
500852368
837775766
874536230
117432871
6856676
353169767
904062305
411130462
178060089
940273007
835329467
830017757
998253761
382619477
5611663
386782398
403830579
760137775
569584582
98830431
108950836
71491494
201549326
416363874
216191589
147350016
502990051
412153958
70625001
597397777
574507094
423993721
287689896
449043324
541426592
147062924
654729443
298005250
558193386
832789533
90794609
246039206
662807290
941564722
628658683
520935305
328347120
32489262
133589432
750448054
983836045
242540269
821939548
37901724
658904143
890647490
185251740
14410546
302801448
108393093
464324675
877308542
532386815
752014571
178868219
73813407
899077495
833597662
224335009
309787234
518903547
167645971
555826440
34227189
109210693
37001475
555162495
290074166
922007089
688751927
40522220
905843135
931292196
714978121
943744859
442712691
605625611
981512951
309639589
760943411
89906044
773964265
490768305
622292859
378495188
669636524
548622619
130089036
355750539
625473980
439876270
874654086
793119951
848219062
908881276
902330645
885220537
316560123
44921163
659743978
857828402
85443383
418103465
641636951
800421504
214364676
84349642
258563467
195877627
246505584
19506878
138300024
20469849
362791536
760592883
398965037
32428060
161731854
529054073
240694951
787205835
821446695
967865390
432842138
669665757
729263018
187689135
407402646
45823141
232610298
67146625
756167895
318053682
337766442
397804846
970991538
552131119
334670841
82071358
748008746
581176425
101578236
886308770
454162626
316886124
499418006
853127663
201830537
513666212
234698089
442525488
153388399
56144784
262907230
586230538
578326894
992170248
773919673
838245892
890509741
6529972
757908869
646677637
177100006
95675312
896998835
148091544
647806431
84186028
230162902
248331529
665362453
184257491
987156652
119525079
501143615
339091010
825169095
702974152
852757222
912383536
998015993
6145622
821044672
260923223
592376160
251887918
105609824
218812185
90133811
996119565
225342157
848042680
495313554
402442163
796234344
392312390
403050060
296557127
476498418
633212962
544888657
994377224
669986805
384561661
966418655
23646773
723652671
644104102
726620925
576409893
556487638
577153270
435071867
230048663
838076494
27448027
481936581
943686318
98776565
572070392
792322235
324118722
272629425
287635790
579077238
68863769
532464532
982127298
217937249
8962950
467856612
762825906
855856526
137843418
147387567
822275182
161490191
723556590
318895636
740627468
152482835
875383275
317780739
587554703
105431938
8373585
467519082
439884871
804576255
566295647
11955264
596898490
890414370
137101041
737050632
322007960
58481162
269515164
304135258
276418411
130994467
771991870
891760669
986850993
762351640
891664588
661642527
923841831
615221178
980538164
516985652
767704014
708437791
834766391
207775069
666386081
695656328
675294151
106270952
500232583
241589799
970742568
949647425
984520521
960359961
686698058
306528481
18841124
808729574
463180091
147775887
939724041
87688313
39536557
779091387
850039954
783717497
293250266
626398137
251455028
126304782
143383789
19159042
687258925
830666532
79450463
206161358
526322860
754744614
164948663
879071795
996334413
135691231
828719221
833371286
948567545
367933631
139899767
819925021
29179557
455596210
967700908
968903599
543284524
859753817
600511338
393324478
495987667
746277956
19722615
747442695
872582739
15622757
619118089
412358016
846289289
698568552
618519375
225128502
453313166
783468038
104200297
302163932
771675621
785435870
135535218
720243166
5885853
127951338
392684539
35065411
436063900
212901800
856485362
979348424
72655617
309513052
225189254
421159636
55791008
97428222
168602331
780890099
113050979
787720420
193248116
811856620
338805324
811767491
36985122
792118491
447751881
993701772
946798775
219427502
631653994
934850345
792187021
490056200
915318035
184871560
525121611
351381936
397773360
234123325
183246712
322945330
543636377
408435967
744104966
599427385
505864189
765223650
232833837
618915168
405460422
426081953
283288140
744265747
90365796
172789615
388900590
538117677
19007739
335699365
610061531
650661733
123066062
402248552
140717933
38384098
439636465
518355896
242282386
837409825
752479221
425529098
12871507
148631950
833965065
609492826
748059336
339829254
374716476
980893173
811260774
780176898
259491478
94548915
376958997
202373626
267338530
765859587
740491303
286346269
101558952
203069186
789524354
77141367
605317739
782758640
115525465
44954204
153630888
357807851
734880381
906110110
783336949
600268241
54742060
469818367
209761067
655317748
809647621
436993895
488727273
473424748
69687145
600735103
567973663
446646143
803108729
687828545
212505730
396116384
974174814
166581035
599185571
616215520
243722402
57019662
398974160
211764219
101973866
552605049
569572070
689370599
311231511
205425371
142155192
218489923
675243738
351916259
726324024
337407712
788910154
67567649
810832460
858597300
668302753
231322475
157759795
471411482
919151020
370265525
867527867
745842186
389362912
319229790
214574058
633085314
376249452
613548219
844849533
330739670
18669620
266937955
20110269
182417483
324879679
14781814
400907406
123417
366698073
127231430
190047481
8124580
47315432
853396293
719238232
715618185
84718768
876998027
39546019
856386140
99779904
907073886
454744678
489142817
78820028
669318737
122228131
455069480
135383308
819594017
785809150
6569280
939048324
658435772
188986763
263928003
673217586
589894169
116567773
39915659
569641952
159131606
900556591
616957384
12527900
619794823
185091921
949763020
349309202
224637940
658665513
449089107
131711827
113410191
938231924
63048207
635245280
912976407
518117688
623144940
585086776
303926838
629714220
524135101
962362610
818700983
640579456
488096548
261111505
757147229
380528560
830753457
916278836
281085151
300227193
781323088
753396327
485319114
731086108
102705529
709957054
242267973
551794636
694185233
208194517
342542912
757233441
843439797
255519320
127867481
319101090
840606096
431794319
948815310
217257549
246673282
767516294
857837006
734769830
28627799
467500587
115298390
711897608
236295775
248899894
864641153
17618863
2296221
202476619
601221324
957518102
912433673
843489297
361829091
459135259
51683814
704372003
68885052
747639964
959891323
196752533
66741054
653013772
481063204
868072716
722787673
727736486
488105362
433141031
315022669
369249513
900641619
282837411
81147121
989453746
384253657
798304626
859588962
239066230
781245
313326638
196584333
765731271
9332287
558413424
77382882
61016102
115301779
146267934
661172418
75193103
195536819
580429824
580723227
676600023
301018892
156027252
256852862
789124255
589168284
571875531
158373768
342326255
707229294
92037242
331780001
91482952
890341868
43885315
330549182
743639466
357211953
379649867
509370737
366544241
938063291
586753619
280076695
53365071
585537905
941249113
981074526
781074724
374195289
414314105
457674747
675214181
570341357
714527609
316854788
12025993
138919492
475228557
354352248
846148787
419782151
686132250
790148091
162640371
730017565
120697273
906279837
87229519
352863493
268166926
306290112
143443136
854920545
586366807
49324559
292974802
380132272
30399085
74049526
754327561
297229542
384240626
282058094
720087252
98768235
598912883
732113245
90204080
926657792
86465494
788869219
346439943
625114096
579017310
509080314
207648013
552230935
267876504
147393884
905094428
536043430
453683996
48537565
243480328
40050803
97862124
536455130
420183075
980777562
610504657
27026988
130523456
994745283
161601435
850610708
946029870
760514318
435240306
888750302
539688462
521705800
677619521
886128405
146819896
109153183
247725071
206984261
513900471
515601575
354378146
271511251
51645006
808062142
172565168
147641686
848112946
122943645
684096816
120812373
103721207
147117825
355714
86761015
141863108
161957149
789888076
940409331
922471467
225128382
681675985
314676281
599350534
211811859
53321038
598686782
320965042
301046109
805671043
834865513
669164037
160049189
106376765
573325395
968111332
131458285
720967081
668740630
254401930
405063897
642069355
210639489
552181723
642425069
297400505
546561183
804382218
87288581
339486866
579370037
164933315
21162852
894046318
764283849
85491063
947367356
215486983
406456105
100929818
21158026
93837971
770093855
33723568
52731088
343419250
1834900
184189373
64386331
523091882
438591304
321966580
17677589
649230793
726664655
660102659
799147650
125742191
464484877
738952583
465229057
43854915
903885898
338908261
790417585
520686099
424399324
737784942
736173082
683371782
838714760
609847461
777209753
461324967
643571029
682457193
804744217
497922281
866646566
721646900
21014163
157754222
896129832
38691752
659501368
622794488
551310763
458649018
748536679
15795641
50117954
66282088
912166908
954003852
257706702
555100845
327206304
682106026
145402139
915895738
217994160
984116899
525743199
995203913
297958218
21830580
530177458
102702435
519752861
249340377
676865687
393283376
407094599
425511872
284491481
66595967
48306360
835802244
377761338
649359391
704114237
427879292
568157831
468797497
234399496
825864533
23898343
414122152
360486912
169300482
330017891
578481072
5933734
708277442
426201338
303891952
730108023
956378796
259110740
249860884
205719173
788492779
643144261
465330125
214004651
927635742
384442444
114827363
615954338
762203782
616703106
320068576
42599426
184860938
788866073
129515275
10725471
665280768
543637427
223728735
834581251
873655318
802209808
693031337
434449113
228411146
996923289
164557136
37306294
108550381
266934372
243025468
897043161
910078633
708355593
963564164
690230727
92798037
78391528
158701418
707518172
547610986
478769994
602633950
732471924
120152419
732149225
595713748
785433188
275786653
819442483
472530791
1958323
474168643
18078480
436407436
702579789
15001769
453480924
739886084
976068503
720415297
835427904
725628016
483010282
396299849
689192180
25757362
341614238
620100060
184458780
49132410
20227399
663228774
504282713
752699323
635897545
236431938
200929423
273847085
364734943
872888259
746377876
366693267
347056902
764456356
655617055
902153044
631974478
109097980
494555480
460559333
829513277
329983384
186187349
165039911
726283233
727895881
190797273
67897471
200512294
375256053
969546234
220739693
38484827
326345299
973439016
526898725
562777237
26884792
800745810
927512181
899773051
399640039
146721800
99346305
16612747
802338855
1499349
648587225
763953187
348571181
109146558
445982816
678554565
147850259
611022728
257354150
875746141
801820001
177767974
76258435
177076055
999830560
149514480
68077234
326175859
122953496
594975959
741469448
2354640
248238122
521497981
754644043
647878161
668219781
853990349
664490908
323074989
708006050
165594486
87028176
56577232
127257396
385527345
587648149
275107656
996550073
697518652
3370149
798370074
875286626
932144936
827962481
727633538
81659416
896039716
53809397
57129264
343532027
647795197
59483905
591770149
169293179
666644300
92164662
690029312
373151001
756655571
13104301
81157052
922250057
952648830
990250636
49507453
190692527
430415137
177131461
187242600
127933789
180501610
838129026
855736767
112646546
666091508
435886657
46822314
414647576
342212406
103951579
610695955
990007604
15951836
54982457
11817135
535112488
147147119
701846447
908263490
903802690
567467101
841936894
826052747
372632283
684703882
728076553
563324810
115119019
905208014
750567410
95569161
85709625
441212788
803822280
50872523
107304296
92225290
950211190
374468224
434437696
906679121
985164180
424445300
775147309
40146637
436262435
310259797
39810108
138108883
71039639
943612799
558092336
912976533
622181898
930724619
597680415
350258451
494049429
565315787
107982818
97133191
513401300
46208795
538345979
169739932
97081318
498166628
261965222
899808860
725151204
696402919
806487981
562831736
973364571
434151642
455494725
262143359
744411440
495304834
252768594
815451079
438917633
810860930
580943965
61099531
741585549
31140732
263874335
88151330
596456519
371857153
37800873
962374171
418065948
576146852
132114104
367663618
926829832
246595678
119988831
651981037
795514949
926476812
67329125
768879521
213144807
522823851
31022880
957556247
18128685
136307826
625523678
309562670
947168756
58983995
223178553
541270657
90124728
487052888
629421987
686581247
711426393
667222860
501471771
129492341
95886064
486102227
349672312
22715897
732697905
469661143
527213286
380729207
248654307
594542411
2125080
461799114
117366262
33147960
271871713
988011299
21972138
749911744
297573969
969140894
808895739
520752523
510411551
899020467
860321763
992349890
438118067
571748157
512089102
939589838
553756850
607975166
425692065
755945514
483207415
10906322
78123009
862937053
391635529
326777317
309995817
393760609
641092783
279878431
279424921
912964497
267889731
301397059
515392593
417980052
123054305
324288332
938732575
633465856
75825152
651570691
478332098
513943219
75835200
990421200
453533057
629592050
450912719
731741474
238053917
934120134
742647796
316176926
649573540
986799678
642954243
959569357
233076639
136563379
239447788
512501561
49527876
359853871
666414972
417436821
777833924
789469278
741725153
569082851
275451486
817550305
220653542
753783585
184009876
296488742
744204785
637542933
778597145
47633856
221800759
16651062
981753991
964448556
332827988
483843883
803764586
828298584
443413240
36841225
964861963
535377380
401859138
866906191
895231252
68274111
284343012
673065176
857743389
878584517
94664379
133194875
548651175
315317922
739494812
732661051
464323016
336215950
222720337
242920161
383849806
444521096
112087575
218120149
261486004
444915564
701964032
65250590
125730500
145377272
102091816
90592463
533271005
356467306
957498654
428502257
424741417
94358018
954083785
135001158
972942535
48748164
120712386
374110062
216582438
860207198
106771114
680905455
48939500
329491451
923825616
432789307
774012547
35913192
650909456
35498552
333345108
352873489
953265494
459075608
350767113
907873662
402184423
884038118
264340969
212199429
165056727
541598738
306557447
119140512
676599897
132016334
20405029
649828635
506126397
236987467
362552185
465413863
917892922
411491686
794905314
694234891
844280993
421434213
582664435
495190449
309449117
768525895
700580290
115230964
80117855
51347404
23104626
482302278
787901874
139961947
694501707
805474954
681560686
1059154
777131818
210676935
985591840
797536847
860505570
344234589
887040667
223057755
809648452
657449941
634549441
457070118
204201184
331346786
878504332
786865619
826537236
40469801
407907866
379633878
155700765
488025721
283497634
31321744
970327999
71399509
171283691
664829706
729390815
852844377
518405212
506522633
63521312
356513405
156575833
924026882
700747994
43616500
999600990
510396447
553582793
486666783
967466565
757783978
818013570
698487249
397165949
497067158
591473403
805073816
876701036
747174168
293099537
160198671
778495912
115943889
84114532
949779604
780773595
813505347
655140333
151695160
172544332
718661646
508208565
181636517
495204880
61472911
77769369
347322222
571869358
631352163
833989006
391852276
389136141
652002576
942855877
786302090
1586086
534329280
443892258
878287122
134019801
736991796
38485793
765032065
852935685
975116677
567328021
486225632
641138376
222468355
490437144
813682709
793646353
998645709
995319226
141367585
60118621
73088596
488689808
484504331
556957111
322678814
728872959
946093252
827197742
671728837
584911694
828783828
58574469
28803953
707070950
45110622
618312101
598073096
810142688
323764138
425706125
377470709
662506122
66844502
452455416
152943267
733043563
246101769
4105328
580879141
387469355
916740301
506484089
876159163
253760985
63441200
51354329
982633944
862050804
878552071
506879133
299478851
559852251
565453603
180799156
119439553
610564225
799111257
717512649
273223265
975391747
143218775
650693975
637897869
62579629
103149391
643357488
795623192
201767513
647462817
229018685
441753220
416719470
735502775
170428735
670480455
798943975
221783064
653114400
513511132
952851487
12509885
812989983
512703738
577963488
993789139
632143291
41044066
645416748
202172293
314267331
620808495
197907420
817477658
111222716
113003401
773143402
754580205
908626593
974910915
254559374
137645278
269180487
671278844
725664405
439609222
194275652
377124733
661392286
847390052
890635865
466760125
859899937
703625848
979463863
290379778
549931339
464123506
183940196
195348087
518812151
498207527
668672934
716719571
168201538
779895650
829722972
941344940
386992207
590865917
768772207
494067933
581027548
37952694
17863130
159208305
477561916
212138782
536333038
991470554
59528834
426968903
458230679
771945123
983111103
290210894
914841253
533042442
606850752
98781449
580906881
125662904
449505329
249579815
694898827
617706867
881991818
377138152
559051807
121500377
968004069
180340366
615568311
401547969
218293060
633431441
560756275
548371328
845570223
97089313
539841882
757615409
376574569
850588913
382076884
212202024
140799807
296918138
745244467
600166911
248215939
178667700
725829815
697721268
428247516
273244995
315428135
162755686
650383147
726996294
284256063
470903568
907336660
899824374
872451538
125629720
533255815
285724165
526517400
231342390
235329830
66359282
988957799
464420751
769464547
371034684
676622776
762780706
520469174
274383595
362947618
768685113
453051295
941293785
466406382
881298811
214538780
634350869
44054497
864921927
361347164
180826913
188341848
121200176
80651287
60793386
99346249
466423455
199033903
625863649
697765845
286880085
544739284
686723645
751300837
314203831
910274681
427923613
76984538
430743855
702307208
292448508
51945320
7874855
86258645
518351702
889173667
300797426
5218924
785744516
18235705
366566088
966571429
206577553
487766264
899739069
119887291
587112513
366162524
171437546
65492515
63928369
458317632
610231799
603168366
209618469
924435630
365959399
490058434
853936520
796703254
44881994
998901380
848648575
52756849
85160026
219516629
941930516
238473804
224735553
580191385
256709509
443817993
399279166
315803415
931584258
151534587
435690706
371213123
517697111
607128253
436705638
434141833
65445885
46937437
889826551
127580706
823889420
255785951
617639140
530342292
905005557
662521134
381760025
606170484
715277983
466920051
825687114
509724852
705393855
902939019
942432589
814619716
346757013
194228107
130423131
130857623
345762695
418630190
354587098
863459806
25758443
791292737
150117991
943720680
690746526
39944543
923817738
367152298
148246846
393973230
750010943
53252403
56494364
131770968
511939240
624288699
451207371
190142706
986529903
9117578
93081725
928962492
823737294
292355090
123190600
954160426
423212713
321469647
225306968
777799812
37445805
103581763
421608901
187563797
47302443
964871779
80024692
823636533
184540430
80787890
217609763
934551373
134040293
126620479
66322341
498495885
603425530
370046064
688638591
589955434
379163642
781720317
371434278
202900936
74075407
347141230
9577714
349804473
668610877
234884682
980120637
706056683
338466445
254245890
746136832
238285240
219117669
826161524
61921773
403658099
906949414
132047888
190725824
893506059
111184719
109564517
244518297
714610250
479610581
933156888
157082036
858774223
567393557
528516314
61675160
493985317
728173897
923769226
843789790
249301126
11170261
676426779
955357809
349636706
930672669
554010993
440438299
2306690
232688869
354876424
405964790
139638283
486924313
596690614
885660695
598109032
706255132
130178992
165235634
38382065
915852232
322317670
897156289
483245790
850833985
811347801
977231107
431524234
735117027
673537249
680825360
746287288
202480380
488699522
948440347
133153049
42710515
388878646
135459739
275399385
743755070
393940881
267554020
83195735
990631496
5731067
533821120
549402980
988426411
699056754
587785045
904278644
21374425
337457686
240040786
724724762
148805487
69788245
156248996
736438867
595841846
837074356
335242507
798322226
178290230
283682854
931475275
221000746
525077852
919451366
348916483
121349275
313392248
616470503
204545010
156540096
474717923
738366130
558459428
463144334
289939237
146244473
219939330
311313662
336218512
312496468
36038424
485023999
382284713
44803772
73979218
978126559
734394480
409221726
628965137
912684711
692904580
412956764
133685457
70498785
332408131
335118292
191848060
498316731
951588795
396393070
654856827
278823070
987275553
65832607
741967405
277214790
64593432
814423087
441044804
400811944
126919556
329599580
885835944
361720621
374403352
959815162
192363533
108797832
221553240
821328670
873998895
914457821
234285435
860200704
984956606
419209918
195318996
29321018
917526649
999424144
425714088
424899828
278247214
265505993
490732435
872730971
542720783
555325867
687154059
983765587
956137812
666589967
165881519
694490108
28310588
540284871
506821622
220674121
501599056
728374863
42002792
228114303
495349036
128804579
88315008
332821994
548014497
136150356
362143012
318057498
135574500
787857100
742957326
266338067
53363094
233689761
139069038
448600229
789015628
678739449
284882169
597669792
345329416
450763688
292159900
226156357
843564912
798981523
446830478
197680320
379872738
341349622
425794623
875221774
322670553
514109631
208043768
870685050
650259988
570186780
41258900
638350840
210560232
784216226
904688907
116439678
17905987
43757946
417556260
659437968
575013747
702438429
109624112
920343164
5718469
401784013
146499521
849283381
53281888
445846351
46963701
433154626
639712326
325274677
160892752
962382879
839384308
368936520
685584282
342160648
791639652
726843182
980511489
2199884
511059409
737716748
971155915
381481748
633991046
388712175
893436068
209004794
943666956
3060181
981864310
949385425
257360546
980880183
651185159
310642434
279242886
550665212
596313412
918955212
875939889
757206164
881338092
567840550
126142684
419438726
762517550
770298688
146281908
595545391
625014924
509857669
333262140
596170839
891339418
967253186
837399366
637291838
28774332
781066322
640352019
10638642
582968100
897712565
844035177
86669611
60871351
123278064
489851175
657184763
42233276
218307417
266907279
776087720
786147967
245566315
48042798
401181869
15865003
194324707
996727261
640879928
704182376
182505753
89567119
448038146
2275291
926966486
85329985
31049624
560549160
578198356
894204618
996033612
328427274
738239796
82703223
241814977
714034212
425070751
898999741
608783840
643378168
18423372
237387913
282042487
263989688
285430711
683224356
279854691
479755418
679951617
773250971
36454147
862457370
862818091
337008645
864732662
642300929
274854982
748298638
55366441
853053339
642503256
51400054
33996965
233259404
986619629
275811942
947293616
264206732
27328035
408593809
907584900
45751408
645981722
189627387
309741096
931412433
872851744
442112139
263684204
405319713
215363111
300138351
120293436
930697554
637146996
837542450
425514835
912001979
585841088
480881276
617571670
80860696
384797682
504084987
166636453
223933664
779896929
113930069
488140396
659741317
375040230
248241649
705492725
21021952
437869036
867750173
952434386
163237132
309862312
68634942
421073198
377741775
368773293
541366634
308439329
858436641
231425436
733954164
622954972
817266524
67351793
93042994
750643572
304665827
597127981
917280025
528599491
229541263
883726447
869256240
889282580
258766677
117497889
447291657
132304982
407883277
315041830
84739368
571120410
477420494
5890662
992193608
855162270
374663955
386076594
16117951
85616948
617502030
750072116
708571921
287284906
669940261
801614915
37928478
974606088
398742897
807724856
355721932
628284160
691451303
224978172
370083092
802734332
194992413
817374749
935039314
602875690
132416579
872295034
26512452
462353425
878185696
18706060
317515695
105366003
257299006
333633647
190982952
727317388
936222115
899554873
14602294
606162376
701169788
905047125
433284816
952429037
565288333
789006748
433229549
109255988
13984920
803312641
911990320
61493685
620687390
847029635
664369376
605620321
571841021
690881828
67973747
450026718
562104241
238005794
555392721
819403247
424155793
746375673
399236988
360377908
498446898
266355634
819056636
52133039
23919111
252341453
4562076
589207444
41348201
437791626
698463432
907849474
93620619
610453753
969343159
714308010
309999740
486228887
172444683
881840761
177110716
92934782
184383831
739214957
183456929
592292905
411134556
607612722
191184930
810371544
967990631
689631829
76727179
639563619
741764868
100646290
891905072
746326944
542370087
785769626
36634922
240833519
546135452
130255542
703803624
367994963
697079904
13803364
854223851
869524587
748160478
883850919
814975722
785060661
475582228
998432651
377353566
886716784
606045373
568538497
549604681
426552356
110686678
478848212
66115976
852451546
432010854
810537400
451294842
974380941
448823378
487929765
67730813
847475182
470701659
771534437
67986498
167781563
637854154
922210349
889822502
238530984
658577620
704798224
23591645
134159848
555747227
253461564
873392984
14308953
674516413
275514017
440861309
785203091
754362229
359493637
637654637
38889436
22547390
88949479
865786729
323887120
429395596
933517542
171362303
900097255
557568332
239348801
920395170
47938838
14075502
810217673
138986174
672653122
367532249
15094171
659329322
923279477
268555735
532722306
937588430
943072148
808236324
230966091
580791591
415114905
442976081
70962580
306520693
465523471
12428412
172307423
789410591
441824008
958341317
813289246
194437616
368426001
52638047
114832786
416364839
919229901
777566811
555351013
444399375
997615413
570445185
103728697
773411242
691517272
488967356
563516024
487105773
149720032
794482115
67897364
564834937
89974548
138859945
871355631
555498019
151288357
896179406
197424963
445628717
854520723
10714209
640066333
75463077
915868609
607415472
491827916
687614862
237498635
899695282
132014238
87630400
322656819
88259287
861041642
14174091
577226643
424557666
501279864
726946675
71556134
421693581
144297965
161530682
560553526
15653596
569545054
564358235
764349354
766970017
9986952
471386429
630200578
502569638
546849506
398585539
109985110
38677423
86200402
200000097
790889057
70730992
287630498
113545876
158990279
1188492
127719967
736216923
425746159
481516184
315679950
349818645
903209765
459977915
511349327
316279643
328147863
80894381
880637878
92497217
700380750
743141182
563883647
183097681
245710820
110733153
434199572
208212282
1926928
372916326
260728732
645332337
443647318
548359230
758878213
455153950
549547722
739114533
43887225
827810233
73147069
359567175
177628878
828873186
819545091
541494558
145152829
147692954
474905291
878307059
92706524
27802394
473964593
656590171
210900075
719675414
619839676
645099647
780404048
474282957
18015974
41132780
119615294
314179644
442008362
731009860
769333594
991556085
322640745
813220819
671882670
248304166
25304347
849511549
77177352
844849438
243522459
74846533
992542392
718427750
805669944
85248916
746230144
279634537
594355439
957130219
851826303
66711468
454746219
632230352
393510777
325278545
525879484
365642423
491974541
967887847
96652283
113824488
811960284
271809380
927045307
483842954
520113546
952349654
185870855
449807250
649715444
429393314
524653783
494774189
337417
182840079
432539457
746567561
462474617
26894897
556214133
166817272
946122717
10960352
799047624
339633494
188755249
177443461
705275917
680729790
145331308
654444553
794554278
957291592
778770285
574115938
293650898
151400184
378981944
332038106
601207434
28697389
761431420
125861218
375987930
761768837
161217649
808527387
360852751
623692266
687938636
917066884
790509539
634061353
780543588
442073515
826211199
969298837
619516976
384003469
502544979
617364636
38448022
149615610
427172580
669734659
576247900
720823479
821134843
955229844
52861585
422342278
836443585
666809357
400719848
64947867
281094547
561937497
873475255
641947298
38146116
561413891
411530534
681172007
47991597
192074122
123245522
874202796
13889311
595278851
110722617
368950642
65159839
1686991
518566252
492332420
671421651
94814152
65672251
492556494
902560349
118533836
767415124
591520286
637859545
20651324
656468154
771470444
582588822
382459761
265934094
473251290
943873652
677464628
154423297
844381601
869538750
130185171
571100750
735944413
577980374
681823367
104895056
643140214
683510359
475977660
135472634
354932010
423308165
201144885
700004856
178384866
172195073
467419981
769905152
662570970
488071305
278889658
434041415
923176479
661349419
699975509
396427769
457739424
229956490
403367418
154637377
99495240
533552590
725738127
687956006
111532964
407561495
792851062
607189530
91071854
121345074
742662164
298520216
544653239
796323401
998525072
723038105
968518474
318461405
345459610
483605797
659049063
624349268
917647212
582225542
138215040
470139073
831169664
448470816
700095563
234537082
603108193
652107156
620606024
328846321
192579514
584655341
588924168
985430576
191844871
532512374
106775650
787023388
831032590
503945242
583346789
682074014
226983347
404381616
853051772
572442957
887987413
512100835
49308578
658150977
946842729
40039970
980806402
778012393
488510786
533418318
865065828
91618979
38041826
485671852
272981652
230621340
70327193
861905820
68568268
114688417
394418194
27860270
901711805
77967136
531805512
337574946
612557503
758788860
594472914
465609275
183748169
334976679
830226462
85573099
993127656
777069191
125613069
826450411
407597937
614123855
359868729
125180117
705742835
397910555
610851969
978724487
628531895
533695515
693146660
697100163
500900284
87564854
724960433
255128441
18048343
109282298
592703387
630605846
868071158
39692654
948731473
904335679
374669333
778957935
989908779
220313342
408543478
115521848
46763753
668657767
729645704
259148834
793837884
287904891
657059389
257206206
119145730
138107636
790901721
812292390
687724151
144318357
752373597
265200936
399446798
622938292
374483234
992150185
106060490
95070744
31842839
54791963
999406424
259028525
686266250
989315203
479341867
94809728
957353403
526105620
615983848
539515459
785254454
409821732
827420350
294830195
667027938
799082433
285454183
310446011
463891175
973178334
454764368
68781124
238379270
854211166
691719416
612862505
698877704
797779906
707933249
583236895
852571869
559856025
842265420
391354471
401687580
174123639
338680552
359040984
700229259
954664400
898556443
338000065
217002484
578493146
485346612
884030423
230091931
770800795
46992786
693983106
743979129
354273507
762764231
834874752
61001025
454483647
300253609
759878729
104779906
8186858
195631977
957351775
420559236
890413749
201222599
822246816
64537389
539903151
33804152
617283000
494567551
932360596
955283066
711570035
363370094
293146030
448116810
593462025
63946826
347625949
139961483
660442307
701899456
902725714
495317059
762900481
209725714
795570668
375295563
314505620
656273879
570927540
124373747
76833115
313857641
325596346
751596283
378395030
865499497
785400436
995678031
212583400
570277384
803477449
924153436
933647478
96623479
224786598
379625855
13086657
572412547
519587338
673528965
126828355
274829405
21362376
889728837
484555119
669449397
265024400
799060739
178239628
688468292
923434486
107589095
2325933
249030833
859185378
233237316
114530330
644585814
81431699
179630083
67379550
884909148
103783519
1027028
834048979
181086469
233169235
699651989
606015369
605272926
225697306
732843724
880102331
247059682
622572561
364657450
916509079
740113313
16234541
94748707
428581605
939669027
54854154
283423891
41216212
914039533
516661207
8262895
411141699
598092906
187892978
478521250
335518406
144192849
332064630
22083737
325279318
565233866
721735726
931294687
23023144
947433032
516654764
903125475
47009067
139227325
120299277
963518146
731856991
136533818
910783206
12954948
76202845
965637360
296378839
117419058
732193245
813040046
125681953
143334945
411132952
313574931
621856195
746651358
457767780
953920825
768735096
635563450
371671043
342987174
419374490
394694187
290420207
936029254
150336014
337429274
927772931
270635291
153463772
659629922
407169109
916763330
672584871
483371955
734917043
968963710
453307365
467110288
634520109
578989318
462961585
45653061
745080601
84817780
644820772
55364733
891254958
266072220
690928183
115442353
609059394
110302673
362652893
751995953
46331927
512988907
89425227
826621211
783624199
95405352
338767485
190793308
12168682
11352356
526681615
599602077
832832419
979988980
66712366
319868880
411494650
382190303
218038293
156575251
319524436
862859065
211939984
63295746
981447637
902868168
178738099
443023384
865687193
541390992
195019337
764535473
54379900
136960917
591156684
690520451
84882621
929924169
881313759
97051303
793792878
260511727
549169733
479141649
240500707
468398451
799010529
651995358
850588754
17048822
661086961
170113190
732424240
873026946
233408936
566388229
628411466
264663388
9411613
346615011
806054380
56947303
111150484
712950632
193908220
554823520
255987435
278790841
337264042
137301195
228358496
131056920
250329274
777528229
462714921
490829981
98443032
114241802
995341691
949031787
983806976
656428653
119144977
568747568
381971951
205070266
135135798
862899769
469733654
144547411
209514780
128304386
54011066
173181617
693771371
247919286
728005137
949758806
379226479
65269179
939576353
607584976
48842451
189905627
237629557
364073724
533251961
336072590
478315526
528593652
137620729
314638855
37538657
109282058
883386423
272026960
314352324
18522221
134926729
636602330
15585985
196957862
764906717
69597051
370139479
311194440
170032690
98144616
260953246
549259169
15930148
53045952
9360497
64772599
242951579
99506407
428846324
776203540
435578997
759678202
157313545
573199726
74317057
47368554
682481784
957703481
319395515
849350461
828742054
454322244
485952791
696844391
651280106
103375860
618957795
21419585
414570300
641506837
972080554
528039899
43282358
988010702
581085851
52642856
52783301
824037430
152149263
334145977
452757323
440244612
93824180
462587220
13444338
20657589
509955774
548442474
830877422
829351289
250309287
512135829
136189886
736262079
61496572
787469992
692154291
680454367
661405930
106724592
174477556
486002836
487280843
217759915
474013538
68366694
270402771
379313191
744920476
275068386
565975521
50194151
715312998
512316053
512781371
581273688
532973642
22737146
129716162
216367417
852088435
232541802
728503246
988278321
968803881
789999818
628264666
513474524
322970538
142186948
472715468
497448094
628189784
959996311
715208009
954719674
28363005
985610780
186549217
625799834
113195518
752524738
675993985
828508516
264840791
188775357
409782204
650330786
64028855
392014719
866698203
916117290
624556521
595201449
756911964
445876754
237717619
237692982
959351278
560688157
232396282
284583099
58136252
860586066
244579410
773344261
667822092
125458768
611471394
854371309
751258602
724666912
606896048
279768939
405691781
724253191
468544296
815473985
374583977
532573151
60005056
93798532
301206794
537077929
688999981
910635110
982954683
926717601
844444
794822314
339922110
233240726
79405413
398058362
93826792
176501175
23918976
614165236
154476295
487906722
468536545
905734897
65089986
927948945
38020189
470781767
652202137
506564485
138772105
879302466
891653989
198777161
973100999
45377135
735855091
514617332
956012245
571326126
293851285
956856689
218664792
633773396
190097415
150586557
31831758
136440559
179604085
908267086
750605795
334080380
396173808
71658692
92331630
461263795
999607638
130351819
932045562
504326127
636916304
70817667
236144945
381086645
122111181
209245944
426463780
710482624
723863277
382476025
134325102
17714562
191849066
352989895
504004310
381946481
356092804
388352421
370903392
535696889
296619507
121509187
869777270
545309668
45684232
962108900
6573463
897808222
92460719
791135377
254650701
581893375
714469397
490795646
962980021
689096930
700041591
389443801
399579554
276421220
624436179
533904656
146652134
816285245
739410903
650656445
50748079
95503708
39008866
421651471
631200597
188144725
395677011
353494219
733454393
441361243
315603119
592544208
191685817
260580190
236195938
446336518
842473566
803181687
937132164
805453587
492278617
489690107
47413740
744374523
766111327
671849919
130795531
765279814
340651517
870206435
268452611
391399596
965710143
159977829
813051067
449427092
348122554
208728078
802921312
934093300
502605673
971040783
379153860
694291490
231620974
615349798
140628008
74094540
271047837
77760173
732064479
763326454
419966632
631994571
360217329
38594312
156360843
491012861
803874126
497012360
361219296
72326737
888411956
179445791
232304566
701463023
481389235
432943472
762707454
136826899
367036772
265313127
107867683
746190633
959604618
192005009
214056783
952748978
118615901
485104621
883025503
850680380
100947427
302992136
335191303
461164757
341586448
491552146
952177618
145460574
988564506
165913266
70303663
876976462
197875409
155124581
430955838
679264644
588068053
46179644
816091544
955104826
311492771
923959227
553811811
123613741
115964236
620384946
76362720
87096489
105489567
811904575
937776869
58953347
114896711
125484524
372634456
308999511
617036671
177328426
306976437
605601177
343241692
229796452
335093992
541117101
384921033
618566182
72898097
972989087
664745826
888989641
780610265
976238597
665465220
186938428
952368691
633945808
807323374
881247763
721042297
765329294
693152338
511335518
824282641
660565402
636820043
49433449
822081265
253856714
226761875
129057703
711974243
570003567
211370507
47068235
963637020
596291541
518150769
36535117
569280628
182896595
925524759
202407245
11651545
443506331
389345673
964020236
77452140
196669047
697784351
798494437
961998341
243453041
162346308
638797334
904018443
799166351
688230783
578616061
53023065
914992658
560190116
617513660
337512577
771560623
517098248
153665949
367852164
35249017
190201067
789649144
70661965
968242178
992056389
82313510
411748509
381402062
898850098
341717001
430587462
596634449
140211439
245102155
840087490
155074099
883899490
596622286
954240450
424646625
27754699
859779867
192155636
587944815
477293527
382184565
359505438
994391775
535850515
579873955
882157145
726051582
369523099
952819110
546810112
214095841
35132620
958558621
595497903
786499070
152791975
26085365
235649871
145519766
123703873
75737361
300593865
7603363
524875999
254834315
284766340
552630698
114614182
329438328
140575513
444424061
711622894
352597304
291332189
247473409
932471259
26005686
826041343
154510710
978824796
372851455
368606551
866473768
183926428
816620807
652972838
336718403
695222524
888622709
482238169
818926397
816876422
782832034
679046112
194268774
890182701
963812453
599415824
857313235
145767133
592507690
154253649
857390027
945104994
445585838
104863436
730092605
471591524
783421131
737119667
302932672
8788938
105726219
169406440
192715367
774863378
674895630
381950122
470085902
416034691
864188292
141528652
85427465
499536678
820574764
279696239
242235732
636903569
879112064
99548967
782670703
324136106
253802616
640060730
121757452
551904806
597440519
851850057
23496330
233378002
441486076
178945354
242166941
399728647
348351794
434882308
174592025
23247424
816832430
497194280
291798467
533537074
638722932
377225933
885590105
459297696
656922172
127825837
96201266
388550588
79891156
731388321
712686694
333693773
223965403
834444146
885598579
821405922
538810555
761611262
54783925
980296632
940556616
149467218
232541631
141424763
584349526
407133657
17188539
253698308
904327937
308987007
639751735
395567221
686212940
525341840
854864917
195651464
505684029
803582535
436718405
585575185
387487208
1921451
919268958
611452612
836365598
657383890
285374886
227692505
271511504
192675163
60505489
64584472
342142381
293047121
58525587
926491907
552697130
75714127
32706568
309541419
237217486
672458303
705108640
923430426
50316495
412489909
971598242
556000524
68588797
408316647
141575709
456076005
410238099
913361020
67528617
99120049
423261262
352903504
179328906
547289118
545578667
239834396
611873590
887721049
385397869
670399178
666729308
938094999
598629657
551952228
247636418
835847143
76926883
952745058
611793921
127243378
217751319
583392163
535760254
286340116
844225163
529852316
742416122
106979614
295729688
809944739
206099663
718990950
15364595
385428569
118796420
413459615
477779317
730670010
153697016
863177186
253585540
820426324
801272185
852215197
224894905
901424955
540578692
301821788
706686365
152372613
429065167
924437685
588281129
964825421
210777801
432506292
347194089
953193923
539485906
642923777
615655015
598101921
214431079
483535962
983530490
333227499
896995577
313826160
63897510
50692593
177003346
169999402
723635270
830791884
874730952
948530175
732216839
415309644
250351963
291419557
420198610
531933482
215857242
8479739
349275256
279151395
293502383
696469345
84861671
832988289
339393123
700516686
283606562
553824202
36569000
119653404
887051702
933564578
433479564
803465564
984257171
610482911
825981318
560408793
293791147
700712270
508938968
26007986
968538267
611807284
169943895
388736877
143740766
385801137
249732968
493016022
664952533
543235351
42001720
749814204
228739992
381394843
302847242
512346554
787735397
339416242
631999958
527303451
125497172
65479523
183285367
109754344
528478786
9266686
522679489
822269933
562495308
31618458
700794271
531033575
495942094
870738167
772286804
639682860
109055656
22019772
985215235
774008189
565255123
27216955
376338745
793995115
261128150
531702339
158858021
48863547
871118582
790857980
576166999
996615754
856337503
759452366
958886450
237332641
621235404
334082292
59602574
183730713
218217102
760396845
567280640
714159196
483651364
339567445
206358408
592707021
214103569
191573643
219231562
779358693
71306950
595570308
425870160
332435100
127272647
584728182
381298648
850907581
228102514
809981999
700039688
84440017
421950717
511442490
174289010
43186122
845524782
233891584
79433187
63741884
846804781
646713827
630417432
330456146
986281272
836775841
923163167
52901194
28349484
142394729
832259887
99656435
590481389
110646399
284607887
570270389
547890933
665906535
273694322
775993447
328404886
826250362
712949816
750355604
190209205
887238826
793541726
35733987
121130410
872974913
951992224
820451544
372205092
434926008
3424042
211002717
271701849
926587209
263903911
152567686
921498290
96163798
104740473
364496032
59326549
389348360
787282773
607217483
907771248
60977095
235727282
236176134
739743810
948677099
986531738
929953015
835915925
632589816
818203354
809562688
358081081
622711930
482530584
730286174
57637939
485954626
941288891
181856140
265058187
57709154
334423826
39072829
6389304
291680651
403568861
65715853
681029012
43367986
525449688
441316612
104345082
761176971
677492746
696605244
709854070
516540837
626558259
398286347
1647005
297277965
60365387
212244439
919989896
542895971
942530613
977627835
28850597
736335856
12000327
146425136
794045010
346424154
185497966
800434314
638104805
589066827
718666519
171650169
632434814
244116208
612966781
589296248
5293179
142975880
138417844
567663601
512033069
764976103
818466300
513680074
62254068
878831688
725924513
834760316
274244011
520971478
664904503
155610961
109823686
676904831
302036097
756385048
23328985
487534063
409335714
513950142
929117243
128002234
538116664
414068409
224634794
3599797
3364657
82444325
146575677
141782501
650107926
658608746
759274956
321090578
24805173
674045376
52438618
603246038
361322045
326682630
124217517
26226548
334809943
86557555
703131379
636846040
842942604
578976716
976896456
104794670
945443211
906013699
232796904
483559875
172598460
457431698
487159672
28479469
539876023
486251702
22778322
42500301
144860448
782053278
363590880
22181973
308615006
416029498
625428012
669937051
595228480
602161881
548679952
930038423
541235788
104327683
419400816
236694744
683304400
396297272
341489415
481263963
154827323
574286319
964823838
327425783
884234370
304499862
355905252
276626745
790751564
378683574
319127047
788128365
13253204
535234279
662826690
174384562
951263777
140771054
844321614
399008610
742932935
245517918
329047033
136685076
349845601
748447849
373379820
33150001
997261473
714869235
366930316
4605148
141671907
184270506
332030931
25906277
488770369
540452535
302533022
132038285
919136109
474176421
772683002
784905665
9410700
435509693
959290228
813190830
576280747
656128194
212199440
171730035
901646112
393762825
308415111
251491713
142210675
681794931
137158067
991988500
249180519
504088383
996593649
390852426
688358890
181140932
416758703
29645611
721593468
571808077
14200248
493245929
45984499
786883251
278151595
55395199
74909296
89958175
721102381
651190043
746086369
933301821
675436430
647732481
179580999
983851541
751740546
174308026
518162825
888898613
166296526
767343344
245503349
15406527
10712122
786378591
196547460
427470825
816024202
918140928
999278902
830224450
411386857
897779753
469624053
542054804
805691305
544533349
632012979
526793686
48239745
378099348
312611860
723676175
878348181
492192859
560044069
630088728
666500885
78206894
371503693
685313763
698066590
469523394
700720291
708778712
255901985
897267751
988765889
924442539
815408679
840561143
607183342
79311888
738340897
76807395
621366693
396548554
621340745
105896024
923342240
669580490
483995373
88470452
245773017
214859906
433179663
805817086
844948634
99680548
736540332
68968680
637510664
287123274
538492074
338230955
995901986
646910412
88015058
837184227
571352951
903423737
677745371
31052645
835251977
268602620
107860041
309135022
665151174
581717138
415031047
441009766
103813980
899026420
381996571
349586997
113886326
815176234
155404084
811351313
767373135
891944416
732836345
404883799
31584043
123844771
595631106
27486029
770755183
683646164
717186609
194624487
439586253
247448332
225677132
274838230
516050952
333537173
583973253
33718478
915254311
999004300
327244596
19068291
750547072
709241167
221171641
716949750
524417402
376575725
380817415
144306889
121036493
113653760
549190688
152620536
90014884
144821794
32622918
860770067
680984310
749809527
55394554
120570563
997257859
281071687
247925145
365825163
467125212
831898398
252059993
234895876
683419050
579304589
106480519
286482474
288545757
327652160
855948577
665479511
704227885
89282344
809786400
677780731
55452457
211493440
830401267
145467341
208831586
715540537
6237408
889815896
317866416
61631963
10386459
167640627
195220002
110827956
533465790
662345214
942726355
785525783
897241090
478661757
217346725
3721610
617660584
505892482
183890122
473609161
23888345
888118008
562891505
833674745
418415091
618343962
45168185
101332710
763811303
253999771
816873248
622565064
143815667
134739664
536713379
6718478
302380292
731933381
117546434
688362434
246794947
912789141
326404570
996552390
243967251
543751295
852790352
861627835
49643777
36680474
187753348
73532122
777314834
603161205
759723219
195729925
74021520
804891404
297062636
837832823
911407527
113935884
312914239
907739546
101191900
849627618
766974376
256088544
434077351
737037162
944450979
680872299
502342656
270855549
529941041
746309907
814606844
382731393
460454094
716766973
271928219
500723794
642815447
49243054
103884999
255055018
97489331
177906519
59946422
394551967
868255695
823870301
361004203
181169934
731609847
314712456
30797553
351100575
570801000
317391256
88137737
515251979
998263555
590480393
638623880
380720948
189306652
305747076
763452341
502277098
22514049
35380561
3000892
517845848
937139967
106885892
772900866
34629298
137308763
685363640
281697618
5564458
361750293
642701821
39250745
93360140
957414277
922564650
296977067
380731630
239955906
385114805
895983609
90735814
828111550
387123842
471456762
17418203
692870918
87425456
372211653
567901320
975322369
375212546
85747168
912462336
334614790
711164387
799607986
324439905
249044379
81305604
182520716
610794673
576523778
221771461
556671165
386454407
144336111
853648233
767186037
236808369
91279390
515685999
180060535
919390940
902809841
651517298
789325495
595680759
591459106
14053501
16098431
566781475
389266047
101845600
331760163
576397189
665526339
131368149
900837094
767087070
65190106
83357810
230398095
641713884
157645623
787069261
28168291
154498086
493233846
647870681
391306456
437029588
163556680
571366991
208936880
66366521
75400641
998262376
514563632
666859747
12315877
530662064
86157574
254098276
485024016
270434089
830495465
3066707
254318591
583848911
770153777
319508697
667206722
551873
813738933
824852345
640137486
694423576
979350432
985887684
342294257
223173240
422917272
358367289
647056583
631854152
277250162
722457225
482632880
791813795
241833324
347465109
174992211
180507251
454079737
512532579
450941340
137091554
515599286
705259931
720940466
138269415
24768628
240663540
991337640
691023913
65515885
483991478
385447490
897382669
469879162
580258099
973072261
745312786
938625389
620128845
229683291
215875551
195102422
712316171
860205698
289452098
912297633
35197909
469959349
366377370
400246840
920900690
503468925
915846126
626160621
76925743
906631894
503445602
317589283
897969534
46985867
235621520
234477365
432433357
133004190
704356527
12691457
958592803
302185666
803833198
431238000
531868957
19708749
626340422
96701480
732430800
915792521
8999113
620145061
238268222
227892836
20391902
159168912
731361761
788754380
637845886
808287504
695386274
141291488
125876787
445872161
40793707
214014659
680349526
473227065
199535201
237222405
338434874
158128005
539408071
142268072
589366005
71277028
14493173
68222780
20494861
599440325
836531653
29493974
219585387
74799875
257386810
92493641
86485140
841264923
881248021
724331026
502068779
429150648
718138866
480461918
875022809
758932573
694476578
407888687
84675990
894011779
497627444
423110864
52139784
37035516
417895288
494022142
960828896
284904814
414761274
981323757
884345139
251292927
863334084
956446878
178609154
120720894
48940519
265094294
814502170
930188541
989425320
316570949
211855541
707564186
797032868
86878350
319013112
344025798
347283389
403689102
238037577
844910833
826799967
142693714
734462701
97211607
489232208
547807950
234632773
903993482
381648059
118977913
7802761
97498495
927941143
186411915
70735742
976881663
451506210
885237912
759586556
440931530
54325213
971442097
1012069
851358081
910836799
320025181
47900231
110636540
723714283
285937809
808063725
403030602
281147875
395042779
352758562
770380083
942850729
587391335
674373565
177015140
558885600
682176326
274513636
486826744
868588241
345249378
316224759
172610803
83003642
928327667
613542334
137328855
752286116
467070755
988686937
515639267
787095936
36587168
626275807
363326571
175041329
286855884
618873526
456189204
681898663
971632088
79085639
477265744
559023423
753459204
654280885
117909024
288151882
781310873
457252120
9256476
126560251
625993231
181867279
62080245
554320898
647925965
199409100
159123366
114996720
40612389
674762633
754609008
77199558
153554792
117935580
104757239
440410676
589325458
413462796
122309340
560957546
492548435
599575084
972497321
98523992
106372321
942922697
386675874
887683194
252691169
248448702
866759797
878684400
430315982
928840042
285521650
78241947
128249143
444645016
45755020
21377884
119407649
800364028
98577442
272962441
770815960
55851034
713373118
212657770
469313830
688198810
773615316
961862265
140290246
598628990
60386257
246662568
541551687
299578484
986862114
794242857
548027186
706138264
525443609
830859520
487494658
810965260
761617820
468260153
255610276
807372840
489638038
227534278
460253220
440731832
500496719
83585533
496582866
66386189
296243303
818413048
754584999
922374972
632791666
894875246
521003962
545694275
994054166
915072001
845272759
980916280
561831210
245816298
539570896
87274820
76675818
27065555
898240080
690809990
495325708
6366708
350699182
984963746
233900986
810952403
278211931
586914058
747054288
774794797
653300247
43297591
445724198
260401599
818188915
78515864
7793197
191709229
624210139
1847363
106781231
321999251
835279995
668612441
420331901
227367244
608403613
349524071
254432799
359160045
40334062
602274859
365526754
391033244
439754958
451944092
54501999
717966889
38858150
801556287
345278038
544674750
697370231
791002236
805076349
368075498
869518100
665385898
559784728
346244592
519749613
666565959
520760195
207545960
187694752
941092096
434913204
796098366
290616167
689346003
7774763
183466581
144137215
373301517
574499826
583892173
825245610
481518177
301859062
716620112
135590817
647137100
261294862
832961048
290655689
918887563
53552898
12690141
584273461
613337626
358934733
104023074
132419937
879694928
164085387
320114690
673303376
598998591
968729408
963919544
140860947
976504171
147386125
284998162
202322041
574402303
868890335
27567651
55920481
23265749
596704115
44027650
670402849
857998978
876988698
961058538
629402893
930541596
973748680
66192707
396395575
185199765
22732133
528815512
917411046
186817520
848930202
590714422
785816112
670175962
407150318
926677059
646680134
407052796
211675221
849002175
833971451
80565556
729086178
742408284
103831305
178306645
786435934
626750506
36305623
515940984
440325397
518224869
298998933
266590429
584417576
695394508
304306546
607149709
224210020
221717592
793967230
925656575
664948367
579783342
595832537
72098685
358976753
95029023
331667833
570651974
796547550
18155637
503733882
378150080
760563921
460081539
556456726
546999856
939348397
445278701
62940840
232190146
963503570
214456125
498780575
547921146
909850633
803087122
7587208
134060654
877321066
801554438
912233581
542269433
233854132
360582470
466884471
592830885
455611494
651068656
15999211
104675396
669224293
519733093
482825477
429788215
832330984
39282203
829304423
771679381
484560904
744761615
3869528
300580827
959217741
355166455
848501973
869068374
10769929
856089181
855645380
888090996
510159971
620395313
282876781
744014103
980977784
602277604
336844988
289105630
253346261
352844199
393781026
922570554
725093644
876606503
204875121
557424628
915888706
34179544
181620362
252965963
631457512
38006242
553546790
590675253
245689049
254565115
312259979
256458979
963170649
20421712
997066327
473330620
640817025
132459460
69861076
474311161
734737065
406706064
763416791
988083326
612066616
157197818
763170232
337160260
33804321
820561706
747101241
802209380
707257602
928721603
907691695
338715114
819244197
313754837
781906719
64933246
568319952
94166699
173908577
384006953
967104763
170974904
857337574
460438140
303434365
927198650
934749302
38171430
186421066
698166093
878771108
798487682
707880263
494457692
988164295
594200937
167535750
735265536
248926669
874793353
516503491
156618364
66024819
188264040
470373201
847931539
253197286
891209505
794614590
427105864
275216459
761719353
450597120
985070385
74673845
754031485
764785387
9423147
644719267
951206453
560105593
376006727
602210488
267985856
722980772
442891135
862186793
890516522
30673023
111113462
765309875
547176514
120248178
831334695
735440554
443137731
531782586
841154192
334347237
326397176
120776408
462080048
940632881
571373529
447150433
15306726
177921366
64452172
24729874
822640634
15658625
437351819
51163713
470385465
705337675
774144485
913276600
420040821
517177360
943949623
383670635
135003587
343642489
356435166
966338282
931599395
799572897
350637220
772753588
133920134
677034396
893529996
448516534
470183629
317419877
895666967
485490356
495341244
960119139
362736582
170498230
828294117
800088401
221661943
151195934
357942428
848322781
916988887
630499601
365500141
713454862
14170237
500503728
57097352
223121755
319358363
841213099
22694652
669995583
466483039
9131139
199546332
212529388
457647673
669729961
529949265
205830993
7736669
25290509
18466484
222989603
195788739
699276953
23078004
269967035
850472888
233536785
118289816
619978127
864036386
336306309
333432989
730722975
836810037
243046693
953844730
8684752
84259793
829055735
531196688
403259184
838186874
730743020
615788572
148350899
252989333
145737838
206698244
113242355
23544699
225164729
336231958
219333439
924441682
211826315
489300474
627430922
445363100
460106642
99925401
161915838
796412951
433358391
745155166
485739340
528921436
551516248
494424093
465697581
380571983
25620781
868956766
71275209
608880153
484745338
72142461
714385838
482999528
278840705
827628193
506544228
504005434
163860152
725877667
280963469
375686467
67694493
760910743
673565919
527801135
860836145
835481757
176730438
146710888
433153275
662469778
675632324
984669524
9410223
141329906
217757859
35031004
10286672
289033069
496427509
347548362
361175530
63329700
830547891
640016235
890957893
189608471
996538022
54818045
915486138
130017843
283020864
835696983
890928586
956586783
216014470
751764731
644584893
392744908
898475619
77738168
55214686
426624296
914924044
64624910
567954202
132681904
952172266
430757226
274231325
301116128
630821940
635406855
364445828
313886183
127939442
255403721
503494654
124477464
162738119
271497144
107011659
298275335
107194127
997940246
107378471
323208597
602221329
751963364
715953505
353213301
682217884
623684544
779837597
449658281
688309454
200308151
582340185
492998072
631065377
856571510
794114200
114403669
344494717
158560028
428289853
324950511
266480102
931784507
301944328
429218221
203281652
408955987
727493556
162992131
406896233
834872027
486200729
9117563
439351743
54670586
214847216
974085980
678355130
994684813
423744261
219180936
194992964
858600798
712179009
678574693
567688660
358809561
792978362
912183377
517369590
221268215
89650240
783849692
5569075
391594568
65584265
208850727
800550556
645594173
371842858
59963141
332982553
710559939
69080704
772334296
765230526
136444272
598936628
296102008
131129085
22680889
367799297
178638401
733798039
79978306
857213094
301486699
291304219
650191457
66186428
808673809
723976024
155836669
445039853
729545099
547431237
363140470
938395826
200498145
8734644
162755037
260461287
341717197
873314976
182058343
966567845
491061854
318502616
565504474
639680215
449631701
440701715
7479512
628270103
27016107
939974170
337999549
328502806
231278389
988191006
247205587
892468551
564683383
403042256
190024756
294228482
802989845
553165227
85140661
3487991
561899871
100412050
263949278
756133420
973727026
446007621
722701265
317305233
764510237
140722091
956985448
66658291
433940159
816981312
547444746
460956266
756955482
885444295
789459072
840750223
726151654
36664659
733218774
290835037
292223267
923243531
437579871
95213113
328925110
522720532
951217456
890824981
623132582
67683086
499474753
449375961
513690707
74692370
619197546
130717297
215414462
428699346
49891940
649354621
245680658
597336686
110310887
855152492
482780981
752286311
695902715
61448987
641467323
281637842
352284024
786206942
57397725
789863896
733936407
386322835
165100780
685153863
129664168
640749715
752836949
629138921
90125676
119044009
703831291
561839574
102277658
771762105
990538920
152169598
273633078
88735930
749506284
236460317
943888422
84803617
988746629
492307489
146252605
482730304
773945331
498536629
121453598
683859408
140916877
855390006
70182243
158534010
393060221
52362763
799283725
145897171
534018036
741925753
117457532
90365680
303765327
219735190
862127785
146820599
371904788
135760864
235556529
121411072
372221181
179444951
58731041
213484162
671752440
204983646
548730818
298214124
703520276
670184417
982073532
696953505
525574423
904772128
855487515
918634644
809651243
654771240
917048167
343669280
249213345
887022051
434034960
552978672
106757241
148679097
699799271
331178381
284439961
935355800
305105805
509177495
967317103
363836847
722661657
491585896
568820493
123908828
789800020
124857121
794093245
624389904
821810627
172184020
381678384
529814494
90818664
43845980
37102087
860383184
387515260
286315432
599921587
674066572
839294105
559195181
822745669
391609728
890373562
107185631
179481881
47995720
468879478
146798984
264348919
44057487
490901232
833169412
167966315
133217604
810542886
962059560
757607509
484869865
134243580
991802245
14684359
77578597
35648225
51786446
790478133
275679837
338101879
390399720
949746409
29912336
949594901
772492079
274038416
692484816
732194062
453520297
592996888
53589892
452835634
857345807
97647379
943736866
543031571
265613695
76954471
353574457
227673255
687078332
838444322
214433188
531396929
705645034
292011785
567045155
757431480
82489918
842724992
948049711
325405990
644987754
977962047
127517244
269996185
104516816
672518412
2190247
558037113
265515300
55780139
863389099
122861107
5943870
659642318
518409030
271557565
589113141
871983488
499230821
128707825
562944162
713664009
660104754
121105548
858192146
79666261
878537029
793198416
922391254
679103092
118604406
419895360
509581492
98638002
689891545
614098308
771156414
544598144
24651773
889188066
452894635
888040873
864565525
458838505
547683191
382974556
730396071
136796332
107474396
82143244
118020509
522934910
795807253
778125263
644040459
506515751
857791525
375093840
299714167
632699131
54196932
270834925
52594491
563778424
221989280
742486036
30393084
993145694
139600532
55044858
734850113
592495167
943085731
599415638
51333672
343285274
834906546
781729743
332597958
942380942
863872987
450618467
317832205
512196592
228743730
961872664
18712343
86535255
336966504
170942862
571750738
243679788
294294140
624345229
807458213
516283420
219347617
837851297
361945466
358948149
892896155
96795579
951443316
688498238
548727570
855293341
31783512
383634116
489539436
364381470
178531411
205928776
814999937
496363616
718125368
896260020
310752632
589354064
835311627
647719136
612813278
407062366
891398924
907107418
883923947
551373489
423390838
103271565
241741139
785336305
314736066
987153646
734648236
118695735
675651885
283375806
973989076
559951749
519526275
316044864
924333220
698057686
521973640
591849509
46937654
92615361
340625881
357690286
681969425
175937509
857925774
147299055
435516227
601841050
54406474
319440174
5730892
330313664
275228091
247472031
115649969
442480510
87142029
702814558
561176245
762793914
986190364
387681673
175262016
358232991
703726537
99595236
56290677
78216530
543961097
955744683
170831891
884586979
165951321
852801316
913040840
23877095
100371
348557067
625718146
907023197
520513593
631449038
237336862
795741685
731437421
205503183
90738547
818579450
908317741
651914792
433889717
747024458
892112817
609151733
105257449
448355706
561263321
14064479
526572236
105224418
822325514
697404127
842327749
988276836
402721795
607884941
12153931
255338519
956442008
490388429
162361716
329471954
974353819
252214930
125213639
705791240
457718114
68468538
376887043
218552207
720383330
810776760
818093017
465012499
419928493
775866819
913368205
981191814
642447650
439940442
938932584
464773164
137344569
633776686
305566352
392582717
94177979
170236636
647921236
50619988
660625065
810282952
232608294
487495237
62497883
210338285
45802829
372732349
278806823
422689872
443800908
999190153
233466632
261893926
316719004
505911477
37760745
230087209
339619643
532724747
522544003
131068580
997497911
512404925
764845266
155580616
904987642
859023245
325817252
552908878
762159585
986442317
215708182
994767879
326453906
130722417
57622516
372256736
355971118
336429339
794946608
799772027
188135844
28413241
61665953
504854848
386841070
951943050
734942058
726460714
337184149
110002413
857529294
187198412
622407338
474890912
342779028
527394980
186430509
668596280
932820210
948590095
507554950
1044745
795874326
834008856
131767162
853496843
206265592
487738281
42442534
1212201
140026660
230578379
882141794
54208965
735433227
121499216
6152015
322891637
847959930
195852516
432894051
705489224
383050928
55301389
32896488
725829957
435212722
219326998
394426237
368032932
20433445
901981187
369077677
816307771
588506396
353361192
522320966
794771988
841099473
564763501
648500541
981126133
795341880
383158687
35335098
383291459
504657904
894003465
706183097
205134186
89855981
139077148
910623411
325423261
46894889
943519899
51253218
482107611
15363249
298195808
850140544
35796694
52693347
71734573
852104466
641199743
425095765
226941784
288488084
118711590
644221637
936988625
952354075
292079869
172663665
840205525
675371329
529837921
586725342
381554426
734972107
529097675
373147926
498111870
854520937
420042815
294148122
905774155
902150427
309511371
56486315
604807323
345308066
109179663
676541896
49928884
750379406
954154014
276870668
38867490
72865604
921092306
828372468
877736032
65688527
1036133
717941557
741059856
383390406
157183252
122614282
118362513
686280927
348278560
616474384
540801864
768321376
910622506
299092372
670471803
72650229
355578687
127795478
417958295
464758350
804337374
467887179
67654109
611007740
744757848
106521599
536389697
518366506
934894067
414125729
584055033
788446552
984583638
177631242
24353310
141766890
152761876
142715824
828047818
501040437
611706560
221366034
269361813
374845418
372974758
792349968
447495647
728553446
920145446
865453943
45828148
576999172
333341122
113482257
188006913
930615322
72520209
724396610
301498180
7414276
991038691
885553214
648377181
975622329
63184456
672730491
969905572
68462684
667962667
650469742
569503121
279669227
871835776
838864934
654514645
97326887
483731254
102010293
825880333
403876700
819980588
724224833
980875873
5838062
837707091
21399138
936453385
910227300
598312100
237951565
770157928
589350791
976021131
271051461
417489472
891721939
796298305
239911396
960184624
464260972
890381138
529687745
596446552
614733267
221069032
103477549
712060154
704800286
58004194
390456839
961193339
877984782
114681672
794585564
883822845
804905115
815984702
820276230
567648767
266813154
910744147
190323048
856163945
886765279
461374509
126169769
631003570
110189166
366081166
591188194
574450139
108978656
973392292
23413043
723711923
46977676
126890592
435772077
751777962
184894787
826228916
565487653
62879569
793426941
360073217
946702414
598332056
28574271
619494996
18497176
295387425
382755496
208820224
4067722
122037127
670194733
130237492
753040697
780383900
348835010
196745244
207350391
457813666
170137536
230763434
34041942
217115212
357654026
469814019
821409526
542548813
148559288
386897180
457944735
941986229
599486749
257163501
392834637
628061021
876658498
411331813
775964798
111930346
620152037
780032521
233967473
142863123
762786365
987008170
775763375
964137727
183753414
983113766
274467745
206407302
66393552
308509687
423522514
276563930
778323707
97448393
819112744
779399347
484345573
129573831
573901928
83832322
386737332
966736565
564409695
115912182
230584731
192890846
227842528
703253120
972923367
461810001
846116243
588226084
448818172
474395970
404880163
485087938
310026088
679347908
691495241
376419640
987857596
115017755
652983571
618697655
64982500
324612667
398097002
549328073
454186498
971998930
485676748
840923830
791251847
902602795
956836013
874352930
95493641
37194893
577606051
920933360
499004895
276238646
361675796
947823067
750634617
766555959
285427357
60660705
445903868
976922598
289596698
286277816
944456706
795096621
904975471
9439206
119709288
155588825
411283632
426412138
127587755
896960380
119852320
771355954
652079527
929204685
498225237
747573169
966399579
75831288
521022881
465404474
204586286
882698678
265743893
807737255
649254637
551171250
720914313
947674857
380610201
10511011
233952673
325066907
658123984
138928144
187022465
630349624
147033321
598306097
56761762
127137428
347782829
29130434
898493383
999862357
958335120
249234972
599951878
777251051
177582612
120974759
95171877
382168898
3673437
360915770
42422506
505444427
764603372
763336819
305635636
145213573
626364182
539588310
322796832
284488166
531032806
509819298
914837790
678066128
108125395
824115904
805203556
455908225
705762690
556213291
308286934
516614162
805448263
908238812
293865213
983030875
29213571
389037090
217716126
885403361
602469212
260138632
243364140
367072585
23475451
548999776
364802510
502355985
941104438
687599343
786844151
324653597
197418641
554198293
2719725
158060388
230830549
660439633
613968613
936593239
69169277
922255547
305723754
727133892
683010711
599588967
562681120
564740635
841142410
780397246
302660348
443611622
893052230
546024488
663200559
769044033
947540616
28003070
271400018
888645055
715602413
910760521
65815004
765537406
317475166
68534729
923597794
548305715
581490714
390082760
337415306
503176343
164854659
643139060
230310236
847865371
95244380
792991356
412606006
936386790
425904954
715266354
232514764
171473536
113807194
895715324
940517569
61347810
776234746
64433939
802509217
344353511
975194460
868324221
109890917
292669626
789375302
33488711
693491693
223382369
276087823
30906999
726558712
440942483
526562412
809385300
288807854
474323144
454893008
553930212
263226286
880797962
121712918
495741050
52271498
235520112
243972726
845305419
149384274
20207472
909739358
804409844
217077335
884933818
525250417
326968252
30119796
167142072
212973316
723611489
390524441
489061139
607034841
969599505
930003622
986113605
778984806
71327828
460436749
86394166
625258040
723663035
967192129
746970958
71920437
871979979
835007422
168409516
569801751
984391697
41133340
479541109
641317893
258210676
216991280
166568310
585178928
99627428
333710382
650668596
823238918
576751175
139729736
282790111
546350681
922249710
121420068
177851839
846093891
581856817
264246005
323868283
158036204
83954486
70839242
82472993
808450818
758363016
250882509
378252569
595271065
292015850
710310030
236588958
550226526
927301310
255673621
135405454
26928739
589384003
638590403
702684009
18651531
630836491
837990472
565002212
405602553
959410540
595370403
251696444
393783709
859616408
575564728
551819913
796087247
498920322
634292906
604538065
109799690
885175416
835306986
705070756
29707618
545617016
941659714
579934144
325434679
49849687
567855950
204879770
639233691
206446353
760080131
657885222
837282844
598070603
75403786
95401750
409997495
670774189
347098194
803781204
382906949
775179274
208117469
31510548
126615948
842410375
636048613
236415639
580102143
323871951
941486395
609809761
869488968
735662461
42260257
47439999
785512149
610116208
104836121
277262192
816562561
864916252
935147414
506361758
315503207
863067552
601763508
725500702
386358093
801378054
529281906
769265042
576557329
737399375
800775591
703173277
432326102
289340556
939588916
864944598
613212508
733591663
327270711
335217828
469254125
369530969
235174179
107282626
979647177
340010300
384544818
648726090
204926552
172208584
7604200
520429759
35276136
609367708
98446813
421634229
263262115
627728719
43415623
839819444
217644446
696707566
395509073
502486900
986048123
187614342
367431498
451776983
921206005
694702210
639511163
242976482
64233179
874685342
350259108
896396708
214695642
734803926
545122798
272138546
907012510
552726999
792568305
794804998
14611059
891015118
68955579
277873174
371260189
112371203
970208970
441420987
809078769
218234396
943907887
647643244
405848738
163855738
951936579
179571095
858557948
591447742
275063930
775307479
318649436
625323038
524220539
533345078
212643317
69343337
805483624
972172179
474586688
450568281
766977178
341714100
194099751
835932757
619587274
417876292
800820312
442312597
859297279
462415434
660546993
803205167
110058678
66395731
967060905
914511610
98483178
678135205
358475704
373547108
305959036
677125141
851386499
830179575
62986571
64029816
752039264
868470196
888718347
79142305
171554829
508211877
420856405
218170933
196660987
892960031
636047225
997481299
335272628
495344505
459896733
995819621
151066024
422471764
914731704
970643281
189499726
865731235
501294838
547975430
91794695
807253874
225100571
943181194
489949801
288087143
859727362
94505417
9073691
748445710
26164074
33144872
109173939
447020479
251315805
305834926
192496863
887363031
303316226
527769491
235223888
615729311
376105465
386289912
38201075
143353521
209449545
80217153
9084756
710744383
628192584
100879452
370514609
853293155
896576998
860464410
993896650
756304361
807486179
2970341
357266423
833650254
36115214
466440362
133187085
139947371
772275289
325683948
27310402
928107867
853453440
262534290
543837178
82075257
501340554
434554606
77945130
710790099
514771759
87029887
421534482
142964343
40425691
792049091
848773851
789519041
505029853
695186853
398339754
165032385
550673547
755606177
998682639
439305113
74562892
131869724
579252484
699354533
457553673
606562887
627462400
163523465
721613529
23815930
98115074
222954084
310886888
176060204
933744183
825658648
115606443
207795018
821139343
8548486
852360461
522429546
798067528
209906667
70132752
196407282
374939052
620806299
804529812
373621691
60111412
879092704
358007767
639363896
430963589
815561440
98443135
58425989
831601257
820056665
934758271
929716331
895527101
245645160
105776536
681787636
923820160
221382979
889582654
597475855
229931466
594459468
119905402
27998994
804366135
42554506
76922628
179305187
663360805
881452440
405443230
723472217
613061496
763450997
215352465
44025085
431528790
166311953
954967426
263130047
986368618
742242050
45362731
734412071
987887210
151139267
416199707
764223722
225038598
158298714
361699577
454970064
752758182
334121331
335485410
409640669
376675837
264924391
588945856
40036642
146376831
994389086
616025211
611954680
610356435
683894029
508496117
41885225
850205982
315979896
157531625
689090952
58221946
202894356
423503023
898625508
354033623
692219082
515365582
579072221
850517796
877065159
886558638
455792330
63702843
74560400
865432999
292895032
339484791
306895207
185448027
338377975
153800645
801473238
950332655
764157081
337883619
311345124
658558658
188089601
479841372
816090283
877180553
390579670
18984639
153199928
141721530
225534614
845419011
657087112
804606836
548453159
386668624
543681826
856761842
450371467
618242226
574711193
743266499
957727018
881606401
928714526
296104993
887923398
582704117
98954000
504596831
920587736
262815476
163155490
961193690
742656849
979245773
690890595
133236519
850746765
844090524
274958050
76281379
542025887
932045162
733404567
942995398
171230138
277086393
799757240
621601605
895328620
226984786
217384457
705571990
108591187
998615335
1676983
849030937
433835804
953147335
353627769
206939893
215962811
369299611
168133583
958619660
201061736
859024178
944372532
51808501
555631054
71846934
128089881
950173293
3892096
714010800
893168692
27638587
991097194
545442284
649240192
738942166
772427070
719141001
297030508
733534609
717756337
151223843
435081899
4108493
104371178
788709668
211048386
172850341
10525631
379181969
131470002
211587367
90722500
928358886
263395869
498869906
205820
244002102
449043200
856614268
958012902
194728244
884252855
801626448
592686880
386009400
393084966
217630303
105150401
690115474
951164912
675423090
841339317
238763163
679531584
798226847
27472831
890579970
971077189
37998462
122278292
955063543
102102182
213000792
883422429
365498051
711870698
736144601
462016505
13430250
592758869
272545759
60674846
329528077
74172208
653361727
715537477
319773526
870992030
820687878
862405353
674673294
348627321
556261022
913436458
28158905
354487870
793425641
918738875
178081411
683940456
41017167
133144954
786042638
106534311
869083735
4057041
670921362
605228336
466073546
684351612
50503557
738619305
745026459
380031634
665307865
250904538
95569111
985081392
121896568
768773342
700003097
796569862
117400663
256264119
562522672
998075920
463268341
355948314
769331147
641349752
39888770
662864667
774494706
678447760
769398978
496094793
682504801
292836692
101323129
148578347
977188305
4343039
887197652
574731116
236891025
405021870
825635654
184976489
242619614
800048574
953749831
942622711
449134788
923666846
51403182
11657461
774259118
514671524
220122127
543590265
156021276
112527249
58971284
783032335
790975009
828370263
279127128
473479810
121206955
232966610
474574509
950911612
89826001
214288513
378159080
326717026
619310383
56311086
511693515
861929997
856359660
317959698
804552708
158010801
94142896
855955891
169668262
868402014
223143767
389790389
264508632
379165043
502317638
323479916
14713730
145808999
4366531
293840859
619288809
125573487
379323821
93863318
929001451
469149822
160668183
159676884
795866848
779978567
68504322
307560364
641908564
924863983
625520062
298977625
82874784
719662959
7449868
105059398
440581325
230593635
347366139
705089957
462275030
849683777
28569874
476988761
995492776
32936405
770829620
467297937
11026244
2669793
413677607
792544048
471819615
574345790
952220932
267686463
206840709
20725254
427763179
848749274
798105589
53283242
243251
733496725
625462553
7693119
691072475
66043878
90803106
38438614
623650188
553078136
740638743
652220062
30066897
588647871
537672819
653412869
55945808
548699064
656082662
322139767
193759464
127902277
749001910
145980396
248105093
955842619
19222002
675868272
657108245
669843944
581667866
657351496
255857021
59646771
517560967
946929497
978207002
460880425
837884463
601857190
13958562
578523207
106593604
896541811
19687430
644266423
402471033
75633239
45481839
911070047
250289358
239241303
891488677
999291268
237738051
139593770
807650240
109476406
667978394
464758485
631836702
102162613
974626334
887693723
14325736
344703653
687139572
992532738
805584079
377540388
446906280
672058993
956063595
553499884
421117156
975751025
50282660
823588189
903900616
95764499
587174589
6706327
187522155
478663266
858513947
277776558
470773388
666164187
387252964
991268134
983439025
19089666
93430747
958065359
759299742
107756484
155285364
298955666
952805574
960869443
676496054
399711855
632928436
485076001
805728091
54045593
313343379
856010751
730150134
69760347
804291603
169841075
76466674
844330110
648504341
787496974
122106668
971794081
306177513
361875985
963062216
289616538
233482003
909009315
100198249
992781745
869282151
255483614
144253764
674604078
68869409
673266170
74315933
701797846
10858524
732560376
608359791
324201903
441087480
191026277
246478602
97895435
360867353
175461629
942225545
861888046
962958603
64332213
833682128
269136116
278724550
649260696
411269007
512206554
410786363
511467256
357504651
132584867
619467222
501758415
807188945
688336632
27540938
734021230
242650830
38399462
319097958
851010621
362601365
760185438
894553250
609079967
858080873
107936955
784541596
800306418
969825002
600016551
717154984
656023482
869152668
995879534
157800530
132938027
360602440
568586893
644405283
718107092
553688112
116388858
72381859
213393409
804725490
99922797
947414639
47376320
138322259
119028950
750903293
500923624
879214388
645456543
962519944
737295262
753393499
599577892
390118032
575734853
199594444
959789368
231758335
921263464
808185255
389558865
54201491
168787695
810662110
551123126
886894787
364350223
667511984
959276647
577743632
472237474
59199444
377674624
372130146
50038056
496703574
123033439
550961680
228434314
621006335
365997976
965729576
226916186
965575869
208363961
802651039
17686665
20669681
34409374
938950129
828854936
276484591
993151620
997642632
87146701
396791098
737053771
304013276
64303083
548846770
734273261
389056909
460562567
111947885
761187056
510600623
461167811
884220495
914078655
689602125
357743182
280076632
507848054
584659368
98168853
568728367
387310407
115855518
589398048
274236133
54805647
418252985
403237076
900473619
268411969
342900130
297264717
857982092
646913406
214084152
259345215
233703019
603141062
719907782
198167256
364328118
83024757
659335067
101064965
997103412
201453545
458808148
129696396
561817951
43467516
227865249
130546318
283294276
343720767
719944366
410046761
251042766
990713703
813283838
151516385
111642024
156183968
301297455
969624117
655613726
515381607
228969332
889316746
118522669
801393466
87484002
335367139
884418223
599335422
436432105
734037987
800788967
747756605
716250736
215123270
643740473
944115985
345669588
927034749
140353105
918130306
189597863
391395871
908844010
2881701
395428609
20486034
11582021
696726064
842626503
667195747
212107671
71595835
556512493
183146693
725505653
496512848
518513832
462440228
95848270
954945937
48994568
749153589
555218894
765245304
964276859
198959368
561877641
162462799
978510469
702230746
80593105
168108332
946142970
841953467
23506385
341571579
714955854
35088406
38297643
557582357
702284154
102921666
481694545
111312999
286068359
59716550
607825847
804582192
522156779
703674117
612044481
571151347
305344058
19779728
336396651
269620917
218739096
898274292
432083716
49765917
453021391
365193174
217874250
251680713
207146641
241380635
593252292
922102495
276469042
484066287
332201205
978753196
439504305
666412102
90066195
725572665
726128652
550408395
382671209
248285431
106598864
847232042
819436778
411942923
867011770
8349781
681563840
85750866
759140426
966163909
135516784
64678169
331357083
205907386
316358882
391020076
299804373
909611174
165638924
576273415
246193813
497840129
407542963
685698118
16768583
350125511
263787135
742897235
900533906
498974696
991182667
7132770
346206739
663135797
271592045
65734861
524001931
953155886
4002080
283142357
771836147
139518864
347820526
103193230
197942602
664179408
346729658
497746975
426306934
512368582
926536743
525017099
10208711
186596058
63231569
26977294
536721569
327018705
622390882
289771827
825993401
466089901
149420950
24716492
129225698
421012995
90451354
505743981
226685233
94453434
788886338
998521380
86488650
989223216
954230962
136947604
505918976
153476973
634694579
932225910
665845555
413747674
309759361
528570619
600343733
372990931
408064265
137065302
700009636
30455147
279353482
378519389
496545048
281290784
255752234
478287099
702303779
346203588
984031080
781505365
293173374
625433771
632543097
379662024
467173339
439290412
516609628
973092316
592767385
3820559
757834578
258612940
417568234
67593940
787183559
17911967
440584871
47764177
7493621
993110859
78219324
139363455
224146600
427280725
420654239
479898834
905567824
975474371
826102422
742115256
756979736
119275796
220065379
242039185
351454172
687238719
681329597
720580152
512847387
274096982
724400712
270681965
385226275
994485298
190792257
24926186
864913617
631377128
72690363
724923590
477004339
150909688
864287046
701150940
578190413
137457637
181049774
336274589
112932008
859668549
930906197
722428096
831460697
3487929
964467282
35431222
690726648
498313231
756011374
56090387
772410214
332928438
326772352
10152841
327413736
517564610
35079027
44843705
1458090
107769391
769767296
478462430
258679079
486570694
32129722
689385844
624028331
213179496
25660433
589476692
72848045
809082982
164421140
756825095
812570911
981404774
792256317
355813911
479718006
548267691
411904298
104644572
881196130
738676651
114797413
61126218
108757613
149876440
105969924
110215703
257645831
875737220
441194485
368841262
214824266
473324207
58227106
838852597
539020056
936403891
280845641
464384453
745486874
297783134
221209548
410574137
279187908
13465865
766388049
611422266
414249909
178292347
716066838
147962391
769485350
683380603
61604961
878242963
833257044
167574885
840975019
943419227
895828457
134685856
312260490
110652723
460526416
223003948
802021673
999546472
159407840
82867314
463930925
757411066
233166800
537656826
167985203
512354709
403639043
934373252
123776975
817888952
965181952
692360166
818367695
734667302
228257121
879972657
465426618
61514165
47547542
158917989
857449745
795892352
146120197
22226587
906545075
606646613
245230535
561083100
606193085
404638375
496466767
922640363
14565793
729633567
460297189
182550997
94504628
863936232
969440601
70797956
534341537
934622553
763158122
205225584
521806208
991415243
85198241
839749178
905445761
985262136
998667167
615411858
781154488
144787364
637638445
540215915
603950330
882868980
101299016
62659767
140023708
450282135
985300130
154589501
179915702
298113671
337140498
274420331
14566256
159097452
345218287
548907793
93720005
960892761
754133377
468042565
804824356
691847971
160308095
562786469
677110107
11491614
178198327
310780947
8795331
815836772
703513214
612745661
551222105
657328582
675405428
691245813
107610717
660705559
845835314
140042772
958819230
35492165
414463103
973385486
194589617
612197742
374809631
140825974
573090503
981459361
608868540
230431211
673307332
769176635
793217681
202933791
780668250
971416008
366231090
789463581
639769133
69744304
254725594
43507590
727072887
930131022
734753403
687199956
443352933
580588717
827242728
254688516
616080882
94222183
80590354
810670499
706419925
455399986
951496474
132026780
289375699
412881366
362457992
962683031
34574353
155675673
18133174
667758955
979608033
384364264
309738888
471893518
306624920
564464482
515401108
33697807
494595505
250154511
573414116
937948438
683259581
400656844
45153306
151856815
494879028
125743661
962527315
53815305
581143647
766540141
185842086
870519346
31937859
548300078
685718729
66512212
703975751
556368255
586787520
536100136
940732519
896526408
7993655
99873791
460990891
523394763
133571599
808102748
626065627
559502067
598567538
309325208
960158911
643720845
461182023
307554291
769464506
276225690
361369597
203124505
895282183
547211683
73643851
927220042
95511761
611878932
846248607
652003864
20763539
285552479
40620352
961496058
182078887
48614007
61369849
495586130
424525123
47457800
303688878
50590750
459476219
902256417
212432310
272151483
398493614
673614333
579705774
167958120
802356376
793591723
371082625
697638559
193319758
297242828
477374954
141347871
761638112
176139913
793351735
782401651
461692392
833972088
596414061
496287631
735102447
510300262
991873762
159627570
410274415
148078992
62734672
869750634
50335409
275166982
141902117
301345375
948781316
574124244
469303495
603654044
367715967
692902472
153808955
561035726
990145300
631183909
702383597
604299764
659840174
348251685
386701415
121532566
34740125
983115476
470336550
769842572
345932091
462210312
781986495
756206506
610289304
844721167
625957140
513141066
119888150
620375610
814486441
921185818
194499854
136306289
524839862
414732173
829208761
678648817
975767899
671870414
162349079
530667849
128686530
822189253
731435886
515387946
796238172
766176011
351019774
119091074
388534935
696951865
581301386
23037782
305674723
44107042
867758950
931631864
409764460
987647100
404523826
76767254
761349270
599023680
213073543
138705484
13755853
894798656
817354301
842040105
419185422
832219732
225224306
547871953
506925338
956660192
63259899
155679862
575352555
266796025
274770936
816403842
816264243
856072322
839441625
121938966
752695716
707200575
906087182
162460177
547364027
310611008
239227431
161229649
762151040
304817326
299935133
628423246
199615982
117289434
322979703
618801405
802025519
548204009
19189710
308950857
357380553
82449609
464630719
785249460
201761986
739401655
601653302
18026229
447990329
293611279
992481548
53202397
811854
898568730
215662574
400692233
61696091
307406357
561921882
823847131
612223683
861857015
304786729
811839666
831662802
627766432
283157423
486204673
28486793
302347133
795155530
385867346
237313094
112302601
23633158
291591432
704220608
625286461
162134014
4727289
918897740
154615562
57929686
772225947
905700644
273592261
25434532
967396735
580998618
439872767
643760219
45738654
154246134
948546948
857578320
985908936
428829733
993252095
324629961
457316526
148115580
119785491
843183873
385428674
84604444
866817031
677020106
788825052
344619844
839154120
793552341
116033937
846286034
851482028
740776236
751986679
977590641
766210768
571899766
411105611
58599887
68176337
456844265
212846022
869239638
166938937
51271310
298069371
160191032
375901272
755385897
308306612
348203115
451086122
546251638
432807560
170419506
75788097
74148964
367555702
914942217
720217658
483589639
613744604
424216038
76882227
218247635
401806679
843092996
790147401
812912290
901692883
710840091
122272908
114538905
580079729
289211845
18326568
730665452
449402878
394227840
338567701
610225842
742430955
789653824
156477481
27754867
812589682
232265578
101903832
180145384
999724147
822121490
516251376
613468751
98853880
593133603
831716386
500660559
288742951
474380140
166089201
42952187
37736583
288362109
10007444
617816312
577573955
28334012
200998116
879493185
422561852
539565817
489719027
164992808
181735993
498712860
192747675
994325675
730978438
147167859
26987412
583218938
969289349
543238788
49204041
68143229
136372391
880920428
421320140
425115343
207816920
439925694
468067530
245553503
728287803
478074974
715886167
158378110
506408987
916884283
37871295
928970839
456450100
380106675
946479999
638186094
878819535
139227675
485028121
462314326
138911886
512015533
45533264
108201236
55254321
94737305
28860817
44143065
828174085
302697310
469258408
888507357
742623004
789842290
134060860
323427159
120433616
702463379
334321622
626842603
619347662
224709269
408329795
928314115
604815944
207326146
419016561
336151832
199070173
904044682
650982510
337982060
416060216
549032126
298699648
323830889
496285783
180076817
367973954
176976221
482774127
837232362
65483578
77913483
479591004
52060791
253856995
600024621
754524170
588178617
79383576
226388185
812887886
487713371
7218652
270220183
695039518
426235213
606372015
894109691
330279895
109870877
84608103
598856463
658903003
383307751
922687353
155188786
563384569
290661307
332165007
46158696
980410022
250164938
976588532
460001026
302225729
230445527
60025647
909266251
818624144
139409224
135654436
484028382
479638947
142873088
754248565
27194817
421624653
213136932
773820861
751904549
323007809
858428964
203277364
981910812
241736716
125964717
137099599
805121285
269142377
321780958
703796333
249552399
571945896
532901217
562069777
726687977
763346744
474611777
635954229
434487240
466537353
624125017
918515623
946176300
619514458
525280540
825887470
41139111
738417473
599708331
645560012
61425282
310653647
848837377
43336095
552390363
827318446
32952046
210028000
96460823
207249356
766340686
198529574
631711605
299241903
760599352
358399582
915105000
235211129
846870163
202108592
701748482
323511533
120624215
500441134
943025991
498421108
178844956
836681454
236838581
778553287
334757819
150780215
89206935
36111548
46632662
494113650
863429994
79584708
556658003
812407170
139350417
322998689
10936744
771062022
474756944
771536096
981977956
389861944
859263577
828848120
591970537
413528411
4876005
565111104
913969546
947901996
63532212
92814502
637099802
152887145
723884142
824373973
303667361
665607429
860485521
350300023
12237431
576431868
282401084
568895434
241355390
274267853
744410475
252292134
45329875
219167420
876344583
879824183
461545716
735608160
561188655
53516253
1652924
566064660
471143710
915622470
366483008
387192274
860953324
3582811
392595772
437353818
680473136
696263133
955477599
393475010
899079508
967715031
969906878
33996944
389126817
63778620
308264797
133537293
316070754
206111024
205221065
44931689
85935208
666766781
780539850
647123863
572799387
782192774
65704876
896459449
550331596
432187884
136168075
263801272
288287047
528763847
553671443
968760184
77543332
509149042
362235194
976622841
329380425
184658424
10619785
571023595
248437044
318884583
557077240
417024150
524995607
762298305
461955840
463447167
281581438
95012042
110571031
706897177
877204816
28792259
603356626
280052764
460980143
739524702
396370388
749267191
120804901
950041831
718027375
198348234
311707226
932778921
174971075
641087651
117437345
38107212
64627598
218390741
356991795
621704838
635414891
734503755
236519495
97370731
197950922
518100934
44899125
161038305
77514463
922103941
189830564
680871090
54673057
650810708
272912144
451043446
252594251
393717045
253601629
970621626
592065279
565308855
755916899
619552706
58912859
725870596
657659919
123540457
944261337
14651714
745245296
432192580
601671821
981764791
382079664
799622744
352382077
426978789
813177401
429896541
201599083
3007966
110767631
108788492
506335026
236196127
559831938
